profiling/Time taken: GRPOTrainer.transformers.generate,_step,_runtime,_timestamp,train/global_step,profiling/Time taken: GRPOTrainer._get_per_token_logps_and_entropies,reward/synthesizability,reward/boltz2_pose_conf,reward/non_finite_zeroed,reward/crashes_total,reward/structural_alerts,reward/spectrum_breadth,reward/predicted_mic,profiling/Time taken: GRPOTrainer.reward_callable,reward/embedding_novelty,reward/resistance_robustness,reward/hemolysis_safety,reward/validity,reward/pareto_entry,reward/drug_likeness_qed,reward/novelty,profiling/Time taken: GRPOTrainer._calculate_rewards,profiling/Time taken: GRPOTrainer._prepare_inputs,profiling/Time taken: GRPOTrainer.compute_loss,train/entropy,train/clip_ratio/region_mean,train/completions/mean_terminated_length,train/rewards/reward_callable/std,train/clip_ratio/high_max,train/step_time,train/reward,train/num_tokens,train/kl,train/completions/min_terminated_length,train/loss,train/grad_norm,train/completions/min_length,train/clip_ratio/low_min,train/learning_rate,train/clip_ratio/low_mean,train/completions/mean_length,train/epoch,train/rewards/reward_callable/mean,train/frac_reward_zero_std,train/completions/max_terminated_length,train/completions/clipped_ratio,train/clip_ratio/high_mean,train/reward_std,train/completions/max_length
143.751122089001,0,143.920803093,1778110575.0116513,0,,,,,,,,,,,,,,,,,,,,,,,,,,,,,,,,,,,,,,,,,,,,
,1,152.149110283,1778110583.2249918,0,8.152295419000438,,,,,,,,,,,,,,,,,,,,,,,,,,,,,,,,,,,,,,,,,,,
,2,158.812950931,1778110589.9042149,0,,0.0,0.0,0.0,0.0,0.0,0.0,0.0,6.492012417002115,0.0,0.0,0.0,0.0,0.0,0.0,0.0,,,,,,,,,,,,,,,,,,,,,,,,,,,,
,3,158.813477171,1778110589.9048045,0,,,,,,,,,,,,,,,,,6.492715906002559,,,,,,,,,,,,,,,,,,,,,,,,,,,
,4,158.815406534,1778110589.9066489,0,,,,,,,,,,,,,,,,,,158.6494676949951,,,,,,,,,,,,,,,,,,,,,,,,,,
,5,159.1762793,1778110590.2672732,0,0.3603097710001748,,,,,,,,,,,,,,,,,,,,,,,,,,,,,,,,,,,,,,,,,,,
,6,159.349553339,1778110590.4406044,0,,,,,,,,,,,,,,,,,,,0.5337765389995184,,,,,,,,,,,,,,,,,,,,,,,,,
,7,162.216951725,1778110593.3078687,0,,,,,,,,,,,,,,,,,,6.922011380083859e-06,,,,,,,,,,,,,,,,,,,,,,,,,,
,8,162.56936411,1778110593.6603854,0,0.3515915260068141,,,,,,,,,,,,,,,,,,,,,,,,,,,,,,,,,,,,,,,,,,,
,9,162.706936955,1778110593.7981012,0,,,,,,,,,,,,,,,,,,,0.4899354360095458,,,,,,,,,,,,,,,,,,,,,,,,,
,10,163.700907465,1778110594.7919724,0,,,,,,,,,,,,,,,,,,4.429995897226036e-06,,,,,,,,,,,,,,,,,,,,,,,,,,
,11,164.047017712,1778110595.138079,0,0.34553829999640584,,,,,,,,,,,,,,,,,,,,,,,,,,,,,,,,,,,,,,,,,,,
,12,164.191661429,1778110595.282842,0,,,,,,,,,,,,,,,,,,,0.4906921490037348,,,,,,,,,,,,,,,,,,,,,,,,,
,13,165.191824247,1778110596.282926,0,,,,,,,,,,,,,,,,,,4.882007488049567e-06,,,,,,,,,,,,,,,,,,,,,,,,,,
,14,165.556080643,1778110596.6471326,0,0.3636829629977001,,,,,,,,,,,,,,,,,,,,,,,,,,,,,,,,,,,,,,,,,,,
,15,165.729110878,1778110596.8201106,0,,,,,,,,,,,,,,,,,,,0.5369928970030742,,,,,,,,,,,,,,,,,,,,,,,,,
,16,166.783312207,1778110597.8743713,0,,,,,,,,,,,,,,,,,,4.262998118065298e-06,,,,,,,,,,,,,,,,,,,,,,,,,,
,17,167.156100147,1778110598.247159,0,0.37206560699269176,,,,,,,,,,,,,,,,,,,,,,,,,,,,,,,,,,,,,,,,,,,
,18,167.315863022,1778110598.4070406,0,,,,,,,,,,,,,,,,,,,0.5324067789915716,,,,,,,,,,,,,,,,,,,,,,,,,
,19,168.362912323,1778110599.4540124,0,,,,,,,,,,,,,,,,,,4.202011041343212e-06,,,,,,,,,,,,,,,,,,,,,,,,,,
,20,168.716671235,1778110599.8078487,0,0.3532648490072461,,,,,,,,,,,,,,,,,,,,,,,,,,,,,,,,,,,,,,,,,,,
,21,168.854363633,1778110599.9452534,0,,,,,,,,,,,,,,,,,,,0.4910083639988443,,,,,,,,,,,,,,,,,,,,,,,,,
,22,169.842629682,1778110600.9336903,0,,,,,,,,,,,,,,,,,,3.9090082282200456e-06,,,,,,,,,,,,,,,,,,,,,,,,,,
,23,170.262770703,1778110601.3539622,0,0.41966273699654266,,,,,,,,,,,,,,,,,,,,,,,,,,,,,,,,,,,,,,,,,,,
,24,170.410139433,1778110601.5012019,0,,,,,,,,,,,,,,,,,,,0.5672769910015631,,,,,,,,,,,,,,,,,,,,,,,,,
,25,171.40195426,1778110602.4930713,0,,,,,,,,,,,,,,,,,,4.572997568175197e-06,,,,,,,,,,,,,,,,,,,,,,,,,,
,26,171.761297136,1778110602.8523972,0,0.3588890429964522,,,,,,,,,,,,,,,,,,,,,,,,,,,,,,,,,,,,,,,,,,,
,27,171.938470214,1778110603.0296571,0,,,,,,,,,,,,,,,,,,,0.5364085150067694,,,,,,,,,,,,,,,,,,,,,,,,,
,28,172.994326048,1778110604.0851517,0,,,,,,,,,,,,,,,,,,4.012006684206426e-06,,,,,,,,,,,,,,,,,,,,,,,,,,
,29,173.360405988,1778110604.4514937,0,0.36595990699424874,,,,,,,,,,,,,,,,,,,,,,,,,,,,,,,,,,,,,,,,,,,
,30,173.528434218,1778110604.6194024,0,,,,,,,,,,,,,,,,,,,0.5340752749907551,,,,,,,,,,,,,,,,,,,,,,,,,
,31,174.575716002,1778110605.6668055,0,,,,,,,,,,,,,,,,,,3.913999535143375e-06,,,,,,,,,,,,,,,,,,,,,,,,,,
,32,174.925320695,1778110606.016348,0,0.34910506299638655,,,,,,,,,,,,,,,,,,,,,,,,,,,,,,,,,,,,,,,,,,,
,33,175.06769908,1778110606.1586418,0,,,,,,,,,,,,,,,,,,,0.49162723499466665,,,,,,,,,,,,,,,,,,,,,,,,,
,34,176.057442103,1778110607.1485975,0,,,,,,,,,,,,,,,,,,4.201996489427984e-06,,,,,,,,,,,,,,,,,,,,,,,,,,
,35,176.39377001,1778110607.4848704,0,0.3357683630019892,,,,,,,,,,,,,,,,,,,,,,,,,,,,,,,,,,,,,,,,,,,
,36,176.544008574,1778110607.635003,0,,,,,,,,,,,,,,,,,,,0.486232471987023,,,,,,,,,,,,,,,,,,,,,,,,,
,37,177.529103415,1778110608.6199389,0,,,,,,,,,,,,,,,,,,3.950990503653884e-06,,,,,,,,,,,,,,,,,,,,,,,,,,
,38,177.917263921,1778110609.008336,0,0.3881241700000828,,,,,,,,,,,,,,,,,,,,,,,,,,,,,,,,,,,,,,,,,,,
,39,178.067728123,1778110609.1586714,0,,,,,,,,,,,,,,,,,,,0.5385542370058829,,,,,,,,,,,,,,,,,,,,,,,,,
,40,179.121208151,1778110610.2122662,0,,,,,,,,,,,,,,,,,,3.919005393981934e-06,,,,,,,,,,,,,,,,,,,,,,,,,,
,41,179.479819657,1778110610.5707788,0,0.35804040101356804,,,,,,,,,,,,,,,,,,,,,,,,,,,,,,,,,,,,,,,,,,,
,42,179.655086151,1778110610.7461135,0,,,,,,,,,,,,,,,,,,,0.5336954630038235,,,,,,,,,,,,,,,,,,,,,,,,,
,43,180.703647752,1778110611.7947466,0,,,,,,,,,,,,,,,,,,3.831999492831528e-06,,,,,,,,,,,,,,,,,,,,,,,,,,
,44,181.0437178,1778110612.1346712,0,0.3392477979941759,,,,,,,,,,,,,,,,,,,,,,,,,,,,,,,,,,,,,,,,,,,
,45,181.191008712,1778110612.2820482,0,,,,,,,,,,,,,,,,,,,0.48710432401276194,,,,,,,,,,,,,,,,,,,,,,,,,
,46,182.175896491,1778110613.2668617,0,,,,,,,,,,,,,,,,,,4.081986844539642e-06,,,,,,,,,,,,,,,,,,,,,,,,,,
,47,182.673716201,1778110613.7645953,0,0.49708564300090075,,,,,,,,,,,,,,,,,,,,,,,,,,,,,,,,,,,,,,,,,,,
,48,182.702328691,1778110613.7933567,0,,,,,,,,,,,,,,,,,,,0.526294686991605,,,,,,,,,,,,,,,,,,,,,,,,,
,49,183.691406478,1778110614.7824426,0,,,,,,,,,,,,,,,,,,5.055000656284392e-06,,,,,,,,,,,,,,,,,,,,,,,,,,
,50,184.069141773,1778110615.160078,0,0.37706102000083774,,,,,,,,,,,,,,,,,,,,,,,,,,,,,,,,,,,,,,,,,,,
,51,184.22499251,1778110615.3159254,0,,,,,,,,,,,,,,,,,,,0.5332455280004069,,,,,,,,,,,,,,,,,,,,,,,,,
141.10054394300096,52,326.561397028,1778110757.6523736,0,,,,,,,,,,,,,,,,,,,,,,,,,,,,,,,,,,,,,,,,,,,,
,53,334.525776443,1778110765.6066444,0,7.90994984000281,,,,,,,,,,,,,,,,,,,,,,,,,,,,,,,,,,,,,,,,,,,
,54,335.379190528,1778110766.470442,0,,0.010517312440919246,0.0,0.0,0.0,0.0625,0.0,0.01836332007749191,0.7045886239939136,0.00048166216855644674,0.0,0.05,0.0625,0.0,0.02121397436534432,0.05952380952380952,,,,,,,,,,,,,,,,,,,,,,,,,,,,
,55,335.38233464,1778110766.4736488,0,,,,,,,,,,,,,,,,,0.7078944109962322,,,,,,,,,,,,,,,,,,,,,,,,,,,
,56,335.38424592,1778110766.475258,0,,,,,,,,,,,,,,,,,,149.92619355898933,,,,,,,,,,,,,,,,,,,,,,,,,,
,57,335.716274532,1778110766.8072472,0,0.3317684770008782,,,,,,,,,,,,,,,,,,,,,,,,,,,,,,,,,,,,,,,,,,,
,58,335.864974703,1778110766.9558613,0,,,,,,,,,,,,,,,,,,,0.4804305339930579,,,,,,,,,,,,,,,,,,,,,,,,,
,59,336.839511913,1778110767.9305859,0,,,,,,,,,,,,,,,,,,4.676010576076806e-06,,,,,,,,,,,,,,,,,,,,,,,,,,
,60,337.210677505,1778110768.3017833,0,0.37073746499663685,,,,,,,,,,,,,,,,,,,,,,,,,,,,,,,,,,,,,,,,,,,
,61,337.37156494,1778110768.4624157,0,,,,,,,,,,,,,,,,,,,0.5315968310023891,,,,,,,,,,,,,,,,,,,,,,,,,
,62,338.481346562,1778110769.572438,0,,,,,,,,,,,,,,,,,,3.9230071706697345e-06,,,,,,,,,,,,,,,,,,,,,,,,,,
,63,338.836611122,1778110769.9277892,0,0.35477965300378855,,,,,,,,,,,,,,,,,,,,,,,,,,,,,,,,,,,,,,,,,,,
,64,339.010463475,1778110770.1013389,0,,,,,,,,,,,,,,,,,,,0.5287073159997817,,,,,,,,,,,,,,,,,,,,,,,,,
,65,340.115670984,1778110771.2067702,0,,,,,,,,,,,,,,,,,,3.936002030968666e-06,,,,,,,,,,,,,,,,,,,,,,,,,,
,66,340.492038918,1778110771.583012,0,0.37580639599764254,,,,,,,,,,,,,,,,,,,,,,,,,,,,,,,,,,,,,,,,,,,
,67,340.648816442,1778110771.7398374,0,,,,,,,,,,,,,,,,,,,0.5328673210024135,,,,,,,,,,,,,,,,,,,,,,,,,
,68,341.759158947,1778110772.8501112,0,,,,,,,,,,,,,,,,,,4.083995008841157e-06,,,,,,,,,,,,,,,,,,,,,,,,,,
,69,342.091956755,1778110773.1829443,0,0.3323649809899507,,,,,,,,,,,,,,,,,,,,,,,,,,,,,,,,,,,,,,,,,,,
,70,342.246097448,1778110773.3370347,0,,,,,,,,,,,,,,,,,,,0.48667505000776146,,,,,,,,,,,,,,,,,,,,,,,,,
,71,343.224089728,1778110774.3151622,0,,,,,,,,,,,,,,,,,,3.60200647264719e-06,,,,,,,,,,,,,,,,,,,,,,,,,,
,72,343.608708922,1778110774.6999187,0,0.3842988440010231,,,,,,,,,,,,,,,,,,,,,,,,,,,,,,,,,,,,,,,,,,,
,73,343.756258718,1778110774.8472097,0,,,,,,,,,,,,,,,,,,,0.5318064919993049,,,,,,,,,,,,,,,,,,,,,,,,,
,74,344.870438285,1778110775.9614065,0,,,,,,,,,,,,,,,,,,3.80899291485548e-06,,,,,,,,,,,,,,,,,,,,,,,,,,
,75,345.20718715,1778110776.2983906,0,0.3365537859936012,,,,,,,,,,,,,,,,,,,,,,,,,,,,,,,,,,,,,,,,,,,
,76,345.353957442,1778110776.444948,0,,,,,,,,,,,,,,,,,,,0.4833116959925974,,,,,,,,,,,,,,,,,,,,,,,,,
,77,346.331117525,1778110777.4222198,0,,,,,,,,,,,,,,,,,,4.0760060073807836e-06,,,,,,,,,,,,,,,,,,,,,,,,,,
,78,346.728973278,1778110777.820104,0,0.39738423998642247,,,,,,,,,,,,,,,,,,,,,,,,,,,,,,,,,,,,,,,,,,,
,79,346.878901325,1778110777.9698331,0,,,,,,,,,,,,,,,,,,,0.5474096079997253,,,,,,,,,,,,,,,,,,,,,,,,,
,80,347.855730415,1778110778.9467728,0,,,,,,,,,,,,,,,,,,4.938003257848322e-06,,,,,,,,,,,,,,,,,,,,,,,,,,
,81,348.186311358,1778110779.2774663,0,0.33018671500030905,,,,,,,,,,,,,,,,,,,,,,,,,,,,,,,,,,,,,,,,,,,
,82,348.337676962,1778110779.428794,0,,,,,,,,,,,,,,,,,,,0.4817664129950572,,,,,,,,,,,,,,,,,,,,,,,,,
,83,349.312989963,1778110780.4041812,0,,,,,,,,,,,,,,,,,,3.773006028495729e-06,,,,,,,,,,,,,,,,,,,,,,,,,,
,84,349.698432444,1778110780.78965,0,0.3850854329939466,,,,,,,,,,,,,,,,,,,,,,,,,,,,,,,,,,,,,,,,,,,
,85,349.846718414,1778110780.9378319,0,,,,,,,,,,,,,,,,,,,0.533511746005388,,,,,,,,,,,,,,,,,,,,,,,,,
,86,350.956468723,1778110782.0475342,0,,,,,,,,,,,,,,,,,,4.018002073280513e-06,,,,,,,,,,,,,,,,,,,,,,,,,,
,87,351.328598611,1778110782.4198403,0,0.37185582901292946,,,,,,,,,,,,,,,,,,,,,,,,,,,,,,,,,,,,,,,,,,,
,88,351.489983972,1778110782.5809712,0,,,,,,,,,,,,,,,,,,,0.5331701310060453,,,,,,,,,,,,,,,,,,,,,,,,,
,89,352.599918984,1778110783.6908915,0,,,,,,,,,,,,,,,,,,3.7240097299218178e-06,,,,,,,,,,,,,,,,,,,,,,,,,,
,90,352.959466839,1778110784.0506663,0,0.35933040600502864,,,,,,,,,,,,,,,,,,,,,,,,,,,,,,,,,,,,,,,,,,,
,91,353.13342862,1778110784.224531,0,,,,,,,,,,,,,,,,,,,0.5334168720000889,,,,,,,,,,,,,,,,,,,,,,,,,
,92,354.242162556,1778110785.3331742,0,,,,,,,,,,,,,,,,,,4.069006536155939e-06,,,,,,,,,,,,,,,,,,,,,,,,,,
,93,354.584935315,1778110785.6760387,0,0.3423148269939702,,,,,,,,,,,,,,,,,,,,,,,,,,,,,,,,,,,,,,,,,,,
,94,354.725678319,1778110785.8166382,0,,,,,,,,,,,,,,,,,,,0.48315438999270555,,,,,,,,,,,,,,,,,,,,,,,,,
,95,355.701783738,1778110786.792748,0,,,,,,,,,,,,,,,,,,3.773006028495729e-06,,,,,,,,,,,,,,,,,,,,,,,,,,
,96,356.071906532,1778110787.1628857,0,0.36976396199315786,,,,,,,,,,,,,,,,,,,,,,,,,,,,,,,,,,,,,,,,,,,
,97,356.234963919,1778110787.3258266,0,,,,,,,,,,,,,,,,,,,0.532896892997087,,,,,,,,,,,,,,,,,,,,,,,,,
,98,357.347084389,1778110788.4380684,0,,,,,,,,,,,,,,,,,,3.4469994716346264e-06,,,,,,,,,,,,,,,,,,,,,,,,,,
,99,357.672950997,1778110788.7638958,0,0.32557716200244613,,,,,,,,,,,,,,,,,,,,,,,,,,,,,,,,,,,,,,,,,,,
,100,357.830535086,1778110788.9215136,0,,,,,,,,,,,,,,,,,,,0.48327038501156494,,,,,,,,,,,,,,,,,,,,,,,,,
,101,358.805592707,1778110789.8965633,0,,,,,,,,,,,,,,,,,,3.722001565620303e-06,,,,,,,,,,,,,,,,,,,,,,,,,,
,102,359.152333063,1778110790.2435434,0,0.3464994220121298,,,,,,,,,,,,,,,,,,,,,,,,,,,,,,,,,,,,,,,,,,,
,103,359.287809975,1778110790.378768,0,,,,,,,,,,,,,,,,,,,0.4819996989972424,,,,,,,,,,,,,,,,,,,,,,,,,
140.48157876000914,104,500.960841897,1778110932.0518095,0,,,,,,,,,,,,,,,,,,,,,,,,,,,,,,,,,,,,,,,,,,,,
,105,508.919901303,1778110940.0009265,0,7.904674097997486,,,,,,,,,,,,,,,,,,,,,,,,,,,,,,,,,,,,,,,,,,,
,106,509.071463555,1778110940.1626346,0,,0.0,0.0,0.0,0.0,0.0,0.0,0.0,0.0019487579993437976,0.0,0.0,0.0,0.0,0.0,0.0,0.0,,,,,,,,,,,,,,,,,,,,,,,,,,,,
,107,509.07174057,1778110940.1630726,0,,,,,,,,,,,,,,,,,0.002497487992513925,,,,,,,,,,,,,,,,,,,,,,,,,,,
,108,509.073415186,1778110940.164664,0,,,,,,,,,,,,,,,,,,148.59653213000274,,,,,,,,,,,,,,,,,,,,,,,,,,
,109,509.433216595,1778110940.5243883,0,0.35943476599641144,,,,,,,,,,,,,,,,,,,,,,,,,,,,,,,,,,,,,,,,,,,
,110,509.603976426,1778110940.6949255,0,,,,,,,,,,,,,,,,,,,0.5300906990014482,,,,,,,,,,,,,,,,,,,,,,,,,
,111,510.71388745,1778110941.8049393,0,,,,,,,,,,,,,,,,,,4.468995030038059e-06,,,,,,,,,,,,,,,,,,,,,,,,,,
,112,511.047122169,1778110942.1382284,0,0.3327812429924961,,,,,,,,,,,,,,,,,,,,,,,,,,,,,,,,,,,,,,,,,,,
,113,511.199578715,1778110942.2905378,0,,,,,,,,,,,,,,,,,,,0.4853011880040867,,,,,,,,,,,,,,,,,,,,,,,,,
,114,512.251612779,1778110943.342725,0,,,,,,,,,,,,,,,,,,4.7539942897856236e-06,,,,,,,,,,,,,,,,,,,,,,,,,,
,115,512.582006145,1778110943.6731665,0,0.32974776600894984,,,,,,,,,,,,,,,,,,,,,,,,,,,,,,,,,,,,,,,,,,,
,116,512.737580188,1778110943.8285306,0,,,,,,,,,,,,,,,,,,,0.4855948129988974,,,,,,,,,,,,,,,,,,,,,,,,,
,117,513.79145331,1778110944.8823652,0,,,,,,,,,,,,,,,,,,4.505011020228267e-06,,,,,,,,,,,,,,,,,,,,,,,,,,
,118,514.176603153,1778110945.2676969,0,0.38492758899519686,,,,,,,,,,,,,,,,,,,,,,,,,,,,,,,,,,,,,,,,,,,
,119,514.327067876,1778110945.418103,0,,,,,,,,,,,,,,,,,,,0.5355429369956255,,,,,,,,,,,,,,,,,,,,,,,,,
,120,515.44665756,1778110946.537684,0,,,,,,,,,,,,,,,,,,4.365007043816149e-06,,,,,,,,,,,,,,,,,,,,,,,,,,
,121,515.820419264,1778110946.911518,0,0.3736137499945471,,,,,,,,,,,,,,,,,,,,,,,,,,,,,,,,,,,,,,,,,,,
,122,515.982521237,1778110947.0735176,0,,,,,,,,,,,,,,,,,,,0.5356822930043563,,,,,,,,,,,,,,,,,,,,,,,,,
,123,517.100082275,1778110948.1910467,0,,,,,,,,,,,,,,,,,,4.442001227289438e-06,,,,,,,,,,,,,,,,,,,,,,,,,,
,124,517.480822625,1778110948.5719142,0,0.38027818499540444,,,,,,,,,,,,,,,,,,,,,,,,,,,,,,,,,,,,,,,,,,,
,125,517.631186786,1778110948.7221003,0,,,,,,,,,,,,,,,,,,,0.5308868889987934,,,,,,,,,,,,,,,,,,,,,,,,,
,126,518.739152223,1778110949.830303,0,,,,,,,,,,,,,,,,,,3.7600111681967974e-06,,,,,,,,,,,,,,,,,,,,,,,,,,
,127,519.112425592,1778110950.2034664,0,0.3727503900008742,,,,,,,,,,,,,,,,,,,,,,,,,,,,,,,,,,,,,,,,,,,
,128,519.271837983,1778110950.3629196,0,,,,,,,,,,,,,,,,,,,0.532475592000992,,,,,,,,,,,,,,,,,,,,,,,,,
,129,520.387311813,1778110951.4782495,0,,,,,,,,,,,,,,,,,,4.13600355386734e-06,,,,,,,,,,,,,,,,,,,,,,,,,,
,130,520.716604945,1778110951.8078344,0,0.32918566299485974,,,,,,,,,,,,,,,,,,,,,,,,,,,,,,,,,,,,,,,,,,,
,131,520.872369027,1778110951.9633915,0,,,,,,,,,,,,,,,,,,,0.48497518501244485,,,,,,,,,,,,,,,,,,,,,,,,,
,132,521.920942955,1778110953.0119019,0,,,,,,,,,,,,,,,,,,4.036992322653532e-06,,,,,,,,,,,,,,,,,,,,,,,,,,
,133,522.309225673,1778110953.4002535,0,0.3880867770058103,,,,,,,,,,,,,,,,,,,,,,,,,,,,,,,,,,,,,,,,,,,
,134,522.44622403,1778110953.5372038,0,,,,,,,,,,,,,,,,,,,0.5251203770021675,,,,,,,,,,,,,,,,,,,,,,,,,
,135,523.498882801,1778110954.5897734,0,,,,,,,,,,,,,,,,,,4.715009708888829e-06,,,,,,,,,,,,,,,,,,,,,,,,,,
,136,523.843477106,1778110954.934443,0,0.34405021199199837,,,,,,,,,,,,,,,,,,,,,,,,,,,,,,,,,,,,,,,,,,,
,137,523.985091366,1778110955.076078,0,,,,,,,,,,,,,,,,,,,0.4860105069965357,,,,,,,,,,,,,,,,,,,,,,,,,
,138,525.036559888,1778110956.1276891,0,,,,,,,,,,,,,,,,,,4.668007022701204e-06,,,,,,,,,,,,,,,,,,,,,,,,,,
,139,525.376651169,1778110956.4677422,0,0.3395384089963045,,,,,,,,,,,,,,,,,,,,,,,,,,,,,,,,,,,,,,,,,,,
,140,525.523070494,1778110956.6142023,0,,,,,,,,,,,,,,,,,,,0.48632575299416203,,,,,,,,,,,,,,,,,,,,,,,,,
,141,526.573293294,1778110957.664267,0,,,,,,,,,,,,,,,,,,3.881999873556197e-06,,,,,,,,,,,,,,,,,,,,,,,,,,
,142,526.910431627,1778110958.0013323,0,0.33645430499746,,,,,,,,,,,,,,,,,,,,,,,,,,,,,,,,,,,,,,,,,,,
,143,527.062544844,1778110958.1537297,0,,,,,,,,,,,,,,,,,,,0.48927319500944577,,,,,,,,,,,,,,,,,,,,,,,,,
,144,528.11823173,1778110959.2092752,0,,,,,,,,,,,,,,,,,,4.354995326139033e-06,,,,,,,,,,,,,,,,,,,,,,,,,,
,145,528.476076096,1778110959.5670555,0,0.357286443002522,,,,,,,,,,,,,,,,,,,,,,,,,,,,,,,,,,,,,,,,,,,
,146,528.650587798,1778110959.7416337,0,,,,,,,,,,,,,,,,,,,0.5321887850004714,,,,,,,,,,,,,,,,,,,,,,,,,
,147,529.76216078,1778110960.8532841,0,,,,,,,,,,,,,,,,,,3.5919947549700737e-06,,,,,,,,,,,,,,,,,,,,,,,,,,
,148,530.143335075,1778110961.234419,0,0.38065236700640526,,,,,,,,,,,,,,,,,,,,,,,,,,,,,,,,,,,,,,,,,,,
,149,530.298832888,1778110961.3899572,0,,,,,,,,,,,,,,,,,,,0.5364846020092955,,,,,,,,,,,,,,,,,,,,,,,,,
,150,531.417194669,1778110962.5080428,0,,,,,,,,,,,,,,,,,,4.0900049498304725e-06,,,,,,,,,,,,,,,,,,,,,,,,,,
,151,531.779428133,1778110962.8704042,0,0.36200608499348164,,,,,,,,,,,,,,,,,,,,,,,,,,,,,,,,,,,,,,,,,,,
,152,531.94938176,1778110963.0404751,0,,,,,,,,,,,,,,,,,,,0.532250367992674,,,,,,,,,,,,,,,,,,,,,,,,,
,153,533.062510583,1778110964.1535347,0,,,,,,,,,,,,,,,,,,4.365007043816149e-06,,,,,,,,,,,,,,,,,,,,,,,,,,
,154,533.415381274,1778110964.5063272,0,0.352167739009019,,,,,,,,,,,,,,,,,,,,,,,,,,,,,,,,,,,,,,,,,,,
,155,533.5524697,1778110964.643333,0,,,,,,,,,,,,,,,,,,,0.48958185999072157,,,,,,,,,,,,,,,,,,,,,,,,,
140.9263961359975,156,675.577518328,1778111106.6685154,0,,,,,,,,,,,,,,,,,,,,,,,,,,,,,,,,,,,,,,,,,,,,
,157,683.681327854,1778111114.762239,0,8.044852289996925,,,,,,,,,,,,,,,,,,,,,,,,,,,,,,,,,,,,,,,,,,,
,158,683.814166524,1778111114.9053192,0,,0.0,0.0,0.0,0.0,0.0,0.0,0.0,0.001637522000237368,0.0,0.0,0.0,0.0,0.0,0.0,0.0,,,,,,,,,,,,,,,,,,,,,,,,,,,,
,159,683.814439895,1778111114.9057605,0,,,,,,,,,,,,,,,,,0.0021793560008518398,,,,,,,,,,,,,,,,,,,,,,,,,,,
,160,683.816152237,1778111114.9073513,0,,,,,,,,,,,,,,,,,,149.16798485598702,,,,,,,,,,,,,,,,,,,,,,,,,,
,161,684.153448881,1778111115.2445207,0,0.33685855800285935,,,,,,,,,,,,,,,,,,,,,,,,,,,,,,,,,,,,,,,,,,,
,162,684.309336323,1778111115.4002564,0,,,,,,,,,,,,,,,,,,,0.4927219709934434,,,,,,,,,,,,,,,,,,,,,,,,,
,163,685.37348892,1778111116.4646323,0,,,,,,,,,,,,,,,,,,4.727000487037003e-06,,,,,,,,,,,,,,,,,,,,,,,,,,
,164,685.793046018,1778111116.8839931,0,0.4188574500003597,,,,,,,,,,,,,,,,,,,,,,,,,,,,,,,,,,,,,,,,,,,
,165,685.967011274,1778111117.058146,0,,,,,,,,,,,,,,,,,,,0.5933343159995275,,,,,,,,,,,,,,,,,,,,,,,,,
,166,687.09354177,1778111118.184546,0,,,,,,,,,,,,,,,,,,9.077004506252706e-06,,,,,,,,,,,,,,,,,,,,,,,,,,
,167,687.469348312,1778111118.5602396,0,0.3754805700009456,,,,,,,,,,,,,,,,,,,,,,,,,,,,,,,,,,,,,,,,,,,
,168,687.629854961,1778111118.7210577,0,,,,,,,,,,,,,,,,,,,0.5363660899893148,,,,,,,,,,,,,,,,,,,,,,,,,
,169,688.752293899,1778111119.8432477,0,,,,,,,,,,,,,,,,,,4.084999090991914e-06,,,,,,,,,,,,,,,,,,,,,,,,,,
,170,689.137723856,1778111120.2286966,0,0.3849690109927906,,,,,,,,,,,,,,,,,,,,,,,,,,,,,,,,,,,,,,,,,,,
,171,689.292201553,1778111120.383224,0,,,,,,,,,,,,,,,,,,,0.5397617630078457,,,,,,,,,,,,,,,,,,,,,,,,,
,172,690.419791001,1778111121.5107245,0,,,,,,,,,,,,,,,,,,3.937006113119423e-06,,,,,,,,,,,,,,,,,,,,,,,,,,
,173,690.754149341,1778111121.845254,0,0.3340905010118149,,,,,,,,,,,,,,,,,,,,,,,,,,,,,,,,,,,,,,,,,,,
,174,690.912251993,1778111122.0033767,0,,,,,,,,,,,,,,,,,,,0.4924737270048354,,,,,,,,,,,,,,,,,,,,,,,,,
,175,691.976605697,1778111123.067708,0,,,,,,,,,,,,,,,,,,4.435991286300123e-06,,,,,,,,,,,,,,,,,,,,,,,,,,
,176,692.359818558,1778111123.4508882,0,0.38273725600447506,,,,,,,,,,,,,,,,,,,,,,,,,,,,,,,,,,,,,,,,,,,
,177,692.516044749,1778111123.6071699,0,,,,,,,,,,,,,,,,,,,0.5392913769901497,,,,,,,,,,,,,,,,,,,,,,,,,
,178,693.643495867,1778111124.7344148,0,,,,,,,,,,,,,,,,,,5.1539973355829716e-06,,,,,,,,,,,,,,,,,,,,,,,,,,
,179,693.97798367,1778111125.0691774,0,0.334024096999201,,,,,,,,,,,,,,,,,,,,,,,,,,,,,,,,,,,,,,,,,,,
,180,694.13569888,1778111125.2266686,0,,,,,,,,,,,,,,,,,,,0.49205664299370255,,,,,,,,,,,,,,,,,,,,,,,,,
,181,695.199381049,1778111126.290468,0,,,,,,,,,,,,,,,,,,3.66500171367079e-06,,,,,,,,,,,,,,,,,,,,,,,,,,
,182,695.580940074,1778111126.6718993,0,0.38090068100427743,,,,,,,,,,,,,,,,,,,,,,,,,,,,,,,,,,,,,,,,,,,
,183,695.736568862,1778111126.8276663,0,,,,,,,,,,,,,,,,,,,0.5369804039946757,,,,,,,,,,,,,,,,,,,,,,,,,
,184,696.861367014,1778111127.952354,0,,,,,,,,,,,,,,,,,,4.339992301538587e-06,,,,,,,,,,,,,,,,,,,,,,,,,,
,185,697.19188352,1778111128.2828755,0,0.3300287119927816,,,,,,,,,,,,,,,,,,,,,,,,,,,,,,,,,,,,,,,,,,,
,186,697.350166752,1778111128.4412043,0,,,,,,,,,,,,,,,,,,,0.4886776689963881,,,,,,,,,,,,,,,,,,,,,,,,,
,187,698.407597755,1778111129.4985647,0,,,,,,,,,,,,,,,,,,3.8299913285300136e-06,,,,,,,,,,,,,,,,,,,,,,,,,,
,188,698.785792554,1778111129.8768728,0,0.378033161003259,,,,,,,,,,,,,,,,,,,,,,,,,,,,,,,,,,,,,,,,,,,
,189,698.942334723,1778111130.0334265,0,,,,,,,,,,,,,,,,,,,0.5346963799966034,,,,,,,,,,,,,,,,,,,,,,,,,
,190,700.060526006,1778111131.1514997,0,,,,,,,,,,,,,,,,,,4.320012521930039e-06,,,,,,,,,,,,,,,,,,,,,,,,,,
,191,700.468380527,1778111131.5592902,0,0.40728767700784374,,,,,,,,,,,,,,,,,,,,,,,,,,,,,,,,,,,,,,,,,,,
,192,700.587964196,1778111131.6790698,0,,,,,,,,,,,,,,,,,,,0.5273625330009963,,,,,,,,,,,,,,,,,,,,,,,,,
,193,701.649970343,1778111132.7410333,0,,,,,,,,,,,,,,,,,,3.8439902709797025e-06,,,,,,,,,,,,,,,,,,,,,,,,,,
,194,702.024468067,1778111133.1156282,0,0.3740192340046633,,,,,,,,,,,,,,,,,,,,,,,,,,,,,,,,,,,,,,,,,,,
,195,702.185093796,1778111133.2761543,0,,,,,,,,,,,,,,,,,,,0.5349775679933373,,,,,,,,,,,,,,,,,,,,,,,,,
,196,703.310770752,1778111134.4018245,0,,,,,,,,,,,,,,,,,,5.032008630223572e-06,,,,,,,,,,,,,,,,,,,,,,,,,,
,197,703.66586722,1778111134.7569184,0,0.3544835850043455,,,,,,,,,,,,,,,,,,,,,,,,,,,,,,,,,,,,,,,,,,,
,198,703.805354783,1778111134.8964577,0,,,,,,,,,,,,,,,,,,,0.49440381600288674,,,,,,,,,,,,,,,,,,,,,,,,,
,199,704.870506222,1778111135.9615474,0,,,,,,,,,,,,,,,,,,8.426999556832016e-06,,,,,,,,,,,,,,,,,,,,,,,,,,
,200,705.245548953,1778111136.336725,0,0.37463410101190675,,,,,,,,,,,,,,,,,,,,,,,,,,,,,,,,,,,,,,,,,,,
,201,705.405451588,1778111136.4966226,0,,,,,,,,,,,,,,,,,,,0.534892857001978,,,,,,,,,,,,,,,,,,,,,,,,,
,202,706.474983808,1778111137.566067,0,,,,,,,,,,,,,,,,,,4.144007107242942e-06,,,,,,,,,,,,,,,,,,,,,,,,,,
,203,706.828974159,1778111137.920177,0,0.3536159209907055,,,,,,,,,,,,,,,,,,,,,,,,,,,,,,,,,,,,,,,,,,,
,204,706.966099445,1778111138.0570824,0,,,,,,,,,,,,,,,,,,,0.49078481800097506,,,,,,,,,,,,,,,,,,,,,,,,,
,205,708.029193482,1778111139.1202936,0,,,,,,,,,,,,,,,,,,3.506007487885654e-06,,,,,,,,,,,,,,,,,,,,,,,,,,
,206,708.404021163,1778111139.495052,0,0.3742814159923,,,,,,,,,,,,,,,,,,,,,,,,,,,,,,,,,,,,,,,,,,,
,207,708.565098729,1778111139.6561887,0,,,,,,,,,,,,,,,,,,,0.5356781620066613,,,,,,,,,,,,,,,,,,,,,,,,,
126.31729587100563,208,836.04148783,1778111267.1324663,0,,,,,,,,,,,,,,,,,,,,,,,,,,,,,,,,,,,,,,,,,,,,
,209,843.661789007,1778111274.7427285,0,7.565619047003565,,,,,,,,,,,,,,,,,,,,,,,,,,,,,,,,,,,,,,,,,,,
,210,844.314629571,1778111275.4053314,0,,0.010517312440919246,0.0,0.0,0.0,0.0625,0.0,0.01836332007749191,0.4995989369926974,0.0017794182183586953,0.0,0.05,0.0625,0.0,0.02121397436534432,0.05952380952380952,,,,,,,,,,,,,,,,,,,,,,,,,,,,
,211,844.314727641,1778111275.4057288,0,,,,,,,,,,,,,,,,,0.5001246130123036,,,,,,,,,,,,,,,,,,,,,,,,,,,
,212,844.317345971,1778111275.40859,0,,,,,,,,,,,,,,,,,,134.59576560799906,,,,,,,,,,,,,,,,,,,,,,,,,,
,213,844.660369849,1778111275.7514517,0,0.34070888299902435,,,,,,,,,,,,,,,,,,,,,,,,,,,,,,,,,,,,,,,,,,,
,214,844.810946198,1778111275.902175,0,,,,,,,,,,,,,,,,,,,0.4933930080005666,,,,,,,,,,,,,,,,,,,,,,,,,
,215,845.863958795,1778111276.9549356,0,,,,,,,,,,,,,,,,,,5.609996151179075e-06,,,,,,,,,,,,,,,,,,,,,,,,,,
,216,846.204418977,1778111277.2955556,0,0.34017821300949436,,,,,,,,,,,,,,,,,,,,,,,,,,,,,,,,,,,,,,,,,,,
,217,846.35342851,1778111277.4445288,0,,,,,,,,,,,,,,,,,,,0.48938482099038083,,,,,,,,,,,,,,,,,,,,,,,,,
,218,847.408821872,1778111278.4999027,0,,,,,,,,,,,,,,,,,,4.626999725587666e-06,,,,,,,,,,,,,,,,,,,,,,,,,,
,219,847.745436087,1778111278.836669,0,0.33617943699937314,,,,,,,,,,,,,,,,,,,,,,,,,,,,,,,,,,,,,,,,,,,
,220,847.897847389,1778111278.9889176,0,,,,,,,,,,,,,,,,,,,0.48884498899860773,,,,,,,,,,,,,,,,,,,,,,,,,
,221,848.950629811,1778111280.0416098,0,,,,,,,,,,,,,,,,,,4.2000028770416975e-06,,,,,,,,,,,,,,,,,,,,,,,,,,
,222,849.364638475,1778111280.4556909,0,0.41355054899759125,,,,,,,,,,,,,,,,,,,,,,,,,,,,,,,,,,,,,,,,,,,
,223,849.497790074,1778111280.5887458,0,,,,,,,,,,,,,,,,,,,0.546964086999651,,,,,,,,,,,,,,,,,,,,,,,,,
,224,850.550829415,1778111281.6417973,0,,,,,,,,,,,,,,,,,,4.362998879514635e-06,,,,,,,,,,,,,,,,,,,,,,,,,,
,225,850.878222872,1778111281.969183,0,0.32683878899842966,,,,,,,,,,,,,,,,,,,,,,,,,,,,,,,,,,,,,,,,,,,
,226,851.041311552,1778111282.132211,0,,,,,,,,,,,,,,,,,,,0.4902059590094723,,,,,,,,,,,,,,,,,,,,,,,,,
,227,852.094091456,1778111283.1850178,0,,,,,,,,,,,,,,,,,,4.051995347253978e-06,,,,,,,,,,,,,,,,,,,,,,,,,,
,228,852.446139495,1778111283.537198,0,0.3517525900097098,,,,,,,,,,,,,,,,,,,,,,,,,,,,,,,,,,,,,,,,,,,
,229,852.583176691,1778111283.6741803,0,,,,,,,,,,,,,,,,,,,0.48897151500568725,,,,,,,,,,,,,,,,,,,,,,,,,
,230,853.639330204,1778111284.730168,0,,,,,,,,,,,,,,,,,,4.179993993602693e-06,,,,,,,,,,,,,,,,,,,,,,,,,,
,231,853.985973589,1778111285.077084,0,0.3466637120000087,,,,,,,,,,,,,,,,,,,,,,,,,,,,,,,,,,,,,,,,,,,
,232,854.129386406,1778111285.220618,0,,,,,,,,,,,,,,,,,,,0.4902845799952047,,,,,,,,,,,,,,,,,,,,,,,,,
,233,855.181453754,1778111286.2724519,0,,,,,,,,,,,,,,,,,,3.692999598570168e-06,,,,,,,,,,,,,,,,,,,,,,,,,,
,234,855.52601264,1778111286.6171484,0,0.34428920099162497,,,,,,,,,,,,,,,,,,,,,,,,,,,,,,,,,,,,,,,,,,,
,235,855.67020935,1778111286.7613766,0,,,,,,,,,,,,,,,,,,,0.48875424498692155,,,,,,,,,,,,,,,,,,,,,,,,,
,236,856.719679514,1778111287.810798,0,,,,,,,,,,,,,,,,,,3.7949939724057913e-06,,,,,,,,,,,,,,,,,,,,,,,,,,
,237,857.056454391,1778111288.1475801,0,0.3364050859963754,,,,,,,,,,,,,,,,,,,,,,,,,,,,,,,,,,,,,,,,,,,
,238,857.208843248,1778111288.2998195,0,,,,,,,,,,,,,,,,,,,0.48883100699458737,,,,,,,,,,,,,,,,,,,,,,,,,
,239,858.258305158,1778111289.3492718,0,,,,,,,,,,,,,,,,,,3.7720019463449717e-06,,,,,,,,,,,,,,,,,,,,,,,,,,
,240,858.588610232,1778111289.6797335,0,0.3299998570000753,,,,,,,,,,,,,,,,,,,,,,,,,,,,,,,,,,,,,,,,,,,
,241,858.748603337,1778111289.8398356,0,,,,,,,,,,,,,,,,,,,0.4903229769988684,,,,,,,,,,,,,,,,,,,,,,,,,
,242,859.801643524,1778111290.8925674,0,,,,,,,,,,,,,,,,,,4.082001396454871e-06,,,,,,,,,,,,,,,,,,,,,,,,,,
,243,860.153058259,1778111291.244291,0,0.35121057399373967,,,,,,,,,,,,,,,,,,,,,,,,,,,,,,,,,,,,,,,,,,,
,244,860.290535289,1778111291.38174,0,,,,,,,,,,,,,,,,,,,0.48889249900821596,,,,,,,,,,,,,,,,,,,,,,,,,
,245,861.342699739,1778111292.4336994,0,,,,,,,,,,,,,,,,,,6.183006917126477e-06,,,,,,,,,,,,,,,,,,,,,,,,,,
,246,861.68942565,1778111292.780665,0,0.3465217820048565,,,,,,,,,,,,,,,,,,,,,,,,,,,,,,,,,,,,,,,,,,,
,247,861.83228672,1778111292.9232972,0,,,,,,,,,,,,,,,,,,,0.48936884400609415,,,,,,,,,,,,,,,,,,,,,,,,,
,248,862.888383206,1778111293.9794376,0,,,,,,,,,,,,,,,,,,4.989997250959277e-06,,,,,,,,,,,,,,,,,,,,,,,,,,
,249,863.316119148,1778111294.406952,0,0.4269443630037131,,,,,,,,,,,,,,,,,,,,,,,,,,,,,,,,,,,,,,,,,,,
,250,863.461792086,1778111294.5529218,0,,,,,,,,,,,,,,,,,,,0.5732328400044935,,,,,,,,,,,,,,,,,,,,,,,,,
,251,864.513704606,1778111295.6047347,0,,,,,,,,,,,,,,,,,,4.147994332015514e-06,,,,,,,,,,,,,,,,,,,,,,,,,,
,252,864.848592863,1778111295.9396486,0,0.33441736600070726,,,,,,,,,,,,,,,,,,,,,,,,,,,,,,,,,,,,,,,,,,,
,253,864.999456118,1778111296.0905032,0,,,,,,,,,,,,,,,,,,,0.48549205300514586,,,,,,,,,,,,,,,,,,,,,,,,,
,254,866.043853954,1778111297.1349483,0,,,,,,,,,,,,,,,,,,4.254005034454167e-06,,,,,,,,,,,,,,,,,,,,,,,,,,
,255,866.375709327,1778111297.466687,0,0.33125944300263654,,,,,,,,,,,,,,,,,,,,,,,,,,,,,,,,,,,,,,,,,,,
,256,866.533447627,1778111297.6243913,0,,,,,,,,,,,,,,,,,,,0.48923207000188995,,,,,,,,,,,,,,,,,,,,,,,,,
,257,867.585611808,1778111298.6767292,0,,,,,,,,,,,,,,,,,,3.6330020520836115e-06,,,,,,,,,,,,,,,,,,,,,,,,,,
,258,867.937529526,1778111299.0284855,0,0.35122442699503154,,,,,,,,,,,,,,,,,,,,,,,,,,,,,,,,,,,,,,,,,,,
,259,868.075415204,1778111299.1664784,0,,,,,,,,,,,,,,,,,,,0.48955865899915807,,,,,,,,,,,,,,,,,,,,,,,,,
,260,869.141975555,1778111300.2330458,5,,,,,,,,,,,,,,,,,,,,0.04448894025990739,0.0,0.4,0.036621561646461485,0.0,171.48592912120802,0.009174733981490135,111770.0,343.6185115612796,0.4,13.745050048828125,8.03255844116211,819.6,0.0,4.99986292341378e-07,0.0,1011.225,0.0008674531575294934,0.009174733981490135,0.8,0.4,0.9875,0.0,0.036621560156345365,1024.0
140.94972659699852,261,1010.115967666,1778111441.2070093,5,,,,,,,,,,,,,,,,,,,,,,,,,,,,,,,,,,,,,,,,,,,,
,262,1018.128530165,1778111449.2094288,5,7.9572832269914215,,,,,,,,,,,,,,,,,,,,,,,,,,,,,,,,,,,,,,,,,,,
,263,1018.617402085,1778111449.7084045,5,,0.0,0.0,0.0,0.0,0.0,0.0,0.0,0.33750423400488216,0.0029221476645953986,0.0,0.0,0.0,0.0,0.0,0.0,,,,,,,,,,,,,,,,,,,,,,,,,,,,
,264,1018.617527518,1778111449.7088244,5,,,,,,,,,,,,,,,,,0.33802921599999536,,,,,,,,,,,,,,,,,,,,,,,,,,,
,265,1018.619900134,1778111449.7111044,5,,,,,,,,,,,,,,,,,,149.45620930600853,,,,,,,,,,,,,,,,,,,,,,,,,,
,266,1018.983045061,1778111450.0740833,5,0.36268615699373186,,,,,,,,,,,,,,,,,,,,,,,,,,,,,,,,,,,,,,,,,,,
,267,1019.15444677,1778111450.2455263,5,,,,,,,,,,,,,,,,,,,0.5342011589964386,,,,,,,,,,,,,,,,,,,,,,,,,
,268,1020.274987861,1778111451.3659363,5,,,,,,,,,,,,,,,,,,4.6770001063123345e-06,,,,,,,,,,,,,,,,,,,,,,,,,,
,269,1020.640355329,1778111451.7313426,5,0.36499184000422247,,,,,,,,,,,,,,,,,,,,,,,,,,,,,,,,,,,,,,,,,,,
,270,1020.814838094,1778111451.9057102,5,,,,,,,,,,,,,,,,,,,0.5395763489941601,,,,,,,,,,,,,,,,,,,,,,,,,
,271,1021.940693172,1778111453.031595,5,,,,,,,,,,,,,,,,,,4.291010554879904e-06,,,,,,,,,,,,,,,,,,,,,,,,,,
,272,1022.293734372,1778111453.3848815,5,0.3528295819996856,,,,,,,,,,,,,,,,,,,,,,,,,,,,,,,,,,,,,,,,,,,
,273,1022.434117543,1778111453.5250506,5,,,,,,,,,,,,,,,,,,,0.49327085200638976,,,,,,,,,,,,,,,,,,,,,,,,,
,274,1023.499086229,1778111454.5899723,5,,,,,,,,,,,,,,,,,,6.230999133549631e-06,,,,,,,,,,,,,,,,,,,,,,,,,,
,275,1023.844378527,1778111454.935348,5,0.3446273270092206,,,,,,,,,,,,,,,,,,,,,,,,,,,,,,,,,,,,,,,,,,,
,276,1023.987656104,1778111455.0786495,5,,,,,,,,,,,,,,,,,,,0.4884638989897212,,,,,,,,,,,,,,,,,,,,,,,,,
,277,1025.048952985,1778111456.1398604,5,,,,,,,,,,,,,,,,,,3.687004209496081e-06,,,,,,,,,,,,,,,,,,,,,,,,,,
,278,1025.389231883,1778111456.480143,5,0.3396393830043962,,,,,,,,,,,,,,,,,,,,,,,,,,,,,,,,,,,,,,,,,,,
,279,1025.537791869,1778111456.6286752,5,,,,,,,,,,,,,,,,,,,0.48865801699867006,,,,,,,,,,,,,,,,,,,,,,,,,
,280,1026.596376206,1778111457.6872628,5,,,,,,,,,,,,,,,,,,3.5949924495071173e-06,,,,,,,,,,,,,,,,,,,,,,,,,,
,281,1027.130312137,1778111458.2212195,5,0.533213053990039,,,,,,,,,,,,,,,,,,,,,,,,,,,,,,,,,,,,,,,,,,,
,282,1027.303833303,1778111458.3948495,5,,,,,,,,,,,,,,,,,,,0.7073695700091776,,,,,,,,,,,,,,,,,,,,,,,,,
,283,1028.430455847,1778111459.521407,5,,,,,,,,,,,,,,,,,,3.6849960451945662e-06,,,,,,,,,,,,,,,,,,,,,,,,,,
,284,1028.78066792,1778111459.8717902,5,0.3499818279960891,,,,,,,,,,,,,,,,,,,,,,,,,,,,,,,,,,,,,,,,,,,
,285,1028.920498802,1778111460.0116053,5,,,,,,,,,,,,,,,,,,,0.49001707100251224,,,,,,,,,,,,,,,,,,,,,,,,,
,286,1029.981574257,1778111461.0725477,5,,,,,,,,,,,,,,,,,,8.460003300569952e-06,,,,,,,,,,,,,,,,,,,,,,,,,,
,287,1030.330171429,1778111461.4211802,5,0.34811830600665417,,,,,,,,,,,,,,,,,,,,,,,,,,,,,,,,,,,,,,,,,,,
,288,1030.473409686,1778111461.564384,5,,,,,,,,,,,,,,,,,,,0.4916297760064481,,,,,,,,,,,,,,,,,,,,,,,,,
,289,1031.53726434,1778111462.6283312,5,,,,,,,,,,,,,,,,,,3.60699777957052e-06,,,,,,,,,,,,,,,,,,,,,,,,,,
,290,1031.908951797,1778111463.0000534,5,0.3711358949949499,,,,,,,,,,,,,,,,,,,,,,,,,,,,,,,,,,,,,,,,,,,
,291,1032.072408049,1778111463.163478,5,,,,,,,,,,,,,,,,,,,0.5349277640052605,,,,,,,,,,,,,,,,,,,,,,,,,
,292,1033.192358539,1778111464.2833962,5,,,,,,,,,,,,,,,,,,4.397006705403328e-06,,,,,,,,,,,,,,,,,,,,,,,,,,
,293,1033.582691323,1778111464.673771,5,0.38969711400568485,,,,,,,,,,,,,,,,,,,,,,,,,,,,,,,,,,,,,,,,,,,
,294,1033.73204702,1778111464.8231058,5,,,,,,,,,,,,,,,,,,,0.5394688870001119,,,,,,,,,,,,,,,,,,,,,,,,,
,295,1034.857351472,1778111465.9483354,5,,,,,,,,,,,,,,,,,,3.540990292094648e-06,,,,,,,,,,,,,,,,,,,,,,,,,,
,296,1035.198067954,1778111466.28912,5,0.34023420000448823,,,,,,,,,,,,,,,,,,,,,,,,,,,,,,,,,,,,,,,,,,,
,297,1035.34587319,1778111466.4369786,5,,,,,,,,,,,,,,,,,,,0.48841822700342163,,,,,,,,,,,,,,,,,,,,,,,,,
,298,1036.404780558,1778111467.495826,5,,,,,,,,,,,,,,,,,,4.175002686679363e-06,,,,,,,,,,,,,,,,,,,,,,,,,,
,299,1036.740348211,1778111467.831535,5,0.33519677999720443,,,,,,,,,,,,,,,,,,,,,,,,,,,,,,,,,,,,,,,,,,,
,300,1036.892876994,1778111467.9838965,5,,,,,,,,,,,,,,,,,,,0.4878952169965487,,,,,,,,,,,,,,,,,,,,,,,,,
,301,1037.951398237,1778111469.0423431,5,,,,,,,,,,,,,,,,,,3.957989974878728e-06,,,,,,,,,,,,,,,,,,,,,,,,,,
,302,1038.316290797,1778111469.4073098,5,0.3646604459936498,,,,,,,,,,,,,,,,,,,,,,,,,,,,,,,,,,,,,,,,,,,
,303,1038.48950998,1778111469.580468,5,,,,,,,,,,,,,,,,,,,0.5379326330003096,,,,,,,,,,,,,,,,,,,,,,,,,
,304,1039.613862718,1778111470.70477,5,,,,,,,,,,,,,,,,,,4.016008460894227e-06,,,,,,,,,,,,,,,,,,,,,,,,,,
,305,1040.018752394,1778111471.1096835,5,0.4045582410035422,,,,,,,,,,,,,,,,,,,,,,,,,,,,,,,,,,,,,,,,,,,
,306,1040.170948848,1778111471.2621176,5,,,,,,,,,,,,,,,,,,,0.5571796300064307,,,,,,,,,,,,,,,,,,,,,,,,,
,307,1041.293424177,1778111472.3843858,5,,,,,,,,,,,,,,,,,,3.806999302469194e-06,,,,,,,,,,,,,,,,,,,,,,,,,,
,308,1041.630431212,1778111472.7214768,5,0.3364075099962065,,,,,,,,,,,,,,,,,,,,,,,,,,,,,,,,,,,,,,,,,,,
,309,1041.781999711,1778111472.873096,5,,,,,,,,,,,,,,,,,,,0.48853054200299084,,,,,,,,,,,,,,,,,,,,,,,,,
,310,1042.843147047,1778111473.9342217,5,,,,,,,,,,,,,,,,,,4.683999577537179e-06,,,,,,,,,,,,,,,,,,,,,,,,,,
,311,1043.203567942,1778111474.294659,5,0.3598391220002668,,,,,,,,,,,,,,,,,,,,,,,,,,,,,,,,,,,,,,,,,,,
,312,1043.379593767,1778111474.4706297,5,,,,,,,,,,,,,,,,,,,0.5361881790013285,,,,,,,,,,,,,,,,,,,,,,,,,
140.39620357498643,313,1184.933462893,1778111616.0244684,5,,,,,,,,,,,,,,,,,,,,,,,,,,,,,,,,,,,,,,,,,,,,
,314,1192.901094853,1778111623.982123,5,7.911699535994558,,,,,,,,,,,,,,,,,,,,,,,,,,,,,,,,,,,,,,,,,,,
,315,1193.694694212,1778111624.7859826,5,,0.010517312440919246,0.0,0.0,0.0,0.1,0.0,0.02758651458664446,0.6170414240041282,0.002425102780092193,0.0,0.075,0.125,0.0,0.024772498791026512,0.10279304029304029,,,,,,,,,,,,,,,,,,,,,,,,,,,,
,316,1193.695200087,1778111624.786494,5,,,,,,,,,,,,,,,,,0.6176559759915108,,,,,,,,,,,,,,,,,,,,,,,,,,,
,317,1193.697388207,1778111624.7886012,5,,,,,,,,,,,,,,,,,,149.16308278299402,,,,,,,,,,,,,,,,,,,,,,,,,,
,318,1194.033516455,1778111625.1247225,5,0.3358238319924567,,,,,,,,,,,,,,,,,,,,,,,,,,,,,,,,,,,,,,,,,,,
,319,1194.187222439,1778111625.2783942,5,,,,,,,,,,,,,,,,,,,0.4896011759992689,,,,,,,,,,,,,,,,,,,,,,,,,
,320,1195.247701623,1778111626.338823,5,,,,,,,,,,,,,,,,,,4.3570034904405475e-06,,,,,,,,,,,,,,,,,,,,,,,,,,
,321,1195.605467915,1778111626.6966922,5,0.35736831500253174,,,,,,,,,,,,,,,,,,,,,,,,,,,,,,,,,,,,,,,,,,,
,322,1195.780877342,1778111626.8719475,5,,,,,,,,,,,,,,,,,,,0.5329030479915673,,,,,,,,,,,,,,,,,,,,,,,,,
,323,1196.899935113,1778111627.9910414,5,,,,,,,,,,,,,,,,,,4.2800093069672585e-06,,,,,,,,,,,,,,,,,,,,,,,,,,
,324,1197.2393869,1778111628.3304493,5,0.33891802000289317,,,,,,,,,,,,,,,,,,,,,,,,,,,,,,,,,,,,,,,,,,,
,325,1197.385529155,1778111628.476632,5,,,,,,,,,,,,,,,,,,,0.48537601600401103,,,,,,,,,,,,,,,,,,,,,,,,,
,326,1198.44356928,1778111629.5343623,5,,,,,,,,,,,,,,,,,,4.497007466852665e-06,,,,,,,,,,,,,,,,,,,,,,,,,,
,327,1198.806253913,1778111629.8974323,5,0.3626067840086762,,,,,,,,,,,,,,,,,,,,,,,,,,,,,,,,,,,,,,,,,,,
,328,1198.981234501,1778111630.0722191,5,,,,,,,,,,,,,,,,,,,0.537639593007043,,,,,,,,,,,,,,,,,,,,,,,,,
,329,1200.10471451,1778111631.1958725,5,,,,,,,,,,,,,,,,,,3.7410063669085503e-06,,,,,,,,,,,,,,,,,,,,,,,,,,
,330,1200.445714783,1778111631.5366654,5,0.3403780170046957,,,,,,,,,,,,,,,,,,,,,,,,,,,,,,,,,,,,,,,,,,,
,331,1200.590985786,1778111631.6818175,5,,,,,,,,,,,,,,,,,,,0.4857626849989174,,,,,,,,,,,,,,,,,,,,,,,,,
,332,1201.644610952,1778111632.735737,5,,,,,,,,,,,,,,,,,,4.061992513015866e-06,,,,,,,,,,,,,,,,,,,,,,,,,,
,333,1201.975221251,1778111633.0662823,5,0.33013637199474033,,,,,,,,,,,,,,,,,,,,,,,,,,,,,,,,,,,,,,,,,,,
,334,1202.131203523,1778111633.2223034,5,,,,,,,,,,,,,,,,,,,0.48636181600159034,,,,,,,,,,,,,,,,,,,,,,,,,
,335,1203.190458435,1778111634.2813878,5,,,,,,,,,,,,,,,,,,5.0770031521096826e-06,,,,,,,,,,,,,,,,,,,,,,,,,,
,336,1203.638832883,1778111634.7298734,5,0.4478776259929873,,,,,,,,,,,,,,,,,,,,,,,,,,,,,,,,,,,,,,,,,,,
,337,1203.781252398,1778111634.8721814,5,,,,,,,,,,,,,,,,,,,0.5904342330031795,,,,,,,,,,,,,,,,,,,,,,,,,
,338,1204.844673205,1778111635.9356127,5,,,,,,,,,,,,,,,,,,4.426008672453463e-06,,,,,,,,,,,,,,,,,,,,,,,,,,
,339,1205.212512717,1778111636.3034809,5,0.36728938500164077,,,,,,,,,,,,,,,,,,,,,,,,,,,,,,,,,,,,,,,,,,,
,340,1205.382130969,1778111636.4731166,5,,,,,,,,,,,,,,,,,,,0.5372592960047768,,,,,,,,,,,,,,,,,,,,,,,,,
,341,1206.505117443,1778111637.5960817,5,,,,,,,,,,,,,,,,,,4.54401015304029e-06,,,,,,,,,,,,,,,,,,,,,,,,,,
,342,1206.883024457,1778111637.9741457,5,0.377373497991357,,,,,,,,,,,,,,,,,,,,,,,,,,,,,,,,,,,,,,,,,,,
,343,1207.03796741,1778111638.1290941,5,,,,,,,,,,,,,,,,,,,0.5328181330114603,,,,,,,,,,,,,,,,,,,,,,,,,
,344,1208.157435388,1778111639.2485182,5,,,,,,,,,,,,,,,,,,3.8339931052178144e-06,,,,,,,,,,,,,,,,,,,,,,,,,,
,345,1208.512492105,1778111639.6035988,5,0.3545181329973275,,,,,,,,,,,,,,,,,,,,,,,,,,,,,,,,,,,,,,,,,,,
,346,1208.647012545,1778111639.738077,5,,,,,,,,,,,,,,,,,,,0.4893394489918137,,,,,,,,,,,,,,,,,,,,,,,,,
,347,1209.705717488,1778111640.7968044,5,,,,,,,,,,,,,,,,,,3.963010385632515e-06,,,,,,,,,,,,,,,,,,,,,,,,,,
,348,1210.077223709,1778111641.168336,5,0.3709645110066049,,,,,,,,,,,,,,,,,,,,,,,,,,,,,,,,,,,,,,,,,,,
,349,1210.237429979,1778111641.328626,5,,,,,,,,,,,,,,,,,,,0.5316402579919668,,,,,,,,,,,,,,,,,,,,,,,,,
,350,1211.356659708,1778111642.4476247,5,,,,,,,,,,,,,,,,,,3.68300243280828e-06,,,,,,,,,,,,,,,,,,,,,,,,,,
,351,1211.739603439,1778111642.8308291,5,0.38274654900305904,,,,,,,,,,,,,,,,,,,,,,,,,,,,,,,,,,,,,,,,,,,
,352,1211.889544612,1778111642.9804697,5,,,,,,,,,,,,,,,,,,,0.5326316660066368,,,,,,,,,,,,,,,,,,,,,,,,,
,353,1213.009082897,1778111644.1001377,5,,,,,,,,,,,,,,,,,,4.6209897845983505e-06,,,,,,,,,,,,,,,,,,,,,,,,,,
,354,1213.346251701,1778111644.4373524,5,0.3366144930041628,,,,,,,,,,,,,,,,,,,,,,,,,,,,,,,,,,,,,,,,,,,
,355,1213.5011755,1778111644.5920856,5,,,,,,,,,,,,,,,,,,,0.49171448599372525,,,,,,,,,,,,,,,,,,,,,,,,,
,356,1214.564516935,1778111645.655636,5,,,,,,,,,,,,,,,,,,4.036992322653532e-06,,,,,,,,,,,,,,,,,,,,,,,,,,
,357,1214.945559526,1778111646.0367868,5,0.3806201839906862,,,,,,,,,,,,,,,,,,,,,,,,,,,,,,,,,,,,,,,,,,,
,358,1215.098442043,1778111646.1895967,5,,,,,,,,,,,,,,,,,,,0.5337753330095438,,,,,,,,,,,,,,,,,,,,,,,,,
,359,1216.216368168,1778111647.307463,5,,,,,,,,,,,,,,,,,,3.598004695959389e-06,,,,,,,,,,,,,,,,,,,,,,,,,,
,360,1216.711396947,1778111647.802421,5,0.49432547899778,,,,,,,,,,,,,,,,,,,,,,,,,,,,,,,,,,,,,,,,,,,
,361,1216.767136808,1778111647.8583143,5,,,,,,,,,,,,,,,,,,,0.5506877909938339,,,,,,,,,,,,,,,,,,,,,,,,,
,362,1217.83035045,1778111648.9212573,5,,,,,,,,,,,,,,,,,,4.939996870234609e-06,,,,,,,,,,,,,,,,,,,,,,,,,,
,363,1218.211688392,1778111649.3027797,5,0.38095278400578536,,,,,,,,,,,,,,,,,,,,,,,,,,,,,,,,,,,,,,,,,,,
,364,1218.368024356,1778111649.4590766,5,,,,,,,,,,,,,,,,,,,0.5375489470025059,,,,,,,,,,,,,,,,,,,,,,,,,
140.4471690000064,365,1359.977695646,1778111791.068632,5,,,,,,,,,,,,,,,,,,,,,,,,,,,,,,,,,,,,,,,,,,,,
,366,1367.99642298,1778111799.0775032,5,7.965580053001759,,,,,,,,,,,,,,,,,,,,,,,,,,,,,,,,,,,,,,,,,,,
,367,1368.127844821,1778111799.2191715,5,,0.0,0.0,0.0,0.0,0.0,0.0,0.0,0.0015130630054045469,0.0,0.0,0.0,0.0,0.0,0.0,0.0,,,,,,,,,,,,,,,,,,,,,,,,,,,,
,368,1368.128383985,1778111799.2196817,5,,,,,,,,,,,,,,,,,0.002124930004356429,,,,,,,,,,,,,,,,,,,,,,,,,,,
,369,1368.130199862,1778111799.2213905,5,,,,,,,,,,,,,,,,,,148.60224921100598,,,,,,,,,,,,,,,,,,,,,,,,,,
,370,1368.487294163,1778111799.578549,5,0.35672718500427436,,,,,,,,,,,,,,,,,,,,,,,,,,,,,,,,,,,,,,,,,,,
,371,1368.66145072,1778111799.7525299,5,,,,,,,,,,,,,,,,,,,0.5309381639963249,,,,,,,,,,,,,,,,,,,,,,,,,
,372,1369.772642451,1778111800.8636875,5,,,,,,,,,,,,,,,,,,4.024012014269829e-06,,,,,,,,,,,,,,,,,,,,,,,,,,
,373,1370.125295652,1778111801.2164946,5,0.3523952360119438,,,,,,,,,,,,,,,,,,,,,,,,,,,,,,,,,,,,,,,,,,,
,374,1370.262920001,1778111801.3539922,5,,,,,,,,,,,,,,,,,,,0.49011897599848453,,,,,,,,,,,,,,,,,,,,,,,,,
,375,1371.317836939,1778111802.408817,5,,,,,,,,,,,,,,,,,,3.82699363399297e-06,,,,,,,,,,,,,,,,,,,,,,,,,,
,376,1371.688417235,1778111802.7796497,5,0.3703371689916821,,,,,,,,,,,,,,,,,,,,,,,,,,,,,,,,,,,,,,,,,,,
,377,1371.848727661,1778111802.939733,5,,,,,,,,,,,,,,,,,,,0.5307377660064958,,,,,,,,,,,,,,,,,,,,,,,,,
,378,1372.910574577,1778111804.0015733,5,,,,,,,,,,,,,,,,,,4.351997631601989e-06,,,,,,,,,,,,,,,,,,,,,,,,,,
,379,1373.258166525,1778111804.3493605,5,0.34736351598985493,,,,,,,,,,,,,,,,,,,,,,,,,,,,,,,,,,,,,,,,,,,
,380,1373.39486864,1778111804.4858716,5,,,,,,,,,,,,,,,,,,,0.48407665800186805,,,,,,,,,,,,,,,,,,,,,,,,,
,381,1374.443784855,1778111805.534845,5,,,,,,,,,,,,,,,,,,3.5190023481845856e-06,,,,,,,,,,,,,,,,,,,,,,,,,,
,382,1374.786021147,1778111805.8770974,5,0.3418920490075834,,,,,,,,,,,,,,,,,,,,,,,,,,,,,,,,,,,,,,,,,,,
,383,1374.934016077,1778111806.0251122,5,,,,,,,,,,,,,,,,,,,0.4900953610049328,,,,,,,,,,,,,,,,,,,,,,,,,
,384,1375.991168154,1778111807.0822256,5,,,,,,,,,,,,,,,,,,3.7449935916811228e-06,,,,,,,,,,,,,,,,,,,,,,,,,,
,385,1376.348476308,1778111807.4396152,5,0.3569829129992286,,,,,,,,,,,,,,,,,,,,,,,,,,,,,,,,,,,,,,,,,,,
,386,1376.523178216,1778111807.614181,5,,,,,,,,,,,,,,,,,,,0.5317870780127123,,,,,,,,,,,,,,,,,,,,,,,,,
,387,1377.639363231,1778111808.730466,5,,,,,,,,,,,,,,,,,,4.357993020676076e-06,,,,,,,,,,,,,,,,,,,,,,,,,,
,388,1378.011208194,1778111809.102424,5,0.3715035969944438,,,,,,,,,,,,,,,,,,,,,,,,,,,,,,,,,,,,,,,,,,,
,389,1378.171795232,1778111809.262892,5,,,,,,,,,,,,,,,,,,,0.5321946729964111,,,,,,,,,,,,,,,,,,,,,,,,,
,390,1379.285795491,1778111810.3769064,5,,,,,,,,,,,,,,,,,,3.5709963412955403e-06,,,,,,,,,,,,,,,,,,,,,,,,,,
,391,1379.63387462,1778111810.7250688,5,0.3476055759965675,,,,,,,,,,,,,,,,,,,,,,,,,,,,,,,,,,,,,,,,,,,
,392,1379.769701848,1778111810.8606882,5,,,,,,,,,,,,,,,,,,,0.4835555939935148,,,,,,,,,,,,,,,,,,,,,,,,,
,393,1380.817810721,1778111811.908849,5,,,,,,,,,,,,,,,,,,3.793989890255034e-06,,,,,,,,,,,,,,,,,,,,,,,,,,
,394,1381.283223617,1778111812.374418,5,0.4651247239962686,,,,,,,,,,,,,,,,,,,,,,,,,,,,,,,,,,,,,,,,,,,
,395,1381.454013725,1778111812.5449698,5,,,,,,,,,,,,,,,,,,,0.6359321449999698,,,,,,,,,,,,,,,,,,,,,,,,,
,396,1382.572937558,1778111813.66407,5,,,,,,,,,,,,,,,,,,4.195986548438668e-06,,,,,,,,,,,,,,,,,,,,,,,,,,
,397,1382.912844892,1778111814.004064,5,0.33958179100591224,,,,,,,,,,,,,,,,,,,,,,,,,,,,,,,,,,,,,,,,,,,
,398,1383.053941575,1778111814.1448193,5,,,,,,,,,,,,,,,,,,,0.48050727900408674,,,,,,,,,,,,,,,,,,,,,,,,,
,399,1384.099374405,1778111815.1905432,5,,,,,,,,,,,,,,,,,,3.920009476132691e-06,,,,,,,,,,,,,,,,,,,,,,,,,,
,400,1384.437022361,1778111815.5282483,5,0.33731231300043873,,,,,,,,,,,,,,,,,,,,,,,,,,,,,,,,,,,,,,,,,,,
,401,1384.584899795,1778111815.6756504,5,,,,,,,,,,,,,,,,,,,0.48493860600865446,,,,,,,,,,,,,,,,,,,,,,,,,
,402,1385.638450276,1778111816.7295904,5,,,,,,,,,,,,,,,,,,4.07300831284374e-06,,,,,,,,,,,,,,,,,,,,,,,,,,
,403,1386.019524077,1778111817.1107328,5,0.3807155599934049,,,,,,,,,,,,,,,,,,,,,,,,,,,,,,,,,,,,,,,,,,,
,404,1386.170504595,1778111817.261674,5,,,,,,,,,,,,,,,,,,,0.5318907300097635,,,,,,,,,,,,,,,,,,,,,,,,,
,405,1387.284062285,1778111818.3751357,5,,,,,,,,,,,,,,,,,,4.374989657662809e-06,,,,,,,,,,,,,,,,,,,,,,,,,,
,406,1387.651830954,1778111818.7430391,5,0.3673171319969697,,,,,,,,,,,,,,,,,,,,,,,,,,,,,,,,,,,,,,,,,,,
,407,1387.820437883,1778111818.9115639,5,,,,,,,,,,,,,,,,,,,0.536169842001982,,,,,,,,,,,,,,,,,,,,,,,,,
,408,1388.938381554,1778111820.0295074,5,,,,,,,,,,,,,,,,,,4.348999937064946e-06,,,,,,,,,,,,,,,,,,,,,,,,,,
,409,1389.28508986,1778111820.3762,5,0.3462992920103716,,,,,,,,,,,,,,,,,,,,,,,,,,,,,,,,,,,,,,,,,,,
,410,1389.426696016,1778111820.517702,5,,,,,,,,,,,,,,,,,,,0.48799116000009235,,,,,,,,,,,,,,,,,,,,,,,,,
,411,1390.482782189,1778111821.5738275,5,,,,,,,,,,,,,,,,,,3.679000656120479e-06,,,,,,,,,,,,,,,,,,,,,,,,,,
,412,1390.842706946,1778111821.9338987,5,0.3596993859973736,,,,,,,,,,,,,,,,,,,,,,,,,,,,,,,,,,,,,,,,,,,
,413,1391.01474269,1778111822.1058922,5,,,,,,,,,,,,,,,,,,,0.5318695699970704,,,,,,,,,,,,,,,,,,,,,,,,,
,414,1392.130582112,1778111823.221609,5,,,,,,,,,,,,,,,,,,3.7339923437684774e-06,,,,,,,,,,,,,,,,,,,,,,,,,,
,415,1392.502862876,1778111823.5940359,5,0.37203197900089435,,,,,,,,,,,,,,,,,,,,,,,,,,,,,,,,,,,,,,,,,,,
,416,1392.662298761,1778111823.7534726,5,,,,,,,,,,,,,,,,,,,0.5316584340034751,,,,,,,,,,,,,,,,,,,,,,,,,
142.85645173599187,417,1536.672065821,1778111967.7630882,5,,,,,,,,,,,,,,,,,,,,,,,,,,,,,,,,,,,,,,,,,,,,
,418,1544.857598613,1778111975.9335973,5,8.125682661004248,,,,,,,,,,,,,,,,,,,,,,,,,,,,,,,,,,,,,,,,,,,
,419,1545.036970418,1778111976.1282966,5,,0.0,0.0,0.0,0.0,0.0,0.0,0.0,0.002001080007175915,0.0,0.0,0.0,0.0,0.0,0.0,0.0,,,,,,,,,,,,,,,,,,,,,,,,,,,,
,420,1545.03743277,1778111976.1287022,5,,,,,,,,,,,,,,,,,0.002571265009464696,,,,,,,,,,,,,,,,,,,,,,,,,,,
,421,1545.039562954,1778111976.130745,5,,,,,,,,,,,,,,,,,,151.22673401399516,,,,,,,,,,,,,,,,,,,,,,,,,,
,422,1545.383842169,1778111976.4750144,5,0.3439296240103431,,,,,,,,,,,,,,,,,,,,,,,,,,,,,,,,,,,,,,,,,,,
,423,1545.541736432,1778111976.63236,5,,,,,,,,,,,,,,,,,,,0.5013733149971813,,,,,,,,,,,,,,,,,,,,,,,,,
,424,1546.632517489,1778111977.7234716,5,,,,,,,,,,,,,,,,,,3.82200232706964e-06,,,,,,,,,,,,,,,,,,,,,,,,,,
,425,1547.128528632,1778111978.2194042,5,0.4952736759878462,,,,,,,,,,,,,,,,,,,,,,,,,,,,,,,,,,,,,,,,,,,
,426,1547.307248606,1778111978.3982239,5,,,,,,,,,,,,,,,,,,,0.6745725960063282,,,,,,,,,,,,,,,,,,,,,,,,,
,427,1548.454273205,1778111979.5452082,5,,,,,,,,,,,,,,,,,,4.511995939537883e-06,,,,,,,,,,,,,,,,,,,,,,,,,,
,428,1548.835793846,1778111979.9268823,5,0.3811764550046064,,,,,,,,,,,,,,,,,,,,,,,,,,,,,,,,,,,,,,,,,,,
,429,1549.000478174,1778111980.0913231,5,,,,,,,,,,,,,,,,,,,0.5459100949956337,,,,,,,,,,,,,,,,,,,,,,,,,
,430,1550.144682639,1778111981.2356262,5,,,,,,,,,,,,,,,,,,4.360001184977591e-06,,,,,,,,,,,,,,,,,,,,,,,,,,
,431,1550.506423308,1778111981.5974069,5,0.36130802599655,,,,,,,,,,,,,,,,,,,,,,,,,,,,,,,,,,,,,,,,,,,
,432,1550.646194818,1778111981.7372024,5,,,,,,,,,,,,,,,,,,,0.5013837230071658,,,,,,,,,,,,,,,,,,,,,,,,,
,433,1551.733863087,1778111982.8248303,5,,,,,,,,,,,,,,,,,,4.541012458503246e-06,,,,,,,,,,,,,,,,,,,,,,,,,,
,434,1552.117190981,1778111983.208248,5,0.382880497010774,,,,,,,,,,,,,,,,,,,,,,,,,,,,,,,,,,,,,,,,,,,
,435,1552.280797818,1778111983.37174,5,,,,,,,,,,,,,,,,,,,0.5466901449981378,,,,,,,,,,,,,,,,,,,,,,,,,
,436,1553.432113799,1778111984.5231965,5,,,,,,,,,,,,,,,,,,5.521011189557612e-06,,,,,,,,,,,,,,,,,,,,,,,,,,
,437,1553.792801149,1778111984.8838644,5,0.3601001889910549,,,,,,,,,,,,,,,,,,,,,,,,,,,,,,,,,,,,,,,,,,,
,438,1553.933356109,1778111985.0243213,5,,,,,,,,,,,,,,,,,,,0.5009051460074261,,,,,,,,,,,,,,,,,,,,,,,,,
,439,1555.022384621,1778111986.113422,5,,,,,,,,,,,,,,,,,,4.3539912439882755e-06,,,,,,,,,,,,,,,,,,,,,,,,,,
,440,1555.398783304,1778111986.4898605,5,0.37589777799439617,,,,,,,,,,,,,,,,,,,,,,,,,,,,,,,,,,,,,,,,,,,
,441,1555.57522151,1778111986.666266,5,,,,,,,,,,,,,,,,,,,0.552568478989997,,,,,,,,,,,,,,,,,,,,,,,,,
,442,1556.726601205,1778111987.8175297,5,,,,,,,,,,,,,,,,,,4.394998541101813e-06,,,,,,,,,,,,,,,,,,,,,,,,,,
,443,1557.083798128,1778111988.174872,5,0.35706810899137054,,,,,,,,,,,,,,,,,,,,,,,,,,,,,,,,,,,,,,,,,,,
,444,1557.230229618,1778111988.3212924,5,,,,,,,,,,,,,,,,,,,0.5036056579992874,,,,,,,,,,,,,,,,,,,,,,,,,
,445,1558.317919886,1778111989.4089978,5,,,,,,,,,,,,,,,,,,4.478002665564418e-06,,,,,,,,,,,,,,,,,,,,,,,,,,
,446,1558.691106211,1778111989.7822075,5,0.3726103939989116,,,,,,,,,,,,,,,,,,,,,,,,,,,,,,,,,,,,,,,,,,,
,447,1558.864645309,1778111989.9555237,5,,,,,,,,,,,,,,,,,,,0.5462633890128927,,,,,,,,,,,,,,,,,,,,,,,,,
,448,1560.007430535,1778111991.0985603,5,,,,,,,,,,,,,,,,,,3.6860001273453236e-06,,,,,,,,,,,,,,,,,,,,,,,,,,
,449,1560.397426751,1778111991.488324,5,0.38922146600089036,,,,,,,,,,,,,,,,,,,,,,,,,,,,,,,,,,,,,,,,,,,
,450,1560.557875179,1778111991.6489966,5,,,,,,,,,,,,,,,,,,,0.5502411449997453,,,,,,,,,,,,,,,,,,,,,,,,,
,451,1561.708421787,1778111992.7993953,5,,,,,,,,,,,,,,,,,,4.195011570118368e-06,,,,,,,,,,,,,,,,,,,,,,,,,,
,452,1562.167733152,1778111993.2585843,5,0.4586597220040858,,,,,,,,,,,,,,,,,,,,,,,,,,,,,,,,,,,,,,,,,,,
,453,1562.329256242,1778111993.4201224,5,,,,,,,,,,,,,,,,,,,0.620484488987131,,,,,,,,,,,,,,,,,,,,,,,,,
,454,1563.413139479,1778111994.504106,5,,,,,,,,,,,,,,,,,,5.5480049923062325e-06,,,,,,,,,,,,,,,,,,,,,,,,,,
,455,1563.79842531,1778111994.8894107,5,0.38470820600923616,,,,,,,,,,,,,,,,,,,,,,,,,,,,,,,,,,,,,,,,,,,
,456,1563.963956266,1778111995.054932,5,,,,,,,,,,,,,,,,,,,0.5505283349921228,,,,,,,,,,,,,,,,,,,,,,,,,
,457,1565.119228143,1778111996.210241,5,,,,,,,,,,,,,,,,,,5.723995855078101e-06,,,,,,,,,,,,,,,,,,,,,,,,,,
,458,1565.48097117,1778111996.5720065,5,0.3611518199904822,,,,,,,,,,,,,,,,,,,,,,,,,,,,,,,,,,,,,,,,,,,
,459,1565.622824589,1778111996.7138247,5,,,,,,,,,,,,,,,,,,,0.50329518399667,,,,,,,,,,,,,,,,,,,,,,,,,
,460,1566.711392919,1778111997.802449,5,,,,,,,,,,,,,,,,,,4.7539942897856236e-06,,,,,,,,,,,,,,,,,,,,,,,,,,
,461,1567.096088188,1778111998.18713,5,0.3842527860106202,,,,,,,,,,,,,,,,,,,,,,,,,,,,,,,,,,,,,,,,,,,
,462,1567.261180805,1778111998.3520234,5,,,,,,,,,,,,,,,,,,,0.549344518003636,,,,,,,,,,,,,,,,,,,,,,,,,
,463,1568.409582958,1778111999.500662,5,,,,,,,,,,,,,,,,,,4.358997102826834e-06,,,,,,,,,,,,,,,,,,,,,,,,,,
,464,1568.770917568,1778111999.8619206,5,0.36080397899786476,,,,,,,,,,,,,,,,,,,,,,,,,,,,,,,,,,,,,,,,,,,
,465,1568.911407478,1778112000.0024748,5,,,,,,,,,,,,,,,,,,,0.5016344250034308,,,,,,,,,,,,,,,,,,,,,,,,,
,466,1569.999448431,1778112001.09055,5,,,,,,,,,,,,,,,,,,4.970002919435501e-06,,,,,,,,,,,,,,,,,,,,,,,,,,
,467,1570.351925064,1778112001.4429278,5,0.35175273500499316,,,,,,,,,,,,,,,,,,,,,,,,,,,,,,,,,,,,,,,,,,,
,468,1570.503378542,1778112001.594403,5,,,,,,,,,,,,,,,,,,,0.5036350680020405,,,,,,,,,,,,,,,,,,,,,,,,,
141.92419653800607,469,1713.556719128,1778112144.647654,5,,,,,,,,,,,,,,,,,,,,,,,,,,,,,,,,,,,,,,,,,,,,
,470,1721.67629599,1778112152.7573993,5,8.066000881008222,,,,,,,,,,,,,,,,,,,,,,,,,,,,,,,,,,,,,,,,,,,
,471,1721.837021853,1778112152.9283373,5,,0.0,0.0,0.0,0.0,0.0,0.0,0.0,0.0014358189946506172,0.0,0.0,0.0,0.0,0.0,0.0,0.0,,,,,,,,,,,,,,,,,,,,,,,,,,,,
,472,1721.838098372,1778112152.9288962,5,,,,,,,,,,,,,,,,,0.0020905909914290532,,,,,,,,,,,,,,,,,,,,,,,,,,,
,473,1721.839394165,1778112152.9305937,5,,,,,,,,,,,,,,,,,,150.20952144100738,,,,,,,,,,,,,,,,,,,,,,,,,,
,474,1722.180954093,1778112153.2720802,5,0.3411768609948922,,,,,,,,,,,,,,,,,,,,,,,,,,,,,,,,,,,,,,,,,,,
,475,1722.338331751,1778112153.4295468,5,,,,,,,,,,,,,,,,,,,0.4987362610117998,,,,,,,,,,,,,,,,,,,,,,,,,
,476,1723.413284132,1778112154.5042486,5,,,,,,,,,,,,,,,,,,5.537003744393587e-06,,,,,,,,,,,,,,,,,,,,,,,,,,
,477,1723.782583939,1778112154.8737495,5,0.3689742130081868,,,,,,,,,,,,,,,,,,,,,,,,,,,,,,,,,,,,,,,,,,,
,478,1723.961700091,1778112155.0526323,5,,,,,,,,,,,,,,,,,,,0.5481163919903338,,,,,,,,,,,,,,,,,,,,,,,,,
,479,1725.10292299,1778112156.1940477,5,,,,,,,,,,,,,,,,,,4.453002475202084e-06,,,,,,,,,,,,,,,,,,,,,,,,,,
,480,1725.652211761,1778112156.7432852,5,0.5487920089944964,,,,,,,,,,,,,,,,,,,,,,,,,,,,,,,,,,,,,,,,,,,
,481,1725.70025187,1778112156.7913175,5,,,,,,,,,,,,,,,,,,,0.5970763600053033,,,,,,,,,,,,,,,,,,,,,,,,,
,482,1726.839798971,1778112157.9308631,5,,,,,,,,,,,,,,,,,,4.417001036927104e-06,,,,,,,,,,,,,,,,,,,,,,,,,,
,483,1727.227654667,1778112158.3187573,5,0.3873850429954473,,,,,,,,,,,,,,,,,,,,,,,,,,,,,,,,,,,,,,,,,,,
,484,1727.382976557,1778112158.474004,5,,,,,,,,,,,,,,,,,,,0.5429319099930581,,,,,,,,,,,,,,,,,,,,,,,,,
,485,1728.515434408,1778112159.6064076,5,,,,,,,,,,,,,,,,,,3.93899972550571e-06,,,,,,,,,,,,,,,,,,,,,,,,,,
,486,1728.883762943,1778112159.9748805,5,0.36810304899699986,,,,,,,,,,,,,,,,,,,,,,,,,,,,,,,,,,,,,,,,,,,
,487,1729.062671385,1778112160.1537025,5,,,,,,,,,,,,,,,,,,,0.5471130710066063,,,,,,,,,,,,,,,,,,,,,,,,,
,488,1730.200018002,1778112161.2911656,5,,,,,,,,,,,,,,,,,,3.816006937995553e-06,,,,,,,,,,,,,,,,,,,,,,,,,,
,489,1730.546056524,1778112161.6371603,5,0.3454485830006888,,,,,,,,,,,,,,,,,,,,,,,,,,,,,,,,,,,,,,,,,,,
,490,1730.694867908,1778112161.786074,5,,,,,,,,,,,,,,,,,,,0.4947175109991804,,,,,,,,,,,,,,,,,,,,,,,,,
,491,1731.761436319,1778112162.8525362,5,,,,,,,,,,,,,,,,,,3.928988007828593e-06,,,,,,,,,,,,,,,,,,,,,,,,,,
,492,1732.101205546,1778112163.192303,5,0.33928618200297933,,,,,,,,,,,,,,,,,,,,,,,,,,,,,,,,,,,,,,,,,,,
,493,1732.261431583,1778112163.352393,5,,,,,,,,,,,,,,,,,,,0.49967626298894174,,,,,,,,,,,,,,,,,,,,,,,,,
,494,1733.33854061,1778112164.4295568,5,,,,,,,,,,,,,,,,,,4.656001692637801e-06,,,,,,,,,,,,,,,,,,,,,,,,,,
,495,1733.69142427,1778112164.7826495,5,0.3525705689971801,,,,,,,,,,,,,,,,,,,,,,,,,,,,,,,,,,,,,,,,,,,
,496,1733.83686771,1778112164.9279199,5,,,,,,,,,,,,,,,,,,,0.49805074599862564,,,,,,,,,,,,,,,,,,,,,,,,,
,497,1734.912998201,1778112166.0040667,5,,,,,,,,,,,,,,,,,,4.446003003977239e-06,,,,,,,,,,,,,,,,,,,,,,,,,,
,498,1735.260158072,1778112166.3512473,5,0.34673397400183603,,,,,,,,,,,,,,,,,,,,,,,,,,,,,,,,,,,,,,,,,,,
,499,1735.412900638,1778112166.5039775,5,,,,,,,,,,,,,,,,,,,0.4997295069915708,,,,,,,,,,,,,,,,,,,,,,,,,
,500,1736.487559189,1778112167.5786567,5,,,,,,,,,,,,,,,,,,4.071000148542225e-06,,,,,,,,,,,,,,,,,,,,,,,,,,
,501,1736.880462309,1778112167.971525,5,0.3921895279927412,,,,,,,,,,,,,,,,,,,,,,,,,,,,,,,,,,,,,,,,,,,
,502,1737.034329589,1778112168.125226,5,,,,,,,,,,,,,,,,,,,0.5463843519974034,,,,,,,,,,,,,,,,,,,,,,,,,
,503,1738.171328113,1778112169.2624016,5,,,,,,,,,,,,,,,,,,4.366986104287207e-06,,,,,,,,,,,,,,,,,,,,,,,,,,
,504,1738.512748539,1778112169.6038592,5,0.34100104100070894,,,,,,,,,,,,,,,,,,,,,,,,,,,,,,,,,,,,,,,,,,,
,505,1738.666362059,1778112169.7573636,5,,,,,,,,,,,,,,,,,,,0.4947225950018037,,,,,,,,,,,,,,,,,,,,,,,,,
,506,1739.736121694,1778112170.8272202,5,,,,,,,,,,,,,,,,,,4.152010660618544e-06,,,,,,,,,,,,,,,,,,,,,,,,,,
,507,1740.286106664,1778112171.3772101,5,0.5495087760064052,,,,,,,,,,,,,,,,,,,,,,,,,,,,,,,,,,,,,,,,,,,
,508,1740.328768735,1778112171.4198859,5,,,,,,,,,,,,,,,,,,,0.5924757000029786,,,,,,,,,,,,,,,,,,,,,,,,,
,509,1741.460948572,1778112172.5520272,5,,,,,,,,,,,,,,,,,,3.847992047667503e-06,,,,,,,,,,,,,,,,,,,,,,,,,,
,510,1741.833922075,1778112172.925128,5,0.3725139159942046,,,,,,,,,,,,,,,,,,,,,,,,,,,,,,,,,,,,,,,,,,,
,511,1742.008130563,1778112173.0992377,5,,,,,,,,,,,,,,,,,,,0.5470126020081807,,,,,,,,,,,,,,,,,,,,,,,,,
,512,1743.144865092,1778112174.2359526,5,,,,,,,,,,,,,,,,,,3.654000465758145e-06,,,,,,,,,,,,,,,,,,,,,,,,,,
,513,1743.497813555,1778112174.5889974,5,0.35256596899125725,,,,,,,,,,,,,,,,,,,,,,,,,,,,,,,,,,,,,,,,,,,
,514,1743.643002595,1778112174.7340477,5,,,,,,,,,,,,,,,,,,,0.4978700780047802,,,,,,,,,,,,,,,,,,,,,,,,,
,515,1744.716872274,1778112175.8080041,5,,,,,,,,,,,,,,,,,,3.4949916880577803e-06,,,,,,,,,,,,,,,,,,,,,,,,,,
,516,1745.060596391,1778112176.1516714,5,0.34325389099831227,,,,,,,,,,,,,,,,,,,,,,,,,,,,,,,,,,,,,,,,,,,
,517,1745.216576448,1778112176.3077776,5,,,,,,,,,,,,,,,,,,,0.49958493099256884,,,,,,,,,,,,,,,,,,,,,,,,,
,518,1746.28974508,1778112177.3807166,5,,,,,,,,,,,,,,,,,,3.777997335419059e-06,,,,,,,,,,,,,,,,,,,,,,,,,,
,519,1746.679355623,1778112177.7704625,5,0.38937945700308774,,,,,,,,,,,,,,,,,,,,,,,,,,,,,,,,,,,,,,,,,,,
,520,1746.831112001,1778112177.9221349,5,,,,,,,,,,,,,,,,,,,0.5412333169952035,,,,,,,,,,,,,,,,,,,,,,,,,
,521,1747.92531376,1778112179.0163853,10,,,,,,,,,,,,,,,,,,,,0.07017131524044089,0.0,0.8,0.020637650322169066,0.0,173.42280497038445,0.0072788071352988485,223566.0,36.827007375343236,0.8,1.4776517868041992,0.22745360434055328,615.2,0.0,4.999306075545001e-07,0.0,998.45,0.0017349063150589867,0.0072788071352988485,0.7,0.8,0.975,0.0,0.020637650322169066,1024.0
140.4337893329939,522,1888.383543415,1778112319.474573,10,,,,,,,,,,,,,,,,,,,,,,,,,,,,,,,,,,,,,,,,,,,,
,523,1896.284713913,1778112327.3604677,10,7.841845384988119,,,,,,,,,,,,,,,,,,,,,,,,,,,,,,,,,,,,,,,,,,,
,524,1896.436697239,1778112327.5278447,10,,0.0,0.0,0.0,0.0,0.0,0.0,0.0,0.0014668539952253923,0.0,0.0,0.0,0.0,0.0,0.0,0.0,,,,,,,,,,,,,,,,,,,,,,,,,,,,
,525,1896.436857287,1778112327.5281775,10,,,,,,,,,,,,,,,,,0.0019068199908360839,,,,,,,,,,,,,,,,,,,,,,,,,,,
,526,1896.439001168,1778112327.5301545,10,,,,,,,,,,,,,,,,,,148.4916872640024,,,,,,,,,,,,,,,,,,,,,,,,,,
,527,1896.793451443,1778112327.8844953,10,0.3538713449961506,,,,,,,,,,,,,,,,,,,,,,,,,,,,,,,,,,,,,,,,,,,
,528,1896.965276785,1778112328.056218,10,,,,,,,,,,,,,,,,,,,0.525827429999481,,,,,,,,,,,,,,,,,,,,,,,,,
,529,1898.002880686,1778112329.0939784,10,,,,,,,,,,,,,,,,,,5.119989509694278e-06,,,,,,,,,,,,,,,,,,,,,,,,,,
,530,1898.352251716,1778112329.4433706,10,0.3489843269926496,,,,,,,,,,,,,,,,,,,,,,,,,,,,,,,,,,,,,,,,,,,
,531,1898.48906422,1778112329.5800693,10,,,,,,,,,,,,,,,,,,,0.4859107490046881,,,,,,,,,,,,,,,,,,,,,,,,,
,532,1899.531424653,1778112330.6225095,10,,,,,,,,,,,,,,,,,,4.012996214441955e-06,,,,,,,,,,,,,,,,,,,,,,,,,,
,533,1899.874801654,1778112330.9658673,10,0.3428406269958941,,,,,,,,,,,,,,,,,,,,,,,,,,,,,,,,,,,,,,,,,,,
,534,1900.018209912,1778112331.109326,10,,,,,,,,,,,,,,,,,,,0.48663521400885656,,,,,,,,,,,,,,,,,,,,,,,,,
,535,1901.058784143,1778112332.1496964,10,,,,,,,,,,,,,,,,,,4.087996785528958e-06,,,,,,,,,,,,,,,,,,,,,,,,,,
,536,1901.414420846,1778112332.5053968,10,0.3553184010088444,,,,,,,,,,,,,,,,,,,,,,,,,,,,,,,,,,,,,,,,,,,
,537,1901.588180586,1778112332.6791632,10,,,,,,,,,,,,,,,,,,,0.5292941700026859,,,,,,,,,,,,,,,,,,,,,,,,,
,538,1902.685370628,1778112333.7764585,10,,,,,,,,,,,,,,,,,,4.0239974623546004e-06,,,,,,,,,,,,,,,,,,,,,,,,,,
,539,1903.18223714,1778112334.2732372,10,0.4962423790129833,,,,,,,,,,,,,,,,,,,,,,,,,,,,,,,,,,,,,,,,,,,
,540,1903.2558135,1778112334.3469791,10,,,,,,,,,,,,,,,,,,,0.5702923850039952,,,,,,,,,,,,,,,,,,,,,,,,,
,541,1904.3500943,1778112335.4410665,10,,,,,,,,,,,,,,,,,,4.952002200298011e-06,,,,,,,,,,,,,,,,,,,,,,,,,,
,542,1904.700410533,1778112335.7915952,10,0.3498189079982694,,,,,,,,,,,,,,,,,,,,,,,,,,,,,,,,,,,,,,,,,,,
,543,1904.836208712,1778112335.9271863,10,,,,,,,,,,,,,,,,,,,0.48587457099347375,,,,,,,,,,,,,,,,,,,,,,,,,
,544,1905.876853549,1778112336.9678195,10,,,,,,,,,,,,,,,,,,4.439993062987924e-06,,,,,,,,,,,,,,,,,,,,,,,,,,
,545,1906.23772224,1778112337.3287535,10,0.3603894900006708,,,,,,,,,,,,,,,,,,,,,,,,,,,,,,,,,,,,,,,,,,,
,546,1906.404643638,1778112337.4957693,10,,,,,,,,,,,,,,,,,,,0.5277342440094799,,,,,,,,,,,,,,,,,,,,,,,,,
,547,1907.497891832,1778112338.5887809,10,,,,,,,,,,,,,,,,,,3.863999154418707e-06,,,,,,,,,,,,,,,,,,,,,,,,,,
,548,1907.87385377,1778112338.965081,10,0.37573110200173687,,,,,,,,,,,,,,,,,,,,,,,,,,,,,,,,,,,,,,,,,,,
,549,1908.027874346,1778112339.118952,10,,,,,,,,,,,,,,,,,,,0.5298557189962594,,,,,,,,,,,,,,,,,,,,,,,,,
,550,1909.125582001,1778112340.216532,10,,,,,,,,,,,,,,,,,,4.214991349726915e-06,,,,,,,,,,,,,,,,,,,,,,,,,,
,551,1909.506926511,1778112340.598005,10,0.38101471700065304,,,,,,,,,,,,,,,,,,,,,,,,,,,,,,,,,,,,,,,,,,,
,552,1909.652054439,1778112340.7429345,10,,,,,,,,,,,,,,,,,,,0.5262261930038221,,,,,,,,,,,,,,,,,,,,,,,,,
,553,1910.748796991,1778112341.8398945,10,,,,,,,,,,,,,,,,,,3.8760044844821095e-06,,,,,,,,,,,,,,,,,,,,,,,,,,
,554,1911.082090893,1778112342.1733434,10,0.332912326004589,,,,,,,,,,,,,,,,,,,,,,,,,,,,,,,,,,,,,,,,,,,
,555,1911.231931181,1778112342.3230479,10,,,,,,,,,,,,,,,,,,,0.4829294219962321,,,,,,,,,,,,,,,,,,,,,,,,,
,556,1912.26977496,1778112343.3608077,10,,,,,,,,,,,,,,,,,,3.8900034269317985e-06,,,,,,,,,,,,,,,,,,,,,,,,,,
,557,1912.591658674,1778112343.6829233,10,0.3217060710012447,,,,,,,,,,,,,,,,,,,,,,,,,,,,,,,,,,,,,,,,,,,
,558,1912.752957997,1778112343.8438869,10,,,,,,,,,,,,,,,,,,,0.48289281300094444,,,,,,,,,,,,,,,,,,,,,,,,,
,559,1913.797936151,1778112344.8888884,10,,,,,,,,,,,,,,,,,,4.062007064931095e-06,,,,,,,,,,,,,,,,,,,,,,,,,,
,560,1914.141360071,1778112345.2324672,10,0.3430369699926814,,,,,,,,,,,,,,,,,,,,,,,,,,,,,,,,,,,,,,,,,,,
,561,1914.281474361,1778112345.3725646,10,,,,,,,,,,,,,,,,,,,0.48344760699546896,,,,,,,,,,,,,,,,,,,,,,,,,
,562,1915.316931633,1778112346.4080117,10,,,,,,,,,,,,,,,,,,4.635992809198797e-06,,,,,,,,,,,,,,,,,,,,,,,,,,
,563,1915.671585666,1778112346.7626946,10,0.35424818699539173,,,,,,,,,,,,,,,,,,,,,,,,,,,,,,,,,,,,,,,,,,,
,564,1915.845078041,1778112346.9361608,10,,,,,,,,,,,,,,,,,,,0.5279456819989718,,,,,,,,,,,,,,,,,,,,,,,,,
,565,1916.905066083,1778112347.9961646,10,,,,,,,,,,,,,,,,,,4.069006536155939e-06,,,,,,,,,,,,,,,,,,,,,,,,,,
,566,1917.299054167,1778112348.390231,10,0.39359993099060375,,,,,,,,,,,,,,,,,,,,,,,,,,,,,,,,,,,,,,,,,,,
,567,1917.423294119,1778112348.514375,10,,,,,,,,,,,,,,,,,,,0.5179996959923301,,,,,,,,,,,,,,,,,,,,,,,,,
,568,1918.465125139,1778112349.556068,10,,,,,,,,,,,,,,,,,,3.787004970945418e-06,,,,,,,,,,,,,,,,,,,,,,,,,,
,569,1918.79306433,1778112349.884257,10,0.32773094000003766,,,,,,,,,,,,,,,,,,,,,,,,,,,,,,,,,,,,,,,,,,,
,570,1918.949293251,1778112350.0403705,10,,,,,,,,,,,,,,,,,,,0.4840528499917127,,,,,,,,,,,,,,,,,,,,,,,,,
,571,1919.983670176,1778112351.0746531,10,,,,,,,,,,,,,,,,,,4.191999323666096e-06,,,,,,,,,,,,,,,,,,,,,,,,,,
,572,1920.360116292,1778112351.4512322,10,0.37616156198782846,,,,,,,,,,,,,,,,,,,,,,,,,,,,,,,,,,,,,,,,,,,
,573,1920.514558359,1778112351.6056318,10,,,,,,,,,,,,,,,,,,,0.5307814410043648,,,,,,,,,,,,,,,,,,,,,,,,,
141.82770352700027,574,2063.478398618,1778112494.5694392,10,,,,,,,,,,,,,,,,,,,,,,,,,,,,,,,,,,,,,,,,,,,,
,575,2071.508455412,1778112502.5896015,10,7.976024777992279,,,,,,,,,,,,,,,,,,,,,,,,,,,,,,,,,,,,,,,,,,,
,576,2072.00613057,1778112503.0969806,10,,0.061048398970234986,0.0,0.0,0.0,0.05625,0.0,0.017727183585135357,0.3535944949981058,0.001731698992077906,0.0,0.05,0.0625,0.0,0.02893464258249805,0.00033908420138888893,,,,,,,,,,,,,,,,,,,,,,,,,,,,
,577,2072.006261818,1778112503.0974643,10,,,,,,,,,,,,,,,,,0.35423973499564454,,,,,,,,,,,,,,,,,,,,,,,,,,,
,578,2072.011390566,1778112503.102294,10,,,,,,,,,,,,,,,,,,150.36272535199532,,,,,,,,,,,,,,,,,,,,,,,,,,
,579,2072.3919328,1778112503.4831152,10,0.3805335240031127,,,,,,,,,,,,,,,,,,,,,,,,,,,,,,,,,,,,,,,,,,,
,580,2072.562329582,1778112503.653305,10,,,,,,,,,,,,,,,,,,,0.5507995430089068,,,,,,,,,,,,,,,,,,,,,,,,,
,581,2073.681535984,1778112504.77249,10,,,,,,,,,,,,,,,,,,5.9050071286037564e-06,,,,,,,,,,,,,,,,,,,,,,,,,,
,582,2074.0176298,1778112505.1088421,10,0.3357396679930389,,,,,,,,,,,,,,,,,,,,,,,,,,,,,,,,,,,,,,,,,,,
,583,2074.171501157,1778112505.262465,10,,,,,,,,,,,,,,,,,,,0.48964315198827535,,,,,,,,,,,,,,,,,,,,,,,,,
,584,2075.232867507,1778112506.3238966,10,,,,,,,,,,,,,,,,,,4.570989403873682e-06,,,,,,,,,,,,,,,,,,,,,,,,,,
,585,2075.588021126,1778112506.6792471,10,0.3548824430035893,,,,,,,,,,,,,,,,,,,,,,,,,,,,,,,,,,,,,,,,,,,
,586,2075.766013496,1778112506.8569012,10,,,,,,,,,,,,,,,,,,,0.5328178649942856,,,,,,,,,,,,,,,,,,,,,,,,,
,587,2076.886827053,1778112507.9779758,10,,,,,,,,,,,,,,,,,,4.707006155513227e-06,,,,,,,,,,,,,,,,,,,,,,,,,,
,588,2077.235354861,1778112508.3266084,10,0.34822911000810564,,,,,,,,,,,,,,,,,,,,,,,,,,,,,,,,,,,,,,,,,,,
,589,2077.379863136,1778112508.471089,10,,,,,,,,,,,,,,,,,,,0.4929120570013765,,,,,,,,,,,,,,,,,,,,,,,,,
,590,2078.44314642,1778112509.5342076,10,,,,,,,,,,,,,,,,,,3.963999915868044e-06,,,,,,,,,,,,,,,,,,,,,,,,,,
,591,2078.785645105,1778112509.8768952,10,0.34235596800863277,,,,,,,,,,,,,,,,,,,,,,,,,,,,,,,,,,,,,,,,,,,
,592,2078.935520821,1778112510.026742,10,,,,,,,,,,,,,,,,,,,0.49236337598995306,,,,,,,,,,,,,,,,,,,,,,,,,
,593,2080.000362603,1778112511.0914729,10,,,,,,,,,,,,,,,,,,4.1099992813542485e-06,,,,,,,,,,,,,,,,,,,,,,,,,,
,594,2080.362377634,1778112511.453643,10,0.3616563010000391,,,,,,,,,,,,,,,,,,,,,,,,,,,,,,,,,,,,,,,,,,,
,595,2080.535768134,1778112511.6268945,10,,,,,,,,,,,,,,,,,,,0.5352067689964315,,,,,,,,,,,,,,,,,,,,,,,,,
,596,2081.654228838,1778112512.7453802,10,,,,,,,,,,,,,,,,,,4.425004590302706e-06,,,,,,,,,,,,,,,,,,,,,,,,,,
,597,2082.11489598,1778112513.2058969,10,0.46011193899903446,,,,,,,,,,,,,,,,,,,,,,,,,,,,,,,,,,,,,,,,,,,
,598,2082.267224814,1778112513.3582385,10,,,,,,,,,,,,,,,,,,,0.6126496259967098,,,,,,,,,,,,,,,,,,,,,,,,,
,599,2083.387276485,1778112514.478386,10,,,,,,,,,,,,,,,,,,4.982997779734433e-06,,,,,,,,,,,,,,,,,,,,,,,,,,
,600,2083.727093421,1778112514.818308,10,0.3395179599901894,,,,,,,,,,,,,,,,,,,,,,,,,,,,,,,,,,,,,,,,,,,
,601,2083.879469845,1778112514.9704907,10,,,,,,,,,,,,,,,,,,,0.49189572100294754,,,,,,,,,,,,,,,,,,,,,,,,,
,602,2084.941537284,1778112516.032597,10,,,,,,,,,,,,,,,,,,3.8560101529583335e-06,,,,,,,,,,,,,,,,,,,,,,,,,,
,603,2085.306081358,1778112516.3971674,10,0.364210194995394,,,,,,,,,,,,,,,,,,,,,,,,,,,,,,,,,,,,,,,,,,,
,604,2085.480642249,1778112516.5717995,10,,,,,,,,,,,,,,,,,,,0.5390356529969722,,,,,,,,,,,,,,,,,,,,,,,,,
,605,2086.609258063,1778112517.7002444,10,,,,,,,,,,,,,,,,,,4.1769962990656495e-06,,,,,,,,,,,,,,,,,,,,,,,,,,
,606,2086.954352131,1778112518.0455916,10,0.3447911870025564,,,,,,,,,,,,,,,,,,,,,,,,,,,,,,,,,,,,,,,,,,,
,607,2087.096298839,1778112518.1873922,10,,,,,,,,,,,,,,,,,,,0.4868066369963344,,,,,,,,,,,,,,,,,,,,,,,,,
,608,2088.157796019,1778112519.2489393,10,,,,,,,,,,,,,,,,,,4.245986929163337e-06,,,,,,,,,,,,,,,,,,,,,,,,,,
,609,2088.531660783,1778112519.622914,10,0.3735373709932901,,,,,,,,,,,,,,,,,,,,,,,,,,,,,,,,,,,,,,,,,,,
,610,2088.692690141,1778112519.78385,10,,,,,,,,,,,,,,,,,,,0.5347290679928847,,,,,,,,,,,,,,,,,,,,,,,,,
,611,2089.813781865,1778112520.90489,10,,,,,,,,,,,,,,,,,,4.2199972085654736e-06,,,,,,,,,,,,,,,,,,,,,,,,,,
,612,2090.17178599,1778112521.2630332,10,0.35773327900096774,,,,,,,,,,,,,,,,,,,,,,,,,,,,,,,,,,,,,,,,,,,
,613,2090.34868246,1778112521.4398868,10,,,,,,,,,,,,,,,,,,,0.5347649580071447,,,,,,,,,,,,,,,,,,,,,,,,,
,614,2091.466607217,1778112522.5577974,10,,,,,,,,,,,,,,,,,,4.375993739813566e-06,,,,,,,,,,,,,,,,,,,,,,,,,,
,615,2091.815925971,1778112522.907042,10,0.34884982199582737,,,,,,,,,,,,,,,,,,,,,,,,,,,,,,,,,,,,,,,,,,,
,616,2091.95920375,1778112523.0504074,10,,,,,,,,,,,,,,,,,,,0.4924433480045991,,,,,,,,,,,,,,,,,,,,,,,,,
,617,2093.021170033,1778112524.1121478,10,,,,,,,,,,,,,,,,,,3.914989065378904e-06,,,,,,,,,,,,,,,,,,,,,,,,,,
,618,2093.3651725,1778112524.4561307,10,0.34341424600279424,,,,,,,,,,,,,,,,,,,,,,,,,,,,,,,,,,,,,,,,,,,
,619,2093.512959611,1778112524.6040812,10,,,,,,,,,,,,,,,,,,,0.49160083300375845,,,,,,,,,,,,,,,,,,,,,,,,,
,620,2094.577782017,1778112525.6688638,10,,,,,,,,,,,,,,,,,,3.968001692555845e-06,,,,,,,,,,,,,,,,,,,,,,,,,,
,621,2095.068857731,1778112526.1597378,10,0.49034129999927245,,,,,,,,,,,,,,,,,,,,,,,,,,,,,,,,,,,,,,,,,,,
,622,2095.140291556,1778112526.2312725,10,,,,,,,,,,,,,,,,,,,0.562209123003413,,,,,,,,,,,,,,,,,,,,,,,,,
,623,2096.268046263,1778112527.359057,10,,,,,,,,,,,,,,,,,,4.098008503206074e-06,,,,,,,,,,,,,,,,,,,,,,,,,,
,624,2096.622669352,1778112527.7136638,10,0.3539650279999478,,,,,,,,,,,,,,,,,,,,,,,,,,,,,,,,,,,,,,,,,,,
,625,2096.760451225,1778112527.8514779,10,,,,,,,,,,,,,,,,,,,0.492167211996275,,,,,,,,,,,,,,,,,,,,,,,,,
141.4579392440064,626,2239.323555903,1778112670.4146426,10,,,,,,,,,,,,,,,,,,,,,,,,,,,,,,,,,,,,,,,,,,,,
,627,2247.598687742,1778112678.68466,10,8.226534273009747,,,,,,,,,,,,,,,,,,,,,,,,,,,,,,,,,,,,,,,,,,,
,628,2248.011582832,1778112679.102883,10,,0.010517312440919246,0.0,0.0,0.0,0.0625,0.0,0.01836332007749191,0.27364511699124705,0.00048166216855644674,0.0,0.05,0.0625,0.0,0.02121397436534432,0.05952380952380952,,,,,,,,,,,,,,,,,,,,,,,,,,,,
,629,2248.018449414,1778112679.1034203,10,,,,,,,,,,,,,,,,,0.27428715099813417,,,,,,,,,,,,,,,,,,,,,,,,,,,
,630,2248.018479922,1778112679.1086807,10,,,,,,,,,,,,,,,,,,150.1547813419893,,,,,,,,,,,,,,,,,,,,,,,,,,
,631,2248.3901377,1778112679.4812021,10,0.37227920300210826,,,,,,,,,,,,,,,,,,,,,,,,,,,,,,,,,,,,,,,,,,,
,632,2248.566691445,1778112679.6576626,10,,,,,,,,,,,,,,,,,,,0.5487899319996359,,,,,,,,,,,,,,,,,,,,,,,,,
,633,2249.645274387,1778112680.7363513,10,,,,,,,,,,,,,,,,,,3.961002221331e-06,,,,,,,,,,,,,,,,,,,,,,,,,,
,634,2250.002599975,1778112681.0937836,10,0.3568114450026769,,,,,,,,,,,,,,,,,,,,,,,,,,,,,,,,,,,,,,,,,,,
,635,2250.142109921,1778112681.2333064,10,,,,,,,,,,,,,,,,,,,0.4967018610041123,,,,,,,,,,,,,,,,,,,,,,,,,
,636,2251.216647086,1778112682.3077319,10,,,,,,,,,,,,,,,,,,4.098998033441603e-06,,,,,,,,,,,,,,,,,,,,,,,,,,
,637,2251.595106227,1778112682.686149,10,0.37799518401152454,,,,,,,,,,,,,,,,,,,,,,,,,,,,,,,,,,,,,,,,,,,
,638,2251.757589068,1778112682.8486187,10,,,,,,,,,,,,,,,,,,,0.5406868069985649,,,,,,,,,,,,,,,,,,,,,,,,,
,639,2252.853820039,1778112683.9449131,10,,,,,,,,,,,,,,,,,,4.161993274465203e-06,,,,,,,,,,,,,,,,,,,,,,,,,,
,640,2253.209148616,1778112684.3001652,10,0.35482648300239816,,,,,,,,,,,,,,,,,,,,,,,,,,,,,,,,,,,,,,,,,,,
,641,2253.348273251,1778112684.439337,10,,,,,,,,,,,,,,,,,,,0.4942180960060796,,,,,,,,,,,,,,,,,,,,,,,,,
,642,2254.415494729,1778112685.5066307,10,,,,,,,,,,,,,,,,,,4.025991074740887e-06,,,,,,,,,,,,,,,,,,,,,,,,,,
,643,2254.762768341,1778112685.8539913,10,0.3467743149958551,,,,,,,,,,,,,,,,,,,,,,,,,,,,,,,,,,,,,,,,,,,
,644,2254.912263167,1778112686.003382,10,,,,,,,,,,,,,,,,,,,0.4965582380100386,,,,,,,,,,,,,,,,,,,,,,,,,
,645,2255.987958824,1778112687.079127,10,,,,,,,,,,,,,,,,,,3.7489953683689237e-06,,,,,,,,,,,,,,,,,,,,,,,,,,
,646,2256.353217517,1778112687.4442403,10,0.3645776310004294,,,,,,,,,,,,,,,,,,,,,,,,,,,,,,,,,,,,,,,,,,,
,647,2256.531617134,1778112687.6226707,10,,,,,,,,,,,,,,,,,,,0.5433735880069435,,,,,,,,,,,,,,,,,,,,,,,,,
,648,2257.668724978,1778112688.7598102,10,,,,,,,,,,,,,,,,,,3.7769932532683015e-06,,,,,,,,,,,,,,,,,,,,,,,,,,
,649,2258.05113159,1778112689.1421888,10,0.38185460701060947,,,,,,,,,,,,,,,,,,,,,,,,,,,,,,,,,,,,,,,,,,,
,650,2258.215056023,1778112689.3061156,10,,,,,,,,,,,,,,,,,,,0.546070227996097,,,,,,,,,,,,,,,,,,,,,,,,,
,651,2259.356621166,1778112690.4477124,10,,,,,,,,,,,,,,,,,,3.841996658593416e-06,,,,,,,,,,,,,,,,,,,,,,,,,,
,652,2259.857462679,1778112690.9483848,10,0.5002329669950996,,,,,,,,,,,,,,,,,,,,,,,,,,,,,,,,,,,,,,,,,,,
,653,2259.942180515,1778112691.033233,10,,,,,,,,,,,,,,,,,,,0.5853567979938816,,,,,,,,,,,,,,,,,,,,,,,,,
,654,2261.076713063,1778112692.1678994,10,,,,,,,,,,,,,,,,,,4.3199979700148106e-06,,,,,,,,,,,,,,,,,,,,,,,,,,
,655,2261.415069816,1778112692.5061078,10,0.33778009901288897,,,,,,,,,,,,,,,,,,,,,,,,,,,,,,,,,,,,,,,,,,,
,656,2261.575006719,1778112692.666044,10,,,,,,,,,,,,,,,,,,,0.4979892510018544,,,,,,,,,,,,,,,,,,,,,,,,,
,657,2262.651867521,1778112693.74292,10,,,,,,,,,,,,,,,,,,4.068002454005182e-06,,,,,,,,,,,,,,,,,,,,,,,,,,
,658,2263.035711897,1778112694.126897,10,0.38345947201014496,,,,,,,,,,,,,,,,,,,,,,,,,,,,,,,,,,,,,,,,,,,
,659,2263.191930038,1778112694.283058,10,,,,,,,,,,,,,,,,,,,0.5398790750041371,,,,,,,,,,,,,,,,,,,,,,,,,
,660,2264.272830629,1778112695.3638122,10,,,,,,,,,,,,,,,,,,4.336994607001543e-06,,,,,,,,,,,,,,,,,,,,,,,,,,
,661,2264.666483944,1778112695.7576041,10,0.39327069799765013,,,,,,,,,,,,,,,,,,,,,,,,,,,,,,,,,,,,,,,,,,,
,662,2264.816322942,1778112695.907236,10,,,,,,,,,,,,,,,,,,,0.5431893119966844,,,,,,,,,,,,,,,,,,,,,,,,,
,663,2265.95463832,1778112697.0457335,10,,,,,,,,,,,,,,,,,,4.0299928514286876e-06,,,,,,,,,,,,,,,,,,,,,,,,,,
,664,2266.32824142,1778112697.4193552,10,0.3731475560052786,,,,,,,,,,,,,,,,,,,,,,,,,,,,,,,,,,,,,,,,,,,
,665,2266.500727077,1778112697.5919898,10,,,,,,,,,,,,,,,,,,,0.5460486670053797,,,,,,,,,,,,,,,,,,,,,,,,,
,666,2267.644512482,1778112698.7356071,10,,,,,,,,,,,,,,,,,,3.877998096868396e-06,,,,,,,,,,,,,,,,,,,,,,,,,,
,667,2268.029438085,1778112699.12048,10,0.3844197270082077,,,,,,,,,,,,,,,,,,,,,,,,,,,,,,,,,,,,,,,,,,,
,668,2268.187578148,1778112699.278663,10,,,,,,,,,,,,,,,,,,,0.542868272998021,,,,,,,,,,,,,,,,,,,,,,,,,
,669,2269.333571994,1778112700.424475,10,,,,,,,,,,,,,,,,,,4.916000762023032e-06,,,,,,,,,,,,,,,,,,,,,,,,,,
,670,2269.727694024,1778112700.8187585,10,0.393783720995998,,,,,,,,,,,,,,,,,,,,,,,,,,,,,,,,,,,,,,,,,,,
,671,2269.880246601,1778112700.9713576,10,,,,,,,,,,,,,,,,,,,0.5466559810010949,,,,,,,,,,,,,,,,,,,,,,,,,
,672,2271.021460812,1778112702.1125693,10,,,,,,,,,,,,,,,,,,4.0969898691400886e-06,,,,,,,,,,,,,,,,,,,,,,,,,,
,673,2271.366155227,1778112702.4572117,10,0.344167417002609,,,,,,,,,,,,,,,,,,,,,,,,,,,,,,,,,,,,,,,,,,,
,674,2271.520978715,1778112702.6120582,10,,,,,,,,,,,,,,,,,,,0.4992626910097897,,,,,,,,,,,,,,,,,,,,,,,,,
,675,2272.597736861,1778112703.6887612,10,,,,,,,,,,,,,,,,,,3.6010023904964328e-06,,,,,,,,,,,,,,,,,,,,,,,,,,
,676,2272.990692966,1778112704.0816238,10,0.39229032999719493,,,,,,,,,,,,,,,,,,,,,,,,,,,,,,,,,,,,,,,,,,,
,677,2273.143822609,1778112704.234689,10,,,,,,,,,,,,,,,,,,,0.5456232669966994,,,,,,,,,,,,,,,,,,,,,,,,,
141.32098315400071,678,2415.644620316,1778112846.7355516,10,,,,,,,,,,,,,,,,,,,,,,,,,,,,,,,,,,,,,,,,,,,,
,679,2423.737170764,1778112854.8180695,10,8.025987889996031,,,,,,,,,,,,,,,,,,,,,,,,,,,,,,,,,,,,,,,,,,,
,680,2424.348130962,1778112855.437866,10,,0.0023728860404339403,0.0,0.0,0.0,0.0375,0.0,0.01588149714154124,0.46582839099573903,0.0006370111276751858,0.0,0.024999999999999994,0.0625,0.0,0.0038701281134850244,0.0375,,,,,,,,,,,,,,,,,,,,,,,,,,,,
,681,2424.348167695,1778112855.4381812,10,,,,,,,,,,,,,,,,,0.46626173600088805,,,,,,,,,,,,,,,,,,,,,,,,,,,
,682,2424.34893534,1778112855.4401517,10,,,,,,,,,,,,,,,,,,150.02834472699033,,,,,,,,,,,,,,,,,,,,,,,,,,
,683,2424.741319448,1778112855.8324301,10,0.39196702200570144,,,,,,,,,,,,,,,,,,,,,,,,,,,,,,,,,,,,,,,,,,,
,684,2424.917104259,1778112856.0081048,10,,,,,,,,,,,,,,,,,,,0.5677713909972226,,,,,,,,,,,,,,,,,,,,,,,,,
,685,2426.040436327,1778112857.1315575,10,,,,,,,,,,,,,,,,,,4.707995685748756e-06,,,,,,,,,,,,,,,,,,,,,,,,,,
,686,2426.428330518,1778112857.5195823,10,0.3876216079952428,,,,,,,,,,,,,,,,,,,,,,,,,,,,,,,,,,,,,,,,,,,
,687,2426.579692365,1778112857.6706865,10,,,,,,,,,,,,,,,,,,,0.5389091320103034,,,,,,,,,,,,,,,,,,,,,,,,,
,688,2427.695344749,1778112858.786405,10,,,,,,,,,,,,,,,,,,4.469009581953287e-06,,,,,,,,,,,,,,,,,,,,,,,,,,
,689,2428.056265053,1778112859.1475217,10,0.3607081299996935,,,,,,,,,,,,,,,,,,,,,,,,,,,,,,,,,,,,,,,,,,,
,690,2428.232465684,1778112859.3235679,10,,,,,,,,,,,,,,,,,,,0.5369831760035595,,,,,,,,,,,,,,,,,,,,,,,,,
,691,2429.356170947,1778112860.44728,10,,,,,,,,,,,,,,,,,,4.321002052165568e-06,,,,,,,,,,,,,,,,,,,,,,,,,,
,692,2429.731616294,1778112860.8228564,10,0.3751917680056067,,,,,,,,,,,,,,,,,,,,,,,,,,,,,,,,,,,,,,,,,,,
,693,2429.892001912,1778112860.9831898,10,,,,,,,,,,,,,,,,,,,0.5357127640018007,,,,,,,,,,,,,,,,,,,,,,,,,
,694,2431.013297136,1778112862.1042082,10,,,,,,,,,,,,,,,,,,4.611007170751691e-06,,,,,,,,,,,,,,,,,,,,,,,,,,
,695,2431.397057793,1778112862.4881537,10,0.38324909599032253,,,,,,,,,,,,,,,,,,,,,,,,,,,,,,,,,,,,,,,,,,,
,696,2431.550050358,1778112862.6412518,10,,,,,,,,,,,,,,,,,,,0.5368326850002632,,,,,,,,,,,,,,,,,,,,,,,,,
,697,2432.674163836,1778112863.7652102,10,,,,,,,,,,,,,,,,,,4.522997187450528e-06,,,,,,,,,,,,,,,,,,,,,,,,,,
,698,2433.006716645,1778112864.0978363,10,0.3320693819987355,,,,,,,,,,,,,,,,,,,,,,,,,,,,,,,,,,,,,,,,,,,
,699,2433.163749756,1778112864.2548578,10,,,,,,,,,,,,,,,,,,,0.4894049740105402,,,,,,,,,,,,,,,,,,,,,,,,,
,700,2434.225116938,1778112865.3160868,10,,,,,,,,,,,,,,,,,,4.544999683275819e-06,,,,,,,,,,,,,,,,,,,,,,,,,,
,701,2434.607850992,1778112865.698966,10,0.3824495500011835,,,,,,,,,,,,,,,,,,,,,,,,,,,,,,,,,,,,,,,,,,,
,702,2434.765658949,1778112865.8566873,10,,,,,,,,,,,,,,,,,,,0.5403833149903221,,,,,,,,,,,,,,,,,,,,,,,,,
,703,2435.893579129,1778112866.9845607,10,,,,,,,,,,,,,,,,,,4.04199818149209e-06,,,,,,,,,,,,,,,,,,,,,,,,,,
,704,2436.256998179,1778112867.348253,10,0.3632054089976009,,,,,,,,,,,,,,,,,,,,,,,,,,,,,,,,,,,,,,,,,,,
,705,2436.434587258,1778112867.52558,10,,,,,,,,,,,,,,,,,,,0.5407577139994828,,,,,,,,,,,,,,,,,,,,,,,,,
,706,2437.563115514,1778112868.654133,10,,,,,,,,,,,,,,,,,,3.970999387092888e-06,,,,,,,,,,,,,,,,,,,,,,,,,,
,707,2437.929844494,1778112869.0211077,10,0.36643961700610816,,,,,,,,,,,,,,,,,,,,,,,,,,,,,,,,,,,,,,,,,,,
,708,2438.100169997,1778112869.1913705,10,,,,,,,,,,,,,,,,,,,0.5369087569997646,,,,,,,,,,,,,,,,,,,,,,,,,
,709,2439.22062505,1778112870.311804,10,,,,,,,,,,,,,,,,,,3.7290010368451476e-06,,,,,,,,,,,,,,,,,,,,,,,,,,
,710,2439.747512368,1778112870.8387094,10,0.5265003130043624,,,,,,,,,,,,,,,,,,,,,,,,,,,,,,,,,,,,,,,,,,,
,711,2439.891296943,1778112870.982436,10,,,,,,,,,,,,,,,,,,,0.670451473997673,,,,,,,,,,,,,,,,,,,,,,,,,
,712,2440.958103862,1778112872.049046,10,,,,,,,,,,,,,,,,,,4.071000148542225e-06,,,,,,,,,,,,,,,,,,,,,,,,,,
,713,2441.301228455,1778112872.392465,10,0.34291512399795465,,,,,,,,,,,,,,,,,,,,,,,,,,,,,,,,,,,,,,,,,,,
,714,2441.453324425,1778112872.544335,10,,,,,,,,,,,,,,,,,,,0.49499491100141313,,,,,,,,,,,,,,,,,,,,,,,,,
,715,2442.520461248,1778112873.611421,10,,,,,,,,,,,,,,,,,,4.339002771303058e-06,,,,,,,,,,,,,,,,,,,,,,,,,,
,716,2442.85192952,1778112873.943156,10,0.3312041759927524,,,,,,,,,,,,,,,,,,,,,,,,,,,,,,,,,,,,,,,,,,,
,717,2443.010056378,1778112874.1011665,10,,,,,,,,,,,,,,,,,,,0.4894719010044355,,,,,,,,,,,,,,,,,,,,,,,,,
,718,2444.072975197,1778112875.1640837,10,,,,,,,,,,,,,,,,,,3.994995495304465e-06,,,,,,,,,,,,,,,,,,,,,,,,,,
,719,2444.446985112,1778112875.5381105,10,0.37357771399547346,,,,,,,,,,,,,,,,,,,,,,,,,,,,,,,,,,,,,,,,,,,
,720,2444.608977483,1778112875.7002218,10,,,,,,,,,,,,,,,,,,,0.5359035820001736,,,,,,,,,,,,,,,,,,,,,,,,,
,721,2445.733074697,1778112876.8240838,10,,,,,,,,,,,,,,,,,,3.759996616281569e-06,,,,,,,,,,,,,,,,,,,,,,,,,,
,722,2446.08619161,1778112877.1774185,10,0.35292016599851195,,,,,,,,,,,,,,,,,,,,,,,,,,,,,,,,,,,,,,,,,,,
,723,2446.224621262,1778112877.3156273,10,,,,,,,,,,,,,,,,,,,0.4913447239960078,,,,,,,,,,,,,,,,,,,,,,,,,
,724,2447.289958011,1778112878.3809242,10,,,,,,,,,,,,,,,,,,3.9430015021935105e-06,,,,,,,,,,,,,,,,,,,,,,,,,,
,725,2447.632612627,1778112878.7238586,10,0.34247198898810893,,,,,,,,,,,,,,,,,,,,,,,,,,,,,,,,,,,,,,,,,,,
,726,2447.776930992,1778112878.8680437,10,,,,,,,,,,,,,,,,,,,0.4868506869970588,,,,,,,,,,,,,,,,,,,,,,,,,
,727,2448.837439684,1778112879.9284658,10,,,,,,,,,,,,,,,,,,3.444001777097583e-06,,,,,,,,,,,,,,,,,,,,,,,,,,
,728,2449.172437313,1778112880.2635705,10,0.3347155660012504,,,,,,,,,,,,,,,,,,,,,,,,,,,,,,,,,,,,,,,,,,,
,729,2449.327365343,1778112880.4183316,10,,,,,,,,,,,,,,,,,,,0.48965238500386477,,,,,,,,,,,,,,,,,,,,,,,,,
141.47242053601076,730,2591.901780307,1778113022.9929178,10,,,,,,,,,,,,,,,,,,,,,,,,,,,,,,,,,,,,,,,,,,,,
,731,2600.014531262,1778113031.0904512,10,8.0535990280041,,,,,,,,,,,,,,,,,,,,,,,,,,,,,,,,,,,,,,,,,,,
,732,2600.684338776,1778113031.773187,10,,0.0,0.0,0.0,0.0,0.006249999999999997,0.0,0.019045719247780098,0.5217889159976039,0.0009091744957640395,0.0,0.024999999999999994,0.0625,0.0,0.0022485164187405807,0.02170138888888889,,,,,,,,,,,,,,,,,,,,,,,,,,,,
,733,2600.684378719,1778113031.7746804,10,,,,,,,,,,,,,,,,,0.5233867569913855,,,,,,,,,,,,,,,,,,,,,,,,,,,
,734,2600.685763267,1778113031.7767825,10,,,,,,,,,,,,,,,,,,150.25882352799817,,,,,,,,,,,,,,,,,,,,,,,,,,
,735,2601.052246246,1778113032.1433883,10,0.36624773099902086,,,,,,,,,,,,,,,,,,,,,,,,,,,,,,,,,,,,,,,,,,,
,736,2601.225382773,1778113032.3163216,10,,,,,,,,,,,,,,,,,,,0.5393674730003113,,,,,,,,,,,,,,,,,,,,,,,,,
,737,2602.355941796,1778113033.4470334,10,,,,,,,,,,,,,,,,,,3.936002030968666e-06,,,,,,,,,,,,,,,,,,,,,,,,,,
,738,2602.826079147,1778113033.916978,10,0.4693247160030296,,,,,,,,,,,,,,,,,,,,,,,,,,,,,,,,,,,,,,,,,,,
,739,2603.000694266,1778113034.091669,10,,,,,,,,,,,,,,,,,,,0.644441893993644,,,,,,,,,,,,,,,,,,,,,,,,,
,740,2604.134117379,1778113035.225219,10,,,,,,,,,,,,,,,,,,3.9669976104050875e-06,,,,,,,,,,,,,,,,,,,,,,,,,,
,741,2604.49125229,1778113035.5822334,10,0.3565729140100302,,,,,,,,,,,,,,,,,,,,,,,,,,,,,,,,,,,,,,,,,,,
,742,2604.632765194,1778113035.72384,10,,,,,,,,,,,,,,,,,,,0.4984053149964893,,,,,,,,,,,,,,,,,,,,,,,,,
,743,2605.707051366,1778113036.7981503,10,,,,,,,,,,,,,,,,,,4.389992682263255e-06,,,,,,,,,,,,,,,,,,,,,,,,,,
,744,2606.059587122,1778113037.1506634,10,0.35204071800399106,,,,,,,,,,,,,,,,,,,,,,,,,,,,,,,,,,,,,,,,,,,
,745,2606.205458751,1778113037.2964478,10,,,,,,,,,,,,,,,,,,,0.4981256690080045,,,,,,,,,,,,,,,,,,,,,,,,,
,746,2607.279644543,1778113038.3705928,10,,,,,,,,,,,,,,,,,,4.507994162850082e-06,,,,,,,,,,,,,,,,,,,,,,,,,,
,747,2607.65708766,1778113038.7480683,10,0.37685768101073336,,,,,,,,,,,,,,,,,,,,,,,,,,,,,,,,,,,,,,,,,,,
,748,2607.822080006,1778113038.9130828,10,,,,,,,,,,,,,,,,,,,0.5423006269993493,,,,,,,,,,,,,,,,,,,,,,,,,
,749,2608.954047141,1778113040.0451484,10,,,,,,,,,,,,,,,,,,3.7410063669085503e-06,,,,,,,,,,,,,,,,,,,,,,,,,,
,750,2609.290001753,1778113040.380949,10,0.3353910899895709,,,,,,,,,,,,,,,,,,,,,,,,,,,,,,,,,,,,,,,,,,,
,751,2609.453221028,1778113040.5443375,10,,,,,,,,,,,,,,,,,,,0.49903189099859446,,,,,,,,,,,,,,,,,,,,,,,,,
,752,2610.528707414,1778113041.6196883,10,,,,,,,,,,,,,,,,,,4.589994205161929e-06,,,,,,,,,,,,,,,,,,,,,,,,,,
,753,2610.918947903,1778113042.0100515,10,0.38994617300340906,,,,,,,,,,,,,,,,,,,,,,,,,,,,,,,,,,,,,,,,,,,
,754,2611.075154244,1778113042.166119,10,,,,,,,,,,,,,,,,,,,0.5462864839937538,,,,,,,,,,,,,,,,,,,,,,,,,
,755,2612.213752283,1778113043.3046005,10,,,,,,,,,,,,,,,,,,3.970999387092888e-06,,,,,,,,,,,,,,,,,,,,,,,,,,
,756,2612.582187106,1778113043.6731713,10,0.3683080540067749,,,,,,,,,,,,,,,,,,,,,,,,,,,,,,,,,,,,,,,,,,,
,757,2612.755419083,1778113043.846457,10,,,,,,,,,,,,,,,,,,,0.5416677110042656,,,,,,,,,,,,,,,,,,,,,,,,,
,758,2613.888133744,1778113044.9792316,10,,,,,,,,,,,,,,,,,,4.221001290716231e-06,,,,,,,,,,,,,,,,,,,,,,,,,,
,759,2614.277379784,1778113045.3682997,10,0.3884029349865159,,,,,,,,,,,,,,,,,,,,,,,,,,,,,,,,,,,,,,,,,,,
,760,2614.430508826,1778113045.521496,10,,,,,,,,,,,,,,,,,,,0.5420624560065335,,,,,,,,,,,,,,,,,,,,,,,,,
,761,2615.563090328,1778113046.654181,10,,,,,,,,,,,,,,,,,,4.11800283472985e-06,,,,,,,,,,,,,,,,,,,,,,,,,,
,762,2616.12845065,1778113047.2194648,10,0.5648035369958961,,,,,,,,,,,,,,,,,,,,,,,,,,,,,,,,,,,,,,,,,,,
,763,2616.149047153,1778113047.240052,10,,,,,,,,,,,,,,,,,,,0.5856697650015121,,,,,,,,,,,,,,,,,,,,,,,,,
,764,2617.286290758,1778113048.377281,10,,,,,,,,,,,,,,,,,,3.6420096876099706e-06,,,,,,,,,,,,,,,,,,,,,,,,,,
,765,2617.622913554,1778113048.7140167,10,0.3362834900035523,,,,,,,,,,,,,,,,,,,,,,,,,,,,,,,,,,,,,,,,,,,
,766,2617.786271467,1778113048.877247,10,,,,,,,,,,,,,,,,,,,0.49976282101124525,,,,,,,,,,,,,,,,,,,,,,,,,
,767,2618.863972366,1778113049.954971,10,,,,,,,,,,,,,,,,,,4.284011083655059e-06,,,,,,,,,,,,,,,,,,,,,,,,,,
,768,2619.219647938,1778113050.3107657,10,0.3552344500058098,,,,,,,,,,,,,,,,,,,,,,,,,,,,,,,,,,,,,,,,,,,
,769,2619.358550415,1778113050.4495578,10,,,,,,,,,,,,,,,,,,,0.49440595699707046,,,,,,,,,,,,,,,,,,,,,,,,,
,770,2620.428627908,1778113051.5197368,10,,,,,,,,,,,,,,,,,,4.1000021155923605e-06,,,,,,,,,,,,,,,,,,,,,,,,,,
,771,2620.7806901,1778113051.8716977,10,0.35143431500182487,,,,,,,,,,,,,,,,,,,,,,,,,,,,,,,,,,,,,,,,,,,
,772,2620.924101306,1778113052.01522,10,,,,,,,,,,,,,,,,,,,0.49528663100500125,,,,,,,,,,,,,,,,,,,,,,,,,
,773,2621.993973116,1778113053.0849504,10,,,,,,,,,,,,,,,,,,3.847002517431974e-06,,,,,,,,,,,,,,,,,,,,,,,,,,
,774,2622.370964301,1778113053.4619322,10,0.37662215299496893,,,,,,,,,,,,,,,,,,,,,,,,,,,,,,,,,,,,,,,,,,,
,775,2622.536292508,1778113053.6272724,10,,,,,,,,,,,,,,,,,,,0.5421632200013846,,,,,,,,,,,,,,,,,,,,,,,,,
,776,2623.667300255,1778113054.758404,10,,,,,,,,,,,,,,,,,,3.915003617294133e-06,,,,,,,,,,,,,,,,,,,,,,,,,,
,777,2624.000809633,1778113055.0919495,10,0.332860852999147,,,,,,,,,,,,,,,,,,,,,,,,,,,,,,,,,,,,,,,,,,,
,778,2624.163470651,1778113055.2544417,10,,,,,,,,,,,,,,,,,,,0.49584021201008,,,,,,,,,,,,,,,,,,,,,,,,,
,779,2625.236421867,1778113056.3275256,10,,,,,,,,,,,,,,,,,,4.165005520917475e-06,,,,,,,,,,,,,,,,,,,,,,,,,,
,780,2625.591922981,1778113056.6828978,10,0.35491711099166423,,,,,,,,,,,,,,,,,,,,,,,,,,,,,,,,,,,,,,,,,,,
,781,2625.730345808,1778113056.8213282,10,,,,,,,,,,,,,,,,,,,0.4935724879906047,,,,,,,,,,,,,,,,,,,,,,,,,
,782,2626.817505337,1778113057.9086134,15,,,,,,,,,,,,,,,,,,,,0.08071484871325083,0.0,204.96666717529297,0.058028726279735564,0.0,173.46280003900466,0.014527487754821777,332178.0,175.68925665904536,152.2,7.341443634033203,0.4896405339241028,561.8,0.0,4.99832098444664e-07,0.0,964.15,0.0026023594725884803,0.014527487754821777,0.6,270.0,0.925,0.0,0.05802872180938721,1024.0
140.85829814700992,783,2767.704132698,1778113198.7950711,15,,,,,,,,,,,,,,,,,,,,,,,,,,,,,,,,,,,,,,,,,,,,
,784,2775.717168514,1778113206.7930284,15,7.954359993993421,,,,,,,,,,,,,,,,,,,,,,,,,,,,,,,,,,,,,,,,,,,
,785,2775.869766441,1778113206.9609041,15,,0.0,0.0,0.0,0.0,0.0,0.0,0.0,0.0013838699960615486,0.0,0.0,0.0,0.0,0.0,0.0,0.0,,,,,,,,,,,,,,,,,,,,,,,,,,,,
,786,2775.870003448,1778113206.961339,15,,,,,,,,,,,,,,,,,0.0019191720057278872,,,,,,,,,,,,,,,,,,,,,,,,,,,
,787,2775.872006573,1778113206.963091,15,,,,,,,,,,,,,,,,,,149.0313236570073,,,,,,,,,,,,,,,,,,,,,,,,,,
,788,2776.21788946,1778113207.3089874,15,0.3455742970108986,,,,,,,,,,,,,,,,,,,,,,,,,,,,,,,,,,,,,,,,,,,
,789,2776.361104599,1778113207.4520745,15,,,,,,,,,,,,,,,,,,,0.4887669140007347,,,,,,,,,,,,,,,,,,,,,,,,,
,790,2777.417410862,1778113208.5085526,15,,,,,,,,,,,,,,,,,,4.596004146151245e-06,,,,,,,,,,,,,,,,,,,,,,,,,,
,791,2777.779470258,1778113208.8704965,15,0.36151843900734093,,,,,,,,,,,,,,,,,,,,,,,,,,,,,,,,,,,,,,,,,,,
,792,2777.954214189,1778113209.0452144,15,,,,,,,,,,,,,,,,,,,0.5364795729983598,,,,,,,,,,,,,,,,,,,,,,,,,
,793,2779.075069253,1778113210.16616,15,,,,,,,,,,,,,,,,,,3.947003278881311e-06,,,,,,,,,,,,,,,,,,,,,,,,,,
,794,2779.502547269,1778113210.5935576,15,0.42661593899538275,,,,,,,,,,,,,,,,,,,,,,,,,,,,,,,,,,,,,,,,,,,
,795,2779.605249622,1778113210.696345,15,,,,,,,,,,,,,,,,,,,0.5299748289980926,,,,,,,,,,,,,,,,,,,,,,,,,
,796,2780.667126909,1778113211.758232,15,,,,,,,,,,,,,,,,,,3.96599352825433e-06,,,,,,,,,,,,,,,,,,,,,,,,,,
,797,2781.027480141,1778113212.118592,15,0.3598779839958297,,,,,,,,,,,,,,,,,,,,,,,,,,,,,,,,,,,,,,,,,,,
,798,2781.202289554,1778113212.2932596,15,,,,,,,,,,,,,,,,,,,0.5348283759958576,,,,,,,,,,,,,,,,,,,,,,,,,
,799,2782.267290069,1778113213.3582497,15,,,,,,,,,,,,,,,,,,3.7749996408820152e-06,,,,,,,,,,,,,,,,,,,,,,,,,,
,800,2782.609573712,1778113213.7005641,15,0.3416615829919465,,,,,,,,,,,,,,,,,,,,,,,,,,,,,,,,,,,,,,,,,,,
,801,2782.755565466,1778113213.8466036,15,,,,,,,,,,,,,,,,,,,0.48815019000903703,,,,,,,,,,,,,,,,,,,,,,,,,
,802,2783.81299043,1778113214.903892,15,,,,,,,,,,,,,,,,,,3.53099312633276e-06,,,,,,,,,,,,,,,,,,,,,,,,,,
,803,2784.14611955,1778113215.2373195,15,0.3329146050091367,,,,,,,,,,,,,,,,,,,,,,,,,,,,,,,,,,,,,,,,,,,
,804,2784.302260032,1778113215.3934047,15,,,,,,,,,,,,,,,,,,,0.4892321549996268,,,,,,,,,,,,,,,,,,,,,,,,,
,805,2785.361150565,1778113216.452281,15,,,,,,,,,,,,,,,,,,4.358007572591305e-06,,,,,,,,,,,,,,,,,,,,,,,,,,
,806,2785.741979502,1778113216.833084,15,0.38035227899672464,,,,,,,,,,,,,,,,,,,,,,,,,,,,,,,,,,,,,,,,,,,
,807,2785.898126648,1778113216.989092,15,,,,,,,,,,,,,,,,,,,0.5366217060072813,,,,,,,,,,,,,,,,,,,,,,,,,
,808,2787.018018936,1778113218.1091282,15,,,,,,,,,,,,,,,,,,4.82700124848634e-06,,,,,,,,,,,,,,,,,,,,,,,,,,
,809,2787.410132655,1778113218.50124,15,0.39166835699870717,,,,,,,,,,,,,,,,,,,,,,,,,,,,,,,,,,,,,,,,,,,
,810,2787.557736952,1778113218.6488764,15,,,,,,,,,,,,,,,,,,,0.5395038400019985,,,,,,,,,,,,,,,,,,,,,,,,,
,811,2788.682052035,1778113219.773015,15,,,,,,,,,,,,,,,,,,3.6569981602951884e-06,,,,,,,,,,,,,,,,,,,,,,,,,,
,812,2789.048255021,1778113220.1394331,15,0.3660441410029307,,,,,,,,,,,,,,,,,,,,,,,,,,,,,,,,,,,,,,,,,,,
,813,2789.217385431,1778113220.3083742,15,,,,,,,,,,,,,,,,,,,0.5351874330081046,,,,,,,,,,,,,,,,,,,,,,,,,
,814,2790.33515268,1778113221.4260924,15,,,,,,,,,,,,,,,,,,3.7620047805830836e-06,,,,,,,,,,,,,,,,,,,,,,,,,,
,815,2790.716923069,1778113221.808035,15,0.38157321300241165,,,,,,,,,,,,,,,,,,,,,,,,,,,,,,,,,,,,,,,,,,,
,816,2790.875005488,1778113221.9660008,15,,,,,,,,,,,,,,,,,,,0.5397499539976707,,,,,,,,,,,,,,,,,,,,,,,,,
,817,2792.000367043,1778113223.0914686,15,,,,,,,,,,,,,,,,,,4.022003849968314e-06,,,,,,,,,,,,,,,,,,,,,,,,,,
,818,2792.384721837,1778113223.475827,15,0.38386163700488396,,,,,,,,,,,,,,,,,,,,,,,,,,,,,,,,,,,,,,,,,,,
,819,2792.534392849,1778113223.6255286,15,,,,,,,,,,,,,,,,,,,0.5338629650068469,,,,,,,,,,,,,,,,,,,,,,,,,
,820,2793.655415509,1778113224.7465131,15,,,,,,,,,,,,,,,,,,3.7010031519457698e-06,,,,,,,,,,,,,,,,,,,,,,,,,,
,821,2794.101444931,1778113225.1920443,15,0.444847890001256,,,,,,,,,,,,,,,,,,,,,,,,,,,,,,,,,,,,,,,,,,,
,822,2794.201675391,1778113225.2926912,15,,,,,,,,,,,,,,,,,,,0.5459999539889395,,,,,,,,,,,,,,,,,,,,,,,,,
,823,2795.265664419,1778113226.3567533,15,,,,,,,,,,,,,,,,,,4.168992745690048e-06,,,,,,,,,,,,,,,,,,,,,,,,,,
,824,2795.618289518,1778113226.7093992,15,0.35199785900476854,,,,,,,,,,,,,,,,,,,,,,,,,,,,,,,,,,,,,,,,,,,
,825,2795.755107789,1778113226.8462126,15,,,,,,,,,,,,,,,,,,,0.4892423620040063,,,,,,,,,,,,,,,,,,,,,,,,,
,826,2796.811846024,1778113227.902986,15,,,,,,,,,,,,,,,,,,4.097004421055317e-06,,,,,,,,,,,,,,,,,,,,,,,,,,
,827,2797.188385084,1778113228.2794414,15,0.3759519400045974,,,,,,,,,,,,,,,,,,,,,,,,,,,,,,,,,,,,,,,,,,,
,828,2797.349684992,1778113228.440707,15,,,,,,,,,,,,,,,,,,,0.5375201930000912,,,,,,,,,,,,,,,,,,,,,,,,,
,829,2798.475354654,1778113229.566299,15,,,,,,,,,,,,,,,,,,3.888999344781041e-06,,,,,,,,,,,,,,,,,,,,,,,,,,
,830,2798.831592222,1778113229.9226346,15,0.35604127300030086,,,,,,,,,,,,,,,,,,,,,,,,,,,,,,,,,,,,,,,,,,,
,831,2798.969192654,1778113230.0600986,15,,,,,,,,,,,,,,,,,,,0.493598850996932,,,,,,,,,,,,,,,,,,,,,,,,,
,832,2800.033501305,1778113231.12448,15,,,,,,,,,,,,,,,,,,4.069996066391468e-06,,,,,,,,,,,,,,,,,,,,,,,,,,
,833,2800.375676486,1778113231.466801,15,0.3420640600088518,,,,,,,,,,,,,,,,,,,,,,,,,,,,,,,,,,,,,,,,,,,
,834,2800.523682638,1778113231.6147423,15,,,,,,,,,,,,,,,,,,,0.49007761498796754,,,,,,,,,,,,,,,,,,,,,,,,,
138.91839153801266,835,2940.53852112,1778113371.629727,15,,,,,,,,,,,,,,,,,,,,,,,,,,,,,,,,,,,,,,,,,,,,
,836,2948.414658555,1778113379.4906378,15,7.814570030008326,,,,,,,,,,,,,,,,,,,,,,,,,,,,,,,,,,,,,,,,,,,
,837,2949.1192455,1778113380.2087412,15,,0.0,0.0,0.0,0.0,0.04375,0.0,0.01836332007749191,0.5526796549966093,0.009592730275578519,0.0,0.024999999999999994,0.0625,0.0,0.013258434888813004,0.057291666666666664,,,,,,,,,,,,,,,,,,,,,,,,,,,,
,838,2949.119294996,1778113380.209094,15,,,,,,,,,,,,,,,,,0.5531426019879291,,,,,,,,,,,,,,,,,,,,,,,,,,,
,839,2949.120185835,1778113380.2113738,15,,,,,,,,,,,,,,,,,,147.50265706800565,,,,,,,,,,,,,,,,,,,,,,,,,,
,840,2949.459277742,1778113380.5501757,15,0.33838551001099404,,,,,,,,,,,,,,,,,,,,,,,,,,,,,,,,,,,,,,,,,,,
,841,2949.611072202,1778113380.7021935,15,,,,,,,,,,,,,,,,,,,0.49060441000619903,,,,,,,,,,,,,,,,,,,,,,,,,
,842,2950.648743134,1778113381.7398324,15,,,,,,,,,,,,,,,,,,4.727000487037003e-06,,,,,,,,,,,,,,,,,,,,,,,,,,
,843,2950.996221974,1778113382.0720077,15,0.33164781700179446,,,,,,,,,,,,,,,,,,,,,,,,,,,,,,,,,,,,,,,,,,,
,844,2951.14643911,1778113382.2375174,15,,,,,,,,,,,,,,,,,,,0.4974509399908129,,,,,,,,,,,,,,,,,,,,,,,,,
,845,2952.186845401,1778113383.2778118,15,,,,,,,,,,,,,,,,,,4.246991011314094e-06,,,,,,,,,,,,,,,,,,,,,,,,,,
,846,2952.568551903,1778113383.6594856,15,0.3812352160020964,,,,,,,,,,,,,,,,,,,,,,,,,,,,,,,,,,,,,,,,,,,
,847,2952.716409822,1778113383.8074992,15,,,,,,,,,,,,,,,,,,,0.5294589100085432,,,,,,,,,,,,,,,,,,,,,,,,,
,848,2953.814878056,1778113384.9059885,15,,,,,,,,,,,,,,,,,,4.00199496652931e-06,,,,,,,,,,,,,,,,,,,,,,,,,,
,849,2954.146346362,1778113385.237493,15,0.33099150299676694,,,,,,,,,,,,,,,,,,,,,,,,,,,,,,,,,,,,,,,,,,,
,850,2954.29861993,1778113385.3896585,15,,,,,,,,,,,,,,,,,,,0.4834548529906897,,,,,,,,,,,,,,,,,,,,,,,,,
,851,2955.335933621,1778113386.427127,15,,,,,,,,,,,,,,,,,,4.222005372866988e-06,,,,,,,,,,,,,,,,,,,,,,,,,,
,852,2955.74199387,1778113386.8329165,15,0.4050772560003679,,,,,,,,,,,,,,,,,,,,,,,,,,,,,,,,,,,,,,,,,,,
,853,2955.86421004,1778113386.9552686,15,,,,,,,,,,,,,,,,,,,0.5279696130019147,,,,,,,,,,,,,,,,,,,,,,,,,
,854,2956.902717222,1778113387.9936497,15,,,,,,,,,,,,,,,,,,4.8900110414251685e-06,,,,,,,,,,,,,,,,,,,,,,,,,,
,855,2957.267720316,1778113388.3586907,15,0.3645772119925823,,,,,,,,,,,,,,,,,,,,,,,,,,,,,,,,,,,,,,,,,,,
,856,2957.427512546,1778113388.5184941,15,,,,,,,,,,,,,,,,,,,0.5245963929919526,,,,,,,,,,,,,,,,,,,,,,,,,
,857,2958.519800626,1778113389.6107268,15,,,,,,,,,,,,,,,,,,4.393004928715527e-06,,,,,,,,,,,,,,,,,,,,,,,,,,
,858,2958.891022747,1778113389.9819984,15,0.3707295739877736,,,,,,,,,,,,,,,,,,,,,,,,,,,,,,,,,,,,,,,,,,,
,859,2959.044151371,1778113390.135043,15,,,,,,,,,,,,,,,,,,,0.5240375809953548,,,,,,,,,,,,,,,,,,,,,,,,,
,860,2960.136136443,1778113391.2271173,15,,,,,,,,,,,,,,,,,,3.917011781595647e-06,,,,,,,,,,,,,,,,,,,,,,,,,,
,861,2960.488739281,1778113391.579719,15,0.35227341699646786,,,,,,,,,,,,,,,,,,,,,,,,,,,,,,,,,,,,,,,,,,,
,862,2960.662505595,1778113391.7535205,15,,,,,,,,,,,,,,,,,,,0.5262124940054491,,,,,,,,,,,,,,,,,,,,,,,,,
,863,2961.753726757,1778113392.8447034,15,,,,,,,,,,,,,,,,,,3.726003342308104e-06,,,,,,,,,,,,,,,,,,,,,,,,,,
,864,2962.087354869,1778113393.17836,15,0.3330968730006134,,,,,,,,,,,,,,,,,,,,,,,,,,,,,,,,,,,,,,,,,,,
,865,2962.234078256,1778113393.3249648,15,,,,,,,,,,,,,,,,,,,0.4800459099933505,,,,,,,,,,,,,,,,,,,,,,,,,
,866,2963.26501537,1778113394.3561196,15,,,,,,,,,,,,,,,,,,3.731998731382191e-06,,,,,,,,,,,,,,,,,,,,,,,,,,
,867,2963.590624849,1778113394.6816053,15,0.3250504890020238,,,,,,,,,,,,,,,,,,,,,,,,,,,,,,,,,,,,,,,,,,,
,868,2963.747566665,1778113394.838693,15,,,,,,,,,,,,,,,,,,,0.4823740089923376,,,,,,,,,,,,,,,,,,,,,,,,,
,869,2964.777951838,1778113395.8690176,15,,,,,,,,,,,,,,,,,,4.045010427944362e-06,,,,,,,,,,,,,,,,,,,,,,,,,,
,870,2965.145372437,1778113396.2365713,15,0.3669977050012676,,,,,,,,,,,,,,,,,,,,,,,,,,,,,,,,,,,,,,,,,,,
,871,2965.304439342,1778113396.3954244,15,,,,,,,,,,,,,,,,,,,0.5262303549970966,,,,,,,,,,,,,,,,,,,,,,,,,
,872,2966.396229324,1778113397.4872658,15,,,,,,,,,,,,,,,,,,3.7439895095303655e-06,,,,,,,,,,,,,,,,,,,,,,,,,,
,873,2966.774996875,1778113397.8661602,15,0.3784275259968126,,,,,,,,,,,,,,,,,,,,,,,,,,,,,,,,,,,,,,,,,,,
,874,2966.923173515,1778113398.0141695,15,,,,,,,,,,,,,,,,,,,0.5266670410055667,,,,,,,,,,,,,,,,,,,,,,,,,
,875,2968.014078061,1778113399.1051638,15,,,,,,,,,,,,,,,,,,3.8669968489557505e-06,,,,,,,,,,,,,,,,,,,,,,,,,,
,876,2968.369616277,1778113399.460734,15,0.3550075020029908,,,,,,,,,,,,,,,,,,,,,,,,,,,,,,,,,,,,,,,,,,,
,877,2968.539021407,1778113399.6298468,15,,,,,,,,,,,,,,,,,,,0.524484815003234,,,,,,,,,,,,,,,,,,,,,,,,,
,878,2969.63080364,1778113400.7217655,15,,,,,,,,,,,,,,,,,,4.237997927702963e-06,,,,,,,,,,,,,,,,,,,,,,,,,,
,879,2970.121120143,1778113401.2120445,15,0.4900241069990443,,,,,,,,,,,,,,,,,,,,,,,,,,,,,,,,,,,,,,,,,,,
,880,2970.179066804,1778113401.2700827,15,,,,,,,,,,,,,,,,,,,0.5481579710030928,,,,,,,,,,,,,,,,,,,,,,,,,
,881,2971.271695303,1778113402.3627784,15,,,,,,,,,,,,,,,,,,4.018002073280513e-06,,,,,,,,,,,,,,,,,,,,,,,,,,
,882,2971.615532995,1778113402.7066078,15,0.3433309200045187,,,,,,,,,,,,,,,,,,,,,,,,,,,,,,,,,,,,,,,,,,,
,883,2971.750415381,1778113402.841618,15,,,,,,,,,,,,,,,,,,,0.47859852499095723,,,,,,,,,,,,,,,,,,,,,,,,,
,884,2972.780985228,1778113403.8719137,15,,,,,,,,,,,,,,,,,,4.571993486024439e-06,,,,,,,,,,,,,,,,,,,,,,,,,,
,885,2973.119705127,1778113404.2106936,15,0.3382320480013732,,,,,,,,,,,,,,,,,,,,,,,,,,,,,,,,,,,,,,,,,,,
,886,2973.265475933,1778113404.3564808,15,,,,,,,,,,,,,,,,,,,0.48435131399310194,,,,,,,,,,,,,,,,,,,,,,,,,
142.50444093700207,887,3116.844985901,1778113547.9360583,15,,,,,,,,,,,,,,,,,,,,,,,,,,,,,,,,,,,,,,,,,,,,
,888,3125.020196862,1778113556.0960858,15,8.11560703300347,,,,,,,,,,,,,,,,,,,,,,,,,,,,,,,,,,,,,,,,,,,
,889,3125.517127725,1778113556.6078866,15,,0.0,0.0,0.0,0.0,0.0,0.0,0.0,0.3485847670090152,0.004704893860243846,0.0,0.0,0.0,0.0,0.0,0.0,,,,,,,,,,,,,,,,,,,,,,,,,,,,
,890,3125.517175724,1778113556.6083503,15,,,,,,,,,,,,,,,,,0.34918935400492046,,,,,,,,,,,,,,,,,,,,,,,,,,,
,891,3125.519705573,1778113556.610681,15,,,,,,,,,,,,,,,,,,151.18145039900264,,,,,,,,,,,,,,,,,,,,,,,,,,
,892,3125.879689512,1778113556.9706733,15,0.3597433029935928,,,,,,,,,,,,,,,,,,,,,,,,,,,,,,,,,,,,,,,,,,,
,893,3126.034710252,1778113557.1257756,15,,,,,,,,,,,,,,,,,,,0.5148993549955776,,,,,,,,,,,,,,,,,,,,,,,,,
,894,3127.12478004,1778113558.2159739,15,,,,,,,,,,,,,,,,,,3.881999873556197e-06,,,,,,,,,,,,,,,,,,,,,,,,,,
,895,3127.474419474,1778113558.5654104,15,0.34907499099790584,,,,,,,,,,,,,,,,,,,,,,,,,,,,,,,,,,,,,,,,,,,
,896,3127.626254878,1778113558.717136,15,,,,,,,,,,,,,,,,,,,0.5010073150042444,,,,,,,,,,,,,,,,,,,,,,,,,
,897,3128.719653943,1778113559.8107588,15,,,,,,,,,,,,,,,,,,3.841007128357887e-06,,,,,,,,,,,,,,,,,,,,,,,,,,
,898,3129.063425357,1778113560.1545281,15,0.3433153689984465,,,,,,,,,,,,,,,,,,,,,,,,,,,,,,,,,,,,,,,,,,,
,899,3129.219418201,1778113560.3105536,15,,,,,,,,,,,,,,,,,,,0.4996340270008659,,,,,,,,,,,,,,,,,,,,,,,,,
,900,3130.307282889,1778113561.3984113,15,,,,,,,,,,,,,,,,,,4.465997335501015e-06,,,,,,,,,,,,,,,,,,,,,,,,,,
,901,3130.64341506,1778113561.7344947,15,0.33549125598801766,,,,,,,,,,,,,,,,,,,,,,,,,,,,,,,,,,,,,,,,,,,
,902,3130.804471494,1778113561.8954744,15,,,,,,,,,,,,,,,,,,,0.4967953440063866,,,,,,,,,,,,,,,,,,,,,,,,,
,903,3131.890113623,1778113562.9810743,15,,,,,,,,,,,,,,,,,,3.859007847495377e-06,,,,,,,,,,,,,,,,,,,,,,,,,,
,904,3132.284287578,1778113563.375361,15,0.39391020200855564,,,,,,,,,,,,,,,,,,,,,,,,,,,,,,,,,,,,,,,,,,,
,905,3132.436575314,1778113563.5276928,15,,,,,,,,,,,,,,,,,,,0.5464734999986831,,,,,,,,,,,,,,,,,,,,,,,,,
,906,3133.583091162,1778113564.6740701,15,,,,,,,,,,,,,,,,,,4.228000761941075e-06,,,,,,,,,,,,,,,,,,,,,,,,,,
,907,3133.933005929,1778113565.024121,15,0.34958655999798793,,,,,,,,,,,,,,,,,,,,,,,,,,,,,,,,,,,,,,,,,,,
,908,3134.085487302,1778113565.1764836,15,,,,,,,,,,,,,,,,,,,0.5022209199960344,,,,,,,,,,,,,,,,,,,,,,,,,
,909,3135.177555973,1778113566.268556,15,,,,,,,,,,,,,,,,,,3.6840065149590373e-06,,,,,,,,,,,,,,,,,,,,,,,,,,
,910,3135.676811189,1778113566.7679605,15,0.4989792900014436,,,,,,,,,,,,,,,,,,,,,,,,,,,,,,,,,,,,,,,,,,,
,911,3135.75597328,1778113566.8470023,15,,,,,,,,,,,,,,,,,,,0.5782805810013087,,,,,,,,,,,,,,,,,,,,,,,,,
,912,3136.907083167,1778113567.998154,15,,,,,,,,,,,,,,,,,,3.887005732394755e-06,,,,,,,,,,,,,,,,,,,,,,,,,,
,913,3137.298316158,1778113568.3895473,15,0.39097241300623864,,,,,,,,,,,,,,,,,,,,,,,,,,,,,,,,,,,,,,,,,,,
,914,3137.451857591,1778113568.5429595,15,,,,,,,,,,,,,,,,,,,0.5446599860006245,,,,,,,,,,,,,,,,,,,,,,,,,
,915,3138.597848477,1778113569.6886597,15,,,,,,,,,,,,,,,,,,3.845008905045688e-06,,,,,,,,,,,,,,,,,,,,,,,,,,
,916,3138.977530737,1778113570.0687683,15,0.3798134620010387,,,,,,,,,,,,,,,,,,,,,,,,,,,,,,,,,,,,,,,,,,,
,917,3139.144250626,1778113570.2349377,15,,,,,,,,,,,,,,,,,,,0.5460755250096554,,,,,,,,,,,,,,,,,,,,,,,,,
,918,3140.290942953,1778113571.382053,15,,,,,,,,,,,,,,,,,,3.947003278881311e-06,,,,,,,,,,,,,,,,,,,,,,,,,,
,919,3140.68842419,1778113571.7796533,15,0.3971125249954639,,,,,,,,,,,,,,,,,,,,,,,,,,,,,,,,,,,,,,,,,,,
,920,3140.841810771,1778113571.9328969,15,,,,,,,,,,,,,,,,,,,0.5506744519952917,,,,,,,,,,,,,,,,,,,,,,,,,
,921,3141.99039088,1778113573.0813975,15,,,,,,,,,,,,,,,,,,3.578999894671142e-06,,,,,,,,,,,,,,,,,,,,,,,,,,
,922,3142.337572282,1778113573.4286814,15,0.3469004539947491,,,,,,,,,,,,,,,,,,,,,,,,,,,,,,,,,,,,,,,,,,,
,923,3142.489775314,1778113573.580805,15,,,,,,,,,,,,,,,,,,,0.49919995600066613,,,,,,,,,,,,,,,,,,,,,,,,,
,924,3143.57537924,1778113574.6663816,15,,,,,,,,,,,,,,,,,,4.132001777179539e-06,,,,,,,,,,,,,,,,,,,,,,,,,,
,925,3143.921409441,1778113575.0123947,15,0.34559748199535534,,,,,,,,,,,,,,,,,,,,,,,,,,,,,,,,,,,,,,,,,,,
,926,3144.078694486,1778113575.1696882,15,,,,,,,,,,,,,,,,,,,0.5030996370041976,,,,,,,,,,,,,,,,,,,,,,,,,
,927,3145.170631493,1778113576.2616093,15,,,,,,,,,,,,,,,,,,3.7480058381333947e-06,,,,,,,,,,,,,,,,,,,,,,,,,,
,928,3145.537223604,1778113576.628433,15,0.366361163003603,,,,,,,,,,,,,,,,,,,,,,,,,,,,,,,,,,,,,,,,,,,
,929,3145.716862771,1778113576.8079221,15,,,,,,,,,,,,,,,,,,,0.5461581280105747,,,,,,,,,,,,,,,,,,,,,,,,,
,930,3146.859313272,1778113577.9504595,15,,,,,,,,,,,,,,,,,,3.973997081629932e-06,,,,,,,,,,,,,,,,,,,,,,,,,,
,931,3147.248873476,1778113578.3401005,15,0.38923554800567217,,,,,,,,,,,,,,,,,,,,,,,,,,,,,,,,,,,,,,,,,,,
,932,3147.409731176,1778113578.5008085,15,,,,,,,,,,,,,,,,,,,0.5501683329930529,,,,,,,,,,,,,,,,,,,,,,,,,
,933,3148.561180616,1778113579.6522415,15,,,,,,,,,,,,,,,,,,3.5749981179833412e-06,,,,,,,,,,,,,,,,,,,,,,,,,,
,934,3148.908406989,1778113579.999629,15,0.34676344999752473,,,,,,,,,,,,,,,,,,,,,,,,,,,,,,,,,,,,,,,,,,,
,935,3149.065448356,1778113580.1564584,15,,,,,,,,,,,,,,,,,,,0.5040316809900105,,,,,,,,,,,,,,,,,,,,,,,,,
,936,3150.156276857,1778113581.2473607,15,,,,,,,,,,,,,,,,,,3.667009877972305e-06,,,,,,,,,,,,,,,,,,,,,,,,,,
,937,3150.632623124,1778113581.723574,15,0.47567748300207313,,,,,,,,,,,,,,,,,,,,,,,,,,,,,,,,,,,,,,,,,,,
,938,3150.711566373,1778113581.802471,15,,,,,,,,,,,,,,,,,,,0.5549415739951655,,,,,,,,,,,,,,,,,,,,,,,,,
125.64286869300122,939,3277.543351602,1778113708.6343844,15,,,,,,,,,,,,,,,,,,,,,,,,,,,,,,,,,,,,,,,,,,,,
,940,3285.212993667,1778113716.2940018,15,7.615106191995437,,,,,,,,,,,,,,,,,,,,,,,,,,,,,,,,,,,,,,,,,,,
,941,3285.355405576,1778113716.4467087,15,,0.0,0.0,0.0,0.0,0.0,0.0,0.0,0.001815775001887232,0.0,0.0,0.0,0.0,0.0,0.0,0.0,,,,,,,,,,,,,,,,,,,,,,,,,,,,
,942,3285.355886479,1778113716.4472213,15,,,,,,,,,,,,,,,,,0.0024389570025959983,,,,,,,,,,,,,,,,,,,,,,,,,,,
,943,3285.357927108,1778113716.4491222,15,,,,,,,,,,,,,,,,,,133.45968706200074,,,,,,,,,,,,,,,,,,,,,,,,,,
,944,3285.693023182,1778113716.7840436,15,0.3345545990014216,,,,,,,,,,,,,,,,,,,,,,,,,,,,,,,,,,,,,,,,,,,
,945,3285.844148197,1778113716.935242,15,,,,,,,,,,,,,,,,,,,0.48588803499296773,,,,,,,,,,,,,,,,,,,,,,,,,
,946,3286.895659149,1778113717.9866803,15,,,,,,,,,,,,,,,,,,6.376998499035835e-06,,,,,,,,,,,,,,,,,,,,,,,,,,
,947,3287.233003615,1778113718.324126,15,0.336899682006333,,,,,,,,,,,,,,,,,,,,,,,,,,,,,,,,,,,,,,,,,,,
,948,3287.386403866,1778113718.4774978,15,,,,,,,,,,,,,,,,,,,0.49053562300105114,,,,,,,,,,,,,,,,,,,,,,,,,
,949,3288.443158966,1778113719.5342124,15,,,,,,,,,,,,,,,,,,4.1470048017799854e-06,,,,,,,,,,,,,,,,,,,,,,,,,,
,950,3288.79619899,1778113719.8872924,15,0.3525357559992699,,,,,,,,,,,,,,,,,,,,,,,,,,,,,,,,,,,,,,,,,,,
,951,3288.933562169,1778113720.0244155,15,,,,,,,,,,,,,,,,,,,0.49000894199707545,,,,,,,,,,,,,,,,,,,,,,,,,
,952,3289.988096889,1778113721.0789483,15,,,,,,,,,,,,,,,,,,3.895998816005886e-06,,,,,,,,,,,,,,,,,,,,,,,,,,
,953,3290.330943109,1778113721.4219487,15,0.34274618201015983,,,,,,,,,,,,,,,,,,,,,,,,,,,,,,,,,,,,,,,,,,,
,954,3290.477545923,1778113721.568633,15,,,,,,,,,,,,,,,,,,,0.4895255890005501,,,,,,,,,,,,,,,,,,,,,,,,,
,955,3291.532614256,1778113722.623707,15,,,,,,,,,,,,,,,,,,4.316010745242238e-06,,,,,,,,,,,,,,,,,,,,,,,,,,
,956,3291.863334141,1778113722.9544337,15,0.3300169590074802,,,,,,,,,,,,,,,,,,,,,,,,,,,,,,,,,,,,,,,,,,,
,957,3292.019467244,1778113723.1105843,15,,,,,,,,,,,,,,,,,,,0.48666189299547113,,,,,,,,,,,,,,,,,,,,,,,,,
,958,3293.07074205,1778113724.161725,15,,,,,,,,,,,,,,,,,,4.248999175615609e-06,,,,,,,,,,,,,,,,,,,,,,,,,,
,959,3293.418255137,1778113724.509442,15,0.34728797199204564,,,,,,,,,,,,,,,,,,,,,,,,,,,,,,,,,,,,,,,,,,,
,960,3293.559932789,1778113724.6509757,15,,,,,,,,,,,,,,,,,,,0.4890767649922054,,,,,,,,,,,,,,,,,,,,,,,,,
,961,3294.614649962,1778113725.705791,15,,,,,,,,,,,,,,,,,,3.602996002882719e-06,,,,,,,,,,,,,,,,,,,,,,,,,,
,962,3294.954514541,1778113726.0456135,15,0.3394950640067691,,,,,,,,,,,,,,,,,,,,,,,,,,,,,,,,,,,,,,,,,,,
,963,3295.104074404,1778113726.1951811,15,,,,,,,,,,,,,,,,,,,0.48921460400742944,,,,,,,,,,,,,,,,,,,,,,,,,
,964,3296.159880406,1778113727.2509532,15,,,,,,,,,,,,,,,,,,4.1570019675418735e-06,,,,,,,,,,,,,,,,,,,,,,,,,,
,965,3296.490435564,1778113727.5815377,15,0.3299008559988579,,,,,,,,,,,,,,,,,,,,,,,,,,,,,,,,,,,,,,,,,,,
,966,3296.64965813,1778113727.74069,15,,,,,,,,,,,,,,,,,,,0.4895357509958558,,,,,,,,,,,,,,,,,,,,,,,,,
,967,3297.70317091,1778113728.7942333,15,,,,,,,,,,,,,,,,,,3.926994395442307e-06,,,,,,,,,,,,,,,,,,,,,,,,,,
,968,3298.233536635,1778113729.3245702,15,0.5298657759994967,,,,,,,,,,,,,,,,,,,,,,,,,,,,,,,,,,,,,,,,,,,
,969,3298.258958448,1778113729.3499844,15,,,,,,,,,,,,,,,,,,,0.5555632389878156,,,,,,,,,,,,,,,,,,,,,,,,,
,970,3299.334342091,1778113730.4253953,15,,,,,,,,,,,,,,,,,,4.478992195799947e-06,,,,,,,,,,,,,,,,,,,,,,,,,,
,971,3299.683514885,1778113730.7746148,15,0.3487018970045028,,,,,,,,,,,,,,,,,,,,,,,,,,,,,,,,,,,,,,,,,,,
,972,3299.820350277,1778113730.9114356,15,,,,,,,,,,,,,,,,,,,0.48585374699905515,,,,,,,,,,,,,,,,,,,,,,,,,
,973,3300.868647653,1778113731.9597242,15,,,,,,,,,,,,,,,,,,3.9529986679553986e-06,,,,,,,,,,,,,,,,,,,,,,,,,,
,974,3301.211710833,1778113732.302684,15,0.3424936250085011,,,,,,,,,,,,,,,,,,,,,,,,,,,,,,,,,,,,,,,,,,,
,975,3301.355329804,1778113732.446315,15,,,,,,,,,,,,,,,,,,,0.48644558399973903,,,,,,,,,,,,,,,,,,,,,,,,,
,976,3302.406073236,1778113733.4970212,15,,,,,,,,,,,,,,,,,,4.457993782125413e-06,,,,,,,,,,,,,,,,,,,,,,,,,,
,977,3302.741523977,1778113733.8326354,15,0.3352490060060518,,,,,,,,,,,,,,,,,,,,,,,,,,,,,,,,,,,,,,,,,,,
,978,3302.895262025,1778113733.9863753,15,,,,,,,,,,,,,,,,,,,0.4891780670004664,,,,,,,,,,,,,,,,,,,,,,,,,
,979,3303.951261572,1778113735.0423486,15,,,,,,,,,,,,,,,,,,4.275992978364229e-06,,,,,,,,,,,,,,,,,,,,,,,,,,
,980,3304.304055481,1778113735.3951328,15,0.35232403899135534,,,,,,,,,,,,,,,,,,,,,,,,,,,,,,,,,,,,,,,,,,,
,981,3304.441244885,1778113735.5324407,15,,,,,,,,,,,,,,,,,,,0.489877981992322,,,,,,,,,,,,,,,,,,,,,,,,,
,982,3305.508169512,1778113736.5992172,15,,,,,,,,,,,,,,,,,,4.201006959192455e-06,,,,,,,,,,,,,,,,,,,,,,,,,,
,983,3305.851337529,1778113736.9424667,15,0.3427052720071515,,,,,,,,,,,,,,,,,,,,,,,,,,,,,,,,,,,,,,,,,,,
,984,3305.998291126,1778113737.0891845,15,,,,,,,,,,,,,,,,,,,0.48975868000707123,,,,,,,,,,,,,,,,,,,,,,,,,
,985,3307.051968947,1778113738.1430576,15,,,,,,,,,,,,,,,,,,3.7380086723715067e-06,,,,,,,,,,,,,,,,,,,,,,,,,,
,986,3307.382191733,1778113738.4732893,15,0.3297954190056771,,,,,,,,,,,,,,,,,,,,,,,,,,,,,,,,,,,,,,,,,,,
,987,3307.538410537,1778113738.6292944,15,,,,,,,,,,,,,,,,,,,0.48603098500461783,,,,,,,,,,,,,,,,,,,,,,,,,
,988,3308.589065087,1778113739.680165,15,,,,,,,,,,,,,,,,,,3.973997081629932e-06,,,,,,,,,,,,,,,,,,,,,,,,,,
,989,3308.934922747,1778113740.0261264,15,0.3453741999983322,,,,,,,,,,,,,,,,,,,,,,,,,,,,,,,,,,,,,,,,,,,
,990,3309.075968423,1778113740.1670518,15,,,,,,,,,,,,,,,,,,,0.4867147070035571,,,,,,,,,,,,,,,,,,,,,,,,,
140.71603009199316,991,3450.881676271,1778113881.9727979,15,,,,,,,,,,,,,,,,,,,,,,,,,,,,,,,,,,,,,,,,,,,,
,992,3458.88124275,1778113889.9572275,15,7.940388457995141,,,,,,,,,,,,,,,,,,,,,,,,,,,,,,,,,,,,,,,,,,,
,993,3459.416373859,1778113890.507493,15,,0.0,0.0,0.0,0.0,0.0,0.0,0.0,0.3666569870110834,0.0019555625327415667,0.0,0.0,0.0,0.0,0.0,0.0,,,,,,,,,,,,,,,,,,,,,,,,,,,,
,994,3459.417074711,1778113890.5079706,15,,,,,,,,,,,,,,,,,0.36723457400512416,,,,,,,,,,,,,,,,,,,,,,,,,,,
,995,3459.418668808,1778113890.509756,15,,,,,,,,,,,,,,,,,,149.2554592850065,,,,,,,,,,,,,,,,,,,,,,,,,,
,996,3459.768709057,1778113890.8598135,15,0.3497851059946697,,,,,,,,,,,,,,,,,,,,,,,,,,,,,,,,,,,,,,,,,,,
,997,3459.922724378,1778113891.0137806,15,,,,,,,,,,,,,,,,,,,0.5038162999990163,,,,,,,,,,,,,,,,,,,,,,,,,
,998,3460.98236536,1778113892.0733564,15,,,,,,,,,,,,,,,,,,3.862005542032421e-06,,,,,,,,,,,,,,,,,,,,,,,,,,
,999,3461.415056425,1778113892.506104,15,0.43234522199782077,,,,,,,,,,,,,,,,,,,,,,,,,,,,,,,,,,,,,,,,,,,
,1000,3461.521829358,1778113892.6128051,15,,,,,,,,,,,,,,,,,,,0.5392742530093528,,,,,,,,,,,,,,,,,,,,,,,,,
,1001,3462.579708714,1778113893.6706858,15,,,,,,,,,,,,,,,,,,6.030008080415428e-06,,,,,,,,,,,,,,,,,,,,,,,,,,
,1002,3462.935489562,1778113894.0265872,15,0.3553645819920348,,,,,,,,,,,,,,,,,,,,,,,,,,,,,,,,,,,,,,,,,,,
,1003,3463.071961992,1778113894.16296,15,,,,,,,,,,,,,,,,,,,0.49198993599566165,,,,,,,,,,,,,,,,,,,,,,,,,
,1004,3464.131636911,1778113895.2226608,15,,,,,,,,,,,,,,,,,,3.5910052247345448e-06,,,,,,,,,,,,,,,,,,,,,,,,,,
,1005,3464.506119447,1778113895.5973358,15,0.37425004299439024,,,,,,,,,,,,,,,,,,,,,,,,,,,,,,,,,,,,,,,,,,,
,1006,3464.667013841,1778113895.7581253,15,,,,,,,,,,,,,,,,,,,0.5352782970003318,,,,,,,,,,,,,,,,,,,,,,,,,
,1007,3465.786976341,1778113896.8781328,15,,,,,,,,,,,,,,,,,,4.65199991595e-06,,,,,,,,,,,,,,,,,,,,,,,,,,
,1008,3466.172132898,1778113897.2633233,15,0.3847915840015048,,,,,,,,,,,,,,,,,,,,,,,,,,,,,,,,,,,,,,,,,,,
,1009,3466.326183667,1778113897.4171207,15,,,,,,,,,,,,,,,,,,,0.5388057469972409,,,,,,,,,,,,,,,,,,,,,,,,,
,1010,3467.45376795,1778113898.5449247,15,,,,,,,,,,,,,,,,,,3.630993887782097e-06,,,,,,,,,,,,,,,,,,,,,,,,,,
,1011,3467.816245925,1778113898.907345,15,0.3619314539973857,,,,,,,,,,,,,,,,,,,,,,,,,,,,,,,,,,,,,,,,,,,
,1012,3467.992238489,1778113899.083327,15,,,,,,,,,,,,,,,,,,,0.5382266949891346,,,,,,,,,,,,,,,,,,,,,,,,,
,1013,3469.121128725,1778113900.212209,15,,,,,,,,,,,,,,,,,,3.6130077205598354e-06,,,,,,,,,,,,,,,,,,,,,,,,,,
,1014,3469.461461346,1778113900.5525782,15,0.33988689600664657,,,,,,,,,,,,,,,,,,,,,,,,,,,,,,,,,,,,,,,,,,,
,1015,3469.607826274,1778113900.6990163,15,,,,,,,,,,,,,,,,,,,0.4866590160090709,,,,,,,,,,,,,,,,,,,,,,,,,
,1016,3470.665539095,1778113901.7565875,15,,,,,,,,,,,,,,,,,,4.020999767817557e-06,,,,,,,,,,,,,,,,,,,,,,,,,,
,1017,3470.996143925,1778113902.087253,15,0.33019147800223436,,,,,,,,,,,,,,,,,,,,,,,,,,,,,,,,,,,,,,,,,,,
,1018,3471.153769918,1778113902.2447479,15,,,,,,,,,,,,,,,,,,,0.48797952200402506,,,,,,,,,,,,,,,,,,,,,,,,,
,1019,3472.209808658,1778113903.3008626,15,,,,,,,,,,,,,,,,,,4.157991497777402e-06,,,,,,,,,,,,,,,,,,,,,,,,,,
,1020,3472.589623446,1778113903.6807384,15,0.3794558260124177,,,,,,,,,,,,,,,,,,,,,,,,,,,,,,,,,,,,,,,,,,,
,1021,3472.74675599,1778113903.837915,15,,,,,,,,,,,,,,,,,,,0.5368900340108667,,,,,,,,,,,,,,,,,,,,,,,,,
,1022,3473.871381857,1778113904.9625719,15,,,,,,,,,,,,,,,,,,3.440000000409782e-06,,,,,,,,,,,,,,,,,,,,,,,,,,
,1023,3474.228014818,1778113905.3192368,15,0.35628407599870116,,,,,,,,,,,,,,,,,,,,,,,,,,,,,,,,,,,,,,,,,,,
,1024,3474.363186846,1778113905.4543002,15,,,,,,,,,,,,,,,,,,,0.49157520999142434,,,,,,,,,,,,,,,,,,,,,,,,,
,1025,3475.42457614,1778113906.5155628,15,,,,,,,,,,,,,,,,,,3.825000021606684e-06,,,,,,,,,,,,,,,,,,,,,,,,,,
,1026,3475.820351409,1778113906.9112272,15,0.3951904350105906,,,,,,,,,,,,,,,,,,,,,,,,,,,,,,,,,,,,,,,,,,,
,1027,3475.963884295,1778113907.0548344,15,,,,,,,,,,,,,,,,,,,0.5390398909948999,,,,,,,,,,,,,,,,,,,,,,,,,
,1028,3477.026823729,1778113908.11792,15,,,,,,,,,,,,,,,,,,3.6580022424459457e-06,,,,,,,,,,,,,,,,,,,,,,,,,,
,1029,3477.384936828,1778113908.4759479,15,0.35762143299507443,,,,,,,,,,,,,,,,,,,,,,,,,,,,,,,,,,,,,,,,,,,
,1030,3477.560775883,1778113908.6517675,15,,,,,,,,,,,,,,,,,,,0.5336601430026349,,,,,,,,,,,,,,,,,,,,,,,,,
,1031,3478.680086342,1778113909.7712238,15,,,,,,,,,,,,,,,,,,3.858993295580149e-06,,,,,,,,,,,,,,,,,,,,,,,,,,
,1032,3479.054653519,1778113910.145633,15,0.3740689379919786,,,,,,,,,,,,,,,,,,,,,,,,,,,,,,,,,,,,,,,,,,,
,1033,3479.214584936,1778113910.3056905,15,,,,,,,,,,,,,,,,,,,0.5342938599933404,,,,,,,,,,,,,,,,,,,,,,,,,
,1034,3480.33437017,1778113911.425476,15,,,,,,,,,,,,,,,,,,4.012996214441955e-06,,,,,,,,,,,,,,,,,,,,,,,,,,
,1035,3480.688925463,1778113911.7801058,15,0.3540093970077578,,,,,,,,,,,,,,,,,,,,,,,,,,,,,,,,,,,,,,,,,,,
,1036,3480.826394193,1778113911.9173858,15,,,,,,,,,,,,,,,,,,,0.4917309290030971,,,,,,,,,,,,,,,,,,,,,,,,,
,1037,3481.88716475,1778113912.9781358,15,,,,,,,,,,,,,,,,,,4.1769962990656495e-06,,,,,,,,,,,,,,,,,,,,,,,,,,
,1038,3482.262803177,1778113913.3539238,15,0.3755604860052699,,,,,,,,,,,,,,,,,,,,,,,,,,,,,,,,,,,,,,,,,,,
,1039,3482.424540338,1778113913.5157259,15,,,,,,,,,,,,,,,,,,,0.5374299800023437,,,,,,,,,,,,,,,,,,,,,,,,,
,1040,3483.550836384,1778113914.641786,15,,,,,,,,,,,,,,,,,,3.9239967009052634e-06,,,,,,,,,,,,,,,,,,,,,,,,,,
,1041,3483.933576488,1778113915.0247927,15,0.3827184450055938,,,,,,,,,,,,,,,,,,,,,,,,,,,,,,,,,,,,,,,,,,,
,1042,3484.086825449,1778113915.177897,15,,,,,,,,,,,,,,,,,,,0.5359526009997353,,,,,,,,,,,,,,,,,,,,,,,,,
,1043,3485.22426259,1778113916.3153813,20,,,,,,,,,,,,,,,,,,,,0.0489179394004168,0.0,42.6,0.014197949692606926,0.0,169.3867963389959,0.0037064128962811084,443471.0,13273.085218699718,42.6,530.930859375,0.8533697128295898,657.0,0.0,4.996907818908986e-07,0.0,1001.0625,0.0034698126301179735,0.0037064128962811084,0.5,42.6,0.975,0.0,0.01419794965768233,1024.0
138.58763899900077,1044,3623.836255212,1778114054.9273021,20,,,,,,,,,,,,,,,,,,,,,,,,,,,,,,,,,,,,,,,,,,,,
,1045,3631.766376427,1778114062.8474214,20,7.875809272998595,,,,,,,,,,,,,,,,,,,,,,,,,,,,,,,,,,,,,,,,,,,
,1046,3632.493225309,1778114063.5826504,20,,0.010517312440919246,0.0,0.0,0.0,0.0625,0.0,0.01836332007749191,0.5966964910039678,0.00048166216855644674,0.0,0.05,0.0625,0.0,0.02121397436534432,0.05952380952380952,,,,,,,,,,,,,,,,,,,,,,,,,,,,
,1047,3632.494353925,1778114063.5857074,20,,,,,,,,,,,,,,,,,0.5998647660017014,,,,,,,,,,,,,,,,,,,,,,,,,,,
,1048,3632.499625984,1778114063.5906563,20,,,,,,,,,,,,,,,,,,147.25338936099433,,,,,,,,,,,,,,,,,,,,,,,,,,
,1049,3632.851777687,1778114063.9429066,20,0.352036776006571,,,,,,,,,,,,,,,,,,,,,,,,,,,,,,,,,,,,,,,,,,,
,1050,3633.023567866,1778114064.1146667,20,,,,,,,,,,,,,,,,,,,0.523845130999689,,,,,,,,,,,,,,,,,,,,,,,,,
,1051,3634.108631093,1778114065.1997232,20,,,,,,,,,,,,,,,,,,4.202011041343212e-06,,,,,,,,,,,,,,,,,,,,,,,,,,
,1052,3634.454994996,1778114065.546092,20,0.3458435389911756,,,,,,,,,,,,,,,,,,,,,,,,,,,,,,,,,,,,,,,,,,,
,1053,3634.591102714,1778114065.6821048,20,,,,,,,,,,,,,,,,,,,0.4821957840031246,,,,,,,,,,,,,,,,,,,,,,,,,
,1054,3635.622685924,1778114066.7137914,20,,,,,,,,,,,,,,,,,,4.237008397467434e-06,,,,,,,,,,,,,,,,,,,,,,,,,,
,1055,3635.989668374,1778114067.0808222,20,0.3663783060037531,,,,,,,,,,,,,,,,,,,,,,,,,,,,,,,,,,,,,,,,,,,
,1056,3636.148017189,1778114067.2389925,20,,,,,,,,,,,,,,,,,,,0.525015927007189,,,,,,,,,,,,,,,,,,,,,,,,,
,1057,3637.235384647,1778114068.32653,20,,,,,,,,,,,,,,,,,,3.5569973988458514e-06,,,,,,,,,,,,,,,,,,,,,,,,,,
,1058,3637.724569237,1778114068.8157449,20,0.48873552899749484,,,,,,,,,,,,,,,,,,,,,,,,,,,,,,,,,,,,,,,,,,,
,1059,3637.86169042,1778114068.9528039,20,,,,,,,,,,,,,,,,,,,0.6260794499976328,,,,,,,,,,,,,,,,,,,,,,,,,
,1060,3638.897994485,1778114069.9890957,20,,,,,,,,,,,,,,,,,,4.375004209578037e-06,,,,,,,,,,,,,,,,,,,,,,,,,,
,1061,3639.265537665,1778114070.3565884,20,0.3670325050043175,,,,,,,,,,,,,,,,,,,,,,,,,,,,,,,,,,,,,,,,,,,
,1062,3639.423905968,1778114070.515087,20,,,,,,,,,,,,,,,,,,,0.5257878850097768,,,,,,,,,,,,,,,,,,,,,,,,,
,1063,3640.512045463,1778114071.6031222,20,,,,,,,,,,,,,,,,,,3.93899972550571e-06,,,,,,,,,,,,,,,,,,,,,,,,,,
,1064,3640.887476307,1778114071.9787276,20,0.37503367399040144,,,,,,,,,,,,,,,,,,,,,,,,,,,,,,,,,,,,,,,,,,,
,1065,3641.037641147,1778114072.12873,20,,,,,,,,,,,,,,,,,,,0.5253865349950502,,,,,,,,,,,,,,,,,,,,,,,,,
,1066,3642.127589328,1778114073.218685,20,,,,,,,,,,,,,,,,,,3.965003998018801e-06,,,,,,,,,,,,,,,,,,,,,,,,,,
,1067,3642.454007049,1778114073.5451274,20,0.32598777799285017,,,,,,,,,,,,,,,,,,,,,,,,,,,,,,,,,,,,,,,,,,,
,1068,3642.608993496,1778114073.700092,20,,,,,,,,,,,,,,,,,,,0.4811741580051603,,,,,,,,,,,,,,,,,,,,,,,,,
,1069,3643.640690827,1778114074.731798,20,,,,,,,,,,,,,,,,,,4.027999239042401e-06,,,,,,,,,,,,,,,,,,,,,,,,,,
,1070,3644.013573556,1778114075.1046872,20,0.3724218490096973,,,,,,,,,,,,,,,,,,,,,,,,,,,,,,,,,,,,,,,,,,,
,1071,3644.166849012,1778114075.2579768,20,,,,,,,,,,,,,,,,,,,0.5260301870002877,,,,,,,,,,,,,,,,,,,,,,,,,
,1072,3645.227753742,1778114076.3188992,20,,,,,,,,,,,,,,,,,,3.7290010368451476e-06,,,,,,,,,,,,,,,,,,,,,,,,,,
,1073,3645.581345102,1778114076.672544,20,0.35323546901054215,,,,,,,,,,,,,,,,,,,,,,,,,,,,,,,,,,,,,,,,,,,
,1074,3645.753781526,1778114076.8447719,20,,,,,,,,,,,,,,,,,,,0.5256740600016201,,,,,,,,,,,,,,,,,,,,,,,,,
,1075,3646.843773783,1778114077.934822,20,,,,,,,,,,,,,,,,,,4.051995347253978e-06,,,,,,,,,,,,,,,,,,,,,,,,,,
,1076,3647.207953376,1778114078.2989166,20,0.36368752899579704,,,,,,,,,,,,,,,,,,,,,,,,,,,,,,,,,,,,,,,,,,,
,1077,3647.372447526,1778114078.4634943,20,,,,,,,,,,,,,,,,,,,0.5284862779953983,,,,,,,,,,,,,,,,,,,,,,,,,
,1078,3648.470380047,1778114079.5615525,20,,,,,,,,,,,,,,,,,,4.675996024161577e-06,,,,,,,,,,,,,,,,,,,,,,,,,,
,1079,3648.842146925,1778114079.9333282,20,0.3713789239991456,,,,,,,,,,,,,,,,,,,,,,,,,,,,,,,,,,,,,,,,,,,
,1080,3648.995701703,1778114080.0867584,20,,,,,,,,,,,,,,,,,,,0.5250338949990692,,,,,,,,,,,,,,,,,,,,,,,,,
,1081,3650.08650216,1778114081.1774738,20,,,,,,,,,,,,,,,,,,3.788998583331704e-06,,,,,,,,,,,,,,,,,,,,,,,,,,
,1082,3650.56347784,1778114081.6545553,20,0.47656852699583396,,,,,,,,,,,,,,,,,,,,,,,,,,,,,,,,,,,,,,,,,,,
,1083,3650.60541056,1778114081.696527,20,,,,,,,,,,,,,,,,,,,0.5188583660055883,,,,,,,,,,,,,,,,,,,,,,,,,
,1084,3651.635196222,1778114082.7261817,20,,,,,,,,,,,,,,,,,,3.7090067053213716e-06,,,,,,,,,,,,,,,,,,,,,,,,,,
,1085,3651.976747556,1778114083.0678577,20,0.3411923210078385,,,,,,,,,,,,,,,,,,,,,,,,,,,,,,,,,,,,,,,,,,,
,1086,3652.116251479,1778114083.2073581,20,,,,,,,,,,,,,,,,,,,0.48095655599900056,,,,,,,,,,,,,,,,,,,,,,,,,
,1087,3653.150068872,1778114084.241028,20,,,,,,,,,,,,,,,,,,4.068002454005182e-06,,,,,,,,,,,,,,,,,,,,,,,,,,
,1088,3653.481743388,1778114084.5726893,20,0.331166142001166,,,,,,,,,,,,,,,,,,,,,,,,,,,,,,,,,,,,,,,,,,,
,1089,3653.630601474,1778114084.7215629,20,,,,,,,,,,,,,,,,,,,0.48037472199939657,,,,,,,,,,,,,,,,,,,,,,,,,
,1090,3654.664337547,1778114085.7552762,20,,,,,,,,,,,,,,,,,,4.067012923769653e-06,,,,,,,,,,,,,,,,,,,,,,,,,,
,1091,3655.042236517,1778114086.1332967,20,0.37753939398680814,,,,,,,,,,,,,,,,,,,,,,,,,,,,,,,,,,,,,,,,,,,
,1092,3655.189531057,1778114086.2806535,20,,,,,,,,,,,,,,,,,,,0.5252174969937187,,,,,,,,,,,,,,,,,,,,,,,,,
,1093,3656.281286781,1778114087.3722215,20,,,,,,,,,,,,,,,,,,4.030996933579445e-06,,,,,,,,,,,,,,,,,,,,,,,,,,
,1094,3656.614243874,1778114087.705483,20,0.33280692700645886,,,,,,,,,,,,,,,,,,,,,,,,,,,,,,,,,,,,,,,,,,,
,1095,3656.765125123,1778114087.856025,20,,,,,,,,,,,,,,,,,,,0.48361725300492253,,,,,,,,,,,,,,,,,,,,,,,,,
141.88202810399525,1096,3799.718021322,1778114230.8089812,20,,,,,,,,,,,,,,,,,,,,,,,,,,,,,,,,,,,,,,,,,,,,
,1097,3807.904758399,1778114238.9856544,20,8.132995185005711,,,,,,,,,,,,,,,,,,,,,,,,,,,,,,,,,,,,,,,,,,,
,1098,3808.291913193,1778114239.3826838,20,,0.0,0.0,0.0,0.0,0.0,0.0,0.0,0.2404150770016713,0.0013392781551410911,0.0,0.0,0.0,0.0,0.0,0.0,,,,,,,,,,,,,,,,,,,,,,,,,,,,
,1099,3808.2954283,1778114239.3866985,20,,,,,,,,,,,,,,,,,0.24452923200442456,,,,,,,,,,,,,,,,,,,,,,,,,,,
,1100,3808.298008546,1778114239.3890448,20,,,,,,,,,,,,,,,,,,150.46451477700612,,,,,,,,,,,,,,,,,,,,,,,,,,
,1101,3808.656272829,1778114239.747378,20,0.3580516959918896,,,,,,,,,,,,,,,,,,,,,,,,,,,,,,,,,,,,,,,,,,,
,1102,3808.813318613,1778114239.904263,20,,,,,,,,,,,,,,,,,,,0.5150066000060178,,,,,,,,,,,,,,,,,,,,,,,,,
,1103,3809.886895329,1778114240.9779928,20,,,,,,,,,,,,,,,,,,4.549990990199149e-06,,,,,,,,,,,,,,,,,,,,,,,,,,
,1104,3810.250809756,1778114241.3419092,20,0.36333167599514127,,,,,,,,,,,,,,,,,,,,,,,,,,,,,,,,,,,,,,,,,,,
,1105,3810.42750489,1778114241.5184722,20,,,,,,,,,,,,,,,,,,,0.5402803650067654,,,,,,,,,,,,,,,,,,,,,,,,,
,1106,3811.509477645,1778114242.6005745,20,,,,,,,,,,,,,,,,,,4.528003046289086e-06,,,,,,,,,,,,,,,,,,,,,,,,,,
,1107,3811.857771944,1778114242.9489725,20,0.347796276997542,,,,,,,,,,,,,,,,,,,,,,,,,,,,,,,,,,,,,,,,,,,
,1108,3812.008178825,1778114243.099186,20,,,,,,,,,,,,,,,,,,,0.4984253849979723,,,,,,,,,,,,,,,,,,,,,,,,,
,1109,3813.08316145,1778114244.1742146,20,,,,,,,,,,,,,,,,,,4.58401336800307e-06,,,,,,,,,,,,,,,,,,,,,,,,,,
,1110,3813.417542309,1778114244.5086107,20,0.33375110900669824,,,,,,,,,,,,,,,,,,,,,,,,,,,,,,,,,,,,,,,,,,,
,1111,3813.576112884,1778114244.667229,20,,,,,,,,,,,,,,,,,,,0.4928313060081564,,,,,,,,,,,,,,,,,,,,,,,,,
,1112,3814.646008491,1778114245.7371497,20,,,,,,,,,,,,,,,,,,3.798995749093592e-06,,,,,,,,,,,,,,,,,,,,,,,,,,
,1113,3815.167148271,1778114246.258213,20,0.5205694539909018,,,,,,,,,,,,,,,,,,,,,,,,,,,,,,,,,,,,,,,,,,,
,1114,3815.232513595,1778114246.3236034,20,,,,,,,,,,,,,,,,,,,0.5862703570019221,,,,,,,,,,,,,,,,,,,,,,,,,
,1115,3816.360428062,1778114247.4515536,20,,,,,,,,,,,,,,,,,,4.477013135328889e-06,,,,,,,,,,,,,,,,,,,,,,,,,,
,1116,3816.728502513,1778114247.8195662,20,0.3675970049953321,,,,,,,,,,,,,,,,,,,,,,,,,,,,,,,,,,,,,,,,,,,
,1117,3816.906697486,1778114247.9976666,20,,,,,,,,,,,,,,,,,,,0.5459178619930753,,,,,,,,,,,,,,,,,,,,,,,,,
,1118,3818.040953273,1778114249.1320322,20,,,,,,,,,,,,,,,,,,4.460001946426928e-06,,,,,,,,,,,,,,,,,,,,,,,,,,
,1119,3818.409819551,1778114249.5010312,20,0.3685450180055341,,,,,,,,,,,,,,,,,,,,,,,,,,,,,,,,,,,,,,,,,,,
,1120,3818.581847381,1778114249.6728544,20,,,,,,,,,,,,,,,,,,,0.5406015000044135,,,,,,,,,,,,,,,,,,,,,,,,,
,1121,3819.709627365,1778114250.8007367,20,,,,,,,,,,,,,,,,,,4.417001036927104e-06,,,,,,,,,,,,,,,,,,,,,,,,,,
,1122,3820.096443394,1778114251.187563,20,0.3862288539967267,,,,,,,,,,,,,,,,,,,,,,,,,,,,,,,,,,,,,,,,,,,
,1123,3820.255403292,1778114251.346501,20,,,,,,,,,,,,,,,,,,,0.5455844910029555,,,,,,,,,,,,,,,,,,,,,,,,,
,1124,3821.3900428,1778114252.4811444,20,,,,,,,,,,,,,,,,,,4.47299680672586e-06,,,,,,,,,,,,,,,,,,,,,,,,,,
,1125,3821.782839846,1778114252.873952,20,0.39225337200332433,,,,,,,,,,,,,,,,,,,,,,,,,,,,,,,,,,,,,,,,,,,
,1126,3821.931754267,1778114253.0227902,20,,,,,,,,,,,,,,,,,,,0.5414605270052562,,,,,,,,,,,,,,,,,,,,,,,,,
,1127,3823.059267324,1778114254.1503813,20,,,,,,,,,,,,,,,,,,4.030996933579445e-06,,,,,,,,,,,,,,,,,,,,,,,,,,
,1128,3823.403335124,1778114254.4944448,20,0.343569655000465,,,,,,,,,,,,,,,,,,,,,,,,,,,,,,,,,,,,,,,,,,,
,1129,3823.558749495,1778114254.6498601,20,,,,,,,,,,,,,,,,,,,0.4992829959955998,,,,,,,,,,,,,,,,,,,,,,,,,
,1130,3824.633700111,1778114255.7248032,20,,,,,,,,,,,,,,,,,,3.868000931106508e-06,,,,,,,,,,,,,,,,,,,,,,,,,,
,1131,3825.023596426,1778114256.1144085,20,0.38910338399000466,,,,,,,,,,,,,,,,,,,,,,,,,,,,,,,,,,,,,,,,,,,
,1132,3825.175061511,1778114256.2661884,20,,,,,,,,,,,,,,,,,,,0.5412105919967871,,,,,,,,,,,,,,,,,,,,,,,,,
,1133,3826.304113959,1778114257.395091,20,,,,,,,,,,,,,,,,,,4.340996383689344e-06,,,,,,,,,,,,,,,,,,,,,,,,,,
,1134,3826.670329614,1778114257.7614453,20,0.3656745369953569,,,,,,,,,,,,,,,,,,,,,,,,,,,,,,,,,,,,,,,,,,,
,1135,3826.843673078,1778114257.9346929,20,,,,,,,,,,,,,,,,,,,0.5394216669956222,,,,,,,,,,,,,,,,,,,,,,,,,
,1136,3827.971942022,1778114259.063025,20,,,,,,,,,,,,,,,,,,3.702996764332056e-06,,,,,,,,,,,,,,,,,,,,,,,,,,
,1137,3828.32074281,1778114259.4118524,20,0.3483282550005242,,,,,,,,,,,,,,,,,,,,,,,,,,,,,,,,,,,,,,,,,,,
,1138,3828.466342353,1778114259.5574706,20,,,,,,,,,,,,,,,,,,,0.49426892900373787,,,,,,,,,,,,,,,,,,,,,,,,,
,1139,3829.535565453,1778114260.6266856,20,,,,,,,,,,,,,,,,,,4.022993380203843e-06,,,,,,,,,,,,,,,,,,,,,,,,,,
,1140,3829.972221416,1778114261.0632324,20,0.43600684599368833,,,,,,,,,,,,,,,,,,,,,,,,,,,,,,,,,,,,,,,,,,,
,1141,3830.116314215,1778114261.2072659,20,,,,,,,,,,,,,,,,,,,0.580394229007652,,,,,,,,,,,,,,,,,,,,,,,,,
,1142,3831.198494169,1778114262.2895753,20,,,,,,,,,,,,,,,,,,4.165005520917475e-06,,,,,,,,,,,,,,,,,,,,,,,,,,
,1143,3831.575889961,1778114262.6668751,20,0.37678210699232295,,,,,,,,,,,,,,,,,,,,,,,,,,,,,,,,,,,,,,,,,,,
,1144,3831.738721419,1778114262.8296127,20,,,,,,,,,,,,,,,,,,,0.539846600004239,,,,,,,,,,,,,,,,,,,,,,,,,
,1145,3832.867852399,1778114263.9587836,20,,,,,,,,,,,,,,,,,,4.358997102826834e-06,,,,,,,,,,,,,,,,,,,,,,,,,,
,1146,3833.228143118,1778114264.3191195,20,0.35959860499133356,,,,,,,,,,,,,,,,,,,,,,,,,,,,,,,,,,,,,,,,,,,
,1147,3833.366682855,1778114264.4578016,20,,,,,,,,,,,,,,,,,,,0.49881271600315813,,,,,,,,,,,,,,,,,,,,,,,,,
143.23000504499942,1148,3977.711797603,1778114408.8028862,20,,,,,,,,,,,,,,,,,,,,,,,,,,,,,,,,,,,,,,,,,,,,
,1149,3985.970843495,1778114417.0468032,20,8.199681641010102,,,,,,,,,,,,,,,,,,,,,,,,,,,,,,,,,,,,,,,,,,,
,1150,3986.115534909,1778114417.2068229,20,,0.0,0.0,0.0,0.0,0.0,0.0,0.0,0.001831785004469566,0.0,0.0,0.0,0.0,0.0,0.0,0.0,,,,,,,,,,,,,,,,,,,,,,,,,,,,
,1151,3986.115994316,1778114417.2073443,20,,,,,,,,,,,,,,,,,0.00246213300852105,,,,,,,,,,,,,,,,,,,,,,,,,,,
,1152,3986.117754051,1778114417.2089827,20,,,,,,,,,,,,,,,,,,151.63862411200535,,,,,,,,,,,,,,,,,,,,,,,,,,
,1153,3986.487490051,1778114417.5786054,20,0.3693288299982669,,,,,,,,,,,,,,,,,,,,,,,,,,,,,,,,,,,,,,,,,,,
,1154,3986.667160908,1778114417.7582715,20,,,,,,,,,,,,,,,,,,,0.5491134699987015,,,,,,,,,,,,,,,,,,,,,,,,,
,1155,3987.817225422,1778114418.9083297,20,,,,,,,,,,,,,,,,,,4.539004294201732e-06,,,,,,,,,,,,,,,,,,,,,,,,,,
,1156,3988.180446044,1778114419.2715547,20,0.3627543600014178,,,,,,,,,,,,,,,,,,,,,,,,,,,,,,,,,,,,,,,,,,,
,1157,3988.322171391,1778114419.413191,20,,,,,,,,,,,,,,,,,,,0.5046895050036255,,,,,,,,,,,,,,,,,,,,,,,,,
,1158,3989.411489057,1778114420.5025992,20,,,,,,,,,,,,,,,,,,3.812994691543281e-06,,,,,,,,,,,,,,,,,,,,,,,,,,
,1159,3989.79528547,1778114420.8865201,20,0.3834338370070327,,,,,,,,,,,,,,,,,,,,,,,,,,,,,,,,,,,,,,,,,,,
,1160,3989.959989266,1778114421.0511723,20,,,,,,,,,,,,,,,,,,,0.548350680997828,,,,,,,,,,,,,,,,,,,,,,,,,
,1161,3991.103602546,1778114422.194783,20,,,,,,,,,,,,,,,,,,4.269997589290142e-06,,,,,,,,,,,,,,,,,,,,,,,,,,
,1162,3991.497559075,1778114422.5887735,20,0.3935378949972801,,,,,,,,,,,,,,,,,,,,,,,,,,,,,,,,,,,,,,,,,,,
,1163,3991.650739925,1778114422.741871,20,,,,,,,,,,,,,,,,,,,0.54693558299914,,,,,,,,,,,,,,,,,,,,,,,,,
,1164,3992.74617562,1778114423.8373141,20,,,,,,,,,,,,,,,,,,3.888999344781041e-06,,,,,,,,,,,,,,,,,,,,,,,,,,
,1165,3993.115564123,1778114424.2066326,20,0.3688825419958448,,,,,,,,,,,,,,,,,,,,,,,,,,,,,,,,,,,,,,,,,,,
,1166,3993.295991937,1778114424.3870063,20,,,,,,,,,,,,,,,,,,,0.5495185319887241,,,,,,,,,,,,,,,,,,,,,,,,,
,1167,3994.444537106,1778114425.5356488,20,,,,,,,,,,,,,,,,,,4.2009924072772264e-06,,,,,,,,,,,,,,,,,,,,,,,,,,
,1168,3994.82807587,1778114425.919183,20,0.38307052600430325,,,,,,,,,,,,,,,,,,,,,,,,,,,,,,,,,,,,,,,,,,,
,1169,3994.99265858,1778114426.08378,20,,,,,,,,,,,,,,,,,,,0.5479364019993227,,,,,,,,,,,,,,,,,,,,,,,,,
,1170,3996.138803922,1778114427.2297843,20,,,,,,,,,,,,,,,,,,4.218003596179187e-06,,,,,,,,,,,,,,,,,,,,,,,,,,
,1171,3996.612334743,1778114427.7033772,20,0.4733246639952995,,,,,,,,,,,,,,,,,,,,,,,,,,,,,,,,,,,,,,,,,,,
,1172,3996.687140927,1778114427.778118,20,,,,,,,,,,,,,,,,,,,0.5481511590041919,,,,,,,,,,,,,,,,,,,,,,,,,
,1173,3997.777366736,1778114428.8683114,20,,,,,,,,,,,,,,,,,,4.307992639951408e-06,,,,,,,,,,,,,,,,,,,,,,,,,,
,1174,3998.129082857,1778114429.2201898,20,0.351572458006558,,,,,,,,,,,,,,,,,,,,,,,,,,,,,,,,,,,,,,,,,,,
,1175,3998.280223944,1778114429.3711936,20,,,,,,,,,,,,,,,,,,,0.5026895880000666,,,,,,,,,,,,,,,,,,,,,,,,,
,1176,3999.368621464,1778114430.4597895,20,,,,,,,,,,,,,,,,,,4.07799961976707e-06,,,,,,,,,,,,,,,,,,,,,,,,,,
,1177,3999.709307191,1778114430.8004358,20,0.3402365959918825,,,,,,,,,,,,,,,,,,,,,,,,,,,,,,,,,,,,,,,,,,,
,1178,3999.870883256,1778114430.9620118,20,,,,,,,,,,,,,,,,,,,0.5020691749959951,,,,,,,,,,,,,,,,,,,,,,,,,
,1179,4000.962886368,1778114432.0540106,20,,,,,,,,,,,,,,,,,,4.3670006562024355e-06,,,,,,,,,,,,,,,,,,,,,,,,,,
,1180,4001.34971723,1778114432.4409466,20,0.38645171601092443,,,,,,,,,,,,,,,,,,,,,,,,,,,,,,,,,,,,,,,,,,,
,1181,4001.508334614,1778114432.5993626,20,,,,,,,,,,,,,,,,,,,0.5451667690067552,,,,,,,,,,,,,,,,,,,,,,,,,
,1182,4002.652858029,1778114433.7439425,20,,,,,,,,,,,,,,,,,,4.322006134316325e-06,,,,,,,,,,,,,,,,,,,,,,,,,,
,1183,4003.051548672,1778114434.1427674,20,0.39835355400282424,,,,,,,,,,,,,,,,,,,,,,,,,,,,,,,,,,,,,,,,,,,
,1184,4003.202077316,1778114434.2931974,20,,,,,,,,,,,,,,,,,,,0.5490474620019086,,,,,,,,,,,,,,,,,,,,,,,,,
,1185,4004.351578011,1778114435.44271,20,,,,,,,,,,,,,,,,,,4.211004124954343e-06,,,,,,,,,,,,,,,,,,,,,,,,,,
,1186,4004.7269712,1778114435.817964,20,0.37480867200065404,,,,,,,,,,,,,,,,,,,,,,,,,,,,,,,,,,,,,,,,,,,
,1187,4004.902733759,1778114435.993741,20,,,,,,,,,,,,,,,,,,,0.5508847549936036,,,,,,,,,,,,,,,,,,,,,,,,,
,1188,4006.054748492,1778114437.145874,20,,,,,,,,,,,,,,,,,,3.820008714683354e-06,,,,,,,,,,,,,,,,,,,,,,,,,,
,1189,4006.411729931,1778114437.502958,20,0.35667400900274515,,,,,,,,,,,,,,,,,,,,,,,,,,,,,,,,,,,,,,,,,,,
,1190,4006.557260999,1778114437.6483948,20,,,,,,,,,,,,,,,,,,,0.5023372680007014,,,,,,,,,,,,,,,,,,,,,,,,,
,1191,4007.647015995,1778114438.7380116,20,,,,,,,,,,,,,,,,,,3.80899291485548e-06,,,,,,,,,,,,,,,,,,,,,,,,,,
,1192,4007.994003856,1778114439.0852325,20,0.34686192400113214,,,,,,,,,,,,,,,,,,,,,,,,,,,,,,,,,,,,,,,,,,,
,1193,4008.150266358,1778114439.2410653,20,,,,,,,,,,,,,,,,,,,0.5028259770042496,,,,,,,,,,,,,,,,,,,,,,,,,
,1194,4009.24037444,1778114440.3313544,20,,,,,,,,,,,,,,,,,,4.203000571578741e-06,,,,,,,,,,,,,,,,,,,,,,,,,,
,1195,4009.602334663,1778114440.6935637,20,0.3618447709886823,,,,,,,,,,,,,,,,,,,,,,,,,,,,,,,,,,,,,,,,,,,
,1196,4009.743447529,1778114440.8343115,20,,,,,,,,,,,,,,,,,,,0.5027780109958258,,,,,,,,,,,,,,,,,,,,,,,,,
,1197,4010.833469414,1778114441.9242039,20,,,,,,,,,,,,,,,,,,3.7330028135329485e-06,,,,,,,,,,,,,,,,,,,,,,,,,,
,1198,4011.220292666,1778114442.311226,20,0.3866238810005598,,,,,,,,,,,,,,,,,,,,,,,,,,,,,,,,,,,,,,,,,,,
,1199,4011.386242528,1778114442.477377,20,,,,,,,,,,,,,,,,,,,0.5528680690040346,,,,,,,,,,,,,,,,,,,,,,,,,
140.12301597399346,1200,4152.700389848,1778114583.7913833,20,,,,,,,,,,,,,,,,,,,,,,,,,,,,,,,,,,,,,,,,,,,,
,1201,4160.654481456,1778114591.7356052,20,7.898618552004336,,,,,,,,,,,,,,,,,,,,,,,,,,,,,,,,,,,,,,,,,,,
,1202,4161.309655614,1778114592.400682,20,,0.0,0.0,0.0,0.0,0.04375,0.0,0.01836332007749191,0.4806082540017087,0.002427880297942324,0.0,0.024999999999999994,0.0625,0.0,0.013258434888813004,0.057291666666666664,,,,,,,,,,,,,,,,,,,,,,,,,,,,
,1203,4161.309969048,1778114592.4010465,20,,,,,,,,,,,,,,,,,0.481087595995632,,,,,,,,,,,,,,,,,,,,,,,,,,,
,1204,4161.314619583,1778114592.4030285,20,,,,,,,,,,,,,,,,,,148.737226362995,,,,,,,,,,,,,,,,,,,,,,,,,,
,1205,4161.656220251,1778114592.747253,20,0.34396983099577483,,,,,,,,,,,,,,,,,,,,,,,,,,,,,,,,,,,,,,,,,,,
,1206,4161.809479256,1778114592.9005005,20,,,,,,,,,,,,,,,,,,,0.4972824310098076,,,,,,,,,,,,,,,,,,,,,,,,,
,1207,4162.866747161,1778114593.957699,20,,,,,,,,,,,,,,,,,,4.74600528832525e-06,,,,,,,,,,,,,,,,,,,,,,,,,,
,1208,4163.226496591,1778114594.3174877,20,0.35942254700057674,,,,,,,,,,,,,,,,,,,,,,,,,,,,,,,,,,,,,,,,,,,
,1209,4163.401882124,1778114594.4928887,20,,,,,,,,,,,,,,,,,,,0.5350459509936627,,,,,,,,,,,,,,,,,,,,,,,,,
,1210,4164.520421045,1778114595.6114295,20,,,,,,,,,,,,,,,,,,4.072993760928512e-06,,,,,,,,,,,,,,,,,,,,,,,,,,
,1211,4164.860679525,1778114595.9516518,20,0.339778383000521,,,,,,,,,,,,,,,,,,,,,,,,,,,,,,,,,,,,,,,,,,,
,1212,4165.007528049,1778114596.0985281,20,,,,,,,,,,,,,,,,,,,0.486926430996391,,,,,,,,,,,,,,,,,,,,,,,,,
,1213,4166.061513623,1778114597.1524987,20,,,,,,,,,,,,,,,,,,3.960987669415772e-06,,,,,,,,,,,,,,,,,,,,,,,,,,
,1214,4166.391299456,1778114597.4822817,20,0.329345189005835,,,,,,,,,,,,,,,,,,,,,,,,,,,,,,,,,,,,,,,,,,,
,1215,4166.548908808,1778114597.63991,20,,,,,,,,,,,,,,,,,,,0.4872395729908021,,,,,,,,,,,,,,,,,,,,,,,,,
,1216,4167.603143188,1778114598.6940005,20,,,,,,,,,,,,,,,,,,3.862005542032421e-06,,,,,,,,,,,,,,,,,,,,,,,,,,
,1217,4167.982846444,1778114599.0739627,20,0.3796341450070031,,,,,,,,,,,,,,,,,,,,,,,,,,,,,,,,,,,,,,,,,,,
,1218,4168.138396178,1778114599.229516,20,,,,,,,,,,,,,,,,,,,0.535328362006112,,,,,,,,,,,,,,,,,,,,,,,,,
,1219,4169.257483949,1778114600.3484616,20,,,,,,,,,,,,,,,,,,4.050001734867692e-06,,,,,,,,,,,,,,,,,,,,,,,,,,
,1220,4169.590120319,1778114600.6811073,20,0.3320106529863551,,,,,,,,,,,,,,,,,,,,,,,,,,,,,,,,,,,,,,,,,,,
,1221,4169.747514319,1778114600.8386307,20,,,,,,,,,,,,,,,,,,,0.4900060320069315,,,,,,,,,,,,,,,,,,,,,,,,,
,1222,4170.806214894,1778114601.897206,20,,,,,,,,,,,,,,,,,,4.3769978219643235e-06,,,,,,,,,,,,,,,,,,,,,,,,,,
,1223,4171.183233061,1778114602.2743542,20,0.3766829149972182,,,,,,,,,,,,,,,,,,,,,,,,,,,,,,,,,,,,,,,,,,,
,1224,4171.337672077,1778114602.428732,20,,,,,,,,,,,,,,,,,,,0.5313327199983178,,,,,,,,,,,,,,,,,,,,,,,,,
,1225,4172.455129977,1778114603.546197,20,,,,,,,,,,,,,,,,,,4.116998752579093e-06,,,,,,,,,,,,,,,,,,,,,,,,,,
,1226,4172.843886897,1778114603.9348817,20,0.38820985399070196,,,,,,,,,,,,,,,,,,,,,,,,,,,,,,,,,,,,,,,,,,,
,1227,4172.990818579,1778114604.0817027,20,,,,,,,,,,,,,,,,,,,0.5352926470077364,,,,,,,,,,,,,,,,,,,,,,,,,
,1228,4174.108813483,1778114605.199891,20,,,,,,,,,,,,,,,,,,3.918001311831176e-06,,,,,,,,,,,,,,,,,,,,,,,,,,
,1229,4174.504427354,1778114605.5954173,20,0.3950307480117772,,,,,,,,,,,,,,,,,,,,,,,,,,,,,,,,,,,,,,,,,,,
,1230,4174.65178896,1778114605.7428586,20,,,,,,,,,,,,,,,,,,,0.5428058430115925,,,,,,,,,,,,,,,,,,,,,,,,,
,1231,4175.703940687,1778114606.794901,20,,,,,,,,,,,,,,,,,,4.084999090991914e-06,,,,,,,,,,,,,,,,,,,,,,,,,,
,1232,4176.027802581,1778114607.1187997,20,0.3234208610083442,,,,,,,,,,,,,,,,,,,,,,,,,,,,,,,,,,,,,,,,,,,
,1233,4176.189467858,1778114607.2804384,20,,,,,,,,,,,,,,,,,,,0.4853925609932048,,,,,,,,,,,,,,,,,,,,,,,,,
,1234,4177.241143759,1778114608.3322406,20,,,,,,,,,,,,,,,,,,3.948996891267598e-06,,,,,,,,,,,,,,,,,,,,,,,,,,
,1235,4177.615380726,1778114608.7064843,20,0.37377181500778534,,,,,,,,,,,,,,,,,,,,,,,,,,,,,,,,,,,,,,,,,,,
,1236,4177.777950819,1778114608.868787,20,,,,,,,,,,,,,,,,,,,0.5363627290062141,,,,,,,,,,,,,,,,,,,,,,,,,
,1237,4178.897310117,1778114609.9883902,20,,,,,,,,,,,,,,,,,,3.8439902709797025e-06,,,,,,,,,,,,,,,,,,,,,,,,,,
,1238,4179.284014442,1778114610.3750114,20,0.3861844829953043,,,,,,,,,,,,,,,,,,,,,,,,,,,,,,,,,,,,,,,,,,,
,1239,4179.434601848,1778114610.5255694,20,,,,,,,,,,,,,,,,,,,0.536999375995947,,,,,,,,,,,,,,,,,,,,,,,,,
,1240,4180.552456865,1778114611.6435683,20,,,,,,,,,,,,,,,,,,3.9239967009052634e-06,,,,,,,,,,,,,,,,,,,,,,,,,,
,1241,4180.887354954,1778114611.9783683,20,0.3343210960010765,,,,,,,,,,,,,,,,,,,,,,,,,,,,,,,,,,,,,,,,,,,
,1242,4181.038906873,1778114612.1297777,20,,,,,,,,,,,,,,,,,,,0.48604265099857,,,,,,,,,,,,,,,,,,,,,,,,,
,1243,4182.092169496,1778114613.1831465,20,,,,,,,,,,,,,,,,,,3.877998096868396e-06,,,,,,,,,,,,,,,,,,,,,,,,,,
,1244,4182.443866148,1778114613.534969,20,0.351328469987493,,,,,,,,,,,,,,,,,,,,,,,,,,,,,,,,,,,,,,,,,,,
,1245,4182.581514982,1778114613.6725135,20,,,,,,,,,,,,,,,,,,,0.489180076008779,,,,,,,,,,,,,,,,,,,,,,,,,
,1246,4183.642798709,1778114614.7338588,20,,,,,,,,,,,,,,,,,,4.094006726518273e-06,,,,,,,,,,,,,,,,,,,,,,,,,,
,1247,4184.020240569,1778114615.1113977,20,0.3769862000044668,,,,,,,,,,,,,,,,,,,,,,,,,,,,,,,,,,,,,,,,,,,
,1248,4184.18047391,1778114615.2715528,20,,,,,,,,,,,,,,,,,,,0.5374476760043763,,,,,,,,,,,,,,,,,,,,,,,,,
,1249,4185.301133551,1778114616.392231,20,,,,,,,,,,,,,,,,,,5.552006768994033e-06,,,,,,,,,,,,,,,,,,,,,,,,,,
,1250,4185.683460868,1778114616.7746637,20,0.38186039599531796,,,,,,,,,,,,,,,,,,,,,,,,,,,,,,,,,,,,,,,,,,,
,1251,4185.835874567,1778114616.9269621,20,,,,,,,,,,,,,,,,,,,0.5345465339923976,,,,,,,,,,,,,,,,,,,,,,,,,
141.95813683301094,1252,4328.947493842,1778114760.0385308,20,,,,,,,,,,,,,,,,,,,,,,,,,,,,,,,,,,,,,,,,,,,,
,1253,4337.114290326,1778114768.195255,20,8.111496383004123,,,,,,,,,,,,,,,,,,,,,,,,,,,,,,,,,,,,,,,,,,,
,1254,4337.579201577,1778114768.6689246,20,,0.010517312440919246,0.0,0.0,0.0,0.0625,0.0,0.01836332007749191,0.2845267680095276,0.00048166216855644674,0.0,0.05,0.0625,0.0,0.02121397436534432,0.05952380952380952,,,,,,,,,,,,,,,,,,,,,,,,,,,,
,1255,4337.579240287,1778114768.6692336,20,,,,,,,,,,,,,,,,,0.2849409860064043,,,,,,,,,,,,,,,,,,,,,,,,,,,
,1256,4337.580141833,1778114768.6709623,20,,,,,,,,,,,,,,,,,,150.5930236599961,,,,,,,,,,,,,,,,,,,,,,,,,,
,1257,4337.962201168,1778114769.0533118,20,0.38210261600033846,,,,,,,,,,,,,,,,,,,,,,,,,,,,,,,,,,,,,,,,,,,
,1258,4338.142326297,1778114769.233276,20,,,,,,,,,,,,,,,,,,,0.5621381149976514,,,,,,,,,,,,,,,,,,,,,,,,,
,1259,4339.289699912,1778114770.3808093,20,,,,,,,,,,,,,,,,,,3.937006113119423e-06,,,,,,,,,,,,,,,,,,,,,,,,,,
,1260,4339.681791002,1778114770.7727118,20,0.3914637150010094,,,,,,,,,,,,,,,,,,,,,,,,,,,,,,,,,,,,,,,,,,,
,1261,4339.823411523,1778114770.9143105,20,,,,,,,,,,,,,,,,,,,0.5332695649995003,,,,,,,,,,,,,,,,,,,,,,,,,
,1262,4340.91004872,1778114772.0010366,20,,,,,,,,,,,,,,,,,,3.932000254280865e-06,,,,,,,,,,,,,,,,,,,,,,,,,,
,1263,4341.265602467,1778114772.3565726,20,0.35500517999753356,,,,,,,,,,,,,,,,,,,,,,,,,,,,,,,,,,,,,,,,,,,
,1264,4341.413481704,1778114772.5045938,20,,,,,,,,,,,,,,,,,,,0.5033615840075072,,,,,,,,,,,,,,,,,,,,,,,,,
,1265,4342.501610151,1778114773.592721,20,,,,,,,,,,,,,,,,,,4.3109903344884515e-06,,,,,,,,,,,,,,,,,,,,,,,,,,
,1266,4342.871099171,1778114773.9621663,20,0.36900620101368986,,,,,,,,,,,,,,,,,,,,,,,,,,,,,,,,,,,,,,,,,,,
,1267,4343.052844327,1778114774.1437118,20,,,,,,,,,,,,,,,,,,,0.5508226370002376,,,,,,,,,,,,,,,,,,,,,,,,,
,1268,4344.201291924,1778114775.2923136,20,,,,,,,,,,,,,,,,,,4.4240005081519485e-06,,,,,,,,,,,,,,,,,,,,,,,,,,
,1269,4344.587080558,1778114775.6780295,20,0.3854933959955815,,,,,,,,,,,,,,,,,,,,,,,,,,,,,,,,,,,,,,,,,,,
,1270,4344.752517173,1778114775.8436344,20,,,,,,,,,,,,,,,,,,,0.5511683200020343,,,,,,,,,,,,,,,,,,,,,,,,,
,1271,4345.902200153,1778114776.9932864,20,,,,,,,,,,,,,,,,,,3.7460122257471085e-06,,,,,,,,,,,,,,,,,,,,,,,,,,
,1272,4346.296244658,1778114777.387344,20,0.39358584200090263,,,,,,,,,,,,,,,,,,,,,,,,,,,,,,,,,,,,,,,,,,,
,1273,4346.453601661,1778114777.5446465,20,,,,,,,,,,,,,,,,,,,0.55118492199108,,,,,,,,,,,,,,,,,,,,,,,,,
,1274,4347.600659344,1778114778.6917386,20,,,,,,,,,,,,,,,,,,3.7809950299561024e-06,,,,,,,,,,,,,,,,,,,,,,,,,,
,1275,4347.938527504,1778114779.0296354,20,0.33739147799497005,,,,,,,,,,,,,,,,,,,,,,,,,,,,,,,,,,,,,,,,,,,
,1276,4348.09870678,1778114779.189699,20,,,,,,,,,,,,,,,,,,,0.49772889098676387,,,,,,,,,,,,,,,,,,,,,,,,,
,1277,4349.182041372,1778114780.2731302,20,,,,,,,,,,,,,,,,,,3.8539874367415905e-06,,,,,,,,,,,,,,,,,,,,,,,,,,
,1278,4349.538146984,1778114780.6292686,20,0.35565375299484003,,,,,,,,,,,,,,,,,,,,,,,,,,,,,,,,,,,,,,,,,,,
,1279,4349.684982675,1778114780.7761087,20,,,,,,,,,,,,,,,,,,,0.5027629050018732,,,,,,,,,,,,,,,,,,,,,,,,,
,1280,4350.770798451,1778114781.8618486,20,,,,,,,,,,,,,,,,,,4.37400012742728e-06,,,,,,,,,,,,,,,,,,,,,,,,,,
,1281,4351.121401138,1778114782.2125945,20,0.3502602910011774,,,,,,,,,,,,,,,,,,,,,,,,,,,,,,,,,,,,,,,,,,,
,1282,4351.27536252,1778114782.3662462,20,,,,,,,,,,,,,,,,,,,0.5041724449984031,,,,,,,,,,,,,,,,,,,,,,,,,
,1283,4352.365901421,1778114783.4569774,20,,,,,,,,,,,,,,,,,,3.60699777957052e-06,,,,,,,,,,,,,,,,,,,,,,,,,,
,1284,4352.75785926,1778114783.8489194,20,0.39125207700999454,,,,,,,,,,,,,,,,,,,,,,,,,,,,,,,,,,,,,,,,,,,
,1285,4352.911751361,1778114784.0028749,20,,,,,,,,,,,,,,,,,,,0.5457174170005601,,,,,,,,,,,,,,,,,,,,,,,,,
,1286,4354.057008442,1778114785.1480787,20,,,,,,,,,,,,,,,,,,4.601999535225332e-06,,,,,,,,,,,,,,,,,,,,,,,,,,
,1287,4354.505503646,1778114785.596426,20,0.4478062639973359,,,,,,,,,,,,,,,,,,,,,,,,,,,,,,,,,,,,,,,,,,,
,1288,4354.603951319,1778114785.694962,20,,,,,,,,,,,,,,,,,,,0.5466292069904739,,,,,,,,,,,,,,,,,,,,,,,,,
,1289,4355.694524016,1778114786.7854798,20,,,,,,,,,,,,,,,,,,4.222994903102517e-06,,,,,,,,,,,,,,,,,,,,,,,,,,
,1290,4356.091391912,1778114787.1823647,20,0.39629513800900895,,,,,,,,,,,,,,,,,,,,,,,,,,,,,,,,,,,,,,,,,,,
,1291,4356.24639412,1778114787.337481,20,,,,,,,,,,,,,,,,,,,0.5518326379969949,,,,,,,,,,,,,,,,,,,,,,,,,
,1292,4357.397416018,1778114788.4884076,20,,,,,,,,,,,,,,,,,,4.683999577537179e-06,,,,,,,,,,,,,,,,,,,,,,,,,,
,1293,4357.771005831,1778114788.8619866,20,0.3732260479882825,,,,,,,,,,,,,,,,,,,,,,,,,,,,,,,,,,,,,,,,,,,
,1294,4357.948890939,1778114789.0401373,20,,,,,,,,,,,,,,,,,,,0.5515509010001551,,,,,,,,,,,,,,,,,,,,,,,,,
,1295,4359.098216094,1778114790.1892748,20,,,,,,,,,,,,,,,,,,4.1330058593302965e-06,,,,,,,,,,,,,,,,,,,,,,,,,,
,1296,4359.452806136,1778114790.543918,20,0.35422457200184,,,,,,,,,,,,,,,,,,,,,,,,,,,,,,,,,,,,,,,,,,,
,1297,4359.600462945,1778114790.6913395,20,,,,,,,,,,,,,,,,,,,0.5019089359993814,,,,,,,,,,,,,,,,,,,,,,,,,
,1298,4360.710559653,1778114791.8014896,20,,,,,,,,,,,,,,,,,,4.174013156443834e-06,,,,,,,,,,,,,,,,,,,,,,,,,,
,1299,4361.07833886,1778114792.1693423,20,0.3675574419903569,,,,,,,,,,,,,,,,,,,,,,,,,,,,,,,,,,,,,,,,,,,
,1300,4361.258252982,1778114792.3492496,20,,,,,,,,,,,,,,,,,,,0.5475450300000375,,,,,,,,,,,,,,,,,,,,,,,,,
,1301,4362.402005643,1778114793.493007,20,,,,,,,,,,,,,,,,,,4.161993274465203e-06,,,,,,,,,,,,,,,,,,,,,,,,,,
,1302,4362.7524845,1778114793.8435857,20,0.3501435579964891,,,,,,,,,,,,,,,,,,,,,,,,,,,,,,,,,,,,,,,,,,,
,1303,4362.903475808,1778114793.9944544,20,,,,,,,,,,,,,,,,,,,0.5012827870086767,,,,,,,,,,,,,,,,,,,,,,,,,
,1304,4364.008492662,1778114795.099581,25,,,,,,,,,,,,,,,,,,,,0.09235412623675074,0.0,84.8,0.05066932642948814,0.0,173.4365673627879,0.012688173861533869,552689.0,28690.29621179887,84.8,1147.630859375,0.8392866253852844,494.4,0.0,4.995066821070679e-07,0.0,978.125,0.004337265787647467,0.012688173861533869,0.5,84.8,0.95,0.0,0.0506693234492559,1024.0
142.6327570959984,1305,4506.665817205,1778114937.756885,25,,,,,,,,,,,,,,,,,,,,,,,,,,,,,,,,,,,,,,,,,,,,
,1306,4514.966575424,1778114946.0476258,25,8.247336680011358,,,,,,,,,,,,,,,,,,,,,,,,,,,,,,,,,,,,,,,,,,,
,1307,4515.418203787,1778114946.5080807,25,,0.010517312440919246,0.0,0.0,0.0,0.0625,0.0,0.01836332007749191,0.31690741700003855,0.00048166216855644674,0.0,0.05,0.0625,0.0,0.02121397436534432,0.05952380952380952,,,,,,,,,,,,,,,,,,,,,,,,,,,,
,1308,4515.418242758,1778114946.5083904,25,,,,,,,,,,,,,,,,,0.3173247150116367,,,,,,,,,,,,,,,,,,,,,,,,,,,
,1309,4515.419116502,1778114946.510081,25,,,,,,,,,,,,,,,,,,151.38859400698857,,,,,,,,,,,,,,,,,,,,,,,,,,
,1310,4515.79849335,1778114946.8895385,25,0.3791720220033312,,,,,,,,,,,,,,,,,,,,,,,,,,,,,,,,,,,,,,,,,,,
,1311,4515.976604918,1778114947.0676038,25,,,,,,,,,,,,,,,,,,,0.5573505049978849,,,,,,,,,,,,,,,,,,,,,,,,,
,1312,4517.065264645,1778114948.1562414,25,,,,,,,,,,,,,,,,,,3.7669960875064135e-06,,,,,,,,,,,,,,,,,,,,,,,,,,
,1313,4517.461379235,1778114948.5524504,25,0.3955971410032362,,,,,,,,,,,,,,,,,,,,,,,,,,,,,,,,,,,,,,,,,,,
,1314,4517.615673804,1778114948.7066681,25,,,,,,,,,,,,,,,,,,,0.5502207760000601,,,,,,,,,,,,,,,,,,,,,,,,,
,1315,4518.775389773,1778114949.866265,25,,,,,,,,,,,,,,,,,,6.860995199531317e-06,,,,,,,,,,,,,,,,,,,,,,,,,,
,1316,4519.121705111,1778114950.212932,25,0.34595658899343107,,,,,,,,,,,,,,,,,,,,,,,,,,,,,,,,,,,,,,,,,,,
,1317,4519.277871656,1778114950.3688881,25,,,,,,,,,,,,,,,,,,,0.5023638879938517,,,,,,,,,,,,,,,,,,,,,,,,,
,1318,4520.365332221,1778114951.4563718,25,,,,,,,,,,,,,,,,,,3.7010031519457698e-06,,,,,,,,,,,,,,,,,,,,,,,,,,
,1319,4520.782858758,1778114951.8740623,25,0.41729655899689533,,,,,,,,,,,,,,,,,,,,,,,,,,,,,,,,,,,,,,,,,,,
,1320,4520.903681922,1778114951.994896,25,,,,,,,,,,,,,,,,,,,0.5383320000109961,,,,,,,,,,,,,,,,,,,,,,,,,
,1321,4521.991049858,1778114953.0820909,25,,,,,,,,,,,,,,,,,,4.178989911451936e-06,,,,,,,,,,,,,,,,,,,,,,,,,,
,1322,4522.375713851,1778114953.4668374,25,0.3843500229995698,,,,,,,,,,,,,,,,,,,,,,,,,,,,,,,,,,,,,,,,,,,
,1323,4522.541159409,1778114953.6321828,25,,,,,,,,,,,,,,,,,,,0.5499175889999606,,,,,,,,,,,,,,,,,,,,,,,,,
,1324,4523.693091427,1778114954.784072,25,,,,,,,,,,,,,,,,,,3.948007361032069e-06,,,,,,,,,,,,,,,,,,,,,,,,,,
,1325,4524.084105831,1778114955.1752234,25,0.3907181459944695,,,,,,,,,,,,,,,,,,,,,,,,,,,,,,,,,,,,,,,,,,,
,1326,4524.239951656,1778114955.3310893,25,,,,,,,,,,,,,,,,,,,0.5467951099999482,,,,,,,,,,,,,,,,,,,,,,,,,
,1327,4525.332916065,1778114956.4239745,25,,,,,,,,,,,,,,,,,,3.846987965516746e-06,,,,,,,,,,,,,,,,,,,,,,,,,,
,1328,4525.699840477,1778114956.7910306,25,0.36653794899757486,,,,,,,,,,,,,,,,,,,,,,,,,,,,,,,,,,,,,,,,,,,
,1329,4525.877333867,1778114956.9682162,25,,,,,,,,,,,,,,,,,,,0.5439640080003301,,,,,,,,,,,,,,,,,,,,,,,,,
,1330,4527.022202076,1778114958.1133401,25,,,,,,,,,,,,,,,,,,3.7680001696571708e-06,,,,,,,,,,,,,,,,,,,,,,,,,,
,1331,4527.399547636,1778114958.4906151,25,0.37670985200384166,,,,,,,,,,,,,,,,,,,,,,,,,,,,,,,,,,,,,,,,,,,
,1332,4527.575210099,1778114958.6662035,25,,,,,,,,,,,,,,,,,,,0.5526768410054501,,,,,,,,,,,,,,,,,,,,,,,,,
,1333,4528.725806074,1778114959.8169184,25,,,,,,,,,,,,,,,,,,3.568013198673725e-06,,,,,,,,,,,,,,,,,,,,,,,,,,
,1334,4529.082925347,1778114960.1738966,25,0.3564219849940855,,,,,,,,,,,,,,,,,,,,,,,,,,,,,,,,,,,,,,,,,,,
,1335,4529.228889741,1778114960.3199077,25,,,,,,,,,,,,,,,,,,,0.5027814479981316,,,,,,,,,,,,,,,,,,,,,,,,,
,1336,4530.317644278,1778114961.4085426,25,,,,,,,,,,,,,,,,,,4.7140056267380714e-06,,,,,,,,,,,,,,,,,,,,,,,,,,
,1337,4530.666263509,1778114961.7572985,25,0.34810457899584435,,,,,,,,,,,,,,,,,,,,,,,,,,,,,,,,,,,,,,,,,,,
,1338,4530.819874048,1778114961.9108455,25,,,,,,,,,,,,,,,,,,,0.5021154169953661,,,,,,,,,,,,,,,,,,,,,,,,,
,1339,4531.907369786,1778114962.9982908,25,,,,,,,,,,,,,,,,,,3.7270074244588614e-06,,,,,,,,,,,,,,,,,,,,,,,,,,
,1340,4532.300023773,1778114963.3910928,25,0.3924154099950101,,,,,,,,,,,,,,,,,,,,,,,,,,,,,,,,,,,,,,,,,,,
,1341,4532.455190707,1778114963.5462282,25,,,,,,,,,,,,,,,,,,,0.5477779599896166,,,,,,,,,,,,,,,,,,,,,,,,,
,1342,4533.601964717,1778114964.6928687,25,,,,,,,,,,,,,,,,,,3.7489953683689237e-06,,,,,,,,,,,,,,,,,,,,,,,,,,
,1343,4533.978565968,1778114965.0696297,25,0.3763631180045195,,,,,,,,,,,,,,,,,,,,,,,,,,,,,,,,,,,,,,,,,,,
,1344,4534.153741971,1778114965.244838,25,,,,,,,,,,,,,,,,,,,0.5517297170008533,,,,,,,,,,,,,,,,,,,,,,,,,
,1345,4535.304198412,1778114966.3953502,25,,,,,,,,,,,,,,,,,,3.93899972550571e-06,,,,,,,,,,,,,,,,,,,,,,,,,,
,1346,4535.743771888,1778114966.8348806,25,0.43903384199074935,,,,,,,,,,,,,,,,,,,,,,,,,,,,,,,,,,,,,,,,,,,
,1347,4535.880886132,1778114966.971892,25,,,,,,,,,,,,,,,,,,,0.5763895380077884,,,,,,,,,,,,,,,,,,,,,,,,,
,1348,4537.033121711,1778114968.1242468,25,,,,,,,,,,,,,,,,,,4.214001819491386e-06,,,,,,,,,,,,,,,,,,,,,,,,,,
,1349,4537.426356187,1778114968.5174115,25,0.3927047449979,,,,,,,,,,,,,,,,,,,,,,,,,,,,,,,,,,,,,,,,,,,
,1350,4537.579205246,1778114968.6702547,25,,,,,,,,,,,,,,,,,,,0.5458173509978224,,,,,,,,,,,,,,,,,,,,,,,,,
,1351,4538.673369976,1778114969.7644494,25,,,,,,,,,,,,,,,,,,4.0339946281164885e-06,,,,,,,,,,,,,,,,,,,,,,,,,,
,1352,4539.018557888,1778114970.1096568,25,0.34466843599511776,,,,,,,,,,,,,,,,,,,,,,,,,,,,,,,,,,,,,,,,,,,
,1353,4539.174406321,1778114970.2654707,25,,,,,,,,,,,,,,,,,,,0.5008670670067659,,,,,,,,,,,,,,,,,,,,,,,,,
,1354,4540.262529655,1778114971.3535159,25,,,,,,,,,,,,,,,,,,3.822991857305169e-06,,,,,,,,,,,,,,,,,,,,,,,,,,
,1355,4540.625316144,1778114971.7164297,25,0.36223525399691425,,,,,,,,,,,,,,,,,,,,,,,,,,,,,,,,,,,,,,,,,,,
,1356,4540.765199107,1778114971.8562462,25,,,,,,,,,,,,,,,,,,,0.5025423700135434,,,,,,,,,,,,,,,,,,,,,,,,,
140.72948989699944,1357,4682.620159825,1778115113.7111259,25,,,,,,,,,,,,,,,,,,,,,,,,,,,,,,,,,,,,,,,,,,,,
,1358,4690.656296971,1778115121.7373857,25,7.977273960001185,,,,,,,,,,,,,,,,,,,,,,,,,,,,,,,,,,,,,,,,,,,
,1359,4691.109508437,1778115122.2005212,25,,0.0,0.0,0.0,0.0,0.0,0.0,0.0,0.29512143800093327,0.002769494202928453,0.0,0.0,0.0,0.0,0.0,0.0,,,,,,,,,,,,,,,,,,,,,,,,,,,,
,1360,4691.109930548,1778115122.2009192,25,,,,,,,,,,,,,,,,,0.29563065999536775,,,,,,,,,,,,,,,,,,,,,,,,,,,
,1361,4691.111692766,1778115122.2028751,25,,,,,,,,,,,,,,,,,,149.22380614200665,,,,,,,,,,,,,,,,,,,,,,,,,,
,1362,4691.465136281,1778115122.5560691,25,0.35286359299789183,,,,,,,,,,,,,,,,,,,,,,,,,,,,,,,,,,,,,,,,,,,
,1363,4691.619050556,1778115122.7100434,25,,,,,,,,,,,,,,,,,,,0.5069585380115313,,,,,,,,,,,,,,,,,,,,,,,,,
,1364,4692.687129783,1778115123.7782311,25,,,,,,,,,,,,,,,,,,4.179993993602693e-06,,,,,,,,,,,,,,,,,,,,,,,,,,
,1365,4693.047293165,1778115124.1382194,25,0.359538197008078,,,,,,,,,,,,,,,,,,,,,,,,,,,,,,,,,,,,,,,,,,,
,1366,4693.222823495,1778115124.3138323,25,,,,,,,,,,,,,,,,,,,0.5353876450099051,,,,,,,,,,,,,,,,,,,,,,,,,
,1367,4694.345777956,1778115125.4367044,25,,,,,,,,,,,,,,,,,,3.989989636465907e-06,,,,,,,,,,,,,,,,,,,,,,,,,,
,1368,4694.690639693,1778115125.7817602,25,0.344601306002005,,,,,,,,,,,,,,,,,,,,,,,,,,,,,,,,,,,,,,,,,,,
,1369,4694.839075381,1778115125.9300678,25,,,,,,,,,,,,,,,,,,,0.4931498400110286,,,,,,,,,,,,,,,,,,,,,,,,,
,1370,4695.907888732,1778115126.9988496,25,,,,,,,,,,,,,,,,,,3.86299507226795e-06,,,,,,,,,,,,,,,,,,,,,,,,,,
,1371,4696.242172778,1778115127.3332658,25,0.333887336004409,,,,,,,,,,,,,,,,,,,,,,,,,,,,,,,,,,,,,,,,,,,
,1372,4696.401047285,1778115127.4919357,25,,,,,,,,,,,,,,,,,,,0.49294691601244267,,,,,,,,,,,,,,,,,,,,,,,,,
,1373,4697.468929871,1778115128.5597465,25,,,,,,,,,,,,,,,,,,4.509987775236368e-06,,,,,,,,,,,,,,,,,,,,,,,,,,
,1374,4697.849765948,1778115128.9408891,25,0.3808587829989847,,,,,,,,,,,,,,,,,,,,,,,,,,,,,,,,,,,,,,,,,,,
,1375,4698.005605332,1778115129.0966177,25,,,,,,,,,,,,,,,,,,,0.5367244230001234,,,,,,,,,,,,,,,,,,,,,,,,,
,1376,4699.126914238,1778115130.2180378,25,,,,,,,,,,,,,,,,,,3.5800039768218994e-06,,,,,,,,,,,,,,,,,,,,,,,,,,
,1377,4699.542132979,1778115130.6331787,25,0.41465882600459736,,,,,,,,,,,,,,,,,,,,,,,,,,,,,,,,,,,,,,,,,,,
,1378,4699.718207269,1778115130.8092554,25,,,,,,,,,,,,,,,,,,,0.5910434560064459,,,,,,,,,,,,,,,,,,,,,,,,,
,1379,4700.846706576,1778115131.9376822,25,,,,,,,,,,,,,,,,,,4.2570027289912105e-06,,,,,,,,,,,,,,,,,,,,,,,,,,
,1380,4701.212122834,1778115132.3032272,25,0.3649235749908257,,,,,,,,,,,,,,,,,,,,,,,,,,,,,,,,,,,,,,,,,,,
,1381,4701.382632499,1778115132.4736428,25,,,,,,,,,,,,,,,,,,,0.5357887220015982,,,,,,,,,,,,,,,,,,,,,,,,,
,1382,4702.505197759,1778115133.596341,25,,,,,,,,,,,,,,,,,,3.912005922757089e-06,,,,,,,,,,,,,,,,,,,,,,,,,,
,1383,4702.886395325,1778115133.9776154,25,0.3807731220003916,,,,,,,,,,,,,,,,,,,,,,,,,,,,,,,,,,,,,,,,,,,
,1384,4703.042596647,1778115134.133476,25,,,,,,,,,,,,,,,,,,,0.5369731399987359,,,,,,,,,,,,,,,,,,,,,,,,,
,1385,4704.167379927,1778115135.2583802,25,,,,,,,,,,,,,,,,,,3.5140110412612557e-06,,,,,,,,,,,,,,,,,,,,,,,,,,
,1386,4704.555622808,1778115135.6467974,25,0.38800886800163426,,,,,,,,,,,,,,,,,,,,,,,,,,,,,,,,,,,,,,,,,,,
,1387,4704.703563694,1778115135.794564,25,,,,,,,,,,,,,,,,,,,0.536031551004271,,,,,,,,,,,,,,,,,,,,,,,,,
,1388,4705.827392116,1778115136.9183545,25,,,,,,,,,,,,,,,,,,3.5470002330839634e-06,,,,,,,,,,,,,,,,,,,,,,,,,,
,1389,4706.192725042,1778115137.2839262,25,0.36519127200881485,,,,,,,,,,,,,,,,,,,,,,,,,,,,,,,,,,,,,,,,,,,
,1390,4706.362076848,1778115137.4530692,25,,,,,,,,,,,,,,,,,,,0.5345352180011105,,,,,,,,,,,,,,,,,,,,,,,,,
,1391,4707.482905141,1778115138.5738308,25,,,,,,,,,,,,,,,,,,3.6529963836073875e-06,,,,,,,,,,,,,,,,,,,,,,,,,,
,1392,4707.83276423,1778115138.9237766,25,0.34954154399747495,,,,,,,,,,,,,,,,,,,,,,,,,,,,,,,,,,,,,,,,,,,
,1393,4707.97645922,1778115139.0672696,25,,,,,,,,,,,,,,,,,,,0.4932648550020531,,,,,,,,,,,,,,,,,,,,,,,,,
,1394,4709.039545868,1778115140.130521,25,,,,,,,,,,,,,,,,,,4.396002623252571e-06,,,,,,,,,,,,,,,,,,,,,,,,,,
,1395,4709.380247567,1778115140.4712107,25,0.3402416149911005,,,,,,,,,,,,,,,,,,,,,,,,,,,,,,,,,,,,,,,,,,,
,1396,4709.533733593,1778115140.624646,25,,,,,,,,,,,,,,,,,,,0.4939636529888958,,,,,,,,,,,,,,,,,,,,,,,,,
,1397,4710.599656979,1778115141.690693,25,,,,,,,,,,,,,,,,,,3.962995833717287e-06,,,,,,,,,,,,,,,,,,,,,,,,,,
,1398,4710.98536936,1778115142.076584,25,0.3855806720093824,,,,,,,,,,,,,,,,,,,,,,,,,,,,,,,,,,,,,,,,,,,
,1399,4711.136018626,1778115142.2270408,25,,,,,,,,,,,,,,,,,,,0.5361784850101685,,,,,,,,,,,,,,,,,,,,,,,,,
,1400,4712.257887702,1778115143.3489697,25,,,,,,,,,,,,,,,,,,4.161003744229674e-06,,,,,,,,,,,,,,,,,,,,,,,,,,
,1401,4712.745052776,1778115143.8362079,25,0.486623447999591,,,,,,,,,,,,,,,,,,,,,,,,,,,,,,,,,,,,,,,,,,,
,1402,4712.776698326,1778115143.867921,25,,,,,,,,,,,,,,,,,,,0.518776084005367,,,,,,,,,,,,,,,,,,,,,,,,,
,1403,4713.840604032,1778115144.9317033,25,,,,,,,,,,,,,,,,,,4.421002813614905e-06,,,,,,,,,,,,,,,,,,,,,,,,,,
,1404,4714.193813771,1778115145.2850194,25,0.3528900459932629,,,,,,,,,,,,,,,,,,,,,,,,,,,,,,,,,,,,,,,,,,,
,1405,4714.33118879,1778115145.4220705,25,,,,,,,,,,,,,,,,,,,0.4901819950027857,,,,,,,,,,,,,,,,,,,,,,,,,
,1406,4715.39424709,1778115146.4852214,25,,,,,,,,,,,,,,,,,,4.292989615350962e-06,,,,,,,,,,,,,,,,,,,,,,,,,,
,1407,4715.739535846,1778115146.8306434,25,0.3451929129951168,,,,,,,,,,,,,,,,,,,,,,,,,,,,,,,,,,,,,,,,,,,
,1408,4715.888509315,1778115146.9796145,25,,,,,,,,,,,,,,,,,,,0.494238111001323,,,,,,,,,,,,,,,,,,,,,,,,,
141.74415071000112,1409,4858.737209254,1778115289.8282504,25,,,,,,,,,,,,,,,,,,,,,,,,,,,,,,,,,,,,,,,,,,,,
,1410,4866.893855478,1778115297.974763,25,8.088313985994319,,,,,,,,,,,,,,,,,,,,,,,,,,,,,,,,,,,,,,,,,,,
,1411,4867.337295899,1778115298.4271595,25,,0.010517312440919246,0.0,0.0,0.0,0.0625,0.0,0.01836332007749191,0.2896662910061423,0.0017484552677881596,0.0,0.05,0.0625,0.0,0.02121397436534432,0.05952380952380952,,,,,,,,,,,,,,,,,,,,,,,,,,,,
,1412,4867.33734251,1778115298.4275203,25,,,,,,,,,,,,,,,,,0.2901263929961715,,,,,,,,,,,,,,,,,,,,,,,,,,,
,1413,4867.341115177,1778115298.432332,25,,,,,,,,,,,,,,,,,,150.35060750500998,,,,,,,,,,,,,,,,,,,,,,,,,,
,1414,4867.699219839,1778115298.7903438,25,0.3577168089977931,,,,,,,,,,,,,,,,,,,,,,,,,,,,,,,,,,,,,,,,,,,
,1415,4867.851961224,1778115298.9430776,25,,,,,,,,,,,,,,,,,,,0.5105478470068192,,,,,,,,,,,,,,,,,,,,,,,,,
,1416,4868.924333317,1778115300.0154037,25,,,,,,,,,,,,,,,,,,4.6539935283362865e-06,,,,,,,,,,,,,,,,,,,,,,,,,,
,1417,4869.307615245,1778115300.3987086,25,0.38261546099965926,,,,,,,,,,,,,,,,,,,,,,,,,,,,,,,,,,,,,,,,,,,
,1418,4869.470882357,1778115300.56198,25,,,,,,,,,,,,,,,,,,,0.5464104980055708,,,,,,,,,,,,,,,,,,,,,,,,,
,1419,4870.605704752,1778115301.6966703,25,,,,,,,,,,,,,,,,,,4.262998118065298e-06,,,,,,,,,,,,,,,,,,,,,,,,,,
,1420,4870.971321118,1778115302.0624926,25,0.3655559359904146,,,,,,,,,,,,,,,,,,,,,,,,,,,,,,,,,,,,,,,,,,,
,1421,4871.152399518,1778115302.2434697,25,,,,,,,,,,,,,,,,,,,0.5466264330025297,,,,,,,,,,,,,,,,,,,,,,,,,
,1422,4872.288337222,1778115303.3794563,25,,,,,,,,,,,,,,,,,,3.975001163780689e-06,,,,,,,,,,,,,,,,,,,,,,,,,,
,1423,4872.64175134,1778115303.7329032,25,0.352927586005535,,,,,,,,,,,,,,,,,,,,,,,,,,,,,,,,,,,,,,,,,,,
,1424,4872.78601819,1778115303.8770738,25,,,,,,,,,,,,,,,,,,,0.49741979500686284,,,,,,,,,,,,,,,,,,,,,,,,,
,1425,4873.860645667,1778115304.9516265,25,,,,,,,,,,,,,,,,,,3.697001375257969e-06,,,,,,,,,,,,,,,,,,,,,,,,,,
,1426,4874.210232091,1778115305.3014367,25,0.3491380549967289,,,,,,,,,,,,,,,,,,,,,,,,,,,,,,,,,,,,,,,,,,,
,1427,4874.358717484,1778115305.449704,25,,,,,,,,,,,,,,,,,,,0.4978965820046142,,,,,,,,,,,,,,,,,,,,,,,,,
,1428,4875.43282279,1778115306.5238457,25,,,,,,,,,,,,,,,,,,6.4119958551600575e-06,,,,,,,,,,,,,,,,,,,,,,,,,,
,1429,4875.776524555,1778115306.867668,25,0.34334005099663045,,,,,,,,,,,,,,,,,,,,,,,,,,,,,,,,,,,,,,,,,,,
,1430,4875.930958519,1778115307.0219357,25,,,,,,,,,,,,,,,,,,,0.49786746900645085,,,,,,,,,,,,,,,,,,,,,,,,,
,1431,4877.003370834,1778115308.0944512,25,,,,,,,,,,,,,,,,,,3.954992280341685e-06,,,,,,,,,,,,,,,,,,,,,,,,,,
,1432,4877.522792194,1778115308.6137152,25,0.5187401479925029,,,,,,,,,,,,,,,,,,,,,,,,,,,,,,,,,,,,,,,,,,,
,1433,4877.590501597,1778115308.6814804,25,,,,,,,,,,,,,,,,,,,0.5868394129938679,,,,,,,,,,,,,,,,,,,,,,,,,
,1434,4878.725197166,1778115309.8162477,25,,,,,,,,,,,,,,,,,,4.621004336513579e-06,,,,,,,,,,,,,,,,,,,,,,,,,,
,1435,4879.110488994,1778115310.2017117,25,0.38493651599856094,,,,,,,,,,,,,,,,,,,,,,,,,,,,,,,,,,,,,,,,,,,
,1436,4879.271176635,1778115310.3620431,25,,,,,,,,,,,,,,,,,,,0.5455599900014931,,,,,,,,,,,,,,,,,,,,,,,,,
,1437,4880.403287515,1778115311.4942713,25,,,,,,,,,,,,,,,,,,4.354995326139033e-06,,,,,,,,,,,,,,,,,,,,,,,,,,
,1438,4880.744409055,1778115311.8354836,25,0.34082541200041305,,,,,,,,,,,,,,,,,,,,,,,,,,,,,,,,,,,,,,,,,,,
,1439,4880.901290943,1778115311.9922836,25,,,,,,,,,,,,,,,,,,,0.4978594950080151,,,,,,,,,,,,,,,,,,,,,,,,,
,1440,4881.975517039,1778115313.0665667,25,,,,,,,,,,,,,,,,,,3.76399839296937e-06,,,,,,,,,,,,,,,,,,,,,,,,,,
,1441,4882.311812751,1778115313.4029133,25,0.3357881859992631,,,,,,,,,,,,,,,,,,,,,,,,,,,,,,,,,,,,,,,,,,,
,1442,4882.475123709,1778115313.5660048,25,,,,,,,,,,,,,,,,,,,0.4992085019912338,,,,,,,,,,,,,,,,,,,,,,,,,
,1443,4883.549077661,1778115314.640021,25,,,,,,,,,,,,,,,,,,3.884008037857711e-06,,,,,,,,,,,,,,,,,,,,,,,,,,
,1444,4883.907597416,1778115314.9985898,25,0.35814293500152417,,,,,,,,,,,,,,,,,,,,,,,,,,,,,,,,,,,,,,,,,,,
,1445,4884.047536533,1778115315.1384952,25,,,,,,,,,,,,,,,,,,,0.4982673899939982,,,,,,,,,,,,,,,,,,,,,,,,,
,1446,4885.118774983,1778115316.2096565,25,,,,,,,,,,,,,,,,,,3.7249992601573467e-06,,,,,,,,,,,,,,,,,,,,,,,,,,
,1447,4885.50593397,1778115316.5969083,25,0.38702195198857225,,,,,,,,,,,,,,,,,,,,,,,,,,,,,,,,,,,,,,,,,,,
,1448,4885.666104153,1778115316.756968,25,,,,,,,,,,,,,,,,,,,0.5471489729970926,,,,,,,,,,,,,,,,,,,,,,,,,
,1449,4886.802150459,1778115317.8931253,25,,,,,,,,,,,,,,,,,,3.88499756809324e-06,,,,,,,,,,,,,,,,,,,,,,,,,,
,1450,4887.165489928,1778115318.2564723,25,0.3626758519967552,,,,,,,,,,,,,,,,,,,,,,,,,,,,,,,,,,,,,,,,,,,
,1451,4887.344422821,1778115318.435327,25,,,,,,,,,,,,,,,,,,,0.5420204279944301,,,,,,,,,,,,,,,,,,,,,,,,,
,1452,4888.47250085,1778115319.563482,25,,,,,,,,,,,,,,,,,,4.59399598184973e-06,,,,,,,,,,,,,,,,,,,,,,,,,,
,1453,4888.825503936,1778115319.91649,25,0.35238711300189607,,,,,,,,,,,,,,,,,,,,,,,,,,,,,,,,,,,,,,,,,,,
,1454,4888.970726008,1778115320.0616097,25,,,,,,,,,,,,,,,,,,,0.4979627340071602,,,,,,,,,,,,,,,,,,,,,,,,,
,1455,4890.04363924,1778115321.1346807,25,,,,,,,,,,,,,,,,,,4.226996679790318e-06,,,,,,,,,,,,,,,,,,,,,,,,,,
,1456,4890.427283576,1778115321.51845,25,0.38313972399919294,,,,,,,,,,,,,,,,,,,,,,,,,,,,,,,,,,,,,,,,,,,
,1457,4890.591368721,1778115321.6824284,25,,,,,,,,,,,,,,,,,,,0.5475534699944546,,,,,,,,,,,,,,,,,,,,,,,,,
,1458,4891.729375267,1778115322.8204374,25,,,,,,,,,,,,,,,,,,4.503002855926752e-06,,,,,,,,,,,,,,,,,,,,,,,,,,
,1459,4892.10484957,1778115323.1958094,25,0.3749297020112863,,,,,,,,,,,,,,,,,,,,,,,,,,,,,,,,,,,,,,,,,,,
,1460,4892.272833601,1778115323.3638494,25,,,,,,,,,,,,,,,,,,,0.5432113820133964,,,,,,,,,,,,,,,,,,,,,,,,,
141.12227154200082,1461,5034.567837363,1778115465.658894,25,,,,,,,,,,,,,,,,,,,,,,,,,,,,,,,,,,,,,,,,,,,,
,1462,5042.659076004,1778115473.7400138,25,8.037657155000488,,,,,,,,,,,,,,,,,,,,,,,,,,,,,,,,,,,,,,,,,,,
,1463,5042.801908121,1778115473.8930657,25,,0.0,0.0,0.0,0.0,0.0,0.0,0.0,0.0014509100001305342,0.0,0.0,0.0,0.0,0.0,0.0,0.0,,,,,,,,,,,,,,,,,,,,,,,,,,,,
,1464,5042.802090867,1778115473.8933787,25,,,,,,,,,,,,,,,,,0.0018669249984668568,,,,,,,,,,,,,,,,,,,,,,,,,,,
,1465,5042.803731837,1778115473.894992,25,,,,,,,,,,,,,,,,,,149.3608588520001,,,,,,,,,,,,,,,,,,,,,,,,,,
,1466,5043.244759395,1778115474.3357828,25,0.4405364589911187,,,,,,,,,,,,,,,,,,,,,,,,,,,,,,,,,,,,,,,,,,,
,1467,5043.398773482,1778115474.489857,25,,,,,,,,,,,,,,,,,,,0.594694757994148,,,,,,,,,,,,,,,,,,,,,,,,,
,1468,5044.461126022,1778115475.5519888,25,,,,,,,,,,,,,,,,,,4.518995410762727e-06,,,,,,,,,,,,,,,,,,,,,,,,,,
,1469,5044.822991891,1778115475.9140515,25,0.3616584809933556,,,,,,,,,,,,,,,,,,,,,,,,,,,,,,,,,,,,,,,,,,,
,1470,5044.999496246,1778115476.0905986,25,,,,,,,,,,,,,,,,,,,0.5384372179978527,,,,,,,,,,,,,,,,,,,,,,,,,
,1471,5046.128183832,1778115477.219242,25,,,,,,,,,,,,,,,,,,5.219000740908086e-06,,,,,,,,,,,,,,,,,,,,,,,,,,
,1472,5046.505322323,1778115477.596364,25,0.3765290930023184,,,,,,,,,,,,,,,,,,,,,,,,,,,,,,,,,,,,,,,,,,,
,1473,5046.667452751,1778115477.7585635,25,,,,,,,,,,,,,,,,,,,0.5391589299979387,,,,,,,,,,,,,,,,,,,,,,,,,
,1474,5047.791933211,1778115478.883077,25,,,,,,,,,,,,,,,,,,4.344998160377145e-06,,,,,,,,,,,,,,,,,,,,,,,,,,
,1475,5048.148531478,1778115479.2396135,25,0.3559926839952823,,,,,,,,,,,,,,,,,,,,,,,,,,,,,,,,,,,,,,,,,,,
,1476,5048.286356892,1778115479.377378,25,,,,,,,,,,,,,,,,,,,0.49413353999261744,,,,,,,,,,,,,,,,,,,,,,,,,
,1477,5049.350557116,1778115480.4415672,25,,,,,,,,,,,,,,,,,,4.2750034481287e-06,,,,,,,,,,,,,,,,,,,,,,,,,,
,1478,5049.728205157,1778115480.819188,25,0.3770905249984935,,,,,,,,,,,,,,,,,,,,,,,,,,,,,,,,,,,,,,,,,,,
,1479,5049.890488699,1778115480.981569,25,,,,,,,,,,,,,,,,,,,0.5396941829967545,,,,,,,,,,,,,,,,,,,,,,,,,
,1480,5051.019300341,1778115482.1102703,25,,,,,,,,,,,,,,,,,,3.921988536603749e-06,,,,,,,,,,,,,,,,,,,,,,,,,,
,1481,5051.401610828,1778115482.4928253,25,0.3820929150097072,,,,,,,,,,,,,,,,,,,,,,,,,,,,,,,,,,,,,,,,,,,
,1482,5051.554745113,1778115482.6456833,25,,,,,,,,,,,,,,,,,,,0.5351974660006817,,,,,,,,,,,,,,,,,,,,,,,,,
,1483,5052.620805193,1778115483.711912,25,,,,,,,,,,,,,,,,,,3.788998583331704e-06,,,,,,,,,,,,,,,,,,,,,,,,,,
,1484,5052.984842893,1778115484.0759056,25,0.3633089189970633,,,,,,,,,,,,,,,,,,,,,,,,,,,,,,,,,,,,,,,,,,,
,1485,5053.16096651,1778115484.2519758,25,,,,,,,,,,,,,,,,,,,0.5398798879905371,,,,,,,,,,,,,,,,,,,,,,,,,
,1486,5054.288692158,1778115485.3797576,25,,,,,,,,,,,,,,,,,,4.401008482091129e-06,,,,,,,,,,,,,,,,,,,,,,,,,,
,1487,5054.633973941,1778115485.725149,25,0.34475195800769143,,,,,,,,,,,,,,,,,,,,,,,,,,,,,,,,,,,,,,,,,,,
,1488,5054.782792521,1778115485.873809,25,,,,,,,,,,,,,,,,,,,0.4938656419981271,,,,,,,,,,,,,,,,,,,,,,,,,
,1489,5055.847423358,1778115486.9384289,25,,,,,,,,,,,,,,,,,,3.7949939724057913e-06,,,,,,,,,,,,,,,,,,,,,,,,,,
,1490,5056.240093693,1778115487.3311768,25,0.3920987429883098,,,,,,,,,,,,,,,,,,,,,,,,,,,,,,,,,,,,,,,,,,,
,1491,5056.387333835,1778115487.4782095,25,,,,,,,,,,,,,,,,,,,0.5395070329977898,,,,,,,,,,,,,,,,,,,,,,,,,
,1492,5057.513655787,1778115488.6047525,25,,,,,,,,,,,,,,,,,,4.215005901642144e-06,,,,,,,,,,,,,,,,,,,,,,,,,,
,1493,5057.957339993,1778115489.048218,25,0.44286517199361697,,,,,,,,,,,,,,,,,,,,,,,,,,,,,,,,,,,,,,,,,,,
,1494,5058.106959601,1778115489.197918,25,,,,,,,,,,,,,,,,,,,0.5929803420003736,,,,,,,,,,,,,,,,,,,,,,,,,
,1495,5059.168372129,1778115490.2594445,25,,,,,,,,,,,,,,,,,,4.016997991129756e-06,,,,,,,,,,,,,,,,,,,,,,,,,,
,1496,5059.501351739,1778115490.5922816,25,0.3323798299970804,,,,,,,,,,,,,,,,,,,,,,,,,,,,,,,,,,,,,,,,,,,
,1497,5059.661637957,1778115490.7526941,25,,,,,,,,,,,,,,,,,,,0.49303572899952997,,,,,,,,,,,,,,,,,,,,,,,,,
,1498,5060.724180684,1778115491.815293,25,,,,,,,,,,,,,,,,,,4.6100030886009336e-06,,,,,,,,,,,,,,,,,,,,,,,,,,
,1499,5061.098306334,1778115492.189425,25,0.37367876899952535,,,,,,,,,,,,,,,,,,,,,,,,,,,,,,,,,,,,,,,,,,,
,1500,5061.260073597,1778115492.3511786,25,,,,,,,,,,,,,,,,,,,0.535671170000569,,,,,,,,,,,,,,,,,,,,,,,,,
,1501,5062.328223659,1778115493.4193618,25,,,,,,,,,,,,,,,,,,4.1530001908540726e-06,,,,,,,,,,,,,,,,,,,,,,,,,,
,1502,5062.713086373,1778115493.8041646,25,0.3842983150098007,,,,,,,,,,,,,,,,,,,,,,,,,,,,,,,,,,,,,,,,,,,
,1503,5062.863700976,1778115493.9547925,25,,,,,,,,,,,,,,,,,,,0.5352585590007948,,,,,,,,,,,,,,,,,,,,,,,,,
,1504,5063.933341305,1778115495.024455,25,,,,,,,,,,,,,,,,,,3.6949932109564543e-06,,,,,,,,,,,,,,,,,,,,,,,,,,
,1505,5064.272631607,1778115495.3637626,25,0.33885082200868055,,,,,,,,,,,,,,,,,,,,,,,,,,,,,,,,,,,,,,,,,,,
,1506,5064.426099326,1778115495.5171402,25,,,,,,,,,,,,,,,,,,,0.49252146200160496,,,,,,,,,,,,,,,,,,,,,,,,,
,1507,5065.48968566,1778115496.5807323,25,,,,,,,,,,,,,,,,,,3.861001459881663e-06,,,,,,,,,,,,,,,,,,,,,,,,,,
,1508,5065.844901386,1778115496.9361625,25,0.3550307349942159,,,,,,,,,,,,,,,,,,,,,,,,,,,,,,,,,,,,,,,,,,,
,1509,5065.983328458,1778115497.074397,25,,,,,,,,,,,,,,,,,,,0.49349998400430195,,,,,,,,,,,,,,,,,,,,,,,,,
,1510,5067.047888146,1778115498.139044,25,,,,,,,,,,,,,,,,,,4.196001100353897e-06,,,,,,,,,,,,,,,,,,,,,,,,,,
,1511,5067.423064645,1778115498.5142696,25,0.37478470399219077,,,,,,,,,,,,,,,,,,,,,,,,,,,,,,,,,,,,,,,,,,,
,1512,5067.583400431,1778115498.674445,25,,,,,,,,,,,,,,,,,,,0.5352263739914633,,,,,,,,,,,,,,,,,,,,,,,,,
138.66066342899285,1513,5207.40235528,1778115638.493347,25,,,,,,,,,,,,,,,,,,,,,,,,,,,,,,,,,,,,,,,,,,,,
,1514,5215.266413593,1778115646.3474512,25,7.810326471997541,,,,,,,,,,,,,,,,,,,,,,,,,,,,,,,,,,,,,,,,,,,
,1515,5215.784810956,1778115646.8758404,25,,0.0,0.0,0.0,0.0,0.0,0.0,0.0,0.34533968499454204,0.004780923751417417,0.0,0.0,0.0,0.0,0.0,0.0,,,,,,,,,,,,,,,,,,,,,,,,,,,,
,1516,5215.787726147,1778115646.8784502,25,,,,,,,,,,,,,,,,,0.34805043099913746,,,,,,,,,,,,,,,,,,,,,,,,,,,
,1517,5215.789863646,1778115646.8810399,25,,,,,,,,,,,,,,,,,,147.05093421699712,,,,,,,,,,,,,,,,,,,,,,,,,,
,1518,5216.128270877,1778115647.2193847,25,0.33800653299840633,,,,,,,,,,,,,,,,,,,,,,,,,,,,,,,,,,,,,,,,,,,
,1519,5216.278768519,1778115647.3699253,25,,,,,,,,,,,,,,,,,,,0.48868287600635085,,,,,,,,,,,,,,,,,,,,,,,,,
,1520,5217.316985529,1778115648.4081137,25,,,,,,,,,,,,,,,,,,4.268993507139385e-06,,,,,,,,,,,,,,,,,,,,,,,,,,
,1521,5217.832204651,1778115648.9232469,25,0.5147505470085889,,,,,,,,,,,,,,,,,,,,,,,,,,,,,,,,,,,,,,,,,,,
,1522,5217.846566746,1778115648.9377632,25,,,,,,,,,,,,,,,,,,,0.5294881480076583,,,,,,,,,,,,,,,,,,,,,,,,,
,1523,5218.882401753,1778115649.9735081,25,,,,,,,,,,,,,,,,,,4.589994205161929e-06,,,,,,,,,,,,,,,,,,,,,,,,,,
,1524,5219.230580876,1778115650.3217535,25,0.3476264990022173,,,,,,,,,,,,,,,,,,,,,,,,,,,,,,,,,,,,,,,,,,,
,1525,5219.365504154,1778115650.456491,25,,,,,,,,,,,,,,,,,,,0.48278758399828803,,,,,,,,,,,,,,,,,,,,,,,,,
,1526,5220.406390754,1778115651.4973547,25,,,,,,,,,,,,,,,,,,4.699002602137625e-06,,,,,,,,,,,,,,,,,,,,,,,,,,
,1527,5220.774543027,1778115651.8655272,25,0.36778484100068454,,,,,,,,,,,,,,,,,,,,,,,,,,,,,,,,,,,,,,,,,,,
,1528,5220.933212841,1778115652.024419,25,,,,,,,,,,,,,,,,,,,0.5269066669861786,,,,,,,,,,,,,,,,,,,,,,,,,
,1529,5222.029907959,1778115653.1210063,25,,,,,,,,,,,,,,,,,,3.7370045902207494e-06,,,,,,,,,,,,,,,,,,,,,,,,,,
,1530,5222.3760909,1778115653.4670713,25,0.3456176939944271,,,,,,,,,,,,,,,,,,,,,,,,,,,,,,,,,,,,,,,,,,,
,1531,5222.510797693,1778115653.6019354,25,,,,,,,,,,,,,,,,,,,0.4807374649972189,,,,,,,,,,,,,,,,,,,,,,,,,
,1532,5223.547561319,1778115654.6385727,25,,,,,,,,,,,,,,,,,,3.983004717156291e-06,,,,,,,,,,,,,,,,,,,,,,,,,,
,1533,5223.885088018,1778115654.9761124,25,0.3369764800008852,,,,,,,,,,,,,,,,,,,,,,,,,,,,,,,,,,,,,,,,,,,
,1534,5224.031322787,1778115655.1223047,25,,,,,,,,,,,,,,,,,,,0.4834345569979632,,,,,,,,,,,,,,,,,,,,,,,,,
,1535,5225.069761198,1778115656.1608403,25,,,,,,,,,,,,,,,,,,3.887005732394755e-06,,,,,,,,,,,,,,,,,,,,,,,,,,
,1536,5225.424460782,1778115656.5155714,25,0.3542081459891051,,,,,,,,,,,,,,,,,,,,,,,,,,,,,,,,,,,,,,,,,,,
,1537,5225.600568014,1778115656.6917796,25,,,,,,,,,,,,,,,,,,,0.5306959190056659,,,,,,,,,,,,,,,,,,,,,,,,,
,1538,5226.703360073,1778115657.7944686,25,,,,,,,,,,,,,,,,,,3.837005351670086e-06,,,,,,,,,,,,,,,,,,,,,,,,,,
,1539,5227.041002997,1778115658.1321104,25,0.3371169780002674,,,,,,,,,,,,,,,,,,,,,,,,,,,,,,,,,,,,,,,,,,,
,1540,5227.188668523,1778115658.279776,25,,,,,,,,,,,,,,,,,,,0.4851010470010806,,,,,,,,,,,,,,,,,,,,,,,,,
,1541,5228.231335731,1778115659.3221972,25,,,,,,,,,,,,,,,,,,4.168003215454519e-06,,,,,,,,,,,,,,,,,,,,,,,,,,
,1542,5228.609733981,1778115659.7008598,25,0.37832397800229955,,,,,,,,,,,,,,,,,,,,,,,,,,,,,,,,,,,,,,,,,,,
,1543,5228.758645535,1778115659.8498523,25,,,,,,,,,,,,,,,,,,,0.5274377729947446,,,,,,,,,,,,,,,,,,,,,,,,,
,1544,5229.857790544,1778115660.948924,25,,,,,,,,,,,,,,,,,,3.7959980545565486e-06,,,,,,,,,,,,,,,,,,,,,,,,,,
,1545,5230.193144561,1778115661.2843525,25,0.3349793710076483,,,,,,,,,,,,,,,,,,,,,,,,,,,,,,,,,,,,,,,,,,,
,1546,5230.343349639,1778115661.4343355,25,,,,,,,,,,,,,,,,,,,0.4852330399880884,,,,,,,,,,,,,,,,,,,,,,,,,
,1547,5231.386998267,1778115662.4780965,25,,,,,,,,,,,,,,,,,,4.012006684206426e-06,,,,,,,,,,,,,,,,,,,,,,,,,,
,1548,5231.888120137,1778115662.9792643,25,0.5005629229999613,,,,,,,,,,,,,,,,,,,,,,,,,,,,,,,,,,,,,,,,,,,
,1549,5231.902254148,1778115662.9933631,25,,,,,,,,,,,,,,,,,,,0.5150681989907753,,,,,,,,,,,,,,,,,,,,,,,,,
,1550,5232.945512532,1778115664.0366063,25,,,,,,,,,,,,,,,,,,4.1339953895658255e-06,,,,,,,,,,,,,,,,,,,,,,,,,,
,1551,5233.314713191,1778115664.4059076,25,0.36870312299288344,,,,,,,,,,,,,,,,,,,,,,,,,,,,,,,,,,,,,,,,,,,
,1552,5233.473161777,1778115664.5641534,25,,,,,,,,,,,,,,,,,,,0.5273416240088409,,,,,,,,,,,,,,,,,,,,,,,,,
,1553,5234.569358505,1778115665.660446,25,,,,,,,,,,,,,,,,,,3.970009856857359e-06,,,,,,,,,,,,,,,,,,,,,,,,,,
,1554,5234.948558209,1778115666.0396287,25,0.37862592600868084,,,,,,,,,,,,,,,,,,,,,,,,,,,,,,,,,,,,,,,,,,,
,1555,5235.097063715,1778115666.1881788,25,,,,,,,,,,,,,,,,,,,0.5274908230057918,,,,,,,,,,,,,,,,,,,,,,,,,
,1556,5236.197020265,1778115667.2880237,25,,,,,,,,,,,,,,,,,,5.038004019297659e-06,,,,,,,,,,,,,,,,,,,,,,,,,,
,1557,5236.551585311,1778115667.6426454,25,0.354104654994444,,,,,,,,,,,,,,,,,,,,,,,,,,,,,,,,,,,,,,,,,,,
,1558,5236.72408086,1778115667.815199,25,,,,,,,,,,,,,,,,,,,0.5269278680061689,,,,,,,,,,,,,,,,,,,,,,,,,
,1559,5237.822637657,1778115668.91374,25,,,,,,,,,,,,,,,,,,4.022003849968314e-06,,,,,,,,,,,,,,,,,,,,,,,,,,
,1560,5238.192114176,1778115669.2832572,25,0.3689794800011441,,,,,,,,,,,,,,,,,,,,,,,,,,,,,,,,,,,,,,,,,,,
,1561,5238.350464657,1778115669.4414208,25,,,,,,,,,,,,,,,,,,,0.527506596990861,,,,,,,,,,,,,,,,,,,,,,,,,
,1562,5239.447143486,1778115670.5382004,25,,,,,,,,,,,,,,,,,,3.859997377730906e-06,,,,,,,,,,,,,,,,,,,,,,,,,,
,1563,5239.823676798,1778115670.914737,25,0.3760127830028068,,,,,,,,,,,,,,,,,,,,,,,,,,,,,,,,,,,,,,,,,,,
,1564,5239.974970439,1778115671.0660949,25,,,,,,,,,,,,,,,,,,,0.5277146110020112,,,,,,,,,,,,,,,,,,,,,,,,,
,1565,5241.08683934,1778115672.1771777,30,,,,,,,,,,,,,,,,,,,,0.13885750685003587,0.0,0.8,0.03687405588570982,0.0,173.084727294583,0.009280006209155544,660037.0,41.147892719613445,0.8,1.6399576187133789,6.746288299560547,615.2,0.0,4.992798306377219e-07,0.0,947.35,0.005204718945176961,0.009280006209155544,0.6,0.8,0.925,0.0,0.0368740543955937,1024.0
139.6532783619914,1566,5380.764025274,1778115811.8550649,30,,,,,,,,,,,,,,,,,,,,,,,,,,,,,,,,,,,,,,,,,,,,
,1567,5388.784247579,1778115819.865164,30,7.965794862000621,,,,,,,,,,,,,,,,,,,,,,,,,,,,,,,,,,,,,,,,,,,
,1568,5389.369206868,1778115820.4580607,30,,0.010517312440919246,0.0,0.0,0.0,0.0625,0.0,0.01836332007749191,0.4401323750062147,0.0016295770721130288,0.0,0.05,0.0625,0.0,0.02121397436534432,0.05952380952380952,,,,,,,,,,,,,,,,,,,,,,,,,,,,
,1569,5389.369976399,1778115820.4607432,30,,,,,,,,,,,,,,,,,0.4429107829928398,,,,,,,,,,,,,,,,,,,,,,,,,,,
,1570,5389.371746445,1778115820.4629264,30,,,,,,,,,,,,,,,,,,148.26376878299925,,,,,,,,,,,,,,,,,,,,,,,,,,
,1571,5389.707701737,1778115820.7987874,30,0.335522501001833,,,,,,,,,,,,,,,,,,,,,,,,,,,,,,,,,,,,,,,,,,,
,1572,5389.860856734,1778115820.9518135,30,,,,,,,,,,,,,,,,,,,0.4887004650081508,,,,,,,,,,,,,,,,,,,,,,,,,
,1573,5390.915671686,1778115822.00665,30,,,,,,,,,,,,,,,,,,4.292000085115433e-06,,,,,,,,,,,,,,,,,,,,,,,,,,
,1574,5391.251709282,1778115822.342808,30,0.3354920079873409,,,,,,,,,,,,,,,,,,,,,,,,,,,,,,,,,,,,,,,,,,,
,1575,5391.404660615,1778115822.4955645,30,,,,,,,,,,,,,,,,,,,0.48872660599590745,,,,,,,,,,,,,,,,,,,,,,,,,
,1576,5392.45947243,1778115823.5505233,30,,,,,,,,,,,,,,,,,,3.675988409668207e-06,,,,,,,,,,,,,,,,,,,,,,,,,,
,1577,5392.843467834,1778115823.934445,30,0.38354016799712554,,,,,,,,,,,,,,,,,,,,,,,,,,,,,,,,,,,,,,,,,,,
,1578,5392.993735393,1778115824.0846274,30,,,,,,,,,,,,,,,,,,,0.5339437140064547,,,,,,,,,,,,,,,,,,,,,,,,,
,1579,5394.109079202,1778115825.2000492,30,,,,,,,,,,,,,,,,,,4.379995516501367e-06,,,,,,,,,,,,,,,,,,,,,,,,,,
,1580,5394.54558749,1778115825.6366296,30,0.43594310600019526,,,,,,,,,,,,,,,,,,,,,,,,,,,,,,,,,,,,,,,,,,,
,1581,5394.651993067,1778115825.7428992,30,,,,,,,,,,,,,,,,,,,0.5426778260007268,,,,,,,,,,,,,,,,,,,,,,,,,
,1582,5395.702593593,1778115826.7936575,30,,,,,,,,,,,,,,,,,,4.121990059502423e-06,,,,,,,,,,,,,,,,,,,,,,,,,,
,1583,5396.084670863,1778115827.1758633,30,0.3817602259950945,,,,,,,,,,,,,,,,,,,,,,,,,,,,,,,,,,,,,,,,,,,
,1584,5396.237476323,1778115827.3284137,30,,,,,,,,,,,,,,,,,,,0.5345737079915125,,,,,,,,,,,,,,,,,,,,,,,,,
,1585,5397.35286945,1778115828.4439025,30,,,,,,,,,,,,,,,,,,4.321002052165568e-06,,,,,,,,,,,,,,,,,,,,,,,,,,
,1586,5397.682298498,1778115828.7734857,30,0.32910622999770567,,,,,,,,,,,,,,,,,,,,,,,,,,,,,,,,,,,,,,,,,,,
,1587,5397.83712789,1778115828.928032,30,,,,,,,,,,,,,,,,,,,0.4839573979988927,,,,,,,,,,,,,,,,,,,,,,,,,
,1588,5398.884477501,1778115829.9753993,30,,,,,,,,,,,,,,,,,,3.6249984987080097e-06,,,,,,,,,,,,,,,,,,,,,,,,,,
,1589,5399.229079372,1778115830.3202324,30,0.34446796600241214,,,,,,,,,,,,,,,,,,,,,,,,,,,,,,,,,,,,,,,,,,,
,1590,5399.370872724,1778115830.4619427,30,,,,,,,,,,,,,,,,,,,0.48637000800226815,,,,,,,,,,,,,,,,,,,,,,,,,
,1591,5400.419486465,1778115831.5107338,30,,,,,,,,,,,,,,,,,,3.97900294046849e-06,,,,,,,,,,,,,,,,,,,,,,,,,,
,1592,5400.759643695,1778115831.8507607,30,0.33970547500939574,,,,,,,,,,,,,,,,,,,,,,,,,,,,,,,,,,,,,,,,,,,
,1593,5400.909278343,1778115832.000282,30,,,,,,,,,,,,,,,,,,,0.48940163999213837,,,,,,,,,,,,,,,,,,,,,,,,,
,1594,5401.963885713,1778115833.0549526,30,,,,,,,,,,,,,,,,,,4.3000036384910345e-06,,,,,,,,,,,,,,,,,,,,,,,,,,
,1595,5402.347534878,1778115833.4386573,30,0.3832641859917203,,,,,,,,,,,,,,,,,,,,,,,,,,,,,,,,,,,,,,,,,,,
,1596,5402.499173579,1778115833.5901864,30,,,,,,,,,,,,,,,,,,,0.5350669040053617,,,,,,,,,,,,,,,,,,,,,,,,,
,1597,5403.614663573,1778115834.7058663,30,,,,,,,,,,,,,,,,,,4.065994289703667e-06,,,,,,,,,,,,,,,,,,,,,,,,,,
,1598,5403.980340666,1778115835.0713127,30,0.365083525000955,,,,,,,,,,,,,,,,,,,,,,,,,,,,,,,,,,,,,,,,,,,
,1599,5404.149299997,1778115835.2404642,30,,,,,,,,,,,,,,,,,,,0.5344350569939706,,,,,,,,,,,,,,,,,,,,,,,,,
,1600,5405.264349233,1778115836.3553421,30,,,,,,,,,,,,,,,,,,4.0669983718544245e-06,,,,,,,,,,,,,,,,,,,,,,,,,,
,1601,5405.610160847,1778115836.7012415,30,0.3454597480013035,,,,,,,,,,,,,,,,,,,,,,,,,,,,,,,,,,,,,,,,,,,
,1602,5405.751798791,1778115836.842806,30,,,,,,,,,,,,,,,,,,,0.487294942009612,,,,,,,,,,,,,,,,,,,,,,,,,
,1603,5406.806584776,1778115837.8976896,30,,,,,,,,,,,,,,,,,,4.12299414165318e-06,,,,,,,,,,,,,,,,,,,,,,,,,,
,1604,5407.164905368,1778115838.255835,30,0.35760688499431126,,,,,,,,,,,,,,,,,,,,,,,,,,,,,,,,,,,,,,,,,,,
,1605,5407.337766693,1778115838.428852,30,,,,,,,,,,,,,,,,,,,0.5309659109916538,,,,,,,,,,,,,,,,,,,,,,,,,
,1606,5408.446694402,1778115839.5377753,30,,,,,,,,,,,,,,,,,,3.698994987644255e-06,,,,,,,,,,,,,,,,,,,,,,,,,,
,1607,5408.860937144,1778115839.9518955,30,0.41357867399347015,,,,,,,,,,,,,,,,,,,,,,,,,,,,,,,,,,,,,,,,,,,
,1608,5409.019748721,1778115840.1107252,30,,,,,,,,,,,,,,,,,,,0.5727156840002863,,,,,,,,,,,,,,,,,,,,,,,,,
,1609,5410.129743155,1778115841.2208173,30,,,,,,,,,,,,,,,,,,4.4140033423900604e-06,,,,,,,,,,,,,,,,,,,,,,,,,,
,1610,5410.509595274,1778115841.600579,30,0.3792001340043498,,,,,,,,,,,,,,,,,,,,,,,,,,,,,,,,,,,,,,,,,,,
,1611,5410.661471304,1778115841.7524796,30,,,,,,,,,,,,,,,,,,,0.5314304589992389,,,,,,,,,,,,,,,,,,,,,,,,,
,1612,5411.772437517,1778115842.863421,30,,,,,,,,,,,,,,,,,,4.549990990199149e-06,,,,,,,,,,,,,,,,,,,,,,,,,,
,1613,5412.129809589,1778115843.2210352,30,0.3571360560017638,,,,,,,,,,,,,,,,,,,,,,,,,,,,,,,,,,,,,,,,,,,
,1614,5412.303433061,1778115843.3943117,30,,,,,,,,,,,,,,,,,,,0.5307363699976122,,,,,,,,,,,,,,,,,,,,,,,,,
,1615,5413.365373828,1778115844.456436,30,,,,,,,,,,,,,,,,,,4.057990736328065e-06,,,,,,,,,,,,,,,,,,,,,,,,,,
,1616,5413.737368027,1778115844.8285656,30,0.37163060798775405,,,,,,,,,,,,,,,,,,,,,,,,,,,,,,,,,,,,,,,,,,,
,1617,5413.899734038,1778115844.9907224,30,,,,,,,,,,,,,,,,,,,0.5340684660041006,,,,,,,,,,,,,,,,,,,,,,,,,
140.99810838801204,1618,5556.05481535,1778115987.1459053,30,,,,,,,,,,,,,,,,,,,,,,,,,,,,,,,,,,,,,,,,,,,,
,1619,5564.195655582,1778115995.271499,30,8.08092204699642,,,,,,,,,,,,,,,,,,,,,,,,,,,,,,,,,,,,,,,,,,,
,1620,5564.718621051,1778115995.8098724,30,,0.010517312440919246,0.0,0.0,0.0,0.0625,0.0,0.01836332007749191,0.3682973170070909,0.00048166216855644674,0.0,0.05,0.0625,0.0,0.02121397436534432,0.05952380952380952,,,,,,,,,,,,,,,,,,,,,,,,,,,,
,1621,5564.718885002,1778115995.8102207,30,,,,,,,,,,,,,,,,,0.3687627219915157,,,,,,,,,,,,,,,,,,,,,,,,,,,
,1622,5564.723453851,1778115995.8146715,30,,,,,,,,,,,,,,,,,,149.66961157799233,,,,,,,,,,,,,,,,,,,,,,,,,,
,1623,5565.09733958,1778115996.1874475,30,0.3718068400048651,,,,,,,,,,,,,,,,,,,,,,,,,,,,,,,,,,,,,,,,,,,
,1624,5565.271912286,1778115996.3630638,30,,,,,,,,,,,,,,,,,,,0.5482280069991248,,,,,,,,,,,,,,,,,,,,,,,,,
,1625,5566.406540848,1778115997.4976206,30,,,,,,,,,,,,,,,,,,5.070993211120367e-06,,,,,,,,,,,,,,,,,,,,,,,,,,
,1626,5566.764995963,1778115997.8562422,30,0.35823570399952587,,,,,,,,,,,,,,,,,,,,,,,,,,,,,,,,,,,,,,,,,,,
,1627,5566.904377526,1778115997.99565,30,,,,,,,,,,,,,,,,,,,0.49786447500810027,,,,,,,,,,,,,,,,,,,,,,,,,
,1628,5567.975960974,1778115999.06712,30,,,,,,,,,,,,,,,,,,4.129993612878025e-06,,,,,,,,,,,,,,,,,,,,,,,,,,
,1629,5568.327746917,1778115999.419036,30,0.35154663400317077,,,,,,,,,,,,,,,,,,,,,,,,,,,,,,,,,,,,,,,,,,,
,1630,5568.475867566,1778115999.5670712,30,,,,,,,,,,,,,,,,,,,0.49974995899538044,,,,,,,,,,,,,,,,,,,,,,,,,
,1631,5569.552380614,1778116000.6434362,30,,,,,,,,,,,,,,,,,,4.371002432890236e-06,,,,,,,,,,,,,,,,,,,,,,,,,,
,1632,5569.891356571,1778116000.9826353,30,0.33883908099960536,,,,,,,,,,,,,,,,,,,,,,,,,,,,,,,,,,,,,,,,,,,
,1633,5570.047263688,1778116001.138233,30,,,,,,,,,,,,,,,,,,,0.4946105299895862,,,,,,,,,,,,,,,,,,,,,,,,,
,1634,5571.118292764,1778116002.2093573,30,,,,,,,,,,,,,,,,,,4.43200406152755e-06,,,,,,,,,,,,,,,,,,,,,,,,,,
,1635,5571.47435459,1778116002.5656278,30,0.35598226900037844,,,,,,,,,,,,,,,,,,,,,,,,,,,,,,,,,,,,,,,,,,,
,1636,5571.61282324,1778116002.703787,30,,,,,,,,,,,,,,,,,,,0.4942707999871345,,,,,,,,,,,,,,,,,,,,,,,,,
,1637,5572.687155768,1778116003.7783282,30,,,,,,,,,,,,,,,,,,4.583009285852313e-06,,,,,,,,,,,,,,,,,,,,,,,,,,
,1638,5573.206188833,1778116004.2973642,30,0.518603346994496,,,,,,,,,,,,,,,,,,,,,,,,,,,,,,,,,,,,,,,,,,,
,1639,5573.372226241,1778116004.4632096,30,,,,,,,,,,,,,,,,,,,0.6847131200047443,,,,,,,,,,,,,,,,,,,,,,,,,
,1640,5574.509867599,1778116005.600918,30,,,,,,,,,,,,,,,,,,4.229994374327362e-06,,,,,,,,,,,,,,,,,,,,,,,,,,
,1641,5574.898669875,1778116005.989801,30,0.388587309003924,,,,,,,,,,,,,,,,,,,,,,,,,,,,,,,,,,,,,,,,,,,
,1642,5575.057417033,1778116006.1484537,30,,,,,,,,,,,,,,,,,,,0.5473507110000355,,,,,,,,,,,,,,,,,,,,,,,,,
,1643,5576.197703828,1778116007.2887414,30,,,,,,,,,,,,,,,,,,4.6330096665769815e-06,,,,,,,,,,,,,,,,,,,,,,,,,,
,1644,5576.536562253,1778116007.6277838,30,0.33856498201203067,,,,,,,,,,,,,,,,,,,,,,,,,,,,,,,,,,,,,,,,,,,
,1645,5576.697289572,1778116007.7883291,30,,,,,,,,,,,,,,,,,,,0.49928097998781595,,,,,,,,,,,,,,,,,,,,,,,,,
,1646,5577.772623404,1778116008.863713,30,,,,,,,,,,,,,,,,,,4.2750034481287e-06,,,,,,,,,,,,,,,,,,,,,,,,,,
,1647,5578.127089411,1778116009.2183387,30,0.3541710050049005,,,,,,,,,,,,,,,,,,,,,,,,,,,,,,,,,,,,,,,,,,,
,1648,5578.272057097,1778116009.3630435,30,,,,,,,,,,,,,,,,,,,0.49919177500123624,,,,,,,,,,,,,,,,,,,,,,,,,
,1649,5579.348545103,1778116010.4396217,30,,,,,,,,,,,,,,,,,,4.336005076766014e-06,,,,,,,,,,,,,,,,,,,,,,,,,,
,1650,5579.719343254,1778116010.8106027,30,0.3705549529986456,,,,,,,,,,,,,,,,,,,,,,,,,,,,,,,,,,,,,,,,,,,
,1651,5579.890882076,1778116010.9821067,30,,,,,,,,,,,,,,,,,,,0.5423230599990347,,,,,,,,,,,,,,,,,,,,,,,,,
,1652,5581.022082282,1778116012.1130867,30,,,,,,,,,,,,,,,,,,4.47299680672586e-06,,,,,,,,,,,,,,,,,,,,,,,,,,
,1653,5581.376712282,1778116012.4678333,30,0.35428039300313685,,,,,,,,,,,,,,,,,,,,,,,,,,,,,,,,,,,,,,,,,,,
,1654,5581.521936816,1778116012.6129391,30,,,,,,,,,,,,,,,,,,,0.4996295099990675,,,,,,,,,,,,,,,,,,,,,,,,,
,1655,5582.597941276,1778116013.68907,30,,,,,,,,,,,,,,,,,,3.9199949242174625e-06,,,,,,,,,,,,,,,,,,,,,,,,,,
,1656,5582.965925792,1778116014.0570166,30,0.36752849200274795,,,,,,,,,,,,,,,,,,,,,,,,,,,,,,,,,,,,,,,,,,,
,1657,5583.145553886,1778116014.236604,30,,,,,,,,,,,,,,,,,,,0.5473173360078363,,,,,,,,,,,,,,,,,,,,,,,,,
,1658,5584.285177017,1778116015.3762279,30,,,,,,,,,,,,,,,,,,4.255009116604924e-06,,,,,,,,,,,,,,,,,,,,,,,,,,
,1659,5584.668736664,1778116015.7598777,30,0.38314336200710386,,,,,,,,,,,,,,,,,,,,,,,,,,,,,,,,,,,,,,,,,,,
,1660,5584.832604673,1778116015.923597,30,,,,,,,,,,,,,,,,,,,0.5471500340063358,,,,,,,,,,,,,,,,,,,,,,,,,
,1661,5585.969957558,1778116017.0609548,30,,,,,,,,,,,,,,,,,,4.224988515488803e-06,,,,,,,,,,,,,,,,,,,,,,,,,,
,1662,5586.455751585,1778116017.5467517,30,0.4855602000025101,,,,,,,,,,,,,,,,,,,,,,,,,,,,,,,,,,,,,,,,,,,
,1663,5586.499758472,1778116017.5908322,30,,,,,,,,,,,,,,,,,,,0.5297221740038367,,,,,,,,,,,,,,,,,,,,,,,,,
,1664,5587.576079535,1778116018.6671934,30,,,,,,,,,,,,,,,,,,4.35599940828979e-06,,,,,,,,,,,,,,,,,,,,,,,,,,
,1665,5587.959456513,1778116019.0505724,30,0.38276616799703334,,,,,,,,,,,,,,,,,,,,,,,,,,,,,,,,,,,,,,,,,,,
,1666,5588.124113475,1778116019.2152097,30,,,,,,,,,,,,,,,,,,,0.5478417990088928,,,,,,,,,,,,,,,,,,,,,,,,,
,1667,5589.270886603,1778116020.3617282,30,,,,,,,,,,,,,,,,,,7.1029935497790575e-06,,,,,,,,,,,,,,,,,,,,,,,,,,
,1668,5589.663589663,1778116020.754658,30,0.3921920510038035,,,,,,,,,,,,,,,,,,,,,,,,,,,,,,,,,,,,,,,,,,,
,1669,5589.81977869,1778116020.9107869,30,,,,,,,,,,,,,,,,,,,0.5486910220060963,,,,,,,,,,,,,,,,,,,,,,,,,
139.31698368600337,1670,5730.312792353,1778116161.403951,30,,,,,,,,,,,,,,,,,,,,,,,,,,,,,,,,,,,,,,,,,,,,
,1671,5738.188114954,1778116169.2742274,30,7.825897536997218,,,,,,,,,,,,,,,,,,,,,,,,,,,,,,,,,,,,,,,,,,,
,1672,5738.617093919,1778116169.708141,30,,0.0,0.0,0.0,0.0,0.0,0.0,0.0,0.2530388510058401,0.0007514788574099116,0.0,0.0,0.0,0.0,0.0,0.0,,,,,,,,,,,,,,,,,,,,,,,,,,,,
,1673,5738.617707666,1778116169.7085261,30,,,,,,,,,,,,,,,,,0.25352475699037313,,,,,,,,,,,,,,,,,,,,,,,,,,,
,1674,5738.619425667,1778116169.7104719,30,,,,,,,,,,,,,,,,,,147.6258172779926,,,,,,,,,,,,,,,,,,,,,,,,,,
,1675,5738.977883541,1778116170.0688713,30,0.35809023400361184,,,,,,,,,,,,,,,,,,,,,,,,,,,,,,,,,,,,,,,,,,,
,1676,5739.150309302,1778116170.2414925,30,,,,,,,,,,,,,,,,,,,0.5308113600040087,,,,,,,,,,,,,,,,,,,,,,,,,
,1677,5740.244754433,1778116171.335868,30,,,,,,,,,,,,,,,,,,4.426998202688992e-06,,,,,,,,,,,,,,,,,,,,,,,,,,
,1678,5740.62345535,1778116171.71457,30,0.3782620269921608,,,,,,,,,,,,,,,,,,,,,,,,,,,,,,,,,,,,,,,,,,,
,1679,5740.770925569,1778116171.8620365,30,,,,,,,,,,,,,,,,,,,0.5259787969989702,,,,,,,,,,,,,,,,,,,,,,,,,
,1680,5741.8121628,1778116172.903165,30,,,,,,,,,,,,,,,,,,4.182002157904208e-06,,,,,,,,,,,,,,,,,,,,,,,,,,
,1681,5742.147148556,1778116173.2383978,30,0.3350019219942624,,,,,,,,,,,,,,,,,,,,,,,,,,,,,,,,,,,,,,,,,,,
,1682,5742.298988404,1778116173.3900027,30,,,,,,,,,,,,,,,,,,,0.48667445800674614,,,,,,,,,,,,,,,,,,,,,,,,,
,1683,5743.34123698,1778116174.4323778,30,,,,,,,,,,,,,,,,,,4.397006705403328e-06,,,,,,,,,,,,,,,,,,,,,,,,,,
,1684,5743.721494409,1778116174.8127058,30,0.379843331000302,,,,,,,,,,,,,,,,,,,,,,,,,,,,,,,,,,,,,,,,,,,
,1685,5743.869329086,1778116174.9602964,30,,,,,,,,,,,,,,,,,,,0.5277281799935736,,,,,,,,,,,,,,,,,,,,,,,,,
,1686,5744.962397326,1778116176.0534823,30,,,,,,,,,,,,,,,,,,3.663997631520033e-06,,,,,,,,,,,,,,,,,,,,,,,,,,
,1687,5745.319347605,1778116176.4105916,30,0.3566864790045656,,,,,,,,,,,,,,,,,,,,,,,,,,,,,,,,,,,,,,,,,,,
,1688,5745.492591098,1778116176.5836363,30,,,,,,,,,,,,,,,,,,,0.5299239570013015,,,,,,,,,,,,,,,,,,,,,,,,,
,1689,5746.588179773,1778116177.6789293,30,,,,,,,,,,,,,,,,,,3.965003998018801e-06,,,,,,,,,,,,,,,,,,,,,,,,,,
,1690,5746.95982152,1778116178.0510771,30,0.37179817199648824,,,,,,,,,,,,,,,,,,,,,,,,,,,,,,,,,,,,,,,,,,,
,1691,5747.119339834,1778116178.2105596,30,,,,,,,,,,,,,,,,,,,0.5314178990083747,,,,,,,,,,,,,,,,,,,,,,,,,
,1692,5748.219901224,1778116179.3109868,30,,,,,,,,,,,,,,,,,,4.428002284839749e-06,,,,,,,,,,,,,,,,,,,,,,,,,,
,1693,5748.673382007,1778116179.7644873,30,0.4530610299989348,,,,,,,,,,,,,,,,,,,,,,,,,,,,,,,,,,,,,,,,,,,
,1694,5748.740446657,1778116179.831526,30,,,,,,,,,,,,,,,,,,,0.5203729380009463,,,,,,,,,,,,,,,,,,,,,,,,,
,1695,5749.782017176,1778116180.8731515,30,,,,,,,,,,,,,,,,,,4.3570034904405475e-06,,,,,,,,,,,,,,,,,,,,,,,,,,
,1696,5750.141710646,1778116181.2327883,30,0.3592216620018007,,,,,,,,,,,,,,,,,,,,,,,,,,,,,,,,,,,,,,,,,,,
,1697,5750.309249407,1778116181.4003735,30,,,,,,,,,,,,,,,,,,,0.5270447069924558,,,,,,,,,,,,,,,,,,,,,,,,,
,1698,5751.403191877,1778116182.4942393,30,,,,,,,,,,,,,,,,,,4.386005457490683e-06,,,,,,,,,,,,,,,,,,,,,,,,,,
,1699,5751.74533296,1778116182.8362527,30,0.3415560470020864,,,,,,,,,,,,,,,,,,,,,,,,,,,,,,,,,,,,,,,,,,,
,1700,5751.886255801,1778116182.9773164,30,,,,,,,,,,,,,,,,,,,0.48288031200354453,,,,,,,,,,,,,,,,,,,,,,,,,
,1701,5752.920659867,1778116184.0117402,30,,,,,,,,,,,,,,,,,,4.617002559825778e-06,,,,,,,,,,,,,,,,,,,,,,,,,,
,1702,5753.280982502,1778116184.372027,30,0.35979286300425883,,,,,,,,,,,,,,,,,,,,,,,,,,,,,,,,,,,,,,,,,,,
,1703,5753.448099632,1778116184.5391667,30,,,,,,,,,,,,,,,,,,,0.5272758439969039,,,,,,,,,,,,,,,,,,,,,,,,,
,1704,5754.541042469,1778116185.6321235,30,,,,,,,,,,,,,,,,,,3.9800070226192474e-06,,,,,,,,,,,,,,,,,,,,,,,,,,
,1705,5754.886581794,1778116185.9778087,30,0.34519111600820906,,,,,,,,,,,,,,,,,,,,,,,,,,,,,,,,,,,,,,,,,,,
,1706,5755.027520152,1778116186.1185682,30,,,,,,,,,,,,,,,,,,,0.4863021640048828,,,,,,,,,,,,,,,,,,,,,,,,,
,1707,5756.071311061,1778116187.1623728,30,,,,,,,,,,,,,,,,,,4.535002517513931e-06,,,,,,,,,,,,,,,,,,,,,,,,,,
,1708,5756.403504209,1778116187.4946308,30,0.33173136599361897,,,,,,,,,,,,,,,,,,,,,,,,,,,,,,,,,,,,,,,,,,,
,1709,5756.552667282,1778116187.643733,30,,,,,,,,,,,,,,,,,,,0.4810962930059759,,,,,,,,,,,,,,,,,,,,,,,,,
,1710,5757.590255517,1778116188.6812546,30,,,,,,,,,,,,,,,,,,3.968001692555845e-06,,,,,,,,,,,,,,,,,,,,,,,,,,
,1711,5757.942539671,1778116189.0336595,30,0.3519749800034333,,,,,,,,,,,,,,,,,,,,,,,,,,,,,,,,,,,,,,,,,,,
,1712,5758.076587215,1778116189.1676536,30,,,,,,,,,,,,,,,,,,,0.4861857840005541,,,,,,,,,,,,,,,,,,,,,,,,,
,1713,5759.118645601,1778116190.2098322,30,,,,,,,,,,,,,,,,,,3.7130084820091724e-06,,,,,,,,,,,,,,,,,,,,,,,,,,
,1714,5759.488442359,1778116190.5796585,30,0.3694401040120283,,,,,,,,,,,,,,,,,,,,,,,,,,,,,,,,,,,,,,,,,,,
,1715,5759.6474119,1778116190.738374,30,,,,,,,,,,,,,,,,,,,0.5283884840027895,,,,,,,,,,,,,,,,,,,,,,,,,
,1716,5760.74132282,1778116191.8324666,30,,,,,,,,,,,,,,,,,,4.204994183965027e-06,,,,,,,,,,,,,,,,,,,,,,,,,,
,1717,5761.086792785,1778116192.177933,30,0.3450659439986339,,,,,,,,,,,,,,,,,,,,,,,,,,,,,,,,,,,,,,,,,,,
,1718,5761.222762433,1778116192.3135443,30,,,,,,,,,,,,,,,,,,,0.48084649800148327,,,,,,,,,,,,,,,,,,,,,,,,,
,1719,5762.259600121,1778116193.3507614,30,,,,,,,,,,,,,,,,,,3.8890138966962695e-06,,,,,,,,,,,,,,,,,,,,,,,,,,
,1720,5762.717956648,1778116193.8090503,30,0.4578612260083901,,,,,,,,,,,,,,,,,,,,,,,,,,,,,,,,,,,,,,,,,,,
,1721,5762.778061986,1778116193.86914,30,,,,,,,,,,,,,,,,,,,0.5181970240082592,,,,,,,,,,,,,,,,,,,,,,,,,
142.49539598698902,1722,5906.346270709,1778116337.4374363,30,,,,,,,,,,,,,,,,,,,,,,,,,,,,,,,,,,,,,,,,,,,,
,1723,5914.4954192,1778116345.5714617,30,8.089050716007478,,,,,,,,,,,,,,,,,,,,,,,,,,,,,,,,,,,,,,,,,,,
,1724,5914.891732922,1778116345.9829116,30,,0.0,0.0,0.0,0.0,0.0,0.0,0.0,0.24187048900057562,0.0011128150357841223,0.0,0.0,0.0,0.0,0.0,0.0,,,,,,,,,,,,,,,,,,,,,,,,,,,,
,1725,5914.892178888,1778116345.98347,30,,,,,,,,,,,,,,,,,0.2425705559871858,,,,,,,,,,,,,,,,,,,,,,,,,,,
,1726,5914.894818076,1778116345.9858181,30,,,,,,,,,,,,,,,,,,151.04614916699938,,,,,,,,,,,,,,,,,,,,,,,,,,
,1727,5915.257163691,1778116346.3476098,30,0.3614824380056234,,,,,,,,,,,,,,,,,,,,,,,,,,,,,,,,,,,,,,,,,,,
,1728,5915.41262225,1778116346.5037284,30,,,,,,,,,,,,,,,,,,,0.5177041419956367,,,,,,,,,,,,,,,,,,,,,,,,,
,1729,5916.482867012,1778116347.573912,30,,,,,,,,,,,,,,,,,,4.368994268588722e-06,,,,,,,,,,,,,,,,,,,,,,,,,,
,1730,5916.824749759,1778116347.915997,30,0.3415938139951322,,,,,,,,,,,,,,,,,,,,,,,,,,,,,,,,,,,,,,,,,,,
,1731,5916.98182136,1778116348.0727422,30,,,,,,,,,,,,,,,,,,,0.49864194200199563,,,,,,,,,,,,,,,,,,,,,,,,,
,1732,5918.05827033,1778116349.149362,30,,,,,,,,,,,,,,,,,,3.984008799307048e-06,,,,,,,,,,,,,,,,,,,,,,,,,,
,1733,5918.446973513,1778116349.5382318,30,0.38849120899976697,,,,,,,,,,,,,,,,,,,,,,,,,,,,,,,,,,,,,,,,,,,
,1734,5918.598530187,1778116349.6896803,30,,,,,,,,,,,,,,,,,,,0.5400644640030805,,,,,,,,,,,,,,,,,,,,,,,,,
,1735,5919.73069169,1778116350.8217962,30,,,,,,,,,,,,,,,,,,4.478002665564418e-06,,,,,,,,,,,,,,,,,,,,,,,,,,
,1736,5920.098701265,1778116351.1899605,30,0.3676794580096612,,,,,,,,,,,,,,,,,,,,,,,,,,,,,,,,,,,,,,,,,,,
,1737,5920.278560344,1778116351.3695328,30,,,,,,,,,,,,,,,,,,,0.547504876012681,,,,,,,,,,,,,,,,,,,,,,,,,
,1738,5921.415886416,1778116352.507007,30,,,,,,,,,,,,,,,,,,3.9800070226192474e-06,,,,,,,,,,,,,,,,,,,,,,,,,,
,1739,5921.76487815,1778116352.855984,30,0.3484993080055574,,,,,,,,,,,,,,,,,,,,,,,,,,,,,,,,,,,,,,,,,,,
,1740,5921.914975766,1778116353.0060112,30,,,,,,,,,,,,,,,,,,,0.4987927689944627,,,,,,,,,,,,,,,,,,,,,,,,,
,1741,5922.988638751,1778116354.0797074,30,,,,,,,,,,,,,,,,,,4.0539889596402645e-06,,,,,,,,,,,,,,,,,,,,,,,,,,
,1742,5923.326980349,1778116354.418227,30,0.33817283299867995,,,,,,,,,,,,,,,,,,,,,,,,,,,,,,,,,,,,,,,,,,,
,1743,5923.487370821,1778116354.5786338,30,,,,,,,,,,,,,,,,,,,0.49876953300554305,,,,,,,,,,,,,,,,,,,,,,,,,
,1744,5924.560726163,1778116355.6517587,30,,,,,,,,,,,,,,,,,,3.885012120008469e-06,,,,,,,,,,,,,,,,,,,,,,,,,,
,1745,5924.944723467,1778116356.0359778,30,0.38383589799923357,,,,,,,,,,,,,,,,,,,,,,,,,,,,,,,,,,,,,,,,,,,
,1746,5925.103015854,1778116356.1938295,30,,,,,,,,,,,,,,,,,,,0.5418984179996187,,,,,,,,,,,,,,,,,,,,,,,,,
,1747,5926.236430446,1778116357.3274336,30,,,,,,,,,,,,,,,,,,4.344998160377145e-06,,,,,,,,,,,,,,,,,,,,,,,,,,
,1748,5926.634378357,1778116357.7256243,30,0.3977161610091571,,,,,,,,,,,,,,,,,,,,,,,,,,,,,,,,,,,,,,,,,,,
,1749,5926.783828843,1778116357.874933,30,,,,,,,,,,,,,,,,,,,0.5473000850033714,,,,,,,,,,,,,,,,,,,,,,,,,
,1750,5927.924433617,1778116359.01537,30,,,,,,,,,,,,,,,,,,6.1250029830262065e-06,,,,,,,,,,,,,,,,,,,,,,,,,,
,1751,5928.427738982,1778116359.5189135,30,0.5030298499914352,,,,,,,,,,,,,,,,,,,,,,,,,,,,,,,,,,,,,,,,,,,
,1752,5928.522664376,1778116359.613726,30,,,,,,,,,,,,,,,,,,,0.5981527069961885,,,,,,,,,,,,,,,,,,,,,,,,,
,1753,5929.65838203,1778116360.749539,30,,,,,,,,,,,,,,,,,,4.54900145996362e-06,,,,,,,,,,,,,,,,,,,,,,,,,,
,1754,5930.013560258,1778116361.1048057,30,0.35490529000526294,,,,,,,,,,,,,,,,,,,,,,,,,,,,,,,,,,,,,,,,,,,
,1755,5930.158462783,1778116361.2494621,30,,,,,,,,,,,,,,,,,,,0.49975034600356594,,,,,,,,,,,,,,,,,,,,,,,,,
,1756,5931.235596391,1778116362.3265738,30,,,,,,,,,,,,,,,,,,4.704997991211712e-06,,,,,,,,,,,,,,,,,,,,,,,,,,
,1757,5931.579999468,1778116362.6710837,30,0.3440215169976,,,,,,,,,,,,,,,,,,,,,,,,,,,,,,,,,,,,,,,,,,,
,1758,5931.735309586,1778116362.8262208,30,,,,,,,,,,,,,,,,,,,0.49942852300591767,,,,,,,,,,,,,,,,,,,,,,,,,
,1759,5932.811058639,1778116363.9020717,30,,,,,,,,,,,,,,,,,,4.0669983718544245e-06,,,,,,,,,,,,,,,,,,,,,,,,,,
,1760,5933.170427437,1778116364.2616663,30,0.3591928889945848,,,,,,,,,,,,,,,,,,,,,,,,,,,,,,,,,,,,,,,,,,,
,1761,5933.311010787,1778116364.402053,30,,,,,,,,,,,,,,,,,,,0.4998037150071468,,,,,,,,,,,,,,,,,,,,,,,,,
,1762,5934.387223901,1778116365.478328,30,,,,,,,,,,,,,,,,,,4.1430030250921845e-06,,,,,,,,,,,,,,,,,,,,,,,,,,
,1763,5934.769811338,1778116365.8608615,30,0.3820832609926583,,,,,,,,,,,,,,,,,,,,,,,,,,,,,,,,,,,,,,,,,,,
,1764,5934.93347346,1778116366.0245576,30,,,,,,,,,,,,,,,,,,,0.5460182780079776,,,,,,,,,,,,,,,,,,,,,,,,,
,1765,5936.07193738,1778116367.1629379,30,,,,,,,,,,,,,,,,,,4.295987309888005e-06,,,,,,,,,,,,,,,,,,,,,,,,,,
,1766,5936.465740801,1778116367.55682,30,0.393231232999824,,,,,,,,,,,,,,,,,,,,,,,,,,,,,,,,,,,,,,,,,,,
,1767,5936.618568761,1778116367.7095559,30,,,,,,,,,,,,,,,,,,,0.5464381350029726,,,,,,,,,,,,,,,,,,,,,,,,,
,1768,5937.758643056,1778116368.8497214,30,,,,,,,,,,,,,,,,,,4.075001925230026e-06,,,,,,,,,,,,,,,,,,,,,,,,,,
,1769,5938.123210849,1778116369.2144306,30,0.36412048699276056,,,,,,,,,,,,,,,,,,,,,,,,,,,,,,,,,,,,,,,,,,,
,1770,5938.3007943,1778116369.3917944,30,,,,,,,,,,,,,,,,,,,0.5418613189976895,,,,,,,,,,,,,,,,,,,,,,,,,
,1771,5939.431908802,1778116370.5229366,30,,,,,,,,,,,,,,,,,,3.7030113162472844e-06,,,,,,,,,,,,,,,,,,,,,,,,,,
,1772,5939.781477561,1778116370.8725865,30,0.34916974599764217,,,,,,,,,,,,,,,,,,,,,,,,,,,,,,,,,,,,,,,,,,,
,1773,5939.931336414,1778116371.0225236,30,,,,,,,,,,,,,,,,,,,0.49932823999552056,,,,,,,,,,,,,,,,,,,,,,,,,
138.79431226600718,1774,6079.841885422,1778116510.932918,30,,,,,,,,,,,,,,,,,,,,,,,,,,,,,,,,,,,,,,,,,,,,
,1775,6087.752643427,1778116518.8336794,30,7.856398527001147,,,,,,,,,,,,,,,,,,,,,,,,,,,,,,,,,,,,,,,,,,,
,1776,6088.22601814,1778116519.3169522,30,,0.0,0.0,0.0,0.0,0.0,0.0,0.0,0.31782392600143794,0.0013994067386806015,0.0,0.0,0.0,0.0,0.0,0.0,,,,,,,,,,,,,,,,,,,,,,,,,,,,
,1777,6088.226063183,1778116519.3173013,30,,,,,,,,,,,,,,,,,0.3182773519947659,,,,,,,,,,,,,,,,,,,,,,,,,,,
,1778,6088.227882807,1778116519.3189864,30,,,,,,,,,,,,,,,,,,147.18280898200464,,,,,,,,,,,,,,,,,,,,,,,,,,
,1779,6088.56822168,1778116519.6591861,30,0.3399516270001186,,,,,,,,,,,,,,,,,,,,,,,,,,,,,,,,,,,,,,,,,,,
,1780,6088.721479952,1778116519.8124676,30,,,,,,,,,,,,,,,,,,,0.4933087429963052,,,,,,,,,,,,,,,,,,,,,,,,,
,1781,6089.76298866,1778116520.853908,30,,,,,,,,,,,,,,,,,,4.558009095489979e-06,,,,,,,,,,,,,,,,,,,,,,,,,,
,1782,6090.287234438,1778116521.3782136,30,0.5239117159944726,,,,,,,,,,,,,,,,,,,,,,,,,,,,,,,,,,,,,,,,,,,
,1783,6090.3124894,1778116521.403614,30,,,,,,,,,,,,,,,,,,,0.5495265119971009,,,,,,,,,,,,,,,,,,,,,,,,,
,1784,6091.354753204,1778116522.4458475,30,,,,,,,,,,,,,,,,,,4.191009793430567e-06,,,,,,,,,,,,,,,,,,,,,,,,,,
,1785,6091.737296202,1778116522.8284988,30,0.3821595869958401,,,,,,,,,,,,,,,,,,,,,,,,,,,,,,,,,,,,,,,,,,,
,1786,6091.887320808,1778116522.9782648,30,,,,,,,,,,,,,,,,,,,0.5322157449991209,,,,,,,,,,,,,,,,,,,,,,,,,
,1787,6092.993465222,1778116524.0844548,30,,,,,,,,,,,,,,,,,,4.398010787554085e-06,,,,,,,,,,,,,,,,,,,,,,,,,,
,1788,6093.325046586,1778116524.4161406,30,0.3313228320039343,,,,,,,,,,,,,,,,,,,,,,,,,,,,,,,,,,,,,,,,,,,
,1789,6093.478802867,1778116524.5697987,30,,,,,,,,,,,,,,,,,,,0.4851537409995217,,,,,,,,,,,,,,,,,,,,,,,,,
,1790,6094.521001712,1778116525.6119397,30,,,,,,,,,,,,,,,,,,4.004003130830824e-06,,,,,,,,,,,,,,,,,,,,,,,,,,
,1791,6094.869630229,1778116525.9606066,30,0.3481562320084777,,,,,,,,,,,,,,,,,,,,,,,,,,,,,,,,,,,,,,,,,,,
,1792,6095.005136588,1778116526.0959475,30,,,,,,,,,,,,,,,,,,,0.4837493609957164,,,,,,,,,,,,,,,,,,,,,,,,,
,1793,6096.046521279,1778116527.1374876,30,,,,,,,,,,,,,,,,,,4.358007572591305e-06,,,,,,,,,,,,,,,,,,,,,,,,,,
,1794,6096.415993854,1778116527.5069811,30,0.36882498300110456,,,,,,,,,,,,,,,,,,,,,,,,,,,,,,,,,,,,,,,,,,,
,1795,6096.575885373,1778116527.6668198,30,,,,,,,,,,,,,,,,,,,0.5291554630093742,,,,,,,,,,,,,,,,,,,,,,,,,
,1796,6097.677723273,1778116528.768711,30,,,,,,,,,,,,,,,,,,4.354995326139033e-06,,,,,,,,,,,,,,,,,,,,,,,,,,
,1797,6098.055233384,1778116529.1462922,30,0.3770814559975406,,,,,,,,,,,,,,,,,,,,,,,,,,,,,,,,,,,,,,,,,,,
,1798,6098.210001154,1778116529.3008676,30,,,,,,,,,,,,,,,,,,,0.5319859269948211,,,,,,,,,,,,,,,,,,,,,,,,,
,1799,6099.315229694,1778116530.4062254,30,,,,,,,,,,,,,,,,,,4.720001015812159e-06,,,,,,,,,,,,,,,,,,,,,,,,,,
,1800,6099.643706409,1778116530.734814,30,0.32815751200541854,,,,,,,,,,,,,,,,,,,,,,,,,,,,,,,,,,,,,,,,,,,
,1801,6099.799246276,1778116530.8901799,30,,,,,,,,,,,,,,,,,,,0.4837703910015989,,,,,,,,,,,,,,,,,,,,,,,,,
,1802,6100.839711048,1778116531.9306915,30,,,,,,,,,,,,,,,,,,4.101006197743118e-06,,,,,,,,,,,,,,,,,,,,,,,,,,
,1803,6101.214088018,1778116532.3050447,30,0.37387438300356735,,,,,,,,,,,,,,,,,,,,,,,,,,,,,,,,,,,,,,,,,,,
,1804,6101.367930529,1778116532.4590325,30,,,,,,,,,,,,,,,,,,,0.5281832840119023,,,,,,,,,,,,,,,,,,,,,,,,,
,1805,6102.467079789,1778116533.5581756,30,,,,,,,,,,,,,,,,,,3.927008947357535e-06,,,,,,,,,,,,,,,,,,,,,,,,,,
,1806,6102.85144841,1778116533.942569,30,0.3839691189932637,,,,,,,,,,,,,,,,,,,,,,,,,,,,,,,,,,,,,,,,,,,
,1807,6102.997462481,1778116534.0885148,30,,,,,,,,,,,,,,,,,,,0.5301206499862019,,,,,,,,,,,,,,,,,,,,,,,,,
,1808,6104.098881701,1778116535.1898642,30,,,,,,,,,,,,,,,,,,4.0109880501404405e-06,,,,,,,,,,,,,,,,,,,,,,,,,,
,1809,6104.65070088,1778116535.7417426,30,0.5512854669941589,,,,,,,,,,,,,,,,,,,,,,,,,,,,,,,,,,,,,,,,,,,
,1810,6104.67562002,1778116535.7666156,30,,,,,,,,,,,,,,,,,,,0.5765680789918406,,,,,,,,,,,,,,,,,,,,,,,,,
,1811,6105.771011208,1778116536.8621795,30,,,,,,,,,,,,,,,,,,4.6770001063123345e-06,,,,,,,,,,,,,,,,,,,,,,,,,,
,1812,6106.114916229,1778116537.2059205,30,0.3433607979968656,,,,,,,,,,,,,,,,,,,,,,,,,,,,,,,,,,,,,,,,,,,
,1813,6106.255078528,1778116537.3460562,30,,,,,,,,,,,,,,,,,,,0.4837152180116391,,,,,,,,,,,,,,,,,,,,,,,,,
,1814,6107.297494999,1778116538.388407,30,,,,,,,,,,,,,,,,,,4.155997885391116e-06,,,,,,,,,,,,,,,,,,,,,,,,,,
,1815,6107.63142731,1778116538.7224066,30,0.3335090839973418,,,,,,,,,,,,,,,,,,,,,,,,,,,,,,,,,,,,,,,,,,,
,1816,6107.78179139,1778116538.8728933,30,,,,,,,,,,,,,,,,,,,0.48420388500380795,,,,,,,,,,,,,,,,,,,,,,,,,
,1817,6108.823570417,1778116539.9145305,30,,,,,,,,,,,,,,,,,,3.9330043364316225e-06,,,,,,,,,,,,,,,,,,,,,,,,,,
,1818,6109.171928592,1778116540.262784,30,0.3477591489936458,,,,,,,,,,,,,,,,,,,,,,,,,,,,,,,,,,,,,,,,,,,
,1819,6109.307124834,1778116540.3981316,30,,,,,,,,,,,,,,,,,,,0.4834105119953165,,,,,,,,,,,,,,,,,,,,,,,,,
,1820,6110.349635903,1778116541.440626,30,,,,,,,,,,,,,,,,,,1.0126008419319987e-05,,,,,,,,,,,,,,,,,,,,,,,,,,
,1821,6110.721352078,1778116541.8124754,30,0.3713771140028257,,,,,,,,,,,,,,,,,,,,,,,,,,,,,,,,,,,,,,,,,,,
,1822,6110.881791556,1778116541.9727554,30,,,,,,,,,,,,,,,,,,,0.5319339510024292,,,,,,,,,,,,,,,,,,,,,,,,,
,1823,6111.987668529,1778116543.078647,30,,,,,,,,,,,,,,,,,,4.086003173142672e-06,,,,,,,,,,,,,,,,,,,,,,,,,,
,1824,6112.372482843,1778116543.4635603,30,0.3846951019950211,,,,,,,,,,,,,,,,,,,,,,,,,,,,,,,,,,,,,,,,,,,
,1825,6112.522203607,1778116543.6132038,30,,,,,,,,,,,,,,,,,,,0.534408273990266,,,,,,,,,,,,,,,,,,,,,,,,,
,1826,6113.644235064,1778116544.7352693,35,,,,,,,,,,,,,,,,,,,,0.04973901695339009,0.0,26.6,0.03680485787044745,0.0,172.20918955100643,0.009218328078713967,770706.0,73.67548918560206,26.6,2.9437366485595704,5949.18017578125,641.0,0.0,4.990102663526924e-07,0.0,1000.0625,0.006072172102706454,0.009218328078713967,0.4,26.6,0.975,0.0,0.03680485489603598,1024.0
141.7424456029985,1827,6255.412289599,1778116686.5034063,35,,,,,,,,,,,,,,,,,,,,,,,,,,,,,,,,,,,,,,,,,,,,
,1828,6263.518563152,1778116694.5994983,35,8.051168923993828,,,,,,,,,,,,,,,,,,,,,,,,,,,,,,,,,,,,,,,,,,,
,1829,6263.932749834,1778116695.0233622,35,,0.0,0.0,0.0,0.0,0.0,0.0,0.0,0.25992797200160567,0.001973223573144159,0.0,0.0,0.0,0.0,0.0,0.0,,,,,,,,,,,,,,,,,,,,,,,,,,,,
,1830,6263.932902068,1778116695.0240557,35,,,,,,,,,,,,,,,,,0.260716318996856,,,,,,,,,,,,,,,,,,,,,,,,,,,
,1831,6263.935100775,1778116695.0262835,35,,,,,,,,,,,,,,,,,,150.2683069939958,,,,,,,,,,,,,,,,,,,,,,,,,,
,1832,6264.322243143,1778116695.413355,35,0.3866443459992297,,,,,,,,,,,,,,,,,,,,,,,,,,,,,,,,,,,,,,,,,,,
,1833,6264.497652165,1778116695.5886698,35,,,,,,,,,,,,,,,,,,,0.5621833539917134,,,,,,,,,,,,,,,,,,,,,,,,,
,1834,6265.634571085,1778116696.7256885,35,,,,,,,,,,,,,,,,,,4.942994564771652e-06,,,,,,,,,,,,,,,,,,,,,,,,,,
,1835,6266.00424526,1778116697.0953639,35,0.3691562710009748,,,,,,,,,,,,,,,,,,,,,,,,,,,,,,,,,,,,,,,,,,,
,1836,6266.181954175,1778116697.2728848,35,,,,,,,,,,,,,,,,,,,0.5470272949896753,,,,,,,,,,,,,,,,,,,,,,,,,
,1837,6267.319241255,1778116698.4103673,35,,,,,,,,,,,,,,,,,,4.064000677317381e-06,,,,,,,,,,,,,,,,,,,,,,,,,,
,1838,6267.675794865,1778116698.766899,35,0.35601885699725244,,,,,,,,,,,,,,,,,,,,,,,,,,,,,,,,,,,,,,,,,,,
,1839,6267.817604178,1778116698.908776,35,,,,,,,,,,,,,,,,,,,0.4981929450004827,,,,,,,,,,,,,,,,,,,,,,,,,
,1840,6268.894296614,1778116699.9853888,35,,,,,,,,,,,,,,,,,,4.460991476662457e-06,,,,,,,,,,,,,,,,,,,,,,,,,,
,1841,6269.399171939,1778116700.4901373,35,0.5043177890038351,,,,,,,,,,,,,,,,,,,,,,,,,,,,,,,,,,,,,,,,,,,
,1842,6269.442964519,1778116700.5340385,35,,,,,,,,,,,,,,,,,,,0.5484398980042897,,,,,,,,,,,,,,,,,,,,,,,,,
,1843,6270.516828565,1778116701.6079319,35,,,,,,,,,,,,,,,,,,4.398010787554085e-06,,,,,,,,,,,,,,,,,,,,,,,,,,
,1844,6270.896359919,1778116701.9874647,35,0.37902046700764913,,,,,,,,,,,,,,,,,,,,,,,,,,,,,,,,,,,,,,,,,,,
,1845,6271.062860276,1778116702.1539252,35,,,,,,,,,,,,,,,,,,,0.5457799499999965,,,,,,,,,,,,,,,,,,,,,,,,,
,1846,6272.196771176,1778116703.2878637,35,,,,,,,,,,,,,,,,,,4.564004484564066e-06,,,,,,,,,,,,,,,,,,,,,,,,,,
,1847,6272.529284651,1778116703.620379,35,0.3319152690091869,,,,,,,,,,,,,,,,,,,,,,,,,,,,,,,,,,,,,,,,,,,
,1848,6272.690647146,1778116703.7816465,35,,,,,,,,,,,,,,,,,,,0.49355428099806886,,,,,,,,,,,,,,,,,,,,,,,,,
,1849,6273.761005298,1778116704.8519907,35,,,,,,,,,,,,,,,,,,4.548986908048391e-06,,,,,,,,,,,,,,,,,,,,,,,,,,
,1850,6274.12122942,1778116705.212348,35,0.35991673200624064,,,,,,,,,,,,,,,,,,,,,,,,,,,,,,,,,,,,,,,,,,,
,1851,6274.260908188,1778116705.351933,35,,,,,,,,,,,,,,,,,,,0.4997833100060234,,,,,,,,,,,,,,,,,,,,,,,,,
,1852,6275.338134467,1778116706.4292235,35,,,,,,,,,,,,,,,,,,3.7620047805830836e-06,,,,,,,,,,,,,,,,,,,,,,,,,,
,1853,6275.688493576,1778116706.7796314,35,0.3499497419979889,,,,,,,,,,,,,,,,,,,,,,,,,,,,,,,,,,,,,,,,,,,
,1854,6275.832487429,1778116706.9235256,35,,,,,,,,,,,,,,,,,,,0.49404970099567436,,,,,,,,,,,,,,,,,,,,,,,,,
,1855,6276.90379014,1778116707.9946775,35,,,,,,,,,,,,,,,,,,3.749999450519681e-06,,,,,,,,,,,,,,,,,,,,,,,,,,
,1856,6277.283801221,1778116708.3750412,35,0.3801275649893796,,,,,,,,,,,,,,,,,,,,,,,,,,,,,,,,,,,,,,,,,,,
,1857,6277.450291865,1778116708.54111,35,,,,,,,,,,,,,,,,,,,0.5462784650007961,,,,,,,,,,,,,,,,,,,,,,,,,
,1858,6278.588469331,1778116709.6794486,35,,,,,,,,,,,,,,,,,,3.918001311831176e-06,,,,,,,,,,,,,,,,,,,,,,,,,,
,1859,6278.980421476,1778116710.0715327,35,0.39164314400113653,,,,,,,,,,,,,,,,,,,,,,,,,,,,,,,,,,,,,,,,,,,
,1860,6279.130629154,1778116710.2215216,35,,,,,,,,,,,,,,,,,,,0.5418437399930554,,,,,,,,,,,,,,,,,,,,,,,,,
,1861,6280.261804488,1778116711.3528998,35,,,,,,,,,,,,,,,,,,4.208006430417299e-06,,,,,,,,,,,,,,,,,,,,,,,,,,
,1862,6280.642970931,1778116711.7341137,35,0.3807044809946092,,,,,,,,,,,,,,,,,,,,,,,,,,,,,,,,,,,,,,,,,,,
,1863,6280.806651817,1778116711.8977377,35,,,,,,,,,,,,,,,,,,,0.5446602370066103,,,,,,,,,,,,,,,,,,,,,,,,,
,1864,6281.941022131,1778116713.0320144,35,,,,,,,,,,,,,,,,,,4.351997631601989e-06,,,,,,,,,,,,,,,,,,,,,,,,,,
,1865,6282.304439376,1778116713.3955472,35,0.3629686189960921,,,,,,,,,,,,,,,,,,,,,,,,,,,,,,,,,,,,,,,,,,,
,1866,6282.483152338,1778116713.5741224,35,,,,,,,,,,,,,,,,,,,0.541908951010555,,,,,,,,,,,,,,,,,,,,,,,,,
,1867,6283.612305795,1778116714.7032757,35,,,,,,,,,,,,,,,,,,3.972003469243646e-06,,,,,,,,,,,,,,,,,,,,,,,,,,
,1868,6284.148183483,1778116715.239224,35,0.5354185949981911,,,,,,,,,,,,,,,,,,,,,,,,,,,,,,,,,,,,,,,,,,,
,1869,6284.191134776,1778116715.2822547,35,,,,,,,,,,,,,,,,,,,0.5787717500061262,,,,,,,,,,,,,,,,,,,,,,,,,
,1870,6285.323831475,1778116716.4149263,35,,,,,,,,,,,,,,,,,,4.435991286300123e-06,,,,,,,,,,,,,,,,,,,,,,,,,,
,1871,6285.664885021,1778116716.7560601,35,0.3406934509985149,,,,,,,,,,,,,,,,,,,,,,,,,,,,,,,,,,,,,,,,,,,
,1872,6285.8221413,1778116716.913166,35,,,,,,,,,,,,,,,,,,,0.4980560999974841,,,,,,,,,,,,,,,,,,,,,,,,,
,1873,6286.90020046,1778116717.991305,35,,,,,,,,,,,,,,,,,,4.454006557352841e-06,,,,,,,,,,,,,,,,,,,,,,,,,,
,1874,6287.234264311,1778116718.3253307,35,0.33350290400267113,,,,,,,,,,,,,,,,,,,,,,,,,,,,,,,,,,,,,,,,,,,
,1875,6287.395584567,1778116718.4866614,35,,,,,,,,,,,,,,,,,,,0.49515019499813206,,,,,,,,,,,,,,,,,,,,,,,,,
,1876,6288.464383656,1778116719.5555499,35,,,,,,,,,,,,,,,,,,4.064000677317381e-06,,,,,,,,,,,,,,,,,,,,,,,,,,
,1877,6288.820452249,1778116719.9115307,35,0.35552925799856894,,,,,,,,,,,,,,,,,,,,,,,,,,,,,,,,,,,,,,,,,,,
,1878,6288.959369527,1778116720.050359,35,,,,,,,,,,,,,,,,,,,0.4946570489992155,,,,,,,,,,,,,,,,,,,,,,,,,
139.2451921030006,1879,6429.314499274,1778116860.4054658,35,,,,,,,,,,,,,,,,,,,,,,,,,,,,,,,,,,,,,,,,,,,,
,1880,6437.22958408,1778116868.3106003,35,7.860625942994375,,,,,,,,,,,,,,,,,,,,,,,,,,,,,,,,,,,,,,,,,,,
,1881,6437.820702132,1778116868.9116898,35,,0.06728037853091579,0.0,0.0,0.0,0.125,0.0,0.03685133129555658,0.43476733000716195,0.003550751450791409,0.0,0.09899241666666665,0.125,0.0,0.06070680876329475,0.06867908296130952,,,,,,,,,,,,,,,,,,,,,,,,,,,,
,1882,6437.820995843,1778116868.9120927,35,,,,,,,,,,,,,,,,,0.43528695800341666,,,,,,,,,,,,,,,,,,,,,,,,,,,
,1883,6437.823712859,1778116868.914205,35,,,,,,,,,,,,,,,,,,147.75699695700314,,,,,,,,,,,,,,,,,,,,,,,,,,
,1884,6438.18694454,1778116869.2781167,35,0.36364961801155005,,,,,,,,,,,,,,,,,,,,,,,,,,,,,,,,,,,,,,,,,,,
,1885,6438.358559504,1778116869.449542,35,,,,,,,,,,,,,,,,,,,0.5351324470102554,,,,,,,,,,,,,,,,,,,,,,,,,
,1886,6439.457088447,1778116870.548174,35,,,,,,,,,,,,,,,,,,4.041008651256561e-06,,,,,,,,,,,,,,,,,,,,,,,,,,
,1887,6439.807023365,1778116870.8982704,35,0.3495068829943193,,,,,,,,,,,,,,,,,,,,,,,,,,,,,,,,,,,,,,,,,,,
,1888,6439.944477382,1778116871.0354667,35,,,,,,,,,,,,,,,,,,,0.4871065330080455,,,,,,,,,,,,,,,,,,,,,,,,,
,1889,6440.986289227,1778116872.0774689,35,,,,,,,,,,,,,,,,,,4.292989615350962e-06,,,,,,,,,,,,,,,,,,,,,,,,,,
,1890,6441.325547159,1778116872.4168215,35,0.33890610600064974,,,,,,,,,,,,,,,,,,,,,,,,,,,,,,,,,,,,,,,,,,,
,1891,6441.468403066,1778116872.559343,35,,,,,,,,,,,,,,,,,,,0.4816589380061487,,,,,,,,,,,,,,,,,,,,,,,,,
,1892,6442.50346442,1778116873.5944514,35,,,,,,,,,,,,,,,,,,4.1800085455179214e-06,,,,,,,,,,,,,,,,,,,,,,,,,,
,1893,6442.858096468,1778116873.949333,35,0.35465061700961087,,,,,,,,,,,,,,,,,,,,,,,,,,,,,,,,,,,,,,,,,,,
,1894,6443.030093431,1778116874.121259,35,,,,,,,,,,,,,,,,,,,0.5266389379976317,,,,,,,,,,,,,,,,,,,,,,,,,
,1895,6444.126660195,1778116875.2174482,35,,,,,,,,,,,,,,,,,,4.438988980837166e-06,,,,,,,,,,,,,,,,,,,,,,,,,,
,1896,6444.49806848,1778116875.589302,35,0.37161012199067045,,,,,,,,,,,,,,,,,,,,,,,,,,,,,,,,,,,,,,,,,,,
,1897,6444.658026249,1778116875.748908,35,,,,,,,,,,,,,,,,,,,0.5312880419951398,,,,,,,,,,,,,,,,,,,,,,,,,
,1898,6445.758299455,1778116876.8492792,35,,,,,,,,,,,,,,,,,,4.144007107242942e-06,,,,,,,,,,,,,,,,,,,,,,,,,,
,1899,6446.180457168,1778116877.2714686,35,0.42168143700109795,,,,,,,,,,,,,,,,,,,,,,,,,,,,,,,,,,,,,,,,,,,
,1900,6446.327924304,1778116877.4189918,35,,,,,,,,,,,,,,,,,,,0.569520809003734,,,,,,,,,,,,,,,,,,,,,,,,,
,1901,6447.43210617,1778116878.5231922,35,,,,,,,,,,,,,,,,,,4.469999112188816e-06,,,,,,,,,,,,,,,,,,,,,,,,,,
,1902,6447.761164325,1778116878.8521488,35,0.328517550995457,,,,,,,,,,,,,,,,,,,,,,,,,,,,,,,,,,,,,,,,,,,
,1903,6447.915787126,1778116879.0068433,35,,,,,,,,,,,,,,,,,,,0.48345290499855764,,,,,,,,,,,,,,,,,,,,,,,,,
,1904,6448.949800569,1778116880.0409067,35,,,,,,,,,,,,,,,,,,3.981011104770005e-06,,,,,,,,,,,,,,,,,,,,,,,,,,
,1905,6449.324062596,1778116880.4151437,35,0.37378161199740134,,,,,,,,,,,,,,,,,,,,,,,,,,,,,,,,,,,,,,,,,,,
,1906,6449.477384575,1778116880.5683575,35,,,,,,,,,,,,,,,,,,,0.5272917870024685,,,,,,,,,,,,,,,,,,,,,,,,,
,1907,6450.572876271,1778116881.6638858,35,,,,,,,,,,,,,,,,,,4.578992957249284e-06,,,,,,,,,,,,,,,,,,,,,,,,,,
,1908,6450.958118354,1778116882.0492225,35,0.38493888499215245,,,,,,,,,,,,,,,,,,,,,,,,,,,,,,,,,,,,,,,,,,,
,1909,6451.10295122,1778116882.193939,35,,,,,,,,,,,,,,,,,,,0.529882267001085,,,,,,,,,,,,,,,,,,,,,,,,,
,1910,6452.203866755,1778116883.2948604,35,,,,,,,,,,,,,,,,,,4.456000169739127e-06,,,,,,,,,,,,,,,,,,,,,,,,,,
,1911,6452.540412955,1778116883.631385,35,0.33609907899517566,,,,,,,,,,,,,,,,,,,,,,,,,,,,,,,,,,,,,,,,,,,
,1912,6452.68791166,1778116883.778738,35,,,,,,,,,,,,,,,,,,,0.48367682300158776,,,,,,,,,,,,,,,,,,,,,,,,,
,1913,6453.724633728,1778116884.8157182,35,,,,,,,,,,,,,,,,,,4.462999640963972e-06,,,,,,,,,,,,,,,,,,,,,,,,,,
,1914,6454.106515053,1778116885.1974761,35,0.38129909700364806,,,,,,,,,,,,,,,,,,,,,,,,,,,,,,,,,,,,,,,,,,,
,1915,6454.256464052,1778116885.3473182,35,,,,,,,,,,,,,,,,,,,0.5314011919981567,,,,,,,,,,,,,,,,,,,,,,,,,
,1916,6455.356399598,1778116886.4474359,35,,,,,,,,,,,,,,,,,,4.21699951402843e-06,,,,,,,,,,,,,,,,,,,,,,,,,,
,1917,6455.719922718,1778116886.8109174,35,0.3630195520090638,,,,,,,,,,,,,,,,,,,,,,,,,,,,,,,,,,,,,,,,,,,
,1918,6455.888633756,1778116886.9794521,35,,,,,,,,,,,,,,,,,,,0.5318440859991824,,,,,,,,,,,,,,,,,,,,,,,,,
,1919,6456.990520117,1778116888.0816746,35,,,,,,,,,,,,,,,,,,3.895998816005886e-06,,,,,,,,,,,,,,,,,,,,,,,,,,
,1920,6457.336316533,1778116888.4274366,35,0.3453818720008712,,,,,,,,,,,,,,,,,,,,,,,,,,,,,,,,,,,,,,,,,,,
,1921,6457.477338839,1778116888.5683458,35,,,,,,,,,,,,,,,,,,,0.4864938389946474,,,,,,,,,,,,,,,,,,,,,,,,,
,1922,6458.517572343,1778116889.6086025,35,,,,,,,,,,,,,,,,,,4.214001819491386e-06,,,,,,,,,,,,,,,,,,,,,,,,,,
,1923,6458.851503253,1778116889.942484,35,0.3334318310080562,,,,,,,,,,,,,,,,,,,,,,,,,,,,,,,,,,,,,,,,,,,
,1924,6459.00269762,1778116890.0936983,35,,,,,,,,,,,,,,,,,,,0.484912397005246,,,,,,,,,,,,,,,,,,,,,,,,,
,1925,6460.038520508,1778116891.1296902,35,,,,,,,,,,,,,,,,,,3.6999990697950125e-06,,,,,,,,,,,,,,,,,,,,,,,,,,
,1926,6460.462181577,1778116891.553257,35,0.42314058700867463,,,,,,,,,,,,,,,,,,,,,,,,,,,,,,,,,,,,,,,,,,,
,1927,6460.596959779,1778116891.6878583,35,,,,,,,,,,,,,,,,,,,0.5580208970059175,,,,,,,,,,,,,,,,,,,,,,,,,
,1928,6461.635312742,1778116892.726257,35,,,,,,,,,,,,,,,,,,4.0009908843785524e-06,,,,,,,,,,,,,,,,,,,,,,,,,,
,1929,6461.976181369,1778116893.0672803,35,0.3403626029903535,,,,,,,,,,,,,,,,,,,,,,,,,,,,,,,,,,,,,,,,,,,
,1930,6462.123005402,1778116893.2139482,35,,,,,,,,,,,,,,,,,,,0.4874959199951263,,,,,,,,,,,,,,,,,,,,,,,,,
141.0386541659973,1931,6604.23917015,1778117035.3301778,35,,,,,,,,,,,,,,,,,,,,,,,,,,,,,,,,,,,,,,,,,,,,
,1932,6612.288623603,1778117043.369534,35,7.982561277996865,,,,,,,,,,,,,,,,,,,,,,,,,,,,,,,,,,,,,,,,,,,
,1933,6612.448646626,1778117043.5397854,35,,0.0,0.0,0.0,0.0,0.0,0.0,0.0,0.0013549120048992336,0.0,0.0,0.0,0.0,0.0,0.0,0.0,,,,,,,,,,,,,,,,,,,,,,,,,,,,
,1934,6612.448923261,1778117043.540215,35,,,,,,,,,,,,,,,,,0.0018842270073946565,,,,,,,,,,,,,,,,,,,,,,,,,,,
,1935,6612.450627227,1778117043.541835,35,,,,,,,,,,,,,,,,,,149.25279175300966,,,,,,,,,,,,,,,,,,,,,,,,,,
,1936,6612.787485595,1778117043.8786511,35,0.3364207099948544,,,,,,,,,,,,,,,,,,,,,,,,,,,,,,,,,,,,,,,,,,,
,1937,6612.942152196,1778117044.0330813,35,,,,,,,,,,,,,,,,,,,0.4910748840047745,,,,,,,,,,,,,,,,,,,,,,,,,
,1938,6614.005707853,1778117045.096828,35,,,,,,,,,,,,,,,,,,4.212997737340629e-06,,,,,,,,,,,,,,,,,,,,,,,,,,
,1939,6614.344988746,1778117045.4360232,35,0.33870292600477114,,,,,,,,,,,,,,,,,,,,,,,,,,,,,,,,,,,,,,,,,,,
,1940,6614.498869915,1778117045.5900576,35,,,,,,,,,,,,,,,,,,,0.49303743601194583,,,,,,,,,,,,,,,,,,,,,,,,,
,1941,6615.567893272,1778117046.6588738,35,,,,,,,,,,,,,,,,,,4.2239989852532744e-06,,,,,,,,,,,,,,,,,,,,,,,,,,
,1942,6615.956839964,1778117047.0476918,35,0.388262948996271,,,,,,,,,,,,,,,,,,,,,,,,,,,,,,,,,,,,,,,,,,,
,1943,6616.104911219,1778117047.1959019,35,,,,,,,,,,,,,,,,,,,0.5368275919900043,,,,,,,,,,,,,,,,,,,,,,,,,
,1944,6617.231549428,1778117048.3224916,35,,,,,,,,,,,,,,,,,,4.540008376352489e-06,,,,,,,,,,,,,,,,,,,,,,,,,,
,1945,6617.592471406,1778117048.6835768,35,0.3605999119899934,,,,,,,,,,,,,,,,,,,,,,,,,,,,,,,,,,,,,,,,,,,
,1946,6617.76955132,1778117048.8603814,35,,,,,,,,,,,,,,,,,,,0.5376311739964876,,,,,,,,,,,,,,,,,,,,,,,,,
,1947,6618.895038908,1778117049.9859376,35,,,,,,,,,,,,,,,,,,3.982990165241063e-06,,,,,,,,,,,,,,,,,,,,,,,,,,
,1948,6619.242994692,1778117050.3339639,35,0.3474418389960192,,,,,,,,,,,,,,,,,,,,,,,,,,,,,,,,,,,,,,,,,,,
,1949,6619.39136346,1778117050.482451,35,,,,,,,,,,,,,,,,,,,0.49623137700837106,,,,,,,,,,,,,,,,,,,,,,,,,
,1950,6620.462271864,1778117051.5532277,35,,,,,,,,,,,,,,,,,,4.162997356615961e-06,,,,,,,,,,,,,,,,,,,,,,,,,,
,1951,6620.82434421,1778117051.9153295,35,0.3616609349992359,,,,,,,,,,,,,,,,,,,,,,,,,,,,,,,,,,,,,,,,,,,
,1952,6621.00029359,1778117052.0913637,35,,,,,,,,,,,,,,,,,,,0.5379361599916592,,,,,,,,,,,,,,,,,,,,,,,,,
,1953,6622.128471935,1778117053.219446,35,,,,,,,,,,,,,,,,,,3.994005965068936e-06,,,,,,,,,,,,,,,,,,,,,,,,,,
,1954,6622.474065396,1778117053.5650437,35,0.3450109229888767,,,,,,,,,,,,,,,,,,,,,,,,,,,,,,,,,,,,,,,,,,,
,1955,6622.622400367,1778117053.7135715,35,,,,,,,,,,,,,,,,,,,0.49394367399509065,,,,,,,,,,,,,,,,,,,,,,,,,
,1956,6623.694367374,1778117054.7855234,35,,,,,,,,,,,,,,,,,,4.291010554879904e-06,,,,,,,,,,,,,,,,,,,,,,,,,,
,1957,6624.081456949,1778117055.1724758,35,0.3865005480038235,,,,,,,,,,,,,,,,,,,,,,,,,,,,,,,,,,,,,,,,,,,
,1958,6624.22536717,1778117055.3163414,35,,,,,,,,,,,,,,,,,,,0.5306340690003708,,,,,,,,,,,,,,,,,,,,,,,,,
,1959,6625.291498837,1778117056.3824375,35,,,,,,,,,,,,,,,,,,4.350004019215703e-06,,,,,,,,,,,,,,,,,,,,,,,,,,
,1960,6625.678916965,1778117056.769946,35,0.3868090190080693,,,,,,,,,,,,,,,,,,,,,,,,,,,,,,,,,,,,,,,,,,,
,1961,6625.834150596,1778117056.9251163,35,,,,,,,,,,,,,,,,,,,0.5424761100002797,,,,,,,,,,,,,,,,,,,,,,,,,
,1962,6626.968273039,1778117058.0592618,35,,,,,,,,,,,,,,,,,,4.852990969084203e-06,,,,,,,,,,,,,,,,,,,,,,,,,,
,1963,6627.356640565,1778117058.4477935,35,0.38830466600484215,,,,,,,,,,,,,,,,,,,,,,,,,,,,,,,,,,,,,,,,,,,
,1964,6627.507236556,1778117058.5983138,35,,,,,,,,,,,,,,,,,,,0.5388984520104714,,,,,,,,,,,,,,,,,,,,,,,,,
,1965,6628.63316146,1778117059.7242277,35,,,,,,,,,,,,,,,,,,4.249013727530837e-06,,,,,,,,,,,,,,,,,,,,,,,,,,
,1966,6628.99823269,1778117060.089443,35,0.36453994699695613,,,,,,,,,,,,,,,,,,,,,,,,,,,,,,,,,,,,,,,,,,,
,1967,6629.172244769,1778117060.2633402,35,,,,,,,,,,,,,,,,,,,0.5389264499972342,,,,,,,,,,,,,,,,,,,,,,,,,
,1968,6630.298719626,1778117061.38983,35,,,,,,,,,,,,,,,,,,4.739005817100406e-06,,,,,,,,,,,,,,,,,,,,,,,,,,
,1969,6630.649189805,1778117061.7402506,35,0.34991636899940204,,,,,,,,,,,,,,,,,,,,,,,,,,,,,,,,,,,,,,,,,,,
,1970,6630.794515593,1778117061.8856947,35,,,,,,,,,,,,,,,,,,,0.4956622419995256,,,,,,,,,,,,,,,,,,,,,,,,,
,1971,6631.863512696,1778117062.954372,35,,,,,,,,,,,,,,,,,,4.287008778192103e-06,,,,,,,,,,,,,,,,,,,,,,,,,,
,1972,6632.225085892,1778117063.316295,35,0.3616719839919824,,,,,,,,,,,,,,,,,,,,,,,,,,,,,,,,,,,,,,,,,,,
,1973,6632.401882894,1778117063.4928432,35,,,,,,,,,,,,,,,,,,,0.5383118519966956,,,,,,,,,,,,,,,,,,,,,,,,,
,1974,6633.530168983,1778117064.6213162,35,,,,,,,,,,,,,,,,,,4.430010449141264e-06,,,,,,,,,,,,,,,,,,,,,,,,,,
,1975,6633.907777507,1778117064.9988556,35,0.37708974700944964,,,,,,,,,,,,,,,,,,,,,,,,,,,,,,,,,,,,,,,,,,,
,1976,6634.068611184,1778117065.1597052,35,,,,,,,,,,,,,,,,,,,0.5382208160008304,,,,,,,,,,,,,,,,,,,,,,,,,
,1977,6635.197467597,1778117066.2884526,35,,,,,,,,,,,,,,,,,,4.591012839227915e-06,,,,,,,,,,,,,,,,,,,,,,,,,,
,1978,6635.553584183,1778117066.6446466,35,0.3556949389894726,,,,,,,,,,,,,,,,,,,,,,,,,,,,,,,,,,,,,,,,,,,
,1979,6635.691785746,1778117066.7826548,35,,,,,,,,,,,,,,,,,,,0.49398707698856015,,,,,,,,,,,,,,,,,,,,,,,,,
,1980,6636.759659025,1778117067.8506367,35,,,,,,,,,,,,,,,,,,4.3700129026547074e-06,,,,,,,,,,,,,,,,,,,,,,,,,,
,1981,6637.101092671,1778117068.1920516,35,0.3409261399938259,,,,,,,,,,,,,,,,,,,,,,,,,,,,,,,,,,,,,,,,,,,
,1982,6637.248194958,1778117068.339331,35,,,,,,,,,,,,,,,,,,,0.48847320600179955,,,,,,,,,,,,,,,,,,,,,,,,,
139.50053687200125,1983,6777.852521018,1778117208.9435246,35,,,,,,,,,,,,,,,,,,,,,,,,,,,,,,,,,,,,,,,,,,,,
,1984,6785.759164709,1778117216.835123,35,7.8472507190017495,,,,,,,,,,,,,,,,,,,,,,,,,,,,,,,,,,,,,,,,,,,
,1985,6786.31992231,1778117217.4109874,35,,0.0,0.0,0.0,0.0,0.0,0.0,0.0,0.3938531059975503,0.0036251947327331857,0.0,0.0,0.0,0.0,0.0,0.0,,,,,,,,,,,,,,,,,,,,,,,,,,,,
,1986,6786.320522654,1778117217.4116995,35,,,,,,,,,,,,,,,,,0.39465676799591165,,,,,,,,,,,,,,,,,,,,,,,,,,,
,1987,6786.322758585,1778117217.4138715,35,,,,,,,,,,,,,,,,,,147.97319921999588,,,,,,,,,,,,,,,,,,,,,,,,,,
,1988,6786.744024019,1778117217.835166,35,0.4209300060028909,,,,,,,,,,,,,,,,,,,,,,,,,,,,,,,,,,,,,,,,,,,
,1989,6786.917386225,1778117218.008451,35,,,,,,,,,,,,,,,,,,,0.5943782279937295,,,,,,,,,,,,,,,,,,,,,,,,,
,1990,6788.019837239,1778117219.1109626,35,,,,,,,,,,,,,,,,,,4.503002855926752e-06,,,,,,,,,,,,,,,,,,,,,,,,,,
,1991,6788.36725147,1778117219.4583871,35,0.34692656400147825,,,,,,,,,,,,,,,,,,,,,,,,,,,,,,,,,,,,,,,,,,,
,1992,6788.502690423,1778117219.593751,35,,,,,,,,,,,,,,,,,,,0.48260211599699687,,,,,,,,,,,,,,,,,,,,,,,,,
,1993,6789.540958899,1778117220.632119,35,,,,,,,,,,,,,,,,,,4.237997927702963e-06,,,,,,,,,,,,,,,,,,,,,,,,,,
,1994,6789.883421578,1778117220.9745922,35,0.3421296699962113,,,,,,,,,,,,,,,,,,,,,,,,,,,,,,,,,,,,,,,,,,,
,1995,6790.027622165,1778117221.118644,35,,,,,,,,,,,,,,,,,,,0.4863634159992216,,,,,,,,,,,,,,,,,,,,,,,,,
,1996,6791.072779949,1778117222.163945,35,,,,,,,,,,,,,,,,,,4.015993908978999e-06,,,,,,,,,,,,,,,,,,,,,,,,,,
,1997,6791.428524664,1778117222.5197499,35,0.35535348499251995,,,,,,,,,,,,,,,,,,,,,,,,,,,,,,,,,,,,,,,,,,,
,1998,6791.601383671,1778117222.692595,35,,,,,,,,,,,,,,,,,,,0.5284963419981068,,,,,,,,,,,,,,,,,,,,,,,,,
,1999,6792.700250374,1778117223.79125,35,,,,,,,,,,,,,,,,,,3.7489953683689237e-06,,,,,,,,,,,,,,,,,,,,,,,,,,
,2000,6793.041405658,1778117224.1326334,35,0.3408876430039527,,,,,,,,,,,,,,,,,,,,,,,,,,,,,,,,,,,,,,,,,,,
,2001,6793.186343967,1778117224.2773995,35,,,,,,,,,,,,,,,,,,,0.48595582399866544,,,,,,,,,,,,,,,,,,,,,,,,,
,2002,6794.230482878,1778117225.3216271,35,,,,,,,,,,,,,,,,,,4.462999640963972e-06,,,,,,,,,,,,,,,,,,,,,,,,,,
,2003,6794.557161796,1778117225.6483874,35,0.3262574330001371,,,,,,,,,,,,,,,,,,,,,,,,,,,,,,,,,,,,,,,,,,,
,2004,6794.713363108,1778117225.8044505,35,,,,,,,,,,,,,,,,,,,0.4826485759986099,,,,,,,,,,,,,,,,,,,,,,,,,
,2005,6795.753191628,1778117226.8443582,35,,,,,,,,,,,,,,,,,,3.602996002882719e-06,,,,,,,,,,,,,,,,,,,,,,,,,,
,2006,6796.128760416,1778117227.2199364,35,0.3751716300030239,,,,,,,,,,,,,,,,,,,,,,,,,,,,,,,,,,,,,,,,,,,
,2007,6796.282288424,1778117227.3733957,35,,,,,,,,,,,,,,,,,,,0.5288977320014965,,,,,,,,,,,,,,,,,,,,,,,,,
,2008,6797.379416891,1778117228.4705195,35,,,,,,,,,,,,,,,,,,4.1679886635392904e-06,,,,,,,,,,,,,,,,,,,,,,,,,,
,2009,6797.707557291,1778117228.7987626,35,0.3277781539945863,,,,,,,,,,,,,,,,,,,,,,,,,,,,,,,,,,,,,,,,,,,
,2010,6797.863518802,1778117228.954651,35,,,,,,,,,,,,,,,,,,,0.48394483100855723,,,,,,,,,,,,,,,,,,,,,,,,,
,2011,6798.902802911,1778117229.9938018,35,,,,,,,,,,,,,,,,,,3.473003744147718e-06,,,,,,,,,,,,,,,,,,,,,,,,,,
,2012,6799.247868346,1778117230.3391058,35,0.34484777999750804,,,,,,,,,,,,,,,,,,,,,,,,,,,,,,,,,,,,,,,,,,,
,2013,6799.388973426,1778117230.480153,35,,,,,,,,,,,,,,,,,,,0.48613444800139405,,,,,,,,,,,,,,,,,,,,,,,,,
,2014,6800.433338102,1778117231.5244215,35,,,,,,,,,,,,,,,,,,3.9769947761669755e-06,,,,,,,,,,,,,,,,,,,,,,,,,,
,2015,6800.867955915,1778117231.9591756,35,0.43441445800999645,,,,,,,,,,,,,,,,,,,,,,,,,,,,,,,,,,,,,,,,,,,
,2016,6801.036578979,1778117232.127256,35,,,,,,,,,,,,,,,,,,,0.6026019739947515,,,,,,,,,,,,,,,,,,,,,,,,,
,2017,6802.140509167,1778117233.2316072,35,,,,,,,,,,,,,,,,,,3.9769947761669755e-06,,,,,,,,,,,,,,,,,,,,,,,,,,
,2018,6802.486302837,1778117233.577566,35,0.34563674801029265,,,,,,,,,,,,,,,,,,,,,,,,,,,,,,,,,,,,,,,,,,,
,2019,6802.627838984,1778117233.7188501,35,,,,,,,,,,,,,,,,,,,0.4870898850058438,,,,,,,,,,,,,,,,,,,,,,,,,
,2020,6803.671366492,1778117234.762396,35,,,,,,,,,,,,,,,,,,4.164990969002247e-06,,,,,,,,,,,,,,,,,,,,,,,,,,
,2021,6804.005490824,1778117235.0965958,35,0.33375856599013787,,,,,,,,,,,,,,,,,,,,,,,,,,,,,,,,,,,,,,,,,,,
,2022,6804.155863214,1778117235.2468345,35,,,,,,,,,,,,,,,,,,,0.4842673300008755,,,,,,,,,,,,,,,,,,,,,,,,,
,2023,6805.196672266,1778117236.2876408,35,,,,,,,,,,,,,,,,,,3.852008376270533e-06,,,,,,,,,,,,,,,,,,,,,,,,,,
,2024,6805.580145079,1778117236.6711285,35,0.3831183750007767,,,,,,,,,,,,,,,,,,,,,,,,,,,,,,,,,,,,,,,,,,,
,2025,6805.729726952,1778117236.8206968,35,,,,,,,,,,,,,,,,,,,0.5329107040015515,,,,,,,,,,,,,,,,,,,,,,,,,
,2026,6806.83314876,1778117237.9243202,35,,,,,,,,,,,,,,,,,,3.793000360019505e-06,,,,,,,,,,,,,,,,,,,,,,,,,,
,2027,6807.19169343,1778117238.2828305,35,0.358020753992605,,,,,,,,,,,,,,,,,,,,,,,,,,,,,,,,,,,,,,,,,,,
,2028,6807.365669732,1778117238.4567373,35,,,,,,,,,,,,,,,,,,,0.5322558619955089,,,,,,,,,,,,,,,,,,,,,,,,,
,2029,6808.469258675,1778117239.5603194,35,,,,,,,,,,,,,,,,,,4.63899050373584e-06,,,,,,,,,,,,,,,,,,,,,,,,,,
,2030,6808.838274497,1778117239.9295201,35,0.3687722100003157,,,,,,,,,,,,,,,,,,,,,,,,,,,,,,,,,,,,,,,,,,,
,2031,6808.997622191,1778117240.088739,35,,,,,,,,,,,,,,,,,,,0.5281681349879364,,,,,,,,,,,,,,,,,,,,,,,,,
,2032,6810.095549221,1778117241.1867065,35,,,,,,,,,,,,,,,,,,4.41899464931339e-06,,,,,,,,,,,,,,,,,,,,,,,,,,
,2033,6810.473612193,1778117241.5647354,35,0.37756553800136317,,,,,,,,,,,,,,,,,,,,,,,,,,,,,,,,,,,,,,,,,,,
,2034,6810.624410066,1778117241.7154243,35,,,,,,,,,,,,,,,,,,,0.528540218991111,,,,,,,,,,,,,,,,,,,,,,,,,
124.95986964300391,2035,6936.723214149,1778117367.8142645,35,,,,,,,,,,,,,,,,,,,,,,,,,,,,,,,,,,,,,,,,,,,,
,2036,6944.246165859,1778117375.3220112,35,7.463231603993336,,,,,,,,,,,,,,,,,,,,,,,,,,,,,,,,,,,,,,,,,,,
,2037,6945.105870327,1778117376.1971858,35,,0.021034624881838493,0.0,0.0,0.0,0.125,0.0,0.03672664015498382,0.7321235869894736,0.0016019036436697937,0.0,0.1,0.125,0.0,0.04242794873068864,0.11904761904761904,,,,,,,,,,,,,,,,,,,,,,,,,,,,
,2038,6945.107394348,1778117376.1987438,35,,,,,,,,,,,,,,,,,0.7337867510068463,,,,,,,,,,,,,,,,,,,,,,,,,,,
,2039,6945.109939955,1778117376.2007828,35,,,,,,,,,,,,,,,,,,133.34859230399888,,,,,,,,,,,,,,,,,,,,,,,,,,
,2040,6945.437581337,1778117376.528558,35,0.32750952399510425,,,,,,,,,,,,,,,,,,,,,,,,,,,,,,,,,,,,,,,,,,,
,2041,6945.58763624,1778117376.678748,35,,,,,,,,,,,,,,,,,,,0.4777762270095991,,,,,,,,,,,,,,,,,,,,,,,,,
,2042,6946.617669386,1778117377.7087452,35,,,,,,,,,,,,,,,,,,4.23500023316592e-06,,,,,,,,,,,,,,,,,,,,,,,,,,
,2043,6947.132020844,1778117378.2230446,35,0.5136687799968058,,,,,,,,,,,,,,,,,,,,,,,,,,,,,,,,,,,,,,,,,,,
,2044,6947.146360203,1778117378.237459,35,,,,,,,,,,,,,,,,,,,0.528514431003714,,,,,,,,,,,,,,,,,,,,,,,,,
,2045,6948.176227719,1778117379.2672164,35,,,,,,,,,,,,,,,,,,4.082001396454871e-06,,,,,,,,,,,,,,,,,,,,,,,,,,
,2046,6948.522938931,1778117379.6140268,35,0.3463084699906176,,,,,,,,,,,,,,,,,,,,,,,,,,,,,,,,,,,,,,,,,,,
,2047,6948.657229392,1778117379.7483137,35,,,,,,,,,,,,,,,,,,,0.4808419290056918,,,,,,,,,,,,,,,,,,,,,,,,,
,2048,6949.689146041,1778117380.7801116,35,,,,,,,,,,,,,,,,,,4.091998562216759e-06,,,,,,,,,,,,,,,,,,,,,,,,,,
,2049,6950.024114395,1778117381.11519,35,0.33459892400423996,,,,,,,,,,,,,,,,,,,,,,,,,,,,,,,,,,,,,,,,,,,
,2050,6950.16885379,1778117381.2599163,35,,,,,,,,,,,,,,,,,,,0.47960251099721063,,,,,,,,,,,,,,,,,,,,,,,,,
,2051,6951.200097459,1778117382.2910523,35,,,,,,,,,,,,,,,,,,3.68300243280828e-06,,,,,,,,,,,,,,,,,,,,,,,,,,
,2052,6951.52745802,1778117382.6186702,35,0.3269615469907876,,,,,,,,,,,,,,,,,,,,,,,,,,,,,,,,,,,,,,,,,,,
,2053,6951.682243862,1778117382.7731965,35,,,,,,,,,,,,,,,,,,,0.4819694469915703,,,,,,,,,,,,,,,,,,,,,,,,,
,2054,6952.716912029,1778117383.807448,35,,,,,,,,,,,,,,,,,,1.1640004231594503e-05,,,,,,,,,,,,,,,,,,,,,,,,,,
,2055,6953.064077116,1778117384.1550512,35,0.34674048000306357,,,,,,,,,,,,,,,,,,,,,,,,,,,,,,,,,,,,,,,,,,,
,2056,6953.205112691,1778117384.2961109,35,,,,,,,,,,,,,,,,,,,0.48822195499087684,,,,,,,,,,,,,,,,,,,,,,,,,
,2057,6954.242106876,1778117385.3330932,35,,,,,,,,,,,,,,,,,,4.2000028770416975e-06,,,,,,,,,,,,,,,,,,,,,,,,,,
,2058,6954.575486906,1778117385.6665792,35,0.33306379200075753,,,,,,,,,,,,,,,,,,,,,,,,,,,,,,,,,,,,,,,,,,,
,2059,6954.721838607,1778117385.8128343,35,,,,,,,,,,,,,,,,,,,0.47959940700093284,,,,,,,,,,,,,,,,,,,,,,,,,
,2060,6955.753846765,1778117386.8448322,35,,,,,,,,,,,,,,,,,,3.7860008887946606e-06,,,,,,,,,,,,,,,,,,,,,,,,,,
,2061,6956.078430738,1778117387.1695175,35,0.3241053770034341,,,,,,,,,,,,,,,,,,,,,,,,,,,,,,,,,,,,,,,,,,,
,2062,6956.23480423,1778117387.3256762,35,,,,,,,,,,,,,,,,,,,0.48066477199608926,,,,,,,,,,,,,,,,,,,,,,,,,
,2063,6957.267849193,1778117388.3588667,35,,,,,,,,,,,,,,,,,,3.563007339835167e-06,,,,,,,,,,,,,,,,,,,,,,,,,,
,2064,6957.609582848,1778117388.700555,35,0.3413001750013791,,,,,,,,,,,,,,,,,,,,,,,,,,,,,,,,,,,,,,,,,,,
,2065,6957.749493534,1778117388.8403883,35,,,,,,,,,,,,,,,,,,,0.48137758098891936,,,,,,,,,,,,,,,,,,,,,,,,,
,2066,6958.783703203,1778117389.8747287,35,,,,,,,,,,,,,,,,,,3.620996722020209e-06,,,,,,,,,,,,,,,,,,,,,,,,,,
,2067,6959.113791089,1778117390.2047606,35,0.3295935939968331,,,,,,,,,,,,,,,,,,,,,,,,,,,,,,,,,,,,,,,,,,,
,2068,6959.262982329,1778117390.3539698,35,,,,,,,,,,,,,,,,,,,0.4790653970121639,,,,,,,,,,,,,,,,,,,,,,,,,
,2069,6960.291594408,1778117391.3825974,35,,,,,,,,,,,,,,,,,,4.347995854914188e-06,,,,,,,,,,,,,,,,,,,,,,,,,,
,2070,6960.722226028,1778117391.813213,35,0.43009782300214283,,,,,,,,,,,,,,,,,,,,,,,,,,,,,,,,,,,,,,,,,,,
,2071,6960.797657997,1778117391.888548,35,,,,,,,,,,,,,,,,,,,0.5056821719917934,,,,,,,,,,,,,,,,,,,,,,,,,
,2072,6961.829910126,1778117392.9209275,35,,,,,,,,,,,,,,,,,,4.7240027924999595e-06,,,,,,,,,,,,,,,,,,,,,,,,,,
,2073,6962.166224287,1778117393.2573018,35,0.3358743830031017,,,,,,,,,,,,,,,,,,,,,,,,,,,,,,,,,,,,,,,,,,,
,2074,6962.311569,1778117393.4025679,35,,,,,,,,,,,,,,,,,,,0.48145499000384007,,,,,,,,,,,,,,,,,,,,,,,,,
,2075,6963.34315899,1778117394.4342911,35,,,,,,,,,,,,,,,,,,4.3909967644140124e-06,,,,,,,,,,,,,,,,,,,,,,,,,,
,2076,6963.669758451,1778117394.7609255,35,0.32614837300207,,,,,,,,,,,,,,,,,,,,,,,,,,,,,,,,,,,,,,,,,,,
,2077,6963.825394543,1778117394.9164813,35,,,,,,,,,,,,,,,,,,,0.4820106429979205,,,,,,,,,,,,,,,,,,,,,,,,,
,2078,6964.861198825,1778117395.9522388,35,,,,,,,,,,,,,,,,,,4.128000000491738e-06,,,,,,,,,,,,,,,,,,,,,,,,,,
,2079,6965.206003718,1778117396.297077,35,0.3442245420010295,,,,,,,,,,,,,,,,,,,,,,,,,,,,,,,,,,,,,,,,,,,
,2080,6965.342851498,1778117396.434025,35,,,,,,,,,,,,,,,,,,,0.4815899559907848,,,,,,,,,,,,,,,,,,,,,,,,,
,2081,6966.375230111,1778117397.4663217,35,,,,,,,,,,,,,,,,,,4.329995135776699e-06,,,,,,,,,,,,,,,,,,,,,,,,,,
,2082,6966.714339409,1778117397.8053946,35,0.33867433400882874,,,,,,,,,,,,,,,,,,,,,,,,,,,,,,,,,,,,,,,,,,,
,2083,6966.860335924,1778117397.9515426,35,,,,,,,,,,,,,,,,,,,0.48504667400266044,,,,,,,,,,,,,,,,,,,,,,,,,
,2084,6967.895746131,1778117398.9867601,35,,,,,,,,,,,,,,,,,,4.0339946281164885e-06,,,,,,,,,,,,,,,,,,,,,,,,,,
,2085,6968.223622075,1778117399.3146987,35,0.32733671099413186,,,,,,,,,,,,,,,,,,,,,,,,,,,,,,,,,,,,,,,,,,,
,2086,6968.381180594,1778117399.4721482,35,,,,,,,,,,,,,,,,,,,0.4851804319914663,,,,,,,,,,,,,,,,,,,,,,,,,
,2087,6969.435581755,1778117400.5266888,40,,,,,,,,,,,,,,,,,,,,0.02420036275871098,0.0,0.0,0.051552318426547575,0.0,168.88007986041194,0.01890610529226251,882978.0,32966619.87667474,0.0,1318664.7,44453.5859375,1024.0,0.0,4.986980354404316e-07,0.0,1024.0,0.006939625260235947,0.01890610529226251,0.5,0.0,1.0,0.0,0.05155231842072681,1024.0
140.05557941000734,2088,7109.51588287,1778117540.6068754,40,,,,,,,,,,,,,,,,,,,,,,,,,,,,,,,,,,,,,,,,,,,,
,2089,7117.459577007,1778117548.5405264,40,7.889245878002839,,,,,,,,,,,,,,,,,,,,,,,,,,,,,,,,,,,,,,,,,,,
,2090,7117.973566735,1778117549.0640116,40,,0.0,0.0,0.0,0.0,0.0,0.0,0.0,0.34142831100325566,0.004927814495264327,0.0,0.0,0.0,0.0,0.0,0.0,,,,,,,,,,,,,,,,,,,,,,,,,,,,
,2091,7117.97366786,1778117549.064392,40,,,,,,,,,,,,,,,,,0.3419294159975834,,,,,,,,,,,,,,,,,,,,,,,,,,,
,2092,7117.97555892,1778117549.0665975,40,,,,,,,,,,,,,,,,,,148.5179566250008,,,,,,,,,,,,,,,,,,,,,,,,,,
,2093,7118.327960611,1778117549.419002,40,0.35214322099636775,,,,,,,,,,,,,,,,,,,,,,,,,,,,,,,,,,,,,,,,,,,
,2094,7118.481599465,1778117549.5727022,40,,,,,,,,,,,,,,,,,,,0.5059125249972567,,,,,,,,,,,,,,,,,,,,,,,,,
,2095,7119.53852286,1778117550.6295779,40,,,,,,,,,,,,,,,,,,3.934997948817909e-06,,,,,,,,,,,,,,,,,,,,,,,,,,
,2096,7119.895595693,1778117550.986756,40,0.3567497399926651,,,,,,,,,,,,,,,,,,,,,,,,,,,,,,,,,,,,,,,,,,,
,2097,7120.070956355,1778117551.161925,40,,,,,,,,,,,,,,,,,,,0.532133854998392,,,,,,,,,,,,,,,,,,,,,,,,,
,2098,7121.181685311,1778117552.2727938,40,,,,,,,,,,,,,,,,,,4.073997843079269e-06,,,,,,,,,,,,,,,,,,,,,,,,,,
,2099,7121.553091001,1778117552.6441815,40,0.37082388599810656,,,,,,,,,,,,,,,,,,,,,,,,,,,,,,,,,,,,,,,,,,,
,2100,7121.712907313,1778117552.8038847,40,,,,,,,,,,,,,,,,,,,0.530892547001713,,,,,,,,,,,,,,,,,,,,,,,,,
,2101,7122.822244984,1778117553.9133294,40,,,,,,,,,,,,,,,,,,4.016008460894227e-06,,,,,,,,,,,,,,,,,,,,,,,,,,
,2102,7123.353959052,1778117554.4449675,40,0.531140677005169,,,,,,,,,,,,,,,,,,,,,,,,,,,,,,,,,,,,,,,,,,,
,2103,7123.384121902,1778117554.475314,40,,,,,,,,,,,,,,,,,,,0.5618204140046146,,,,,,,,,,,,,,,,,,,,,,,,,
,2104,7124.494306238,1778117555.5853982,40,,,,,,,,,,,,,,,,,,4.626999725587666e-06,,,,,,,,,,,,,,,,,,,,,,,,,,
,2105,7124.851183694,1778117555.942237,40,0.3564298770070309,,,,,,,,,,,,,,,,,,,,,,,,,,,,,,,,,,,,,,,,,,,
,2106,7125.025465874,1778117556.1165438,40,,,,,,,,,,,,,,,,,,,0.5309542219911236,,,,,,,,,,,,,,,,,,,,,,,,,
,2107,7126.135769375,1778117557.2267416,40,,,,,,,,,,,,,,,,,,4.039990017190576e-06,,,,,,,,,,,,,,,,,,,,,,,,,,
,2108,7126.47867404,1778117557.5696542,40,0.3424144540040288,,,,,,,,,,,,,,,,,,,,,,,,,,,,,,,,,,,,,,,,,,,
,2109,7126.625889118,1778117557.7168648,40,,,,,,,,,,,,,,,,,,,0.4899489860108588,,,,,,,,,,,,,,,,,,,,,,,,,
,2110,7127.679837151,1778117558.7708066,40,,,,,,,,,,,,,,,,,,3.706998541019857e-06,,,,,,,,,,,,,,,,,,,,,,,,,,
,2111,7128.04044251,1778117559.1314325,40,0.36018604900164064,,,,,,,,,,,,,,,,,,,,,,,,,,,,,,,,,,,,,,,,,,,
,2112,7128.214377127,1778117559.3053763,40,,,,,,,,,,,,,,,,,,,0.5344202179985587,,,,,,,,,,,,,,,,,,,,,,,,,
,2113,7129.329842016,1778117560.4208236,40,,,,,,,,,,,,,,,,,,3.7040008464828134e-06,,,,,,,,,,,,,,,,,,,,,,,,,,
,2114,7129.691376466,1778117560.7822976,40,0.36076470400439575,,,,,,,,,,,,,,,,,,,,,,,,,,,,,,,,,,,,,,,,,,,
,2115,7129.859856706,1778117560.9508197,40,,,,,,,,,,,,,,,,,,,0.5298517290066229,,,,,,,,,,,,,,,,,,,,,,,,,
,2116,7130.968331829,1778117562.0593457,40,,,,,,,,,,,,,,,,,,4.048008122481406e-06,,,,,,,,,,,,,,,,,,,,,,,,,,
,2117,7131.31611727,1778117562.4070995,40,0.3473032420006348,,,,,,,,,,,,,,,,,,,,,,,,,,,,,,,,,,,,,,,,,,,
,2118,7131.45898578,1778117562.5499425,40,,,,,,,,,,,,,,,,,,,0.49040719101321883,,,,,,,,,,,,,,,,,,,,,,,,,
,2119,7132.515799562,1778117563.6069114,40,,,,,,,,,,,,,,,,,,4.204994183965027e-06,,,,,,,,,,,,,,,,,,,,,,,,,,
,2120,7132.852387118,1778117563.9433677,40,0.33603179900092073,,,,,,,,,,,,,,,,,,,,,,,,,,,,,,,,,,,,,,,,,,,
,2121,7133.000953537,1778117564.092072,40,,,,,,,,,,,,,,,,,,,0.4850258299993584,,,,,,,,,,,,,,,,,,,,,,,,,
,2122,7134.048002975,1778117565.1390092,40,,,,,,,,,,,,,,,,,,3.905995981767774e-06,,,,,,,,,,,,,,,,,,,,,,,,,,
,2123,7134.427953368,1778117565.5189297,40,0.37948571900778916,,,,,,,,,,,,,,,,,,,,,,,,,,,,,,,,,,,,,,,,,,,
,2124,7134.579638243,1778117565.670629,40,,,,,,,,,,,,,,,,,,,0.5314012650051154,,,,,,,,,,,,,,,,,,,,,,,,,
,2125,7135.689641365,1778117566.7805798,40,,,,,,,,,,,,,,,,,,4.168992745690048e-06,,,,,,,,,,,,,,,,,,,,,,,,,,
,2126,7136.024429609,1778117567.1156533,40,0.3346351939981105,,,,,,,,,,,,,,,,,,,,,,,,,,,,,,,,,,,,,,,,,,,
,2127,7136.175253904,1778117567.2661252,40,,,,,,,,,,,,,,,,,,,0.4853503749909578,,,,,,,,,,,,,,,,,,,,,,,,,
,2128,7137.2257059,1778117568.3168643,40,,,,,,,,,,,,,,,,,,4.364002961665392e-06,,,,,,,,,,,,,,,,,,,,,,,,,,
,2129,7137.716763569,1778117568.8077815,40,0.49058254600095097,,,,,,,,,,,,,,,,,,,,,,,,,,,,,,,,,,,,,,,,,,,
,2130,7137.737556184,1778117568.8286757,40,,,,,,,,,,,,,,,,,,,0.51164458799758,,,,,,,,,,,,,,,,,,,,,,,,,
,2131,7138.803594995,1778117569.8946671,40,,,,,,,,,,,,,,,,,,4.9340014811605215e-06,,,,,,,,,,,,,,,,,,,,,,,,,,
,2132,7139.149445782,1778117570.240633,40,0.34545918100047857,,,,,,,,,,,,,,,,,,,,,,,,,,,,,,,,,,,,,,,,,,,
,2133,7139.293316283,1778117570.384286,40,,,,,,,,,,,,,,,,,,,0.48943899699952453,,,,,,,,,,,,,,,,,,,,,,,,,
,2134,7140.350843811,1778117571.4418097,40,,,,,,,,,,,,,,,,,,4.746994818560779e-06,,,,,,,,,,,,,,,,,,,,,,,,,,
,2135,7140.687022689,1778117571.7780094,40,0.33574330400733743,,,,,,,,,,,,,,,,,,,,,,,,,,,,,,,,,,,,,,,,,,,
,2136,7140.841952621,1778117571.932972,40,,,,,,,,,,,,,,,,,,,0.4909584690030897,,,,,,,,,,,,,,,,,,,,,,,,,
,2137,7141.906441487,1778117572.99751,40,,,,,,,,,,,,,,,,,,6.654008757323027e-06,,,,,,,,,,,,,,,,,,,,,,,,,,
,2138,7142.289519329,1778117573.3804452,40,0.3823773829935817,,,,,,,,,,,,,,,,,,,,,,,,,,,,,,,,,,,,,,,,,,,
,2139,7142.44201359,1778117573.5331357,40,,,,,,,,,,,,,,,,,,,0.5354170610080473,,,,,,,,,,,,,,,,,,,,,,,,,
140.1392336759891,2140,7283.734727444,1778117714.825782,40,,,,,,,,,,,,,,,,,,,,,,,,,,,,,,,,,,,,,,,,,,,,
,2141,7291.749285341,1778117722.8302417,40,7.960319272999186,,,,,,,,,,,,,,,,,,,,,,,,,,,,,,,,,,,,,,,,,,,
,2142,7291.924941254,1778117723.0161867,40,,0.0,0.0,0.0,0.0,0.0,0.0,0.0,0.0015633980074198917,0.0,0.0,0.0,0.0,0.0,0.0,0.0,,,,,,,,,,,,,,,,,,,,,,,,,,,,
,2143,7291.925317673,1778117723.0166695,40,,,,,,,,,,,,,,,,,0.002160736999940127,,,,,,,,,,,,,,,,,,,,,,,,,,,
,2144,7291.927026256,1778117723.0182557,40,,,,,,,,,,,,,,,,,,148.33418665999488,,,,,,,,,,,,,,,,,,,,,,,,,,
,2145,7292.26326673,1778117723.3544629,40,0.33592975900683086,,,,,,,,,,,,,,,,,,,,,,,,,,,,,,,,,,,,,,,,,,,
,2146,7292.418605116,1778117723.5095599,40,,,,,,,,,,,,,,,,,,,0.49113278099684976,,,,,,,,,,,,,,,,,,,,,,,,,
,2147,7293.481836075,1778117724.5727918,40,,,,,,,,,,,,,,,,,,4.164001438766718e-06,,,,,,,,,,,,,,,,,,,,,,,,,,
,2148,7293.843050962,1778117724.9340324,40,0.3608003270055633,,,,,,,,,,,,,,,,,,,,,,,,,,,,,,,,,,,,,,,,,,,
,2149,7294.019040276,1778117725.1100004,40,,,,,,,,,,,,,,,,,,,0.5370453960058512,,,,,,,,,,,,,,,,,,,,,,,,,
,2150,7295.141338256,1778117726.232328,40,,,,,,,,,,,,,,,,,,4.491012077778578e-06,,,,,,,,,,,,,,,,,,,,,,,,,,
,2151,7295.515705172,1778117726.6067045,40,0.37394238900742494,,,,,,,,,,,,,,,,,,,,,,,,,,,,,,,,,,,,,,,,,,,
,2152,7295.678470552,1778117726.7694678,40,,,,,,,,,,,,,,,,,,,0.536935207011993,,,,,,,,,,,,,,,,,,,,,,,,,
,2153,7296.801295395,1778117727.8922677,40,,,,,,,,,,,,,,,,,,3.745008143596351e-06,,,,,,,,,,,,,,,,,,,,,,,,,,
,2154,7297.184326046,1778117728.2754192,40,0.38272563100326806,,,,,,,,,,,,,,,,,,,,,,,,,,,,,,,,,,,,,,,,,,,
,2155,7297.3378343,1778117728.4287128,40,,,,,,,,,,,,,,,,,,,0.5362755279929843,,,,,,,,,,,,,,,,,,,,,,,,,
,2156,7298.458002731,1778117729.5489612,40,,,,,,,,,,,,,,,,,,3.7840072764083743e-06,,,,,,,,,,,,,,,,,,,,,,,,,,
,2157,7298.817767571,1778117729.9087644,40,0.3593800599919632,,,,,,,,,,,,,,,,,,,,,,,,,,,,,,,,,,,,,,,,,,,
,2158,7298.993753952,1778117730.0846603,40,,,,,,,,,,,,,,,,,,,0.5354845770052634,,,,,,,,,,,,,,,,,,,,,,,,,
,2159,7300.117106684,1778117731.208121,40,,,,,,,,,,,,,,,,,,4.004992661066353e-06,,,,,,,,,,,,,,,,,,,,,,,,,,
,2160,7300.534413151,1778117731.6255267,40,0.41696269999374636,,,,,,,,,,,,,,,,,,,,,,,,,,,,,,,,,,,,,,,,,,,
,2161,7300.643403889,1778117731.734384,40,,,,,,,,,,,,,,,,,,,0.5260829710023245,,,,,,,,,,,,,,,,,,,,,,,,,
,2162,7301.708937558,1778117732.7999415,40,,,,,,,,,,,,,,,,,,3.906010533683002e-06,,,,,,,,,,,,,,,,,,,,,,,,,,
,2163,7302.101441623,1778117733.1924167,40,0.3920319539902266,,,,,,,,,,,,,,,,,,,,,,,,,,,,,,,,,,,,,,,,,,,
,2164,7302.249393328,1778117733.34023,40,,,,,,,,,,,,,,,,,,,0.5401037389965495,,,,,,,,,,,,,,,,,,,,,,,,,
,2165,7303.375820236,1778117734.466819,40,,,,,,,,,,,,,,,,,,4.278990672901273e-06,,,,,,,,,,,,,,,,,,,,,,,,,,
,2166,7303.715631339,1778117734.8067372,40,0.33949966900399886,,,,,,,,,,,,,,,,,,,,,,,,,,,,,,,,,,,,,,,,,,,
,2167,7303.866055115,1778117734.9568982,40,,,,,,,,,,,,,,,,,,,0.48987984099949244,,,,,,,,,,,,,,,,,,,,,,,,,
,2168,7304.925731009,1778117736.0167027,40,,,,,,,,,,,,,,,,,,3.6230048863217235e-06,,,,,,,,,,,,,,,,,,,,,,,,,,
,2169,7305.314705893,1778117736.4057739,40,0.3888355539966142,,,,,,,,,,,,,,,,,,,,,,,,,,,,,,,,,,,,,,,,,,,
,2170,7305.47435184,1778117736.558533,40,,,,,,,,,,,,,,,,,,,0.5416612190019805,,,,,,,,,,,,,,,,,,,,,,,,,
,2171,7306.605200453,1778117737.6961493,40,,,,,,,,,,,,,,,,,,3.7070130929350853e-06,,,,,,,,,,,,,,,,,,,,,,,,,,
,2172,7306.971199005,1778117738.0623038,40,0.3658907039935002,,,,,,,,,,,,,,,,,,,,,,,,,,,,,,,,,,,,,,,,,,,
,2173,7307.141185898,1778117738.2323081,40,,,,,,,,,,,,,,,,,,,0.5359763549931813,,,,,,,,,,,,,,,,,,,,,,,,,
,2174,7308.260884184,1778117739.351887,40,,,,,,,,,,,,,,,,,,4.0090089896693826e-06,,,,,,,,,,,,,,,,,,,,,,,,,,
,2175,7308.611637125,1778117739.7027645,40,0.35039971000514925,,,,,,,,,,,,,,,,,,,,,,,,,,,,,,,,,,,,,,,,,,,
,2176,7308.755641886,1778117739.846765,40,,,,,,,,,,,,,,,,,,,0.49467325599107426,,,,,,,,,,,,,,,,,,,,,,,,,
,2177,7309.820891668,1778117740.9119847,40,,,,,,,,,,,,,,,,,,3.496999852359295e-06,,,,,,,,,,,,,,,,,,,,,,,,,,
,2178,7310.163001293,1778117741.254012,40,0.34157012999639846,,,,,,,,,,,,,,,,,,,,,,,,,,,,,,,,,,,,,,,,,,,
,2179,7310.317358805,1778117741.408368,40,,,,,,,,,,,,,,,,,,,0.49623222900845576,,,,,,,,,,,,,,,,,,,,,,,,,
,2180,7311.382290429,1778117742.4733975,40,,,,,,,,,,,,,,,,,,4.047004040330648e-06,,,,,,,,,,,,,,,,,,,,,,,,,,
,2181,7311.735290182,1778117742.8264132,40,0.35259975600638427,,,,,,,,,,,,,,,,,,,,,,,,,,,,,,,,,,,,,,,,,,,
,2182,7311.872577055,1778117742.963692,40,,,,,,,,,,,,,,,,,,,0.49014692699711304,,,,,,,,,,,,,,,,,,,,,,,,,
,2183,7312.934003185,1778117744.0248985,40,,,,,,,,,,,,,,,,,,3.962006303481758e-06,,,,,,,,,,,,,,,,,,,,,,,,,,
,2184,7313.280406325,1778117744.3713894,40,0.3460667190083768,,,,,,,,,,,,,,,,,,,,,,,,,,,,,,,,,,,,,,,,,,,
,2185,7313.428984107,1778117744.5200992,40,,,,,,,,,,,,,,,,,,,0.4950049150065752,,,,,,,,,,,,,,,,,,,,,,,,,
,2186,7314.49793812,1778117745.5887678,40,,,,,,,,,,,,,,,,,,3.931010724045336e-06,,,,,,,,,,,,,,,,,,,,,,,,,,
,2187,7314.873249426,1778117745.9643183,40,0.3753023099998245,,,,,,,,,,,,,,,,,,,,,,,,,,,,,,,,,,,,,,,,,,,
,2188,7315.048345576,1778117746.1394725,40,,,,,,,,,,,,,,,,,,,0.5505297199997585,,,,,,,,,,,,,,,,,,,,,,,,,
,2189,7316.178657005,1778117747.26971,40,,,,,,,,,,,,,,,,,,5.9119920479133725e-06,,,,,,,,,,,,,,,,,,,,,,,,,,
,2190,7316.522328921,1778117747.613423,40,0.3432072529976722,,,,,,,,,,,,,,,,,,,,,,,,,,,,,,,,,,,,,,,,,,,
,2191,7316.669450043,1778117747.7604978,40,,,,,,,,,,,,,,,,,,,0.49058465400594287,,,,,,,,,,,,,,,,,,,,,,,,,
141.53821593099565,2192,7459.322583057,1778117890.4136426,40,,,,,,,,,,,,,,,,,,,,,,,,,,,,,,,,,,,,,,,,,,,,
,2193,7467.507495454,1778117898.5883708,40,8.13125641499937,,,,,,,,,,,,,,,,,,,,,,,,,,,,,,,,,,,,,,,,,,,
,2194,7467.655893573,1778117898.7471828,40,,0.0,0.0,0.0,0.0,0.0,0.0,0.0,0.0015467430057469755,0.0,0.0,0.0,0.0,0.0,0.0,0.0,,,,,,,,,,,,,,,,,,,,,,,,,,,,
,2195,7467.656414008,1778117898.747744,40,,,,,,,,,,,,,,,,,0.002202654999564402,,,,,,,,,,,,,,,,,,,,,,,,,,,
,2196,7467.658096519,1778117898.7493188,40,,,,,,,,,,,,,,,,,,149.87694803599152,,,,,,,,,,,,,,,,,,,,,,,,,,
,2197,7468.022193751,1778117899.1131651,40,0.3635289319936419,,,,,,,,,,,,,,,,,,,,,,,,,,,,,,,,,,,,,,,,,,,
,2198,7468.199368148,1778117899.2904644,40,,,,,,,,,,,,,,,,,,,0.54095739100012,,,,,,,,,,,,,,,,,,,,,,,,,
,2199,7469.276462495,1778117900.3673942,40,,,,,,,,,,,,,,,,,,4.772999091073871e-06,,,,,,,,,,,,,,,,,,,,,,,,,,
,2200,7469.669568336,1778117900.7607946,40,0.3928708599996753,,,,,,,,,,,,,,,,,,,,,,,,,,,,,,,,,,,,,,,,,,,
,2201,7469.822882598,1778117900.913907,40,,,,,,,,,,,,,,,,,,,0.5463564129895531,,,,,,,,,,,,,,,,,,,,,,,,,
,2202,7470.958555903,1778117902.04956,40,,,,,,,,,,,,,,,,,,3.897992428392172e-06,,,,,,,,,,,,,,,,,,,,,,,,,,
,2203,7471.32572096,1778117902.416797,40,0.3667830119957216,,,,,,,,,,,,,,,,,,,,,,,,,,,,,,,,,,,,,,,,,,,
,2204,7471.505214171,1778117902.5961533,40,,,,,,,,,,,,,,,,,,,0.5463872770051239,,,,,,,,,,,,,,,,,,,,,,,,,
,2205,7472.641819275,1778117903.7328963,40,,,,,,,,,,,,,,,,,,3.6609999369829893e-06,,,,,,,,,,,,,,,,,,,,,,,,,,
,2206,7473.024002032,1778117904.1150472,40,0.3816903819970321,,,,,,,,,,,,,,,,,,,,,,,,,,,,,,,,,,,,,,,,,,,
,2207,7473.188293772,1778117904.2793107,40,,,,,,,,,,,,,,,,,,,0.5462630279944278,,,,,,,,,,,,,,,,,,,,,,,,,
,2208,7474.323291257,1778117905.414375,40,,,,,,,,,,,,,,,,,,3.987996024079621e-06,,,,,,,,,,,,,,,,,,,,,,,,,,
,2209,7474.712761711,1778117905.8038292,40,0.3889623099967139,,,,,,,,,,,,,,,,,,,,,,,,,,,,,,,,,,,,,,,,,,,
,2210,7474.86824887,1778117905.9592228,40,,,,,,,,,,,,,,,,,,,0.544656894999207,,,,,,,,,,,,,,,,,,,,,,,,,
,2211,7476.004856913,1778117907.0957243,40,,,,,,,,,,,,,,,,,,3.815002855844796e-06,,,,,,,,,,,,,,,,,,,,,,,,,,
,2212,7476.34245501,1778117907.4336836,40,0.33772263300488703,,,,,,,,,,,,,,,,,,,,,,,,,,,,,,,,,,,,,,,,,,,
,2213,7476.503737799,1778117907.5945675,40,,,,,,,,,,,,,,,,,,,0.49870042499969713,,,,,,,,,,,,,,,,,,,,,,,,,
,2214,7477.577308845,1778117908.6682835,40,,,,,,,,,,,,,,,,,,4.197005182504654e-06,,,,,,,,,,,,,,,,,,,,,,,,,,
,2215,7477.965049856,1778117909.0561478,40,0.387414587996318,,,,,,,,,,,,,,,,,,,,,,,,,,,,,,,,,,,,,,,,,,,
,2216,7478.123227856,1778117909.2143662,40,,,,,,,,,,,,,,,,,,,0.5458904669940239,,,,,,,,,,,,,,,,,,,,,,,,,
,2217,7479.258693224,1778117910.3496766,40,,,,,,,,,,,,,,,,,,3.535998985171318e-06,,,,,,,,,,,,,,,,,,,,,,,,,,
,2218,7479.659147738,1778117910.7501364,40,0.39984182399348356,,,,,,,,,,,,,,,,,,,,,,,,,,,,,,,,,,,,,,,,,,,
,2219,7479.836478926,1778117910.927328,40,,,,,,,,,,,,,,,,,,,0.5774760150088696,,,,,,,,,,,,,,,,,,,,,,,,,
,2220,7480.967630554,1778117912.0587242,40,,,,,,,,,,,,,,,,,,4.255998646840453e-06,,,,,,,,,,,,,,,,,,,,,,,,,,
,2221,7481.316766954,1778117912.4079401,40,0.3485464560071705,,,,,,,,,,,,,,,,,,,,,,,,,,,,,,,,,,,,,,,,,,,
,2222,7481.467365224,1778117912.55835,40,,,,,,,,,,,,,,,,,,,0.49942453000403475,,,,,,,,,,,,,,,,,,,,,,,,,
,2223,7482.541320848,1778117913.6323142,40,,,,,,,,,,,,,,,,,,3.863999154418707e-06,,,,,,,,,,,,,,,,,,,,,,,,,,
,2224,7482.876925696,1778117913.9680207,40,0.3351441580016399,,,,,,,,,,,,,,,,,,,,,,,,,,,,,,,,,,,,,,,,,,,
,2225,7483.035705519,1778117914.1267164,40,,,,,,,,,,,,,,,,,,,0.4942496889998438,,,,,,,,,,,,,,,,,,,,,,,,,
,2226,7484.105802957,1778117915.1969495,40,,,,,,,,,,,,,,,,,,4.2199972085654736e-06,,,,,,,,,,,,,,,,,,,,,,,,,,
,2227,7484.492361103,1778117915.583446,40,0.3860049309878377,,,,,,,,,,,,,,,,,,,,,,,,,,,,,,,,,,,,,,,,,,,
,2228,7484.652818821,1778117915.743977,40,,,,,,,,,,,,,,,,,,,0.5468534319952596,,,,,,,,,,,,,,,,,,,,,,,,,
,2229,7485.791060676,1778117916.8820043,40,,,,,,,,,,,,,,,,,,5.202993634156883e-06,,,,,,,,,,,,,,,,,,,,,,,,,,
,2230,7486.154113172,1778117917.2451746,40,0.36268549400847405,,,,,,,,,,,,,,,,,,,,,,,,,,,,,,,,,,,,,,,,,,,
,2231,7486.290680519,1778117917.3816526,40,,,,,,,,,,,,,,,,,,,0.4994468840013724,,,,,,,,,,,,,,,,,,,,,,,,,
,2232,7487.365869684,1778117918.4569538,40,,,,,,,,,,,,,,,,,,4.270987119525671e-06,,,,,,,,,,,,,,,,,,,,,,,,,,
,2233,7487.714924271,1778117918.8060112,40,0.3485559889959404,,,,,,,,,,,,,,,,,,,,,,,,,,,,,,,,,,,,,,,,,,,
,2234,7487.860846691,1778117918.951944,40,,,,,,,,,,,,,,,,,,,0.4948198789934395,,,,,,,,,,,,,,,,,,,,,,,,,
,2235,7488.93191268,1778117920.0228908,40,,,,,,,,,,,,,,,,,,3.989000106230378e-06,,,,,,,,,,,,,,,,,,,,,,,,,,
,2236,7489.27428154,1778117920.365383,40,0.3418244170024991,,,,,,,,,,,,,,,,,,,,,,,,,,,,,,,,,,,,,,,,,,,
,2237,7489.430931832,1778117920.522033,40,,,,,,,,,,,,,,,,,,,0.4989652369986288,,,,,,,,,,,,,,,,,,,,,,,,,
,2238,7490.50383829,1778117921.594959,40,,,,,,,,,,,,,,,,,,4.069996066391468e-06,,,,,,,,,,,,,,,,,,,,,,,,,,
,2239,7490.894513912,1778117921.9856355,40,0.3902558770059841,,,,,,,,,,,,,,,,,,,,,,,,,,,,,,,,,,,,,,,,,,,
,2240,7491.046710254,1778117922.1377187,40,,,,,,,,,,,,,,,,,,,0.5425793600006728,,,,,,,,,,,,,,,,,,,,,,,,,
,2241,7492.18187293,1778117923.2728484,40,,,,,,,,,,,,,,,,,,4.054993041791022e-06,,,,,,,,,,,,,,,,,,,,,,,,,,
,2242,7492.524001773,1778117923.6150556,40,0.34182892300304957,,,,,,,,,,,,,,,,,,,,,,,,,,,,,,,,,,,,,,,,,,,
,2243,7492.680839228,1778117923.7719223,40,,,,,,,,,,,,,,,,,,,0.49887432099785656,,,,,,,,,,,,,,,,,,,,,,,,,
139.56035846700252,2244,7633.356331355,1778118064.447373,40,,,,,,,,,,,,,,,,,,,,,,,,,,,,,,,,,,,,,,,,,,,,
,2245,7641.304710693,1778118072.3806,40,7.890374800001155,,,,,,,,,,,,,,,,,,,,,,,,,,,,,,,,,,,,,,,,,,,
,2246,7641.472199049,1778118072.563424,40,,0.0,0.0,0.0,0.0,0.0,0.0,0.0,0.001262648991541937,0.0,0.0,0.0,0.0,0.0,0.0,0.0,,,,,,,,,,,,,,,,,,,,,,,,,,,,
,2247,7641.472619023,1778118072.563951,40,,,,,,,,,,,,,,,,,0.0018819179967977107,,,,,,,,,,,,,,,,,,,,,,,,,,,
,2248,7641.474360821,1778118072.5655746,40,,,,,,,,,,,,,,,,,,147.68092158800573,,,,,,,,,,,,,,,,,,,,,,,,,,
,2249,7641.881807625,1778118072.9728057,40,0.4069350390054751,,,,,,,,,,,,,,,,,,,,,,,,,,,,,,,,,,,,,,,,,,,
,2250,7642.035271136,1778118073.1263156,40,,,,,,,,,,,,,,,,,,,0.5605559069954325,,,,,,,,,,,,,,,,,,,,,,,,,
,2251,7643.095767259,1778118074.1867914,40,,,,,,,,,,,,,,,,,,5.842011887580156e-06,,,,,,,,,,,,,,,,,,,,,,,,,,
,2252,7643.45801897,1778118074.5490003,40,0.3617403730022488,,,,,,,,,,,,,,,,,,,,,,,,,,,,,,,,,,,,,,,,,,,
,2253,7643.633451746,1778118074.7242777,40,,,,,,,,,,,,,,,,,,,0.537200278005912,,,,,,,,,,,,,,,,,,,,,,,,,
,2254,7644.750575157,1778118075.841717,40,,,,,,,,,,,,,,,,,,4.0230079321190715e-06,,,,,,,,,,,,,,,,,,,,,,,,,,
,2255,7645.089231629,1778118076.1801984,40,0.3380928370024776,,,,,,,,,,,,,,,,,,,,,,,,,,,,,,,,,,,,,,,,,,,
,2256,7645.236266945,1778118076.3272412,40,,,,,,,,,,,,,,,,,,,0.4853458939905977,,,,,,,,,,,,,,,,,,,,,,,,,
,2257,7646.293107264,1778118077.384,40,,,,,,,,,,,,,,,,,,4.795001586899161e-06,,,,,,,,,,,,,,,,,,,,,,,,,,
,2258,7646.650776199,1778118077.7418404,40,0.3574479020026047,,,,,,,,,,,,,,,,,,,,,,,,,,,,,,,,,,,,,,,,,,,
,2259,7646.824723935,1778118077.9156837,40,,,,,,,,,,,,,,,,,,,0.5314775649894727,,,,,,,,,,,,,,,,,,,,,,,,,
,2260,7647.93464482,1778118079.0256557,40,,,,,,,,,,,,,,,,,,4.224988515488803e-06,,,,,,,,,,,,,,,,,,,,,,,,,,
,2261,7648.305563895,1778118079.3966162,40,0.37027738700271584,,,,,,,,,,,,,,,,,,,,,,,,,,,,,,,,,,,,,,,,,,,
,2262,7648.465421697,1778118079.5564156,40,,,,,,,,,,,,,,,,,,,0.5305538819957292,,,,,,,,,,,,,,,,,,,,,,,,,
,2263,7649.57326377,1778118080.664432,40,,,,,,,,,,,,,,,,,,3.8330035749822855e-06,,,,,,,,,,,,,,,,,,,,,,,,,,
,2264,7649.953099654,1778118081.044121,40,0.3791224339947803,,,,,,,,,,,,,,,,,,,,,,,,,,,,,,,,,,,,,,,,,,,
,2265,7650.10457454,1778118081.195628,40,,,,,,,,,,,,,,,,,,,0.531038079992868,,,,,,,,,,,,,,,,,,,,,,,,,
,2266,7651.163311304,1778118082.2542036,40,,,,,,,,,,,,,,,,,,4.048997652716935e-06,,,,,,,,,,,,,,,,,,,,,,,,,,
,2267,7651.492836638,1778118082.5839112,40,0.32930160500109196,,,,,,,,,,,,,,,,,,,,,,,,,,,,,,,,,,,,,,,,,,,
,2268,7651.649039092,1778118082.7401242,40,,,,,,,,,,,,,,,,,,,0.48574790300335735,,,,,,,,,,,,,,,,,,,,,,,,,
,2269,7652.693926666,1778118083.785052,40,,,,,,,,,,,,,,,,,,3.890992957167327e-06,,,,,,,,,,,,,,,,,,,,,,,,,,
,2270,7653.069591556,1778118084.160631,40,0.3752109369961545,,,,,,,,,,,,,,,,,,,,,,,,,,,,,,,,,,,,,,,,,,,
,2271,7653.224619369,1778118084.3155684,40,,,,,,,,,,,,,,,,,,,0.5303173309948761,,,,,,,,,,,,,,,,,,,,,,,,,
,2272,7654.335892753,1778118085.4268136,40,,,,,,,,,,,,,,,,,,3.969995304942131e-06,,,,,,,,,,,,,,,,,,,,,,,,,,
,2273,7654.664498745,1778118085.7556021,40,0.32840550600667484,,,,,,,,,,,,,,,,,,,,,,,,,,,,,,,,,,,,,,,,,,,
,2274,7654.819957212,1778118085.9110904,40,,,,,,,,,,,,,,,,,,,0.48406881699338555,,,,,,,,,,,,,,,,,,,,,,,,,
,2275,7655.871308849,1778118086.9623857,40,,,,,,,,,,,,,,,,,,4.069996066391468e-06,,,,,,,,,,,,,,,,,,,,,,,,,,
,2276,7656.356443155,1778118087.4474218,40,0.48447952400601935,,,,,,,,,,,,,,,,,,,,,,,,,,,,,,,,,,,,,,,,,,,
,2277,7656.49827275,1778118087.5893137,40,,,,,,,,,,,,,,,,,,,0.6267730999970809,,,,,,,,,,,,,,,,,,,,,,,,,
,2278,7657.552312553,1778118088.643358,40,,,,,,,,,,,,,,,,,,5.1440001698210835e-06,,,,,,,,,,,,,,,,,,,,,,,,,,
,2279,7657.888731053,1778118088.9797766,40,0.3358794280065922,,,,,,,,,,,,,,,,,,,,,,,,,,,,,,,,,,,,,,,,,,,
,2280,7658.039992365,1778118089.1308162,40,,,,,,,,,,,,,,,,,,,0.4872291150095407,,,,,,,,,,,,,,,,,,,,,,,,,
,2281,7659.091588805,1778118090.182779,40,,,,,,,,,,,,,,,,,,4.020999767817557e-06,,,,,,,,,,,,,,,,,,,,,,,,,,
,2282,7659.476933016,1778118090.5679913,40,0.3847990810027113,,,,,,,,,,,,,,,,,,,,,,,,,,,,,,,,,,,,,,,,,,,
,2283,7659.627751333,1778118090.7188199,40,,,,,,,,,,,,,,,,,,,0.5358918260026257,,,,,,,,,,,,,,,,,,,,,,,,,
,2284,7660.742173434,1778118091.8331223,40,,,,,,,,,,,,,,,,,,4.2900064727291465e-06,,,,,,,,,,,,,,,,,,,,,,,,,,
,2285,7661.102545008,1778118092.1937337,40,0.36035167500085663,,,,,,,,,,,,,,,,,,,,,,,,,,,,,,,,,,,,,,,,,,,
,2286,7661.277414057,1778118092.3684163,40,,,,,,,,,,,,,,,,,,,0.5351139689882984,,,,,,,,,,,,,,,,,,,,,,,,,
,2287,7662.393226402,1778118093.4839928,40,,,,,,,,,,,,,,,,,,4.126995918340981e-06,,,,,,,,,,,,,,,,,,,,,,,,,,
,2288,7662.768868568,1778118093.8595324,40,0.375084038998466,,,,,,,,,,,,,,,,,,,,,,,,,,,,,,,,,,,,,,,,,,,
,2289,7662.925742363,1778118094.0168383,40,,,,,,,,,,,,,,,,,,,0.532664982994902,,,,,,,,,,,,,,,,,,,,,,,,,
,2290,7664.038737702,1778118095.1296518,40,,,,,,,,,,,,,,,,,,4.515008185990155e-06,,,,,,,,,,,,,,,,,,,,,,,,,,
,2291,7664.39053808,1778118095.4816444,40,0.3515952349989675,,,,,,,,,,,,,,,,,,,,,,,,,,,,,,,,,,,,,,,,,,,
,2292,7664.525893332,1778118095.6168404,40,,,,,,,,,,,,,,,,,,,0.48701174800226,,,,,,,,,,,,,,,,,,,,,,,,,
,2293,7665.576838524,1778118096.6679115,40,,,,,,,,,,,,,,,,,,4.707995685748756e-06,,,,,,,,,,,,,,,,,,,,,,,,,,
,2294,7665.920497551,1778118097.0116026,40,0.3432337049889611,,,,,,,,,,,,,,,,,,,,,,,,,,,,,,,,,,,,,,,,,,,
,2295,7666.066889386,1778118097.157876,40,,,,,,,,,,,,,,,,,,,0.48973141799797304,,,,,,,,,,,,,,,,,,,,,,,,,
140.10253801800718,2296,7807.262314455,1778118238.353431,40,,,,,,,,,,,,,,,,,,,,,,,,,,,,,,,,,,,,,,,,,,,,
,2297,7815.201023653,1778118246.29216,40,7.894512695012963,,,,,,,,,,,,,,,,,,,,,,,,,,,,,,,,,,,,,,,,,,,
,2298,7815.718880688,1778118246.8101015,40,,0.0,0.0,0.0,0.0,0.0,0.0,0.0,0.33437733400205616,0.0018657528612853545,0.0,0.0,0.0,0.0,0.0,0.0,,,,,,,,,,,,,,,,,,,,,,,,,,,,
,2299,7815.7191108,1778118246.8104873,40,,,,,,,,,,,,,,,,,0.334914306004066,,,,,,,,,,,,,,,,,,,,,,,,,,,
,2300,7815.720872507,1778118246.8121865,40,,,,,,,,,,,,,,,,,,148.5637533590052,,,,,,,,,,,,,,,,,,,,,,,,,,
,2301,7816.05138139,1778118247.142669,40,0.33016460901126266,,,,,,,,,,,,,,,,,,,,,,,,,,,,,,,,,,,,,,,,,,,
,2302,7816.204933023,1778118247.2961,40,,,,,,,,,,,,,,,,,,,0.483641885992256,,,,,,,,,,,,,,,,,,,,,,,,,
,2303,7817.248293412,1778118248.3394563,40,,,,,,,,,,,,,,,,,,4.581001121550798e-06,,,,,,,,,,,,,,,,,,,,,,,,,,
,2304,7817.744958861,1778118248.836079,40,0.4962250640091952,,,,,,,,,,,,,,,,,,,,,,,,,,,,,,,,,,,,,,,,,,,
,2305,7817.816047648,1778118248.9073002,40,,,,,,,,,,,,,,,,,,,0.5675929999997607,,,,,,,,,,,,,,,,,,,,,,,,,
,2306,7818.933188567,1778118250.0243413,40,,,,,,,,,,,,,,,,,,3.881010343320668e-06,,,,,,,,,,,,,,,,,,,,,,,,,,
,2307,7819.271895294,1778118250.3631823,40,0.3384043669939274,,,,,,,,,,,,,,,,,,,,,,,,,,,,,,,,,,,,,,,,,,,
,2308,7819.419200522,1778118250.510171,40,,,,,,,,,,,,,,,,,,,0.48548508300154936,,,,,,,,,,,,,,,,,,,,,,,,,
,2309,7820.469686374,1778118251.5609705,40,,,,,,,,,,,,,,,,,,4.548011929728091e-06,,,,,,,,,,,,,,,,,,,,,,,,,,
,2310,7820.801511872,1778118251.8927903,40,0.3312642950040754,,,,,,,,,,,,,,,,,,,,,,,,,,,,,,,,,,,,,,,,,,,
,2311,7820.959012241,1778118252.050283,40,,,,,,,,,,,,,,,,,,,0.48895029099367093,,,,,,,,,,,,,,,,,,,,,,,,,
,2312,7822.010687264,1778118253.10198,40,,,,,,,,,,,,,,,,,,4.362009349279106e-06,,,,,,,,,,,,,,,,,,,,,,,,,,
,2313,7822.36239294,1778118253.4530437,40,0.35068530299759004,,,,,,,,,,,,,,,,,,,,,,,,,,,,,,,,,,,,,,,,,,,
,2314,7822.500636571,1778118253.591888,40,,,,,,,,,,,,,,,,,,,0.48963451299641747,,,,,,,,,,,,,,,,,,,,,,,,,
,2315,7823.553146403,1778118254.6441803,40,,,,,,,,,,,,,,,,,,3.986002411693335e-06,,,,,,,,,,,,,,,,,,,,,,,,,,
,2316,7823.91873997,1778118255.009873,40,0.3652817989932373,,,,,,,,,,,,,,,,,,,,,,,,,,,,,,,,,,,,,,,,,,,
,2317,7824.087882599,1778118255.1788995,40,,,,,,,,,,,,,,,,,,,0.534528695003246,,,,,,,,,,,,,,,,,,,,,,,,,
,2318,7825.201914044,1778118256.2931035,40,,,,,,,,,,,,,,,,,,4.4100015657022595e-06,,,,,,,,,,,,,,,,,,,,,,,,,,
,2319,7825.580401076,1778118256.6716375,40,0.3781066379888216,,,,,,,,,,,,,,,,,,,,,,,,,,,,,,,,,,,,,,,,,,,
,2320,7825.736558623,1778118256.827413,40,,,,,,,,,,,,,,,,,,,0.5341667000029702,,,,,,,,,,,,,,,,,,,,,,,,,
,2321,7826.849066547,1778118257.9401004,40,,,,,,,,,,,,,,,,,,4.105997504666448e-06,,,,,,,,,,,,,,,,,,,,,,,,,,
,2322,7827.235315389,1778118258.3263958,40,0.3858402570040198,,,,,,,,,,,,,,,,,,,,,,,,,,,,,,,,,,,,,,,,,,,
,2323,7827.381927696,1778118258.4730566,40,,,,,,,,,,,,,,,,,,,0.5327470310003264,,,,,,,,,,,,,,,,,,,,,,,,,
,2324,7828.492014989,1778118259.5832224,40,,,,,,,,,,,,,,,,,,3.970009856857359e-06,,,,,,,,,,,,,,,,,,,,,,,,,,
,2325,7828.858176596,1778118259.9493227,40,0.365776814011042,,,,,,,,,,,,,,,,,,,,,,,,,,,,,,,,,,,,,,,,,,,
,2326,7829.027504975,1778118260.1184037,40,,,,,,,,,,,,,,,,,,,0.535017031012103,,,,,,,,,,,,,,,,,,,,,,,,,
,2327,7830.144530823,1778118261.2355988,40,,,,,,,,,,,,,,,,,,4.487999831326306e-06,,,,,,,,,,,,,,,,,,,,,,,,,,
,2328,7830.529955771,1778118261.6209648,40,0.3850150299986126,,,,,,,,,,,,,,,,,,,,,,,,,,,,,,,,,,,,,,,,,,,
,2329,7830.679536878,1778118261.7704973,40,,,,,,,,,,,,,,,,,,,0.5347380110033555,,,,,,,,,,,,,,,,,,,,,,,,,
,2330,7831.794217644,1778118262.8853633,40,,,,,,,,,,,,,,,,,,4.301007720641792e-06,,,,,,,,,,,,,,,,,,,,,,,,,,
,2331,7832.207619841,1778118263.298787,40,0.41305775300133973,,,,,,,,,,,,,,,,,,,,,,,,,,,,,,,,,,,,,,,,,,,
,2332,7832.349087404,1778118263.4400232,40,,,,,,,,,,,,,,,,,,,0.5544738519965904,,,,,,,,,,,,,,,,,,,,,,,,,
,2333,7833.45700668,1778118264.5479462,40,,,,,,,,,,,,,,,,,,4.508998245000839e-06,,,,,,,,,,,,,,,,,,,,,,,,,,
,2334,7833.820176423,1778118264.91139,40,0.36297862700303085,,,,,,,,,,,,,,,,,,,,,,,,,,,,,,,,,,,,,,,,,,,
,2335,7833.992469605,1778118265.0833342,40,,,,,,,,,,,,,,,,,,,0.5352081299934071,,,,,,,,,,,,,,,,,,,,,,,,,
,2336,7835.108582982,1778118266.1995566,40,,,,,,,,,,,,,,,,,,4.118992364965379e-06,,,,,,,,,,,,,,,,,,,,,,,,,,
,2337,7835.453903576,1778118266.545161,40,0.3452359910006635,,,,,,,,,,,,,,,,,,,,,,,,,,,,,,,,,,,,,,,,,,,
,2338,7835.598199751,1778118266.6892,40,,,,,,,,,,,,,,,,,,,0.489477404000354,,,,,,,,,,,,,,,,,,,,,,,,,
,2339,7836.654013407,1778118267.7449126,40,,,,,,,,,,,,,,,,,,6.532005500048399e-06,,,,,,,,,,,,,,,,,,,,,,,,,,
,2340,7836.989107025,1778118268.0802233,40,0.3348800969979493,,,,,,,,,,,,,,,,,,,,,,,,,,,,,,,,,,,,,,,,,,,
,2341,7837.1420731,1778118268.2333095,40,,,,,,,,,,,,,,,,,,,0.48817535799753387,,,,,,,,,,,,,,,,,,,,,,,,,
,2342,7838.192953454,1778118269.2840762,40,,,,,,,,,,,,,,,,,,6.4689957071095705e-06,,,,,,,,,,,,,,,,,,,,,,,,,,
,2343,7838.54610961,1778118269.6371758,40,0.3526749720040243,,,,,,,,,,,,,,,,,,,,,,,,,,,,,,,,,,,,,,,,,,,
,2344,7838.68234466,1778118269.7733297,40,,,,,,,,,,,,,,,,,,,0.4890642959944671,,,,,,,,,,,,,,,,,,,,,,,,,
,2345,7839.734729053,1778118270.82588,40,,,,,,,,,,,,,,,,,,3.7999998312443495e-06,,,,,,,,,,,,,,,,,,,,,,,,,,
,2346,7840.073320764,1778118271.1643925,40,0.3381684579944704,,,,,,,,,,,,,,,,,,,,,,,,,,,,,,,,,,,,,,,,,,,
,2347,7840.219289719,1778118271.3102674,40,,,,,,,,,,,,,,,,,,,0.4842162429995369,,,,,,,,,,,,,,,,,,,,,,,,,
,2348,7841.281204036,1778118272.372329,45,,,,,,,,,,,,,,,,,,,,0.06523124815430492,0.0,0.8,0.00025890433462336657,0.0,172.07105022319593,9.510994714219123e-05,993854.0,64.20318929047207,0.8,2.5680047988891603,40204.8125,615.2,0.0,4.98343191400099e-07,0.0,998.45,0.007807078417765441,9.510994714219123e-05,0.7,0.8,0.975,0.0,0.00025890431134030224,1024.0
140.93859180199797,2349,7982.244591692,1778118413.3356514,45,,,,,,,,,,,,,,,,,,,,,,,,,,,,,,,,,,,,,,,,,,,,
,2350,7990.259762468,1778118421.3408794,45,7.961589200000162,,,,,,,,,,,,,,,,,,,,,,,,,,,,,,,,,,,,,,,,,,,
,2351,7990.419168298,1778118421.5101376,45,,0.0,0.0,0.0,0.0,0.0,0.0,0.0,0.0013892520073568448,0.0,0.0,0.0,0.0,0.0,0.0,0.0,,,,,,,,,,,,,,,,,,,,,,,,,,,,
,2352,7990.419261343,1778118421.510459,45,,,,,,,,,,,,,,,,,0.0018135599966626614,,,,,,,,,,,,,,,,,,,,,,,,,,,
,2353,7990.421266799,1778118421.5123956,45,,,,,,,,,,,,,,,,,,149.11800680699525,,,,,,,,,,,,,,,,,,,,,,,,,,
,2354,7990.755921865,1778118421.847149,45,0.3343679920071736,,,,,,,,,,,,,,,,,,,,,,,,,,,,,,,,,,,,,,,,,,,
,2355,7990.910667758,1778118422.0017626,45,,,,,,,,,,,,,,,,,,,0.48915816099906806,,,,,,,,,,,,,,,,,,,,,,,,,
,2356,7991.965944466,1778118423.056901,45,,,,,,,,,,,,,,,,,,5.063004209659994e-06,,,,,,,,,,,,,,,,,,,,,,,,,,
,2357,7992.323635822,1778118423.4148734,45,0.35769942100159824,,,,,,,,,,,,,,,,,,,,,,,,,,,,,,,,,,,,,,,,,,,
,2358,7992.498590317,1778118423.5895233,45,,,,,,,,,,,,,,,,,,,0.5324450260086451,,,,,,,,,,,,,,,,,,,,,,,,,
,2359,7993.613863358,1778118424.704824,45,,,,,,,,,,,,,,,,,,4.075001925230026e-06,,,,,,,,,,,,,,,,,,,,,,,,,,
,2360,7994.000159604,1778118425.0911024,45,0.38574429899745155,,,,,,,,,,,,,,,,,,,,,,,,,,,,,,,,,,,,,,,,,,,
,2361,7994.152491762,1778118425.2433789,45,,,,,,,,,,,,,,,,,,,0.5383955709985457,,,,,,,,,,,,,,,,,,,,,,,,,
,2362,7995.275134127,1778118426.3660572,45,,,,,,,,,,,,,,,,,,4.2869942262768745e-06,,,,,,,,,,,,,,,,,,,,,,,,,,
,2363,7995.753006065,1778118426.844199,45,0.4777651030017296,,,,,,,,,,,,,,,,,,,,,,,,,,,,,,,,,,,,,,,,,,,
,2364,7995.83378214,1778118426.9248981,45,,,,,,,,,,,,,,,,,,,0.5586928650009213,,,,,,,,,,,,,,,,,,,,,,,,,
,2365,7996.954383157,1778118428.0453546,45,,,,,,,,,,,,,,,,,,4.856992745772004e-06,,,,,,,,,,,,,,,,,,,,,,,,,,
,2366,7997.285697067,1778118428.376956,45,0.33100507498602383,,,,,,,,,,,,,,,,,,,,,,,,,,,,,,,,,,,,,,,,,,,
,2367,7997.444380785,1778118428.5343413,45,,,,,,,,,,,,,,,,,,,0.488771087009809,,,,,,,,,,,,,,,,,,,,,,,,,
,2368,7998.499826635,1778118429.5909789,45,,,,,,,,,,,,,,,,,,4.59399598184973e-06,,,,,,,,,,,,,,,,,,,,,,,,,,
,2369,7998.881065977,1778118429.972276,45,0.38083589800226036,,,,,,,,,,,,,,,,,,,,,,,,,,,,,,,,,,,,,,,,,,,
,2370,7999.037840467,1778118430.128846,45,,,,,,,,,,,,,,,,,,,0.5377014729892835,,,,,,,,,,,,,,,,,,,,,,,,,
,2371,8000.16190971,1778118431.2530026,45,,,,,,,,,,,,,,,,,,6.6689972300082445e-06,,,,,,,,,,,,,,,,,,,,,,,,,,
,2372,8000.521752603,1778118431.6130466,45,0.35959474300034344,,,,,,,,,,,,,,,,,,,,,,,,,,,,,,,,,,,,,,,,,,,
,2373,8000.696818781,1778118431.7879038,45,,,,,,,,,,,,,,,,,,,0.53468098299345,,,,,,,,,,,,,,,,,,,,,,,,,
,2374,8001.814390758,1778118432.905561,45,,,,,,,,,,,,,,,,,,4.696004907600582e-06,,,,,,,,,,,,,,,,,,,,,,,,,,
,2375,8002.158166272,1778118433.249411,45,0.34340742099448107,,,,,,,,,,,,,,,,,,,,,,,,,,,,,,,,,,,,,,,,,,,
,2376,8002.306352068,1778118433.3974857,45,,,,,,,,,,,,,,,,,,,0.4917701369995484,,,,,,,,,,,,,,,,,,,,,,,,,
,2377,8003.368693526,1778118434.4598792,45,,,,,,,,,,,,,,,,,,4.197994712740183e-06,,,,,,,,,,,,,,,,,,,,,,,,,,
,2378,8003.699987847,1778118434.791254,45,0.33099839300848544,,,,,,,,,,,,,,,,,,,,,,,,,,,,,,,,,,,,,,,,,,,
,2379,8003.857537815,1778118434.9486115,45,,,,,,,,,,,,,,,,,,,0.48856707199593075,,,,,,,,,,,,,,,,,,,,,,,,,
,2380,8004.914111405,1778118436.005141,45,,,,,,,,,,,,,,,,,,4.506000550463796e-06,,,,,,,,,,,,,,,,,,,,,,,,,,
,2381,8005.263974224,1778118436.355099,45,0.34956711500126403,,,,,,,,,,,,,,,,,,,,,,,,,,,,,,,,,,,,,,,,,,,
,2382,8005.407975693,1778118436.4989798,45,,,,,,,,,,,,,,,,,,,0.49365887499880046,,,,,,,,,,,,,,,,,,,,,,,,,
,2383,8006.471574714,1778118437.5626729,45,,,,,,,,,,,,,,,,,,3.7429999792948365e-06,,,,,,,,,,,,,,,,,,,,,,,,,,
,2384,8006.813388642,1778118437.9044929,45,0.3413790280028479,,,,,,,,,,,,,,,,,,,,,,,,,,,,,,,,,,,,,,,,,,,
,2385,8006.966065287,1778118438.0570166,45,,,,,,,,,,,,,,,,,,,0.4941320630023256,,,,,,,,,,,,,,,,,,,,,,,,,
,2386,8008.02712498,1778118439.1182287,45,,,,,,,,,,,,,,,,,,3.891007509082556e-06,,,,,,,,,,,,,,,,,,,,,,,,,,
,2387,8008.414406199,1778118439.505638,45,0.3869859389960766,,,,,,,,,,,,,,,,,,,,,,,,,,,,,,,,,,,,,,,,,,,
,2388,8008.56514789,1778118439.6560922,45,,,,,,,,,,,,,,,,,,,0.5376747060072375,,,,,,,,,,,,,,,,,,,,,,,,,
,2389,8009.688523614,1778118440.7795823,45,,,,,,,,,,,,,,,,,,4.532994353212416e-06,,,,,,,,,,,,,,,,,,,,,,,,,,
,2390,8010.165389858,1778118441.2565546,45,0.47660180799721275,,,,,,,,,,,,,,,,,,,,,,,,,,,,,,,,,,,,,,,,,,,
,2391,8010.230822897,1778118441.3220668,45,,,,,,,,,,,,,,,,,,,0.5423335910018068,,,,,,,,,,,,,,,,,,,,,,,,,
,2392,8011.292959185,1778118442.3840985,45,,,,,,,,,,,,,,,,,,3.98399424739182e-06,,,,,,,,,,,,,,,,,,,,,,,,,,
,2393,8011.646819916,1778118442.737964,45,0.3534670249937335,,,,,,,,,,,,,,,,,,,,,,,,,,,,,,,,,,,,,,,,,,,
,2394,8011.784104788,1778118442.8751552,45,,,,,,,,,,,,,,,,,,,0.490867429994978,,,,,,,,,,,,,,,,,,,,,,,,,
,2395,8012.845195315,1778118443.936328,45,,,,,,,,,,,,,,,,,,4.444009391590953e-06,,,,,,,,,,,,,,,,,,,,,,,,,,
,2396,8013.219895998,1778118444.3111129,45,0.3743707899993751,,,,,,,,,,,,,,,,,,,,,,,,,,,,,,,,,,,,,,,,,,,
,2397,8013.380374251,1778118444.471604,45,,,,,,,,,,,,,,,,,,,0.5350920619966928,,,,,,,,,,,,,,,,,,,,,,,,,
,2398,8014.497416211,1778118445.5884144,45,,,,,,,,,,,,,,,,,,4.251996870152652e-06,,,,,,,,,,,,,,,,,,,,,,,,,,
,2399,8014.879881378,1778118445.9709861,45,0.38222312901052646,,,,,,,,,,,,,,,,,,,,,,,,,,,,,,,,,,,,,,,,,,,
,2400,8015.03278542,1778118446.1238394,45,,,,,,,,,,,,,,,,,,,0.5352276949997758,,,,,,,,,,,,,,,,,,,,,,,,,
141.40522969800804,2401,8157.592509661,1778118588.6835814,45,,,,,,,,,,,,,,,,,,,,,,,,,,,,,,,,,,,,,,,,,,,,
,2402,8165.610097569,1778118596.6911106,45,7.9630457229941385,,,,,,,,,,,,,,,,,,,,,,,,,,,,,,,,,,,,,,,,,,,
,2403,8166.124299566,1778118597.2150114,45,,0.010517312440919246,0.0,0.0,0.0,0.0625,0.0,0.01836332007749191,0.33973795200290624,0.0029638582984921075,0.0,0.05,0.0625,0.0,0.02121397436534432,0.05952380952380952,,,,,,,,,,,,,,,,,,,,,,,,,,,,
,2404,8166.12471292,1778118597.2154489,45,,,,,,,,,,,,,,,,,0.34026673100015614,,,,,,,,,,,,,,,,,,,,,,,,,,,
,2405,8166.126568267,1778118597.217599,45,,,,,,,,,,,,,,,,,,149.9418036119896,,,,,,,,,,,,,,,,,,,,,,,,,,
,2406,8166.474188165,1778118597.5653458,45,0.3474532780091977,,,,,,,,,,,,,,,,,,,,,,,,,,,,,,,,,,,,,,,,,,,
,2407,8166.628369541,1778118597.7193408,45,,,,,,,,,,,,,,,,,,,0.5015555219870294,,,,,,,,,,,,,,,,,,,,,,,,,
,2408,8167.692414329,1778118598.783335,45,,,,,,,,,,,,,,,,,,5.113004590384662e-06,,,,,,,,,,,,,,,,,,,,,,,,,,
,2409,8168.056185946,1778118599.147364,45,0.3636700189963449,,,,,,,,,,,,,,,,,,,,,,,,,,,,,,,,,,,,,,,,,,,
,2410,8168.233813864,1778118599.3249595,45,,,,,,,,,,,,,,,,,,,0.5414365510077914,,,,,,,,,,,,,,,,,,,,,,,,,
,2411,8169.36333651,1778118600.4544015,45,,,,,,,,,,,,,,,,,,4.959001671522856e-06,,,,,,,,,,,,,,,,,,,,,,,,,,
,2412,8169.738681398,1778118600.8298874,45,0.3750644420069875,,,,,,,,,,,,,,,,,,,,,,,,,,,,,,,,,,,,,,,,,,,
,2413,8169.900657176,1778118600.9917386,45,,,,,,,,,,,,,,,,,,,0.5371006689965725,,,,,,,,,,,,,,,,,,,,,,,,,
,2414,8171.024376859,1778118602.1154573,45,,,,,,,,,,,,,,,,,,4.030996933579445e-06,,,,,,,,,,,,,,,,,,,,,,,,,,
,2415,8171.381707451,1778118602.4727805,45,0.3567421280022245,,,,,,,,,,,,,,,,,,,,,,,,,,,,,,,,,,,,,,,,,,,
,2416,8171.520006573,1778118602.6110697,45,,,,,,,,,,,,,,,,,,,0.4954212140000891,,,,,,,,,,,,,,,,,,,,,,,,,
,2417,8172.591806267,1778118603.6827555,45,,,,,,,,,,,,,,,,,,4.256988177075982e-06,,,,,,,,,,,,,,,,,,,,,,,,,,
,2418,8172.961324954,1778118604.0523424,45,0.3693302309984574,,,,,,,,,,,,,,,,,,,,,,,,,,,,,,,,,,,,,,,,,,,
,2419,8173.133288651,1778118604.2242403,45,,,,,,,,,,,,,,,,,,,0.5413195040018763,,,,,,,,,,,,,,,,,,,,,,,,,
,2420,8174.260442563,1778118605.3515248,45,,,,,,,,,,,,,,,,,,4.3430045479908586e-06,,,,,,,,,,,,,,,,,,,,,,,,,,
,2421,8174.719188511,1778118605.810182,45,0.45799949299544096,,,,,,,,,,,,,,,,,,,,,,,,,,,,,,,,,,,,,,,,,,,
,2422,8174.810308499,1778118605.9013808,45,,,,,,,,,,,,,,,,,,,0.5496960329910507,,,,,,,,,,,,,,,,,,,,,,,,,
,2423,8175.891868142,1778118606.9828863,45,,,,,,,,,,,,,,,,,,5.085006705485284e-06,,,,,,,,,,,,,,,,,,,,,,,,,,
,2424,8176.238011273,1778118607.3290608,45,0.3455261019989848,,,,,,,,,,,,,,,,,,,,,,,,,,,,,,,,,,,,,,,,,,,
,2425,8176.389125428,1778118607.4803045,45,,,,,,,,,,,,,,,,,,,0.49717063999560196,,,,,,,,,,,,,,,,,,,,,,,,,
,2426,8177.458481564,1778118608.5495498,45,,,,,,,,,,,,,,,,,,4.162997356615961e-06,,,,,,,,,,,,,,,,,,,,,,,,,,
,2427,8177.846183727,1778118608.9372354,45,0.38706736399035435,,,,,,,,,,,,,,,,,,,,,,,,,,,,,,,,,,,,,,,,,,,
,2428,8177.999573056,1778118609.090563,45,,,,,,,,,,,,,,,,,,,0.5408438910089899,,,,,,,,,,,,,,,,,,,,,,,,,
,2429,8179.127091313,1778118610.21816,45,,,,,,,,,,,,,,,,,,4.4100015657022595e-06,,,,,,,,,,,,,,,,,,,,,,,,,,
,2430,8179.492022892,1778118610.583098,45,0.36432414800219703,,,,,,,,,,,,,,,,,,,,,,,,,,,,,,,,,,,,,,,,,,,
,2431,8179.662144868,1778118610.7530951,45,,,,,,,,,,,,,,,,,,,0.5347079400089569,,,,,,,,,,,,,,,,,,,,,,,,,
,2432,8180.779445446,1778118611.8703527,45,,,,,,,,,,,,,,,,,,4.9679947551339865e-06,,,,,,,,,,,,,,,,,,,,,,,,,,
,2433,8181.152846812,1778118612.2440329,45,0.3732993979938328,,,,,,,,,,,,,,,,,,,,,,,,,,,,,,,,,,,,,,,,,,,
,2434,8181.315194923,1778118612.4062285,45,,,,,,,,,,,,,,,,,,,0.5357238729920937,,,,,,,,,,,,,,,,,,,,,,,,,
,2435,8182.438293048,1778118613.529393,45,,,,,,,,,,,,,,,,,,4.258006811141968e-06,,,,,,,,,,,,,,,,,,,,,,,,,,
,2436,8182.793700738,1778118613.8847573,45,0.35481050300586503,,,,,,,,,,,,,,,,,,,,,,,,,,,,,,,,,,,,,,,,,,,
,2437,8182.933212354,1778118614.0243244,45,,,,,,,,,,,,,,,,,,,0.49469879899697844,,,,,,,,,,,,,,,,,,,,,,,,,
,2438,8184.002025804,1778118615.0930772,45,,,,,,,,,,,,,,,,,,4.635992809198797e-06,,,,,,,,,,,,,,,,,,,,,,,,,,
,2439,8184.38229814,1778118615.47336,45,0.37974427299923263,,,,,,,,,,,,,,,,,,,,,,,,,,,,,,,,,,,,,,,,,,,
,2440,8184.544543254,1778118615.635666,45,,,,,,,,,,,,,,,,,,,0.5423917300067842,,,,,,,,,,,,,,,,,,,,,,,,,
,2441,8185.672210862,1778118616.7632358,45,,,,,,,,,,,,,,,,,,4.21699951402843e-06,,,,,,,,,,,,,,,,,,,,,,,,,,
,2442,8186.025699432,1778118617.1168065,45,0.3529621929919813,,,,,,,,,,,,,,,,,,,,,,,,,,,,,,,,,,,,,,,,,,,
,2443,8186.163707555,1778118617.2548757,45,,,,,,,,,,,,,,,,,,,0.49136171500140335,,,,,,,,,,,,,,,,,,,,,,,,,
,2444,8187.227512431,1778118618.3186524,45,,,,,,,,,,,,,,,,,,3.961991751566529e-06,,,,,,,,,,,,,,,,,,,,,,,,,,
,2445,8187.574138605,1778118618.6652434,45,0.3461729690025095,,,,,,,,,,,,,,,,,,,,,,,,,,,,,,,,,,,,,,,,,,,
,2446,8187.72291901,1778118618.8139527,45,,,,,,,,,,,,,,,,,,,0.4951192739972612,,,,,,,,,,,,,,,,,,,,,,,,,
,2447,8188.792863434,1778118619.883952,45,,,,,,,,,,,,,,,,,,4.159999662078917e-06,,,,,,,,,,,,,,,,,,,,,,,,,,
,2448,8189.249239066,1778118620.3403041,45,0.4558559330034768,,,,,,,,,,,,,,,,,,,,,,,,,,,,,,,,,,,,,,,,,,,
,2449,8189.354133406,1778118620.4450002,45,,,,,,,,,,,,,,,,,,,0.5608271810051519,,,,,,,,,,,,,,,,,,,,,,,,,
,2450,8190.476889763,1778118621.567966,45,,,,,,,,,,,,,,,,,,4.8109941417351365e-06,,,,,,,,,,,,,,,,,,,,,,,,,,
,2451,8190.821248083,1778118621.9123693,45,0.3437331840104889,,,,,,,,,,,,,,,,,,,,,,,,,,,,,,,,,,,,,,,,,,,
,2452,8190.968745772,1778118622.059888,45,,,,,,,,,,,,,,,,,,,0.4916938499954995,,,,,,,,,,,,,,,,,,,,,,,,,
141.69895929499762,2453,8333.772384319,1778118764.8635154,45,,,,,,,,,,,,,,,,,,,,,,,,,,,,,,,,,,,,,,,,,,,,
,2454,8341.905685218,1778118772.9867644,45,8.078427797008771,,,,,,,,,,,,,,,,,,,,,,,,,,,,,,,,,,,,,,,,,,,
,2455,8342.364473772,1778118773.4540014,45,,0.010517312440919246,0.0,0.0,0.0,0.0625,0.0,0.01836332007749191,0.30509740200068336,0.0014165951923303755,0.0,0.05,0.0625,0.0,0.02121397436534432,0.05952380952380952,,,,,,,,,,,,,,,,,,,,,,,,,,,,
,2456,8342.364521698,1778118773.4543502,45,,,,,,,,,,,,,,,,,0.305551822995767,,,,,,,,,,,,,,,,,,,,,,,,,,,
,2457,8342.365630756,1778118773.456809,45,,,,,,,,,,,,,,,,,,150.2948594000045,,,,,,,,,,,,,,,,,,,,,,,,,,
,2458,8342.741828112,1778118773.8330002,45,0.3756386739987647,,,,,,,,,,,,,,,,,,,,,,,,,,,,,,,,,,,,,,,,,,,
,2459,8342.915909194,1778118774.0071251,45,,,,,,,,,,,,,,,,,,,0.5501104589930037,,,,,,,,,,,,,,,,,,,,,,,,,
,2460,8344.047976368,1778118775.139116,45,,,,,,,,,,,,,,,,,,4.971996531821787e-06,,,,,,,,,,,,,,,,,,,,,,,,,,
,2461,8344.390325523,1778118775.4814076,45,0.3418129829951795,,,,,,,,,,,,,,,,,,,,,,,,,,,,,,,,,,,,,,,,,,,
,2462,8344.548304781,1778118775.6394043,45,,,,,,,,,,,,,,,,,,,0.5001009029947454,,,,,,,,,,,,,,,,,,,,,,,,,
,2463,8345.626413674,1778118776.7175932,45,,,,,,,,,,,,,,,,,,4.485002136789262e-06,,,,,,,,,,,,,,,,,,,,,,,,,,
,2464,8345.991232882,1778118777.0824635,45,0.3644119300006423,,,,,,,,,,,,,,,,,,,,,,,,,,,,,,,,,,,,,,,,,,,
,2465,8346.173197102,1778118777.2641237,45,,,,,,,,,,,,,,,,,,,0.5463586970145116,,,,,,,,,,,,,,,,,,,,,,,,,
,2466,8347.312529912,1778118778.403562,45,,,,,,,,,,,,,,,,,,3.8860016502439976e-06,,,,,,,,,,,,,,,,,,,,,,,,,,
,2467,8347.69710528,1778118778.7883139,45,0.3844617769937031,,,,,,,,,,,,,,,,,,,,,,,,,,,,,,,,,,,,,,,,,,,
,2468,8347.859021891,1778118778.9501565,45,,,,,,,,,,,,,,,,,,,0.5464136149967089,,,,,,,,,,,,,,,,,,,,,,,,,
,2469,8349.001355671,1778118780.0924587,45,,,,,,,,,,,,,,,,,,4.1000021155923605e-06,,,,,,,,,,,,,,,,,,,,,,,,,,
,2470,8349.340046139,1778118780.4311597,45,0.3382770840107696,,,,,,,,,,,,,,,,,,,,,,,,,,,,,,,,,,,,,,,,,,,
,2471,8349.50084412,1778118780.5919237,45,,,,,,,,,,,,,,,,,,,0.49928350700065494,,,,,,,,,,,,,,,,,,,,,,,,,
,2472,8350.576425879,1778118781.66749,45,,,,,,,,,,,,,,,,,,4.316010745242238e-06,,,,,,,,,,,,,,,,,,,,,,,,,,
,2473,8350.968674797,1778118782.0597916,45,0.391859202994965,,,,,,,,,,,,,,,,,,,,,,,,,,,,,,,,,,,,,,,,,,,
,2474,8351.118629536,1778118782.2098572,45,,,,,,,,,,,,,,,,,,,0.5422053060028702,,,,,,,,,,,,,,,,,,,,,,,,,
,2475,8352.248528117,1778118783.339534,45,,,,,,,,,,,,,,,,,,4.057990736328065e-06,,,,,,,,,,,,,,,,,,,,,,,,,,
,2476,8352.593789287,1778118783.685024,45,0.34505824600637425,,,,,,,,,,,,,,,,,,,,,,,,,,,,,,,,,,,,,,,,,,,
,2477,8352.743921598,1778118783.8349133,45,,,,,,,,,,,,,,,,,,,0.4951516129949596,,,,,,,,,,,,,,,,,,,,,,,,,
,2478,8353.813817258,1778118784.9049728,45,,,,,,,,,,,,,,,,,,4.511995939537883e-06,,,,,,,,,,,,,,,,,,,,,,,,,,
,2479,8354.226122556,1778118785.3171897,45,0.41177245099970605,,,,,,,,,,,,,,,,,,,,,,,,,,,,,,,,,,,,,,,,,,,
,2480,8354.398512505,1778118785.4895,45,,,,,,,,,,,,,,,,,,,0.5843431940011214,,,,,,,,,,,,,,,,,,,,,,,,,
,2481,8355.534683067,1778118786.625857,45,,,,,,,,,,,,,,,,,,4.759989678859711e-06,,,,,,,,,,,,,,,,,,,,,,,,,,
,2482,8355.894480492,1778118786.985464,45,0.3591739349940326,,,,,,,,,,,,,,,,,,,,,,,,,,,,,,,,,,,,,,,,,,,
,2483,8356.034947868,1778118787.1260328,45,,,,,,,,,,,,,,,,,,,0.49999185699562076,,,,,,,,,,,,,,,,,,,,,,,,,
,2484,8357.111400854,1778118788.2025435,45,,,,,,,,,,,,,,,,,,8.403003448620439e-06,,,,,,,,,,,,,,,,,,,,,,,,,,
,2485,8357.464398701,1778118788.555657,45,0.3526697249908466,,,,,,,,,,,,,,,,,,,,,,,,,,,,,,,,,,,,,,,,,,,
,2486,8357.60975711,1778118788.7009177,45,,,,,,,,,,,,,,,,,,,0.49817324499599636,,,,,,,,,,,,,,,,,,,,,,,,,
,2487,8358.68648375,1778118789.7775178,45,,,,,,,,,,,,,,,,,,4.141998942941427e-06,,,,,,,,,,,,,,,,,,,,,,,,,,
,2488,8359.035222465,1778118790.1264126,45,0.3484565039980225,,,,,,,,,,,,,,,,,,,,,,,,,,,,,,,,,,,,,,,,,,,
,2489,8359.185491956,1778118790.2766285,45,,,,,,,,,,,,,,,,,,,0.49889150699891616,,,,,,,,,,,,,,,,,,,,,,,,,
,2490,8360.264600771,1778118791.3556805,45,,,,,,,,,,,,,,,,,,4.4430053094401956e-06,,,,,,,,,,,,,,,,,,,,,,,,,,
,2491,8360.636483304,1778118791.7277396,45,0.3717222379927989,,,,,,,,,,,,,,,,,,,,,,,,,,,,,,,,,,,,,,,,,,,
,2492,8360.810747504,1778118791.901822,45,,,,,,,,,,,,,,,,,,,0.5459901279973565,,,,,,,,,,,,,,,,,,,,,,,,,
,2493,8361.950572215,1778118793.0414803,45,,,,,,,,,,,,,,,,,,3.7330028135329485e-06,,,,,,,,,,,,,,,,,,,,,,,,,,
,2494,8362.340047165,1778118793.4312851,45,0.3894187029945897,,,,,,,,,,,,,,,,,,,,,,,,,,,,,,,,,,,,,,,,,,,
,2495,8362.493344036,1778118793.5841405,45,,,,,,,,,,,,,,,,,,,0.5424807439994765,,,,,,,,,,,,,,,,,,,,,,,,,
,2496,8363.624364964,1778118794.7154326,45,,,,,,,,,,,,,,,,,,3.995999577455223e-06,,,,,,,,,,,,,,,,,,,,,,,,,,
,2497,8363.972825399,1778118795.0639024,45,0.3480311290040845,,,,,,,,,,,,,,,,,,,,,,,,,,,,,,,,,,,,,,,,,,,
,2498,8364.122489066,1778118795.213719,45,,,,,,,,,,,,,,,,,,,0.49811745499027893,,,,,,,,,,,,,,,,,,,,,,,,,
,2499,8365.198521996,1778118796.2896996,45,,,,,,,,,,,,,,,,,,4.236993845552206e-06,,,,,,,,,,,,,,,,,,,,,,,,,,
,2500,8365.542710388,1778118796.6339614,45,0.3439054810005473,,,,,,,,,,,,,,,,,,,,,,,,,,,,,,,,,,,,,,,,,,,
,2501,8365.697853154,1778118796.789088,45,,,,,,,,,,,,,,,,,,,0.4992213039950002,,,,,,,,,,,,,,,,,,,,,,,,,
,2502,8366.773423954,1778118797.8644803,45,,,,,,,,,,,,,,,,,,3.880995791405439e-06,,,,,,,,,,,,,,,,,,,,,,,,,,
,2503,8367.134870405,1778118798.2259686,45,0.3610238059918629,,,,,,,,,,,,,,,,,,,,,,,,,,,,,,,,,,,,,,,,,,,
,2504,8367.314822435,1778118798.4057992,45,,,,,,,,,,,,,,,,,,,0.5411315679957625,,,,,,,,,,,,,,,,,,,,,,,,,
139.32267950000823,2505,8507.80952731,1778118938.900478,45,,,,,,,,,,,,,,,,,,,,,,,,,,,,,,,,,,,,,,,,,,,,
,2506,8515.722274095,1778118946.8032217,45,7.859506033011712,,,,,,,,,,,,,,,,,,,,,,,,,,,,,,,,,,,,,,,,,,,
,2507,8516.275186778,1778118947.3661144,45,,0.0,0.0,0.0,0.0,0.0,0.0,0.0,0.3801238179876236,0.0028500891595225463,0.0,0.0,0.0,0.0,0.0,0.0,,,,,,,,,,,,,,,,,,,,,,,,,,,,
,2508,8516.275465728,1778118947.3667312,45,,,,,,,,,,,,,,,,,0.3808457970008021,,,,,,,,,,,,,,,,,,,,,,,,,,,
,2509,8516.277558938,1778118947.368651,45,,,,,,,,,,,,,,,,,,147.79322383500403,,,,,,,,,,,,,,,,,,,,,,,,,,
,2510,8516.776350712,1778118947.8673291,45,0.49841715600632597,,,,,,,,,,,,,,,,,,,,,,,,,,,,,,,,,,,,,,,,,,,
,2511,8516.948757297,1778118948.0398145,45,,,,,,,,,,,,,,,,,,,0.6709769659937592,,,,,,,,,,,,,,,,,,,,,,,,,
,2512,8518.047371258,1778118949.1384075,45,,,,,,,,,,,,,,,,,,4.8439978854730725e-06,,,,,,,,,,,,,,,,,,,,,,,,,,
,2513,8518.397198187,1778118949.4883287,45,0.3492942870070692,,,,,,,,,,,,,,,,,,,,,,,,,,,,,,,,,,,,,,,,,,,
,2514,8518.53470179,1778118949.6256576,45,,,,,,,,,,,,,,,,,,,0.4869918769982178,,,,,,,,,,,,,,,,,,,,,,,,,
,2515,8519.58272773,1778118950.6738489,45,,,,,,,,,,,,,,,,,,4.357993020676076e-06,,,,,,,,,,,,,,,,,,,,,,,,,,
,2516,8519.924583105,1778118951.015681,45,0.3412983029993484,,,,,,,,,,,,,,,,,,,,,,,,,,,,,,,,,,,,,,,,,,,
,2517,8520.06726566,1778118951.1583226,45,,,,,,,,,,,,,,,,,,,0.48430621399893425,,,,,,,,,,,,,,,,,,,,,,,,,
,2518,8521.111631091,1778118952.2026272,45,,,,,,,,,,,,,,,,,,4.094996256753802e-06,,,,,,,,,,,,,,,,,,,,,,,,,,
,2519,8521.444393396,1778118952.5353994,45,0.3323248579981737,,,,,,,,,,,,,,,,,,,,,,,,,,,,,,,,,,,,,,,,,,,
,2520,8521.598064535,1778118952.689066,45,,,,,,,,,,,,,,,,,,,0.4862513650004985,,,,,,,,,,,,,,,,,,,,,,,,,
,2521,8522.644293566,1778118953.735271,45,,,,,,,,,,,,,,,,,,4.6670029405504465e-06,,,,,,,,,,,,,,,,,,,,,,,,,,
,2522,8523.022998972,1778118954.113989,45,0.3782548890012549,,,,,,,,,,,,,,,,,,,,,,,,,,,,,,,,,,,,,,,,,,,
,2523,8523.174489038,1778118954.2654958,45,,,,,,,,,,,,,,,,,,,0.5300161880004453,,,,,,,,,,,,,,,,,,,,,,,,,
,2524,8524.278475521,1778118955.3694806,45,,,,,,,,,,,,,,,,,,4.375004209578037e-06,,,,,,,,,,,,,,,,,,,,,,,,,,
,2525,8524.608918621,1778118955.6999197,45,0.3300047100055963,,,,,,,,,,,,,,,,,,,,,,,,,,,,,,,,,,,,,,,,,,,
,2526,8524.766230682,1778118955.8572087,45,,,,,,,,,,,,,,,,,,,0.48752803399111144,,,,,,,,,,,,,,,,,,,,,,,,,
,2527,8525.815375649,1778118956.906367,45,,,,,,,,,,,,,,,,,,4.037996404804289e-06,,,,,,,,,,,,,,,,,,,,,,,,,,
,2528,8526.158880069,1778118957.2498744,45,0.3430765459925169,,,,,,,,,,,,,,,,,,,,,,,,,,,,,,,,,,,,,,,,,,,
,2529,8526.300081418,1778118957.3912086,45,,,,,,,,,,,,,,,,,,,0.484630538005149,,,,,,,,,,,,,,,,,,,,,,,,,
,2530,8527.341251142,1778118958.4323642,45,,,,,,,,,,,,,,,,,,3.861001459881663e-06,,,,,,,,,,,,,,,,,,,,,,,,,,
,2531,8527.703595262,1778118958.794796,45,0.36186615499900654,,,,,,,,,,,,,,,,,,,,,,,,,,,,,,,,,,,,,,,,,,,
,2532,8527.871400437,1778118958.9623337,45,,,,,,,,,,,,,,,,,,,0.52979008598777,,,,,,,,,,,,,,,,,,,,,,,,,
,2533,8528.975564353,1778118960.066651,45,,,,,,,,,,,,,,,,,,4.4009939301759005e-06,,,,,,,,,,,,,,,,,,,,,,,,,,
,2534,8529.408838379,1778118960.499888,45,0.4327496979967691,,,,,,,,,,,,,,,,,,,,,,,,,,,,,,,,,,,,,,,,,,,
,2535,8529.530974735,1778118960.6220725,45,,,,,,,,,,,,,,,,,,,0.5552717190003023,,,,,,,,,,,,,,,,,,,,,,,,,
,2536,8530.578025278,1778118961.6689994,45,,,,,,,,,,,,,,,,,,4.265995812602341e-06,,,,,,,,,,,,,,,,,,,,,,,,,,
,2537,8530.958945502,1778118962.050008,45,0.38061516000016127,,,,,,,,,,,,,,,,,,,,,,,,,,,,,,,,,,,,,,,,,,,
,2538,8531.108825489,1778118962.1998854,45,,,,,,,,,,,,,,,,,,,0.5307181829994079,,,,,,,,,,,,,,,,,,,,,,,,,
,2539,8532.213457663,1778118963.3046007,45,,,,,,,,,,,,,,,,,,4.5109918573871255e-06,,,,,,,,,,,,,,,,,,,,,,,,,,
,2540,8532.548076545,1778118963.639067,45,0.33403118498972617,,,,,,,,,,,,,,,,,,,,,,,,,,,,,,,,,,,,,,,,,,,
,2541,8532.697826827,1778118963.7889063,45,,,,,,,,,,,,,,,,,,,0.4841360629943665,,,,,,,,,,,,,,,,,,,,,,,,,
,2542,8533.741900577,1778118964.832837,45,,,,,,,,,,,,,,,,,,4.806992365047336e-06,,,,,,,,,,,,,,,,,,,,,,,,,,
,2543,8534.094897053,1778118965.1858761,45,0.35267259599640965,,,,,,,,,,,,,,,,,,,,,,,,,,,,,,,,,,,,,,,,,,,
,2544,8534.228832152,1778118965.3197494,45,,,,,,,,,,,,,,,,,,,0.48667469300562516,,,,,,,,,,,,,,,,,,,,,,,,,
,2545,8535.276576515,1778118966.3676755,45,,,,,,,,,,,,,,,,,,3.635999746620655e-06,,,,,,,,,,,,,,,,,,,,,,,,,,
,2546,8535.619400107,1778118966.7105343,45,0.34238851600093767,,,,,,,,,,,,,,,,,,,,,,,,,,,,,,,,,,,,,,,,,,,
,2547,8535.763618223,1778118966.8544784,45,,,,,,,,,,,,,,,,,,,0.4866319810098503,,,,,,,,,,,,,,,,,,,,,,,,,
,2548,8536.810169098,1778118967.901179,45,,,,,,,,,,,,,,,,,,4.335990524850786e-06,,,,,,,,,,,,,,,,,,,,,,,,,,
,2549,8537.170571245,1778118968.2615652,45,0.35989117799908854,,,,,,,,,,,,,,,,,,,,,,,,,,,,,,,,,,,,,,,,,,,
,2550,8537.34506373,1778118968.4361508,45,,,,,,,,,,,,,,,,,,,0.5347681470011594,,,,,,,,,,,,,,,,,,,,,,,,,
,2551,8538.453472463,1778118969.5444634,45,,,,,,,,,,,,,,,,,,4.011992132291198e-06,,,,,,,,,,,,,,,,,,,,,,,,,,
,2552,8538.824889209,1778118969.9160933,45,0.37138814201171044,,,,,,,,,,,,,,,,,,,,,,,,,,,,,,,,,,,,,,,,,,,
,2553,8538.985738131,1778118970.0767202,45,,,,,,,,,,,,,,,,,,,0.532085669998196,,,,,,,,,,,,,,,,,,,,,,,,,
,2554,8540.093218179,1778118971.1842434,45,,,,,,,,,,,,,,,,,,3.6580022424459457e-06,,,,,,,,,,,,,,,,,,,,,,,,,,
,2555,8540.471374271,1778118971.5623398,45,0.3777193529967917,,,,,,,,,,,,,,,,,,,,,,,,,,,,,,,,,,,,,,,,,,,
,2556,8540.623568543,1778118971.7144244,45,,,,,,,,,,,,,,,,,,,0.5300064860057319,,,,,,,,,,,,,,,,,,,,,,,,,
140.9182345589943,2557,8682.640643069,1778119113.7316976,45,,,,,,,,,,,,,,,,,,,,,,,,,,,,,,,,,,,,,,,,,,,,
,2558,8690.720745267,1778119121.8016498,45,8.023926573994686,,,,,,,,,,,,,,,,,,,,,,,,,,,,,,,,,,,,,,,,,,,
,2559,8690.864996648,1778119121.9561982,45,,0.0,0.0,0.0,0.0,0.0,0.0,0.0,0.0013656700029969215,0.0,0.0,0.0,0.0,0.0,0.0,0.0,,,,,,,,,,,,,,,,,,,,,,,,,,,,
,2560,8690.865296637,1778119121.956641,45,,,,,,,,,,,,,,,,,0.001909541999339126,,,,,,,,,,,,,,,,,,,,,,,,,,,
,2561,8690.867057401,1778119121.958233,45,,,,,,,,,,,,,,,,,,149.1471324459999,,,,,,,,,,,,,,,,,,,,,,,,,,
,2562,8691.226933063,1778119122.3179965,45,0.3593523930030642,,,,,,,,,,,,,,,,,,,,,,,,,,,,,,,,,,,,,,,,,,,
,2563,8691.402298269,1778119122.4933681,45,,,,,,,,,,,,,,,,,,,0.5349451060028514,,,,,,,,,,,,,,,,,,,,,,,,,
,2564,8692.470403468,1778119123.5615191,45,,,,,,,,,,,,,,,,,,5.003996193408966e-06,,,,,,,,,,,,,,,,,,,,,,,,,,
,2565,8692.909838497,1778119124.0009758,45,0.43897427299816627,,,,,,,,,,,,,,,,,,,,,,,,,,,,,,,,,,,,,,,,,,,
,2566,8693.061893926,1778119124.1529396,45,,,,,,,,,,,,,,,,,,,0.59126427899173,,,,,,,,,,,,,,,,,,,,,,,,,
,2567,8694.190312199,1778119125.281423,45,,,,,,,,,,,,,,,,,,5.005000275559723e-06,,,,,,,,,,,,,,,,,,,,,,,,,,
,2568,8694.551496989,1778119125.6425593,45,0.3606435660040006,,,,,,,,,,,,,,,,,,,,,,,,,,,,,,,,,,,,,,,,,,,
,2569,8694.727648717,1778119125.818735,45,,,,,,,,,,,,,,,,,,,0.5371252220065799,,,,,,,,,,,,,,,,,,,,,,,,,
,2570,8695.85467239,1778119126.9457638,45,,,,,,,,,,,,,,,,,,4.3969921534880996e-06,,,,,,,,,,,,,,,,,,,,,,,,,,
,2571,8696.230409113,1778119127.321526,45,0.37530581701139454,,,,,,,,,,,,,,,,,,,,,,,,,,,,,,,,,,,,,,,,,,,
,2572,8696.390842685,1778119127.4818263,45,,,,,,,,,,,,,,,,,,,0.5358419889962533,,,,,,,,,,,,,,,,,,,,,,,,,
,2573,8697.464700815,1778119128.5556931,45,,,,,,,,,,,,,,,,,,3.877998096868396e-06,,,,,,,,,,,,,,,,,,,,,,,,,,
,2574,8697.847171824,1778119128.9383364,45,0.3824127139960183,,,,,,,,,,,,,,,,,,,,,,,,,,,,,,,,,,,,,,,,,,,
,2575,8698.000587419,1778119129.0916915,45,,,,,,,,,,,,,,,,,,,0.5358411830093246,,,,,,,,,,,,,,,,,,,,,,,,,
,2576,8699.074340818,1778119130.165404,45,,,,,,,,,,,,,,,,,,6.6259963205084205e-06,,,,,,,,,,,,,,,,,,,,,,,,,,
,2577,8699.409944851,1778119130.5011814,45,0.3352688279992435,,,,,,,,,,,,,,,,,,,,,,,,,,,,,,,,,,,,,,,,,,,
,2578,8699.568675577,1778119130.659522,45,,,,,,,,,,,,,,,,,,,0.49388903900398873,,,,,,,,,,,,,,,,,,,,,,,,,
,2579,8700.634135337,1778119131.7251618,45,,,,,,,,,,,,,,,,,,4.215995431877673e-06,,,,,,,,,,,,,,,,,,,,,,,,,,
,2580,8700.985062238,1778119132.0761585,45,0.35059971098962706,,,,,,,,,,,,,,,,,,,,,,,,,,,,,,,,,,,,,,,,,,,
,2581,8701.12379239,1778119132.215027,45,,,,,,,,,,,,,,,,,,,0.4896744870056864,,,,,,,,,,,,,,,,,,,,,,,,,
,2582,8702.184603457,1778119133.2757118,45,,,,,,,,,,,,,,,,,,4.101006197743118e-06,,,,,,,,,,,,,,,,,,,,,,,,,,
,2583,8702.531003221,1778119133.6221876,45,0.3458472439961042,,,,,,,,,,,,,,,,,,,,,,,,,,,,,,,,,,,,,,,,,,,
,2584,8702.67883537,1778119133.7696855,45,,,,,,,,,,,,,,,,,,,0.49375976700684987,,,,,,,,,,,,,,,,,,,,,,,,,
,2585,8703.746919699,1778119134.8380058,45,,,,,,,,,,,,,,,,,,3.830005880445242e-06,,,,,,,,,,,,,,,,,,,,,,,,,,
,2586,8704.078714674,1778119135.169813,45,0.3313462869991781,,,,,,,,,,,,,,,,,,,,,,,,,,,,,,,,,,,,,,,,,,,
,2587,8704.237984433,1778119135.329016,45,,,,,,,,,,,,,,,,,,,0.4908491940004751,,,,,,,,,,,,,,,,,,,,,,,,,
,2588,8705.302154832,1778119136.3932467,45,,,,,,,,,,,,,,,,,,3.851993824355304e-06,,,,,,,,,,,,,,,,,,,,,,,,,,
,2589,8705.649613175,1778119136.740713,45,0.3469936790061183,,,,,,,,,,,,,,,,,,,,,,,,,,,,,,,,,,,,,,,,,,,
,2590,8705.790800831,1778119136.8817399,45,,,,,,,,,,,,,,,,,,,0.4883324859983986,,,,,,,,,,,,,,,,,,,,,,,,,
,2591,8706.851782049,1778119137.9429054,45,,,,,,,,,,,,,,,,,,4.286004696041346e-06,,,,,,,,,,,,,,,,,,,,,,,,,,
,2592,8707.281742386,1778119138.3727808,45,0.4294187119958224,,,,,,,,,,,,,,,,,,,,,,,,,,,,,,,,,,,,,,,,,,,
,2593,8707.418331112,1778119138.5094314,45,,,,,,,,,,,,,,,,,,,0.5663224739982979,,,,,,,,,,,,,,,,,,,,,,,,,
,2594,8708.489670121,1778119139.58077,45,,,,,,,,,,,,,,,,,,4.7579960664734244e-06,,,,,,,,,,,,,,,,,,,,,,,,,,
,2595,8708.869278672,1778119139.96046,45,0.3792446419975022,,,,,,,,,,,,,,,,,,,,,,,,,,,,,,,,,,,,,,,,,,,
,2596,8709.030772163,1778119140.1218283,45,,,,,,,,,,,,,,,,,,,0.5408885610086145,,,,,,,,,,,,,,,,,,,,,,,,,
,2597,8710.158423266,1778119141.2494223,45,,,,,,,,,,,,,,,,,,3.936002030968666e-06,,,,,,,,,,,,,,,,,,,,,,,,,,
,2598,8710.511258574,1778119141.602497,45,0.3526091940002516,,,,,,,,,,,,,,,,,,,,,,,,,,,,,,,,,,,,,,,,,,,
,2599,8710.649354678,1778119141.740491,45,,,,,,,,,,,,,,,,,,,0.49091444299847353,,,,,,,,,,,,,,,,,,,,,,,,,
,2600,8711.714779074,1778119142.805828,45,,,,,,,,,,,,,,,,,,4.491012077778578e-06,,,,,,,,,,,,,,,,,,,,,,,,,,
,2601,8712.094536118,1778119143.1857417,45,0.37944834999507293,,,,,,,,,,,,,,,,,,,,,,,,,,,,,,,,,,,,,,,,,,,
,2602,8712.256824776,1778119143.348056,45,,,,,,,,,,,,,,,,,,,0.5420780639979057,,,,,,,,,,,,,,,,,,,,,,,,,
,2603,8713.385089962,1778119144.4761128,45,,,,,,,,,,,,,,,,,,4.358997102826834e-06,,,,,,,,,,,,,,,,,,,,,,,,,,
,2604,8713.737569137,1778119144.8287814,45,0.35241073100769427,,,,,,,,,,,,,,,,,,,,,,,,,,,,,,,,,,,,,,,,,,,
,2605,8713.875178394,1778119144.966221,45,,,,,,,,,,,,,,,,,,,0.48994851599854883,,,,,,,,,,,,,,,,,,,,,,,,,
,2606,8714.937291534,1778119146.0284684,45,,,,,,,,,,,,,,,,,,3.7479912862181664e-06,,,,,,,,,,,,,,,,,,,,,,,,,,
,2607,8715.312597351,1778119146.4038064,45,0.3748519359942293,,,,,,,,,,,,,,,,,,,,,,,,,,,,,,,,,,,,,,,,,,,
,2608,8715.473725992,1778119146.5647385,45,,,,,,,,,,,,,,,,,,,0.5360791080020135,,,,,,,,,,,,,,,,,,,,,,,,,
,2609,8716.56047342,1778119147.6515732,50,,,,,,,,,,,,,,,,,,,,0.14780485440278426,0.0,22.040000009536744,0.036722855281550434,0.0,172.74053881520814,0.009244306420441717,1099924.0,1.317818713303859,0.8,0.04942106604576111,84.25648498535156,615.2,0.0,4.979457950323944e-07,0.0,937.275,0.008674531575294934,0.009244306420441717,0.6,43.2,0.9125,0.0,0.036722855269908906,1024.0
141.15801687799103,2610,8857.743077748,1778119288.834152,50,,,,,,,,,,,,,,,,,,,,,,,,,,,,,,,,,,,,,,,,,,,,
,2611,8865.692525103,1778119296.778553,50,7.900180878001265,,,,,,,,,,,,,,,,,,,,,,,,,,,,,,,,,,,,,,,,,,,
,2612,8866.175267787,1778119297.26606,50,,0.0,0.0,0.0,0.0,0.0,0.0,0.0,0.302894776003086,0.0011973486535208327,0.0,0.0,0.0,0.0,0.0,0.0,,,,,,,,,,,,,,,,,,,,,,,,,,,,
,2613,8866.175307197,1778119297.266561,50,,,,,,,,,,,,,,,,,0.30350300700229127,,,,,,,,,,,,,,,,,,,,,,,,,,,
,2614,8866.176987803,1778119297.2682288,50,,,,,,,,,,,,,,,,,,149.59437897900352,,,,,,,,,,,,,,,,,,,,,,,,,,
,2615,8866.546273722,1778119297.6374726,50,0.36893052600498777,,,,,,,,,,,,,,,,,,,,,,,,,,,,,,,,,,,,,,,,,,,
,2616,8866.71808189,1778119297.8091602,50,,,,,,,,,,,,,,,,,,,0.5407445910095703,,,,,,,,,,,,,,,,,,,,,,,,,
,2617,8867.832967366,1778119298.9239852,50,,,,,,,,,,,,,,,,,,4.479996277950704e-06,,,,,,,,,,,,,,,,,,,,,,,,,,
,2618,8868.180756303,1778119299.2719872,50,0.3475957430055132,,,,,,,,,,,,,,,,,,,,,,,,,,,,,,,,,,,,,,,,,,,
,2619,8868.317878876,1778119299.4088628,50,,,,,,,,,,,,,,,,,,,0.484654440995655,,,,,,,,,,,,,,,,,,,,,,,,,
,2620,8869.366652676,1778119300.4576547,50,,,,,,,,,,,,,,,,,,4.193003405816853e-06,,,,,,,,,,,,,,,,,,,,,,,,,,
,2621,8869.711989423,1778119300.8031135,50,0.34503055398818105,,,,,,,,,,,,,,,,,,,,,,,,,,,,,,,,,,,,,,,,,,,
,2622,8869.856518531,1778119300.9476497,50,,,,,,,,,,,,,,,,,,,0.48976690700510517,,,,,,,,,,,,,,,,,,,,,,,,,
,2623,8870.910922343,1778119302.0019536,50,,,,,,,,,,,,,,,,,,4.727000487037003e-06,,,,,,,,,,,,,,,,,,,,,,,,,,
,2624,8871.339511986,1778119302.43061,50,0.42816661301185377,,,,,,,,,,,,,,,,,,,,,,,,,,,,,,,,,,,,,,,,,,,
,2625,8871.497523137,1778119302.5884604,50,,,,,,,,,,,,,,,,,,,0.5863019920070656,,,,,,,,,,,,,,,,,,,,,,,,,
,2626,8872.616742699,1778119303.7077525,50,,,,,,,,,,,,,,,,,,4.881992936134338e-06,,,,,,,,,,,,,,,,,,,,,,,,,,
,2627,8872.957521984,1778119304.0487294,50,0.3404995430028066,,,,,,,,,,,,,,,,,,,,,,,,,,,,,,,,,,,,,,,,,,,
,2628,8873.102845609,1778119304.1939578,50,,,,,,,,,,,,,,,,,,,0.48598534999473486,,,,,,,,,,,,,,,,,,,,,,,,,
,2629,8874.161630087,1778119305.2525392,50,,,,,,,,,,,,,,,,,,6.8119989009574056e-06,,,,,,,,,,,,,,,,,,,,,,,,,,
,2630,8874.525280503,1778119305.616401,50,0.3633497850096319,,,,,,,,,,,,,,,,,,,,,,,,,,,,,,,,,,,,,,,,,,,
,2631,8874.699819862,1778119305.7908144,50,,,,,,,,,,,,,,,,,,,0.5380634729954181,,,,,,,,,,,,,,,,,,,,,,,,,
,2632,8875.8184315,1778119306.9093804,50,,,,,,,,,,,,,,,,,,4.130008164793253e-06,,,,,,,,,,,,,,,,,,,,,,,,,,
,2633,8876.158338175,1778119307.2495787,50,0.3397680100024445,,,,,,,,,,,,,,,,,,,,,,,,,,,,,,,,,,,,,,,,,,,
,2634,8876.30416573,1778119307.3952606,50,,,,,,,,,,,,,,,,,,,0.4856012090021977,,,,,,,,,,,,,,,,,,,,,,,,,
,2635,8877.351953351,1778119308.4431536,50,,,,,,,,,,,,,,,,,,3.998007741756737e-06,,,,,,,,,,,,,,,,,,,,,,,,,,
,2636,8877.68189534,1778119308.7731488,50,0.3296472430083668,,,,,,,,,,,,,,,,,,,,,,,,,,,,,,,,,,,,,,,,,,,
,2637,8877.837511495,1778119308.928722,50,,,,,,,,,,,,,,,,,,,0.4854244669986656,,,,,,,,,,,,,,,,,,,,,,,,,
,2638,8878.887476488,1778119309.9786155,50,,,,,,,,,,,,,,,,,,3.6850105971097946e-06,,,,,,,,,,,,,,,,,,,,,,,,,,
,2639,8879.26316506,1778119310.3542838,50,0.3752666900109034,,,,,,,,,,,,,,,,,,,,,,,,,,,,,,,,,,,,,,,,,,,
,2640,8879.418602835,1778119310.5098376,50,,,,,,,,,,,,,,,,,,,0.5309988399967551,,,,,,,,,,,,,,,,,,,,,,,,,
,2641,8880.490083364,1778119311.5812402,50,,,,,,,,,,,,,,,,,,4.274988896213472e-06,,,,,,,,,,,,,,,,,,,,,,,,,,
,2642,8880.845762074,1778119311.9368834,50,0.3552481879887637,,,,,,,,,,,,,,,,,,,,,,,,,,,,,,,,,,,,,,,,,,,
,2643,8880.980277608,1778119312.0712783,50,,,,,,,,,,,,,,,,,,,0.4898539160058135,,,,,,,,,,,,,,,,,,,,,,,,,
,2644,8882.034565268,1778119313.1255674,50,,,,,,,,,,,,,,,,,,3.959998139180243e-06,,,,,,,,,,,,,,,,,,,,,,,,,,
,2645,8882.378808149,1778119313.469926,50,0.3439061370008858,,,,,,,,,,,,,,,,,,,,,,,,,,,,,,,,,,,,,,,,,,,
,2646,8882.521498969,1778119313.6125357,50,,,,,,,,,,,,,,,,,,,0.4867272179981228,,,,,,,,,,,,,,,,,,,,,,,,,
,2647,8883.57306606,1778119314.6640882,50,,,,,,,,,,,,,,,,,,4.29300416726619e-06,,,,,,,,,,,,,,,,,,,,,,,,,,
,2648,8883.930704482,1778119315.021835,50,0.3572610370028997,,,,,,,,,,,,,,,,,,,,,,,,,,,,,,,,,,,,,,,,,,,
,2649,8884.106095336,1778119315.1971867,50,,,,,,,,,,,,,,,,,,,0.532933854003204,,,,,,,,,,,,,,,,,,,,,,,,,
,2650,8885.220396955,1778119316.3115158,50,,,,,,,,,,,,,,,,,,3.9009901229292154e-06,,,,,,,,,,,,,,,,,,,,,,,,,,
,2651,8885.628037475,1778119316.719187,50,0.4071969210053794,,,,,,,,,,,,,,,,,,,,,,,,,,,,,,,,,,,,,,,,,,,
,2652,8885.760845744,1778119316.8516722,50,,,,,,,,,,,,,,,,,,,0.5399206500005675,,,,,,,,,,,,,,,,,,,,,,,,,
,2653,8886.819339066,1778119317.9103088,50,,,,,,,,,,,,,,,,,,4.1900057112798095e-06,,,,,,,,,,,,,,,,,,,,,,,,,,
,2654,8887.177793286,1778119318.2690551,50,0.35827604299993254,,,,,,,,,,,,,,,,,,,,,,,,,,,,,,,,,,,,,,,,,,,
,2655,8887.351662197,1778119318.4426384,50,,,,,,,,,,,,,,,,,,,0.5320647900080075,,,,,,,,,,,,,,,,,,,,,,,,,
,2656,8888.464577251,1778119319.5556936,50,,,,,,,,,,,,,,,,,,4.0330050978809595e-06,,,,,,,,,,,,,,,,,,,,,,,,,,
,2657,8888.839341141,1778119319.9305809,50,0.3744448879879201,,,,,,,,,,,,,,,,,,,,,,,,,,,,,,,,,,,,,,,,,,,
,2658,8889.000167818,1778119320.0912726,50,,,,,,,,,,,,,,,,,,,0.5353540779906325,,,,,,,,,,,,,,,,,,,,,,,,,
,2659,8890.119037162,1778119321.2101421,50,,,,,,,,,,,,,,,,,,4.3199979700148106e-06,,,,,,,,,,,,,,,,,,,,,,,,,,
,2660,8890.49893836,1778119321.5901976,50,0.37954323200392537,,,,,,,,,,,,,,,,,,,,,,,,,,,,,,,,,,,,,,,,,,,
,2661,8890.651082856,1778119321.742128,50,,,,,,,,,,,,,,,,,,,0.5317596660024719,,,,,,,,,,,,,,,,,,,,,,,,,
138.96122761099832,2662,9030.762784043,1778119461.853929,50,,,,,,,,,,,,,,,,,,,,,,,,,,,,,,,,,,,,,,,,,,,,
,2663,9038.648648343,1778119469.729552,50,7.831683093012543,,,,,,,,,,,,,,,,,,,,,,,,,,,,,,,,,,,,,,,,,,,
,2664,9039.184680549,1778119470.2756698,50,,0.0,0.0,0.0,0.0,0.0,0.0,0.0,0.38206840099883266,0.00363363255242527,0.0,0.0,0.0,0.0,0.0,0.0,,,,,,,,,,,,,,,,,,,,,,,,,,,,
,2665,9039.185297241,1778119470.2761261,50,,,,,,,,,,,,,,,,,0.38263029100198764,,,,,,,,,,,,,,,,,,,,,,,,,,,
,2666,9039.190569566,1778119470.2782798,50,,,,,,,,,,,,,,,,,,147.38797673999215,,,,,,,,,,,,,,,,,,,,,,,,,,
,2667,9039.552254309,1778119470.643413,50,0.36478672799421474,,,,,,,,,,,,,,,,,,,,,,,,,,,,,,,,,,,,,,,,,,,
,2668,9039.724073403,1778119470.8150547,50,,,,,,,,,,,,,,,,,,,0.5365675240027485,,,,,,,,,,,,,,,,,,,,,,,,,
,2669,9040.822110816,1778119471.9125621,50,,,,,,,,,,,,,,,,,,4.4199987314641476e-06,,,,,,,,,,,,,,,,,,,,,,,,,,
,2670,9041.170616675,1778119472.261681,50,0.34870890800084453,,,,,,,,,,,,,,,,,,,,,,,,,,,,,,,,,,,,,,,,,,,
,2671,9041.306991826,1778119472.3981056,50,,,,,,,,,,,,,,,,,,,0.4853449630027171,,,,,,,,,,,,,,,,,,,,,,,,,
,2672,9042.349081928,1778119473.4401603,50,,,,,,,,,,,,,,,,,,6.689995643682778e-06,,,,,,,,,,,,,,,,,,,,,,,,,,
,2673,9042.691252708,1778119473.7824519,50,0.34180316199490335,,,,,,,,,,,,,,,,,,,,,,,,,,,,,,,,,,,,,,,,,,,
,2674,9042.833559413,1778119473.924562,50,,,,,,,,,,,,,,,,,,,0.48416399100096896,,,,,,,,,,,,,,,,,,,,,,,,,
,2675,9043.872796297,1778119474.9637852,50,,,,,,,,,,,,,,,,,,4.217014065943658e-06,,,,,,,,,,,,,,,,,,,,,,,,,,
,2676,9044.226866888,1778119475.3179307,50,0.3538288229901809,,,,,,,,,,,,,,,,,,,,,,,,,,,,,,,,,,,,,,,,,,,
,2677,9044.399866323,1778119475.4908292,50,,,,,,,,,,,,,,,,,,,0.5268655130057596,,,,,,,,,,,,,,,,,,,,,,,,,
,2678,9045.497906908,1778119476.588876,50,,,,,,,,,,,,,,,,,,4.0800077840685844e-06,,,,,,,,,,,,,,,,,,,,,,,,,,
,2679,9045.865937163,1778119476.9571338,50,0.3678755269938847,,,,,,,,,,,,,,,,,,,,,,,,,,,,,,,,,,,,,,,,,,,
,2680,9046.024447473,1778119477.1154296,50,,,,,,,,,,,,,,,,,,,0.526374944995041,,,,,,,,,,,,,,,,,,,,,,,,,
,2681,9047.122900382,1778119478.2140017,50,,,,,,,,,,,,,,,,,,4.482004442252219e-06,,,,,,,,,,,,,,,,,,,,,,,,,,
,2682,9047.520252122,1778119478.6112626,50,0.39685939901391976,,,,,,,,,,,,,,,,,,,,,,,,,,,,,,,,,,,,,,,,,,,
,2683,9047.65588574,1778119478.7470644,50,,,,,,,,,,,,,,,,,,,0.532881371997064,,,,,,,,,,,,,,,,,,,,,,,,,
,2684,9048.699174789,1778119479.7902257,50,,,,,,,,,,,,,,,,,,4.53100074082613e-06,,,,,,,,,,,,,,,,,,,,,,,,,,
,2685,9049.038666235,1778119480.129691,50,0.3389379930013092,,,,,,,,,,,,,,,,,,,,,,,,,,,,,,,,,,,,,,,,,,,
,2686,9049.184491632,1778119480.2755888,50,,,,,,,,,,,,,,,,,,,0.4851267409976572,,,,,,,,,,,,,,,,,,,,,,,,,
,2687,9050.225595556,1778119481.3166087,50,,,,,,,,,,,,,,,,,,4.057990736328065e-06,,,,,,,,,,,,,,,,,,,,,,,,,,
,2688,9050.578920814,1778119481.670065,50,0.35294054700352717,,,,,,,,,,,,,,,,,,,,,,,,,,,,,,,,,,,,,,,,,,,
,2689,9050.753537155,1778119481.8445923,50,,,,,,,,,,,,,,,,,,,0.527693468000507,,,,,,,,,,,,,,,,,,,,,,,,,
,2690,9051.852282929,1778119482.9434073,50,,,,,,,,,,,,,,,,,,4.374989657662809e-06,,,,,,,,,,,,,,,,,,,,,,,,,,
,2691,9052.1888443,1778119483.2799096,50,0.33602904599683825,,,,,,,,,,,,,,,,,,,,,,,,,,,,,,,,,,,,,,,,,,,
,2692,9052.335604016,1778119483.426712,50,,,,,,,,,,,,,,,,,,,0.48309477700968273,,,,,,,,,,,,,,,,,,,,,,,,,
,2693,9053.375252374,1778119484.4662986,50,,,,,,,,,,,,,,,,,,4.4570042518898845e-06,,,,,,,,,,,,,,,,,,,,,,,,,,
,2694,9053.702559926,1778119484.7936356,50,0.3269070540118264,,,,,,,,,,,,,,,,,,,,,,,,,,,,,,,,,,,,,,,,,,,
,2695,9053.860924811,1778119484.9520893,50,,,,,,,,,,,,,,,,,,,0.4856430609943345,,,,,,,,,,,,,,,,,,,,,,,,,
,2696,9054.915928989,1778119486.0068336,50,,,,,,,,,,,,,,,,,,5.835012416355312e-06,,,,,,,,,,,,,,,,,,,,,,,,,,
,2697,9055.260562286,1778119486.3517468,50,0.3442843630036805,,,,,,,,,,,,,,,,,,,,,,,,,,,,,,,,,,,,,,,,,,,
,2698,9055.401467235,1778119486.4925165,50,,,,,,,,,,,,,,,,,,,0.48540580800909083,,,,,,,,,,,,,,,,,,,,,,,,,
,2699,9056.442293871,1778119487.5332606,50,,,,,,,,,,,,,,,,,,4.2000028770416975e-06,,,,,,,,,,,,,,,,,,,,,,,,,,
,2700,9056.796838027,1778119487.887903,50,0.354272430005949,,,,,,,,,,,,,,,,,,,,,,,,,,,,,,,,,,,,,,,,,,,
,2701,9056.969421806,1778119488.0605724,50,,,,,,,,,,,,,,,,,,,0.527134728996316,,,,,,,,,,,,,,,,,,,,,,,,,
,2702,9058.067930192,1778119489.1590915,50,,,,,,,,,,,,,,,,,,3.9239967009052634e-06,,,,,,,,,,,,,,,,,,,,,,,,,,
,2703,9058.436445728,1778119489.5275176,50,0.3679718019993743,,,,,,,,,,,,,,,,,,,,,,,,,,,,,,,,,,,,,,,,,,,
,2704,9058.594466049,1778119489.6854765,50,,,,,,,,,,,,,,,,,,,0.5262229259969899,,,,,,,,,,,,,,,,,,,,,,,,,
,2705,9059.694899796,1778119490.785938,50,,,,,,,,,,,,,,,,,,4.027999239042401e-06,,,,,,,,,,,,,,,,,,,,,,,,,,
,2706,9060.072133752,1778119491.1632924,50,0.37685207100003026,,,,,,,,,,,,,,,,,,,,,,,,,,,,,,,,,,,,,,,,,,,
,2707,9060.221967193,1778119491.3129463,50,,,,,,,,,,,,,,,,,,,0.5267279910040088,,,,,,,,,,,,,,,,,,,,,,,,,
,2708,9061.319271026,1778119492.4103777,50,,,,,,,,,,,,,,,,,,4.237997927702963e-06,,,,,,,,,,,,,,,,,,,,,,,,,,
,2709,9061.815784166,1778119492.907027,50,0.4962140799907502,,,,,,,,,,,,,,,,,,,,,,,,,,,,,,,,,,,,,,,,,,,
,2710,9061.988098206,1778119493.079177,50,,,,,,,,,,,,,,,,,,,0.6685185929964064,,,,,,,,,,,,,,,,,,,,,,,,,
,2711,9063.090090796,1778119494.1811287,50,,,,,,,,,,,,,,,,,,4.285000613890588e-06,,,,,,,,,,,,,,,,,,,,,,,,,,
,2712,9063.431361472,1778119494.5226035,50,0.34077552500821184,,,,,,,,,,,,,,,,,,,,,,,,,,,,,,,,,,,,,,,,,,,
,2713,9063.577484909,1778119494.6684947,50,,,,,,,,,,,,,,,,,,,0.4871363639977062,,,,,,,,,,,,,,,,,,,,,,,,,
139.9385288760095,2714,9204.598477057,1778119635.6895401,50,,,,,,,,,,,,,,,,,,,,,,,,,,,,,,,,,,,,,,,,,,,,
,2715,9212.515757727,1778119643.5967982,50,7.863077246001922,,,,,,,,,,,,,,,,,,,,,,,,,,,,,,,,,,,,,,,,,,,
,2716,9213.163163858,1778119644.2531505,50,,0.06824803093251325,0.0,0.0,0.0,0.11875,0.0,0.036889738791825756,0.4912589070008835,0.003495398151300014,0.0,0.09356249999999999,0.125,0.0,0.045682597812543774,0.09126551287800375,,,,,,,,,,,,,,,,,,,,,,,,,,,,
,2717,9213.163418993,1778119644.2547162,50,,,,,,,,,,,,,,,,,0.4929277479968732,,,,,,,,,,,,,,,,,,,,,,,,,,,
,2718,9213.167725242,1778119644.256849,50,,,,,,,,,,,,,,,,,,148.50832659700245,,,,,,,,,,,,,,,,,,,,,,,,,,
,2719,9213.499568425,1778119644.5906622,50,0.333561773004476,,,,,,,,,,,,,,,,,,,,,,,,,,,,,,,,,,,,,,,,,,,
,2720,9213.652165075,1778119644.7431552,50,,,,,,,,,,,,,,,,,,,0.4861147659976268,,,,,,,,,,,,,,,,,,,,,,,,,
,2721,9214.694802133,1778119645.7857788,50,,,,,,,,,,,,,,,,,,3.840992576442659e-06,,,,,,,,,,,,,,,,,,,,,,,,,,
,2722,9215.029632344,1778119646.1206164,50,0.33458826899004634,,,,,,,,,,,,,,,,,,,,,,,,,,,,,,,,,,,,,,,,,,,
,2723,9215.182645157,1778119646.273712,50,,,,,,,,,,,,,,,,,,,0.48775073401338886,,,,,,,,,,,,,,,,,,,,,,,,,
,2724,9216.225690023,1778119647.3166687,50,,,,,,,,,,,,,,,,,,4.187997546978295e-06,,,,,,,,,,,,,,,,,,,,,,,,,,
,2725,9216.576475342,1778119647.667698,50,0.35060189200157765,,,,,,,,,,,,,,,,,,,,,,,,,,,,,,,,,,,,,,,,,,,
,2726,9216.712044222,1778119647.8031282,50,,,,,,,,,,,,,,,,,,,0.48628152000310365,,,,,,,,,,,,,,,,,,,,,,,,,
,2727,9217.751882691,1778119648.8428268,50,,,,,,,,,,,,,,,,,,4.339992301538587e-06,,,,,,,,,,,,,,,,,,,,,,,,,,
,2728,9218.123991772,1778119649.2150984,50,0.3716665060055675,,,,,,,,,,,,,,,,,,,,,,,,,,,,,,,,,,,,,,,,,,,
,2729,9218.282985787,1778119649.3740978,50,,,,,,,,,,,,,,,,,,,0.5310681219998514,,,,,,,,,,,,,,,,,,,,,,,,,
,2730,9219.384218764,1778119650.4753072,50,,,,,,,,,,,,,,,,,,4.032001015730202e-06,,,,,,,,,,,,,,,,,,,,,,,,,,
,2731,9219.763952498,1778119650.855033,50,0.37923589900310617,,,,,,,,,,,,,,,,,,,,,,,,,,,,,,,,,,,,,,,,,,,
,2732,9219.915736886,1778119651.0067635,50,,,,,,,,,,,,,,,,,,,0.5312213509896537,,,,,,,,,,,,,,,,,,,,,,,,,
,2733,9221.017784233,1778119652.1088927,50,,,,,,,,,,,,,,,,,,3.893001121468842e-06,,,,,,,,,,,,,,,,,,,,,,,,,,
,2734,9221.348666652,1778119652.4397547,50,0.3303555710008368,,,,,,,,,,,,,,,,,,,,,,,,,,,,,,,,,,,,,,,,,,,
,2735,9221.505257293,1778119652.5962832,50,,,,,,,,,,,,,,,,,,,0.48719388600147795,,,,,,,,,,,,,,,,,,,,,,,,,
,2736,9222.54492739,1778119653.6360242,50,,,,,,,,,,,,,,,,,,4.23999154008925e-06,,,,,,,,,,,,,,,,,,,,,,,,,,
,2737,9222.935342916,1778119654.0263598,50,0.38981932000024244,,,,,,,,,,,,,,,,,,,,,,,,,,,,,,,,,,,,,,,,,,,
,2738,9223.075971182,1778119654.1670616,50,,,,,,,,,,,,,,,,,,,0.5308699140005047,,,,,,,,,,,,,,,,,,,,,,,,,
,2739,9224.118265001,1778119655.20936,50,,,,,,,,,,,,,,,,,,4.469999112188816e-06,,,,,,,,,,,,,,,,,,,,,,,,,,
,2740,9224.481269421,1778119655.5724807,50,0.36258946800080594,,,,,,,,,,,,,,,,,,,,,,,,,,,,,,,,,,,,,,,,,,,
,2741,9224.650237499,1778119655.7412922,50,,,,,,,,,,,,,,,,,,,0.5317285750061274,,,,,,,,,,,,,,,,,,,,,,,,,
,2742,9225.752644504,1778119656.8437243,50,,,,,,,,,,,,,,,,,,4.278001142665744e-06,,,,,,,,,,,,,,,,,,,,,,,,,,
,2743,9226.129501651,1778119657.220566,50,0.37637124200409744,,,,,,,,,,,,,,,,,,,,,,,,,,,,,,,,,,,,,,,,,,,
,2744,9226.283802588,1778119657.3748534,50,,,,,,,,,,,,,,,,,,,0.5309763889963506,,,,,,,,,,,,,,,,,,,,,,,,,
,2745,9227.383341524,1778119658.4744291,50,,,,,,,,,,,,,,,,,,4.165995051153004e-06,,,,,,,,,,,,,,,,,,,,,,,,,,
,2746,9227.708477066,1778119658.7997096,50,0.32472927699564025,,,,,,,,,,,,,,,,,,,,,,,,,,,,,,,,,,,,,,,,,,,
,2747,9227.866463636,1778119658.9574578,50,,,,,,,,,,,,,,,,,,,0.48285330401267856,,,,,,,,,,,,,,,,,,,,,,,,,
,2748,9228.903244465,1778119659.994326,50,,,,,,,,,,,,,,,,,,3.827997716143727e-06,,,,,,,,,,,,,,,,,,,,,,,,,,
,2749,9229.24793571,1778119660.3390472,50,0.3442155679949792,,,,,,,,,,,,,,,,,,,,,,,,,,,,,,,,,,,,,,,,,,,
,2750,9229.389166282,1778119660.4802973,50,,,,,,,,,,,,,,,,,,,0.4857801030011615,,,,,,,,,,,,,,,,,,,,,,,,,
,2751,9230.430680411,1778119661.521781,50,,,,,,,,,,,,,,,,,,4.592991899698973e-06,,,,,,,,,,,,,,,,,,,,,,,,,,
,2752,9230.785402325,1778119661.8764849,50,0.3542067469970789,,,,,,,,,,,,,,,,,,,,,,,,,,,,,,,,,,,,,,,,,,,
,2753,9230.958940162,1778119662.0500162,50,,,,,,,,,,,,,,,,,,,0.5280706540070241,,,,,,,,,,,,,,,,,,,,,,,,,
,2754,9232.05394973,1778119663.145045,50,,,,,,,,,,,,,,,,,,4.126995918340981e-06,,,,,,,,,,,,,,,,,,,,,,,,,,
,2755,9232.391587577,1778119663.4826934,50,0.3371600969985593,,,,,,,,,,,,,,,,,,,,,,,,,,,,,,,,,,,,,,,,,,,
,2756,9232.536857221,1778119663.627962,50,,,,,,,,,,,,,,,,,,,0.4827246950007975,,,,,,,,,,,,,,,,,,,,,,,,,
,2757,9233.573090094,1778119664.664173,50,,,,,,,,,,,,,,,,,,4.146990249864757e-06,,,,,,,,,,,,,,,,,,,,,,,,,,
,2758,9233.927225165,1778119665.018343,50,0.35371766799653415,,,,,,,,,,,,,,,,,,,,,,,,,,,,,,,,,,,,,,,,,,,
,2759,9234.100387745,1778119665.1913567,50,,,,,,,,,,,,,,,,,,,0.5269733820023248,,,,,,,,,,,,,,,,,,,,,,,,,
,2760,9235.193644427,1778119666.2846441,50,,,,,,,,,,,,,,,,,,4.346002242527902e-06,,,,,,,,,,,,,,,,,,,,,,,,,,
,2761,9235.562934524,1778119666.6539366,50,0.3688248050020775,,,,,,,,,,,,,,,,,,,,,,,,,,,,,,,,,,,,,,,,,,,
,2762,9235.721705239,1778119666.812869,50,,,,,,,,,,,,,,,,,,,0.5279988670081366,,,,,,,,,,,,,,,,,,,,,,,,,
,2763,9236.816373246,1778119667.907473,50,,,,,,,,,,,,,,,,,,3.6429992178454995e-06,,,,,,,,,,,,,,,,,,,,,,,,,,
,2764,9237.340041261,1778119668.4310803,50,0.5232281709904782,,,,,,,,,,,,,,,,,,,,,,,,,,,,,,,,,,,,,,,,,,,
,2765,9237.490930697,1778119668.5819457,50,,,,,,,,,,,,,,,,,,,0.6742341579956701,,,,,,,,,,,,,,,,,,,,,,,,,
138.90718146700237,2766,9377.53860466,1778119808.629562,50,,,,,,,,,,,,,,,,,,,,,,,,,,,,,,,,,,,,,,,,,,,,
,2767,9385.471094554,1778119816.552043,50,7.877913766991696,,,,,,,,,,,,,,,,,,,,,,,,,,,,,,,,,,,,,,,,,,,
,2768,9385.62773441,1778119816.7190554,50,,0.0,0.0,0.0,0.0,0.0,0.0,0.0,0.0029002850060351193,0.0,0.0,0.0,0.0,0.0,0.0,0.0,,,,,,,,,,,,,,,,,,,,,,,,,,,,
,2769,9385.628175309,1778119816.7195287,50,,,,,,,,,,,,,,,,,0.003471928008366376,,,,,,,,,,,,,,,,,,,,,,,,,,,
,2770,9385.629848566,1778119816.721078,50,,,,,,,,,,,,,,,,,,147.00127817699104,,,,,,,,,,,,,,,,,,,,,,,,,,
,2771,9385.987526284,1778119817.0785432,50,0.35706848399422597,,,,,,,,,,,,,,,,,,,,,,,,,,,,,,,,,,,,,,,,,,,
,2772,9386.160933955,1778119817.252015,50,,,,,,,,,,,,,,,,,,,0.5307755160029046,,,,,,,,,,,,,,,,,,,,,,,,,
,2773,9387.266959597,1778119818.358033,50,,,,,,,,,,,,,,,,,,4.3900072341784835e-06,,,,,,,,,,,,,,,,,,,,,,,,,,
,2774,9387.647922089,1778119818.738942,50,0.3803094859904377,,,,,,,,,,,,,,,,,,,,,,,,,,,,,,,,,,,,,,,,,,,
,2775,9387.796448645,1778119818.8875742,50,,,,,,,,,,,,,,,,,,,0.529383006010903,,,,,,,,,,,,,,,,,,,,,,,,,
,2776,9388.898484594,1778119819.9894218,50,,,,,,,,,,,,,,,,,,3.989000106230378e-06,,,,,,,,,,,,,,,,,,,,,,,,,,
,2777,9389.234526998,1778119820.3255994,50,0.3357981459994335,,,,,,,,,,,,,,,,,,,,,,,,,,,,,,,,,,,,,,,,,,,
,2778,9389.385852847,1778119820.476985,50,,,,,,,,,,,,,,,,,,,0.4873528379976051,,,,,,,,,,,,,,,,,,,,,,,,,
,2779,9390.433163123,1778119821.5242927,50,,,,,,,,,,,,,,,,,,4.317989805713296e-06,,,,,,,,,,,,,,,,,,,,,,,,,,
,2780,9390.817751933,1778119821.9089477,50,0.3842453130055219,,,,,,,,,,,,,,,,,,,,,,,,,,,,,,,,,,,,,,,,,,,
,2781,9390.967862642,1778119822.0588195,50,,,,,,,,,,,,,,,,,,,0.5343014200043399,,,,,,,,,,,,,,,,,,,,,,,,,
,2782,9392.073972521,1778119823.1648755,50,,,,,,,,,,,,,,,,,,4.67000063508749e-06,,,,,,,,,,,,,,,,,,,,,,,,,,
,2783,9392.406535376,1778119823.4977212,50,0.33245286300370935,,,,,,,,,,,,,,,,,,,,,,,,,,,,,,,,,,,,,,,,,,,
,2784,9392.559340977,1778119823.6504169,50,,,,,,,,,,,,,,,,,,,0.4853529949905351,,,,,,,,,,,,,,,,,,,,,,,,,
,2785,9393.601928987,1778119824.6928399,50,,,,,,,,,,,,,,,,,,3.861990990117192e-06,,,,,,,,,,,,,,,,,,,,,,,,,,
,2786,9393.983698677,1778119825.0747666,50,0.3815445360087324,,,,,,,,,,,,,,,,,,,,,,,,,,,,,,,,,,,,,,,,,,,
,2787,9394.136243751,1778119825.2273543,50,,,,,,,,,,,,,,,,,,,0.5343456010014052,,,,,,,,,,,,,,,,,,,,,,,,,
,2788,9395.2459164,1778119826.3370595,50,,,,,,,,,,,,,,,,,,4.104003892280161e-06,,,,,,,,,,,,,,,,,,,,,,,,,,
,2789,9395.602170637,1778119826.6933815,50,0.35585379200347234,,,,,,,,,,,,,,,,,,,,,,,,,,,,,,,,,,,,,,,,,,,
,2790,9395.775474551,1778119826.8664305,50,,,,,,,,,,,,,,,,,,,0.529203851998318,,,,,,,,,,,,,,,,,,,,,,,,,
,2791,9396.878131935,1778119827.96921,50,,,,,,,,,,,,,,,,,,3.963999915868044e-06,,,,,,,,,,,,,,,,,,,,,,,,,,
,2792,9397.27880387,1778119828.3698428,50,0.400129805013421,,,,,,,,,,,,,,,,,,,,,,,,,,,,,,,,,,,,,,,,,,,
,2793,9397.424577153,1778119828.5155208,50,,,,,,,,,,,,,,,,,,,0.5461266899947077,,,,,,,,,,,,,,,,,,,,,,,,,
,2794,9398.470083037,1778119829.561166,50,,,,,,,,,,,,,,,,,,5.121997673995793e-06,,,,,,,,,,,,,,,,,,,,,,,,,,
,2795,9398.856361728,1778119829.9474251,50,0.3856957539974246,,,,,,,,,,,,,,,,,,,,,,,,,,,,,,,,,,,,,,,,,,,
,2796,9399.003234804,1778119830.0942929,50,,,,,,,,,,,,,,,,,,,0.5329435679886956,,,,,,,,,,,,,,,,,,,,,,,,,
,2797,9400.11042329,1778119831.2015405,50,,,,,,,,,,,,,,,,,,3.936002030968666e-06,,,,,,,,,,,,,,,,,,,,,,,,,,
,2798,9400.44958305,1778119831.5405772,50,0.3384448480064748,,,,,,,,,,,,,,,,,,,,,,,,,,,,,,,,,,,,,,,,,,,
,2799,9400.598044942,1778119831.6891422,50,,,,,,,,,,,,,,,,,,,0.48742263500753324,,,,,,,,,,,,,,,,,,,,,,,,,
,2800,9401.64452039,1778119832.7355008,50,,,,,,,,,,,,,,,,,,3.851993824355304e-06,,,,,,,,,,,,,,,,,,,,,,,,,,
,2801,9402.022858251,1778119833.1139593,50,0.3779929410084151,,,,,,,,,,,,,,,,,,,,,,,,,,,,,,,,,,,,,,,,,,,
,2802,9402.173461959,1778119833.2641938,50,,,,,,,,,,,,,,,,,,,0.5284765630058246,,,,,,,,,,,,,,,,,,,,,,,,,
,2803,9403.276106885,1778119834.3671973,50,,,,,,,,,,,,,,,,,,3.881999873556197e-06,,,,,,,,,,,,,,,,,,,,,,,,,,
,2804,9403.608554779,1778119834.6996753,50,0.33196558999770787,,,,,,,,,,,,,,,,,,,,,,,,,,,,,,,,,,,,,,,,,,,
,2805,9403.7594139,1778119834.8502824,50,,,,,,,,,,,,,,,,,,,0.4829289479966974,,,,,,,,,,,,,,,,,,,,,,,,,
,2806,9404.79774998,1778119835.8888469,50,,,,,,,,,,,,,,,,,,3.6569981602951884e-06,,,,,,,,,,,,,,,,,,,,,,,,,,
,2807,9405.181401242,1778119836.2723804,50,0.38308993898681365,,,,,,,,,,,,,,,,,,,,,,,,,,,,,,,,,,,,,,,,,,,
,2808,9405.331920732,1778119836.4230206,50,,,,,,,,,,,,,,,,,,,0.534019281010842,,,,,,,,,,,,,,,,,,,,,,,,,
,2809,9406.441099319,1778119837.5321994,50,,,,,,,,,,,,,,,,,,4.3239997467026114e-06,,,,,,,,,,,,,,,,,,,,,,,,,,
,2810,9406.774541145,1778119837.8656,50,0.3328241440030979,,,,,,,,,,,,,,,,,,,,,,,,,,,,,,,,,,,,,,,,,,,
,2811,9406.923955247,1778119838.0150795,50,,,,,,,,,,,,,,,,,,,0.48270069299906027,,,,,,,,,,,,,,,,,,,,,,,,,
,2812,9407.965022158,1778119839.0561395,50,,,,,,,,,,,,,,,,,,4.007000825367868e-06,,,,,,,,,,,,,,,,,,,,,,,,,,
,2813,9408.316375102,1778119839.4074743,50,0.35070085899496917,,,,,,,,,,,,,,,,,,,,,,,,,,,,,,,,,,,,,,,,,,,
,2814,9408.452405483,1778119839.5434237,50,,,,,,,,,,,,,,,,,,,0.4870924420101801,,,,,,,,,,,,,,,,,,,,,,,,,
,2815,9409.49675543,1778119840.587873,50,,,,,,,,,,,,,,,,,,3.841007128357887e-06,,,,,,,,,,,,,,,,,,,,,,,,,,
,2816,9409.837069622,1778119840.9282758,50,0.33994057300151326,,,,,,,,,,,,,,,,,,,,,,,,,,,,,,,,,,,,,,,,,,,
,2817,9409.984225803,1778119841.075404,50,,,,,,,,,,,,,,,,,,,0.487365328008309,,,,,,,,,,,,,,,,,,,,,,,,,
139.02634592200047,2818,9550.096347203,1778119981.187327,50,,,,,,,,,,,,,,,,,,,,,,,,,,,,,,,,,,,,,,,,,,,,
,2819,9558.024366927,1778119989.1052856,50,7.873562675988069,,,,,,,,,,,,,,,,,,,,,,,,,,,,,,,,,,,,,,,,,,,
,2820,9558.473731518,1778119989.5648584,50,,0.0,0.0,0.0,0.0,0.0,0.0,0.0,0.3002580210013548,0.0011479150358257454,0.0,0.0,0.0,0.0,0.0,0.0,,,,,,,,,,,,,,,,,,,,,,,,,,,,
,2821,9558.474323575,1778119989.565345,50,,,,,,,,,,,,,,,,,0.3008621140033938,,,,,,,,,,,,,,,,,,,,,,,,,,,
,2822,9558.476293768,1778119989.5673044,50,,,,,,,,,,,,,,,,,,147.40874048200203,,,,,,,,,,,,,,,,,,,,,,,,,,
,2823,9558.937064223,1778119990.0280483,50,0.46041467499162536,,,,,,,,,,,,,,,,,,,,,,,,,,,,,,,,,,,,,,,,,,,
,2824,9559.087218594,1778119990.1782694,50,,,,,,,,,,,,,,,,,,,0.6107107269926928,,,,,,,,,,,,,,,,,,,,,,,,,
,2825,9560.127781601,1778119991.218669,50,,,,,,,,,,,,,,,,,,4.344008630141616e-06,,,,,,,,,,,,,,,,,,,,,,,,,,
,2826,9560.499996685,1778119991.5910556,50,0.3719952700048452,,,,,,,,,,,,,,,,,,,,,,,,,,,,,,,,,,,,,,,,,,,
,2827,9560.660175208,1778119991.7511878,50,,,,,,,,,,,,,,,,,,,0.5323390569974435,,,,,,,,,,,,,,,,,,,,,,,,,
,2828,9561.762898567,1778119992.8540726,50,,,,,,,,,,,,,,,,,,4.005007212981582e-06,,,,,,,,,,,,,,,,,,,,,,,,,,
,2829,9562.127855487,1778119993.218908,50,0.364343770997948,,,,,,,,,,,,,,,,,,,,,,,,,,,,,,,,,,,,,,,,,,,
,2830,9562.295584792,1778119993.386522,50,,,,,,,,,,,,,,,,,,,0.5322984859958524,,,,,,,,,,,,,,,,,,,,,,,,,
,2831,9563.398515847,1778119994.4896061,50,,,,,,,,,,,,,,,,,,3.950000973418355e-06,,,,,,,,,,,,,,,,,,,,,,,,,,
,2832,9563.740440526,1778119994.8314939,50,0.34140114299952984,,,,,,,,,,,,,,,,,,,,,,,,,,,,,,,,,,,,,,,,,,,
,2833,9563.881152659,1778119994.972228,50,,,,,,,,,,,,,,,,,,,0.4824313319986686,,,,,,,,,,,,,,,,,,,,,,,,,
,2834,9564.91767911,1778119996.0087752,50,,,,,,,,,,,,,,,,,,3.925000783056021e-06,,,,,,,,,,,,,,,,,,,,,,,,,,
,2835,9565.256546344,1778119996.3477447,50,0.338277371993172,,,,,,,,,,,,,,,,,,,,,,,,,,,,,,,,,,,,,,,,,,,
,2836,9565.402822582,1778119996.494019,50,,,,,,,,,,,,,,,,,,,0.48508961401239503,,,,,,,,,,,,,,,,,,,,,,,,,
,2837,9566.445059163,1778119997.5359778,50,,,,,,,,,,,,,,,,,,4.03700687456876e-06,,,,,,,,,,,,,,,,,,,,,,,,,,
,2838,9566.7808689,1778119997.8721557,50,0.33580469599110074,,,,,,,,,,,,,,,,,,,,,,,,,,,,,,,,,,,,,,,,,,,
,2839,9566.931616713,1778119998.0225582,50,,,,,,,,,,,,,,,,,,,0.4864020749955671,,,,,,,,,,,,,,,,,,,,,,,,,
,2840,9567.970306851,1778119999.0612798,50,,,,,,,,,,,,,,,,,,3.7040008464828134e-06,,,,,,,,,,,,,,,,,,,,,,,,,,
,2841,9568.296960985,1778119999.387943,50,0.3262407629954396,,,,,,,,,,,,,,,,,,,,,,,,,,,,,,,,,,,,,,,,,,,
,2842,9568.453444418,1778119999.5443382,50,,,,,,,,,,,,,,,,,,,0.4828545339987613,,,,,,,,,,,,,,,,,,,,,,,,,
,2843,9569.490213118,1778120000.5813522,50,,,,,,,,,,,,,,,,,,3.908993676304817e-06,,,,,,,,,,,,,,,,,,,,,,,,,,
,2844,9569.83980805,1778120000.9309883,50,0.34916638999129646,,,,,,,,,,,,,,,,,,,,,,,,,,,,,,,,,,,,,,,,,,,
,2845,9569.97742403,1778120001.068414,50,,,,,,,,,,,,,,,,,,,0.48685721500078216,,,,,,,,,,,,,,,,,,,,,,,,,
,2846,9571.018347244,1778120002.1094337,50,,,,,,,,,,,,,,,,,,4.49499930255115e-06,,,,,,,,,,,,,,,,,,,,,,,,,,
,2847,9571.466945992,1778120002.5580075,50,0.4481238970038248,,,,,,,,,,,,,,,,,,,,,,,,,,,,,,,,,,,,,,,,,,,
,2848,9571.542899459,1778120002.6340008,50,,,,,,,,,,,,,,,,,,,0.5243339290027507,,,,,,,,,,,,,,,,,,,,,,,,,
,2849,9572.587662815,1778120003.6786208,50,,,,,,,,,,,,,,,,,,5.070003680884838e-06,,,,,,,,,,,,,,,,,,,,,,,,,,
,2850,9572.959641916,1778120004.050666,50,0.3715589350031223,,,,,,,,,,,,,,,,,,,,,,,,,,,,,,,,,,,,,,,,,,,
,2851,9573.119780036,1778120004.210552,50,,,,,,,,,,,,,,,,,,,0.5316941479977686,,,,,,,,,,,,,,,,,,,,,,,,,
,2852,9574.225077262,1778120005.3160596,50,,,,,,,,,,,,,,,,,,4.5339984353631735e-06,,,,,,,,,,,,,,,,,,,,,,,,,,
,2853,9574.554876235,1778120005.6460164,50,0.32954403999610804,,,,,,,,,,,,,,,,,,,,,,,,,,,,,,,,,,,,,,,,,,,
,2854,9574.71138886,1778120005.802495,50,,,,,,,,,,,,,,,,,,,0.48623006499838084,,,,,,,,,,,,,,,,,,,,,,,,,
,2855,9575.754283783,1778120006.8454041,50,,,,,,,,,,,,,,,,,,4.5570050133392215e-06,,,,,,,,,,,,,,,,,,,,,,,,,,
,2856,9576.135401165,1778120007.2266703,50,0.380872925001313,,,,,,,,,,,,,,,,,,,,,,,,,,,,,,,,,,,,,,,,,,,
,2857,9576.285632149,1778120007.3765285,50,,,,,,,,,,,,,,,,,,,0.5309198210015893,,,,,,,,,,,,,,,,,,,,,,,,,
,2858,9577.39043282,1778120008.4815552,50,,,,,,,,,,,,,,,,,,3.812005161307752e-06,,,,,,,,,,,,,,,,,,,,,,,,,,
,2859,9577.75840588,1778120008.8495238,50,0.3673863470030483,,,,,,,,,,,,,,,,,,,,,,,,,,,,,,,,,,,,,,,,,,,
,2860,9577.919228731,1778120009.0104516,50,,,,,,,,,,,,,,,,,,,0.5287085929885507,,,,,,,,,,,,,,,,,,,,,,,,,
,2861,9579.017343621,1778120010.1083975,50,,,,,,,,,,,,,,,,,,3.60699777957052e-06,,,,,,,,,,,,,,,,,,,,,,,,,,
,2862,9579.401790535,1778120010.4929037,50,0.383944118002546,,,,,,,,,,,,,,,,,,,,,,,,,,,,,,,,,,,,,,,,,,,
,2863,9579.549233004,1778120010.640217,50,,,,,,,,,,,,,,,,,,,0.5315946330083534,,,,,,,,,,,,,,,,,,,,,,,,,
,2864,9580.652733818,1778120011.7438536,50,,,,,,,,,,,,,,,,,,4.01500437874347e-06,,,,,,,,,,,,,,,,,,,,,,,,,,
,2865,9581.021276057,1778120012.1124969,50,0.3682329900038894,,,,,,,,,,,,,,,,,,,,,,,,,,,,,,,,,,,,,,,,,,,
,2866,9581.180966381,1778120012.2718203,50,,,,,,,,,,,,,,,,,,,0.527742317004595,,,,,,,,,,,,,,,,,,,,,,,,,
,2867,9582.279794926,1778120013.3708916,50,,,,,,,,,,,,,,,,,,3.3190008252859116e-06,,,,,,,,,,,,,,,,,,,,,,,,,,
,2868,9582.63713786,1778120013.7282035,50,0.3567841110052541,,,,,,,,,,,,,,,,,,,,,,,,,,,,,,,,,,,,,,,,,,,
,2869,9582.81246871,1778120013.9034245,50,,,,,,,,,,,,,,,,,,,0.5323925489938119,,,,,,,,,,,,,,,,,,,,,,,,,
,2870,9583.932832934,1778120015.02393,55,,,,,,,,,,,,,,,,,,,,0.0194120525062317,0.0,33.4,0.026335047290194778,0.0,171.19861287679524,0.00965584094665246,1210731.0,71.93405706889753,33.4,2.8741384506225587,8931837.0,852.6,0.0,4.975059144291394e-07,0.0,1013.2875,0.009541984732824428,0.00965584094665246,0.5,33.4,0.9875,0.0,0.026335047272732483,1024.0
138.26342839100107,2871,9722.220801236,1778120153.3118432,55,,,,,,,,,,,,,,,,,,,,,,,,,,,,,,,,,,,,,,,,,,,,
,2872,9730.074363156,1778120161.1553144,55,7.79970671000774,,,,,,,,,,,,,,,,,,,,,,,,,,,,,,,,,,,,,,,,,,,
,2873,9730.523609732,1778120161.6143117,55,,0.010517312440919246,0.0,0.0,0.0,0.0625,0.0,0.01836332007749191,0.28025832401181106,0.001820943945869354,0.0,0.05,0.0625,0.0,0.02121397436534432,0.05952380952380952,,,,,,,,,,,,,,,,,,,,,,,,,,,,
,2874,9730.523734104,1778120161.6146939,55,,,,,,,,,,,,,,,,,0.2807406310021179,,,,,,,,,,,,,,,,,,,,,,,,,,,
,2875,9730.530038035,1778120161.6199348,55,,,,,,,,,,,,,,,,,,146.5735663259984,,,,,,,,,,,,,,,,,,,,,,,,,,
,2876,9730.896773245,1778120161.9879498,55,0.3677594430046156,,,,,,,,,,,,,,,,,,,,,,,,,,,,,,,,,,,,,,,,,,,
,2877,9731.068671703,1778120162.159639,55,,,,,,,,,,,,,,,,,,,0.5395132239937084,,,,,,,,,,,,,,,,,,,,,,,,,
,2878,9732.165026665,1778120163.2561102,55,,,,,,,,,,,,,,,,,,4.457993782125413e-06,,,,,,,,,,,,,,,,,,,,,,,,,,
,2879,9732.671390266,1778120163.7621875,55,0.5055319579987554,,,,,,,,,,,,,,,,,,,,,,,,,,,,,,,,,,,,,,,,,,,
,2880,9732.695992685,1778120163.7872155,55,,,,,,,,,,,,,,,,,,,0.5309515989938518,,,,,,,,,,,,,,,,,,,,,,,,,
,2881,9733.728347825,1778120164.8193915,55,,,,,,,,,,,,,,,,,,4.1470048017799854e-06,,,,,,,,,,,,,,,,,,,,,,,,,,
,2882,9734.069358838,1778120165.1604233,55,0.3405631689965958,,,,,,,,,,,,,,,,,,,,,,,,,,,,,,,,,,,,,,,,,,,
,2883,9734.212178446,1778120165.3031096,55,,,,,,,,,,,,,,,,,,,0.48352857599093113,,,,,,,,,,,,,,,,,,,,,,,,,
,2884,9735.248504482,1778120166.3396304,55,,,,,,,,,,,,,,,,,,4.284011083655059e-06,,,,,,,,,,,,,,,,,,,,,,,,,,
,2885,9735.587139071,1778120166.6781693,55,0.3379260900110239,,,,,,,,,,,,,,,,,,,,,,,,,,,,,,,,,,,,,,,,,,,
,2886,9735.72892272,1778120166.819936,55,,,,,,,,,,,,,,,,,,,0.4801265329879243,,,,,,,,,,,,,,,,,,,,,,,,,
,2887,9736.760257794,1778120167.8512418,55,,,,,,,,,,,,,,,,,,3.6959972931072116e-06,,,,,,,,,,,,,,,,,,,,,,,,,,
,2888,9737.138839694,1778120168.229948,55,0.3782784979994176,,,,,,,,,,,,,,,,,,,,,,,,,,,,,,,,,,,,,,,,,,,
,2889,9737.290236932,1778120168.381359,55,,,,,,,,,,,,,,,,,,,0.5299207219941309,,,,,,,,,,,,,,,,,,,,,,,,,
,2890,9738.386497298,1778120169.4775724,55,,,,,,,,,,,,,,,,,,4.232002538628876e-06,,,,,,,,,,,,,,,,,,,,,,,,,,
,2891,9738.713225082,1778120169.804268,55,0.32615246999193914,,,,,,,,,,,,,,,,,,,,,,,,,,,,,,,,,,,,,,,,,,,
,2892,9738.86858061,1778120169.9595497,55,,,,,,,,,,,,,,,,,,,0.4817671920027351,,,,,,,,,,,,,,,,,,,,,,,,,
,2893,9739.901933366,1778120170.9930828,55,,,,,,,,,,,,,,,,,,4.574001650325954e-06,,,,,,,,,,,,,,,,,,,,,,,,,,
,2894,9740.274328351,1778120171.3655574,55,0.37198635199456476,,,,,,,,,,,,,,,,,,,,,,,,,,,,,,,,,,,,,,,,,,,
,2895,9740.426758085,1778120171.5177412,55,,,,,,,,,,,,,,,,,,,0.5244963069999358,,,,,,,,,,,,,,,,,,,,,,,,,
,2896,9741.51710177,1778120172.6080668,55,,,,,,,,,,,,,,,,,,3.9570004446431994e-06,,,,,,,,,,,,,,,,,,,,,,,,,,
,2897,9741.842704078,1778120172.9338148,55,0.3250593539996771,,,,,,,,,,,,,,,,,,,,,,,,,,,,,,,,,,,,,,,,,,,
,2898,9741.997101867,1778120173.0880196,55,,,,,,,,,,,,,,,,,,,0.47979330200178083,,,,,,,,,,,,,,,,,,,,,,,,,
,2899,9743.027809757,1778120174.118848,55,,,,,,,,,,,,,,,,,,4.1009916458278894e-06,,,,,,,,,,,,,,,,,,,,,,,,,,
,2900,9743.369464918,1778120174.4604588,55,0.34123535999970045,,,,,,,,,,,,,,,,,,,,,,,,,,,,,,,,,,,,,,,,,,,
,2901,9743.50965209,1778120174.6007144,55,,,,,,,,,,,,,,,,,,,0.4816860650025774,,,,,,,,,,,,,,,,,,,,,,,,,
,2902,9744.540520077,1778120175.6314974,55,,,,,,,,,,,,,,,,,,3.7270074244588614e-06,,,,,,,,,,,,,,,,,,,,,,,,,,
,2903,9744.90002576,1778120175.991132,55,0.359291385000688,,,,,,,,,,,,,,,,,,,,,,,,,,,,,,,,,,,,,,,,,,,
,2904,9745.065572393,1778120176.156694,55,,,,,,,,,,,,,,,,,,,0.5250355930038495,,,,,,,,,,,,,,,,,,,,,,,,,
,2905,9746.153452286,1778120177.2446065,55,,,,,,,,,,,,,,,,,,4.1199964471161366e-06,,,,,,,,,,,,,,,,,,,,,,,,,,
,2906,9746.660725399,1778120177.75178,55,0.506717138006934,,,,,,,,,,,,,,,,,,,,,,,,,,,,,,,,,,,,,,,,,,,
,2907,9746.685855901,1778120177.776848,55,,,,,,,,,,,,,,,,,,,0.532070757006295,,,,,,,,,,,,,,,,,,,,,,,,,
,2908,9747.782845922,1778120178.8738942,55,,,,,,,,,,,,,,,,,,3.881010343320668e-06,,,,,,,,,,,,,,,,,,,,,,,,,,
,2909,9748.162967225,1778120179.2542067,55,0.37989994400413707,,,,,,,,,,,,,,,,,,,,,,,,,,,,,,,,,,,,,,,,,,,
,2910,9748.312143309,1778120179.4030447,55,,,,,,,,,,,,,,,,,,,0.5290006319992244,,,,,,,,,,,,,,,,,,,,,,,,,
,2911,9749.407383863,1778120180.498357,55,,,,,,,,,,,,,,,,,,4.564994014799595e-06,,,,,,,,,,,,,,,,,,,,,,,,,,
,2912,9749.737900537,1778120180.8291416,55,0.3302843400015263,,,,,,,,,,,,,,,,,,,,,,,,,,,,,,,,,,,,,,,,,,,
,2913,9749.888107575,1778120180.9789882,55,,,,,,,,,,,,,,,,,,,0.4804218190110987,,,,,,,,,,,,,,,,,,,,,,,,,
,2914,9750.919304448,1778120182.0103753,55,,,,,,,,,,,,,,,,,,4.01500437874347e-06,,,,,,,,,,,,,,,,,,,,,,,,,,
,2915,9751.297995156,1778120182.3890438,55,0.37810169799195137,,,,,,,,,,,,,,,,,,,,,,,,,,,,,,,,,,,,,,,,,,,
,2916,9751.444968651,1778120182.5360377,55,,,,,,,,,,,,,,,,,,,0.5254625789966667,,,,,,,,,,,,,,,,,,,,,,,,,
,2917,9752.533554324,1778120183.6244915,55,,,,,,,,,,,,,,,,,,3.5270059015601873e-06,,,,,,,,,,,,,,,,,,,,,,,,,,
,2918,9752.862939597,1778120183.953998,55,0.32913489900238346,,,,,,,,,,,,,,,,,,,,,,,,,,,,,,,,,,,,,,,,,,,
,2919,9753.01494947,1778120184.1060042,55,,,,,,,,,,,,,,,,,,,0.48130406500422396,,,,,,,,,,,,,,,,,,,,,,,,,
,2920,9754.047897968,1778120185.1390135,55,,,,,,,,,,,,,,,,,,3.841007128357887e-06,,,,,,,,,,,,,,,,,,,,,,,,,,
,2921,9754.427721122,1778120185.5188656,55,0.37939406899386086,,,,,,,,,,,,,,,,,,,,,,,,,,,,,,,,,,,,,,,,,,,
,2922,9754.57908569,1778120185.6701984,55,,,,,,,,,,,,,,,,,,,0.5310127549892059,,,,,,,,,,,,,,,,,,,,,,,,,
141.8191132780048,2923,9897.534719377,1778120328.6257749,55,,,,,,,,,,,,,,,,,,,,,,,,,,,,,,,,,,,,,,,,,,,,
,2924,9905.67643286,1778120336.757331,55,8.086486127998796,,,,,,,,,,,,,,,,,,,,,,,,,,,,,,,,,,,,,,,,,,,
,2925,9906.309581883,1778120337.397999,55,,0.08353462488183849,0.0,0.0,0.0,0.1875,0.0,0.05338414733773036,0.4769407730054809,0.001140221995731772,0.0,0.15000000000000002,0.1875,0.0,0.07933431673202476,0.13015873015873014,,,,,,,,,,,,,,,,,,,,,,,,,,,,
,2926,9906.310151405,1778120337.401132,55,,,,,,,,,,,,,,,,,0.48016854899469763,,,,,,,,,,,,,,,,,,,,,,,,,,,
,2927,9906.312223577,1778120337.4034355,55,,,,,,,,,,,,,,,,,,150.59925088399905,,,,,,,,,,,,,,,,,,,,,,,,,,
,2928,9906.683905823,1778120337.7750258,55,0.37128632099484093,,,,,,,,,,,,,,,,,,,,,,,,,,,,,,,,,,,,,,,,,,,
,2929,9906.85938303,1778120337.950476,55,,,,,,,,,,,,,,,,,,,0.5468520930007799,,,,,,,,,,,,,,,,,,,,,,,,,
,2930,9907.999176056,1778120339.0901246,55,,,,,,,,,,,,,,,,,,4.269997589290142e-06,,,,,,,,,,,,,,,,,,,,,,,,,,
,2931,9908.368895996,1778120339.4599736,55,0.36947420200158376,,,,,,,,,,,,,,,,,,,,,,,,,,,,,,,,,,,,,,,,,,,
,2932,9908.546548604,1778120339.637634,55,,,,,,,,,,,,,,,,,,,0.547359175994643,,,,,,,,,,,,,,,,,,,,,,,,,
,2933,9909.687491875,1778120340.7784593,55,,,,,,,,,,,,,,,,,,4.393004928715527e-06,,,,,,,,,,,,,,,,,,,,,,,,,,
,2934,9910.044621906,1778120341.1357217,55,0.3570331310038455,,,,,,,,,,,,,,,,,,,,,,,,,,,,,,,,,,,,,,,,,,,
,2935,9910.186379207,1778120341.2772713,55,,,,,,,,,,,,,,,,,,,0.4986484210094204,,,,,,,,,,,,,,,,,,,,,,,,,
,2936,9911.264485638,1778120342.355634,55,,,,,,,,,,,,,,,,,,3.959998139180243e-06,,,,,,,,,,,,,,,,,,,,,,,,,,
,2937,9911.798090804,1778120342.8891294,55,0.5330364550027298,,,,,,,,,,,,,,,,,,,,,,,,,,,,,,,,,,,,,,,,,,,
,2938,9911.848122708,1778120342.939222,55,,,,,,,,,,,,,,,,,,,0.5834319479909027,,,,,,,,,,,,,,,,,,,,,,,,,
,2939,9912.987829135,1778120344.0788107,55,,,,,,,,,,,,,,,,,,4.321002052165568e-06,,,,,,,,,,,,,,,,,,,,,,,,,,
,2940,9913.325763308,1778120344.4168375,55,0.3374906560056843,,,,,,,,,,,,,,,,,,,,,,,,,,,,,,,,,,,,,,,,,,,
,2941,9913.486319922,1778120344.5774376,55,,,,,,,,,,,,,,,,,,,0.49842574399372097,,,,,,,,,,,,,,,,,,,,,,,,,
,2942,9914.562656691,1778120345.6538398,55,,,,,,,,,,,,,,,,,,4.442990757524967e-06,,,,,,,,,,,,,,,,,,,,,,,,,,
,2943,9914.892926288,1778120345.9840143,55,0.3297228759911377,,,,,,,,,,,,,,,,,,,,,,,,,,,,,,,,,,,,,,,,,,,
,2944,9915.057677086,1778120346.1488857,55,,,,,,,,,,,,,,,,,,,0.49489293100486975,,,,,,,,,,,,,,,,,,,,,,,,,
,2945,9916.131092952,1778120347.2220728,55,,,,,,,,,,,,,,,,,,3.8860016502439976e-06,,,,,,,,,,,,,,,,,,,,,,,,,,
,2946,9916.520538062,1778120347.6116037,55,0.3890670319960918,,,,,,,,,,,,,,,,,,,,,,,,,,,,,,,,,,,,,,,,,,,
,2947,9916.677363174,1778120347.7684093,55,,,,,,,,,,,,,,,,,,,0.5461126260051969,,,,,,,,,,,,,,,,,,,,,,,,,
,2948,9917.821168806,1778120348.9122286,55,,,,,,,,,,,,,,,,,,3.7449935916811228e-06,,,,,,,,,,,,,,,,,,,,,,,,,,
,2949,9918.164706403,1778120349.255814,55,0.343025617999956,,,,,,,,,,,,,,,,,,,,,,,,,,,,,,,,,,,,,,,,,,,
,2950,9918.320411369,1778120349.4115245,55,,,,,,,,,,,,,,,,,,,0.4991249529994093,,,,,,,,,,,,,,,,,,,,,,,,,
,2951,9919.40030301,1778120350.491379,55,,,,,,,,,,,,,,,,,,4.1430030250921845e-06,,,,,,,,,,,,,,,,,,,,,,,,,,
,2952,9919.768217369,1778120350.8593202,55,0.36747003300115466,,,,,,,,,,,,,,,,,,,,,,,,,,,,,,,,,,,,,,,,,,,
,2953,9919.94783109,1778120351.0389485,55,,,,,,,,,,,,,,,,,,,0.5473593330098083,,,,,,,,,,,,,,,,,,,,,,,,,
,2954,9921.088020381,1778120352.179012,55,,,,,,,,,,,,,,,,,,3.5429984563961625e-06,,,,,,,,,,,,,,,,,,,,,,,,,,
,2955,9921.44223225,1778120352.5333278,55,0.3540744539932348,,,,,,,,,,,,,,,,,,,,,,,,,,,,,,,,,,,,,,,,,,,
,2956,9921.587207984,1778120352.6783173,55,,,,,,,,,,,,,,,,,,,0.49915548600256443,,,,,,,,,,,,,,,,,,,,,,,,,
,2957,9922.666588849,1778120353.75776,55,,,,,,,,,,,,,,,,,,3.6090059438720345e-06,,,,,,,,,,,,,,,,,,,,,,,,,,
,2958,9923.015848544,1778120354.1067748,55,0.3486072689993307,,,,,,,,,,,,,,,,,,,,,,,,,,,,,,,,,,,,,,,,,,,
,2959,9923.166178342,1778120354.2572744,55,,,,,,,,,,,,,,,,,,,0.49936796999827493,,,,,,,,,,,,,,,,,,,,,,,,,
,2960,9924.241275746,1778120355.332132,55,,,,,,,,,,,,,,,,,,4.205998266115785e-06,,,,,,,,,,,,,,,,,,,,,,,,,,
,2961,9924.585481959,1778120355.6765983,55,0.3442458200006513,,,,,,,,,,,,,,,,,,,,,,,,,,,,,,,,,,,,,,,,,,,
,2962,9924.740735182,1778120355.8319087,55,,,,,,,,,,,,,,,,,,,0.4996369720029179,,,,,,,,,,,,,,,,,,,,,,,,,
,2963,9925.818706486,1778120356.9096885,55,,,,,,,,,,,,,,,,,,3.812994691543281e-06,,,,,,,,,,,,,,,,,,,,,,,,,,
,2964,9926.321364974,1778120357.4123726,55,0.502204365999205,,,,,,,,,,,,,,,,,,,,,,,,,,,,,,,,,,,,,,,,,,,
,2965,9926.365362788,1778120357.456449,55,,,,,,,,,,,,,,,,,,,0.5466001010063337,,,,,,,,,,,,,,,,,,,,,,,,,
,2966,9927.501320741,1778120358.5924327,55,,,,,,,,,,,,,,,,,,3.653010935522616e-06,,,,,,,,,,,,,,,,,,,,,,,,,,
,2967,9927.885925909,1778120358.9770417,55,0.38417009499971755,,,,,,,,,,,,,,,,,,,,,,,,,,,,,,,,,,,,,,,,,,,
,2968,9928.044442626,1778120359.1354473,55,,,,,,,,,,,,,,,,,,,0.5428371009911643,,,,,,,,,,,,,,,,,,,,,,,,,
,2969,9929.181745275,1778120360.2728555,55,,,,,,,,,,,,,,,,,,4.32900560554117e-06,,,,,,,,,,,,,,,,,,,,,,,,,,
,2970,9929.553198931,1778120360.644285,55,0.37096448500233237,,,,,,,,,,,,,,,,,,,,,,,,,,,,,,,,,,,,,,,,,,,
,2971,9929.727137546,1778120360.8181083,55,,,,,,,,,,,,,,,,,,,0.5450559529999737,,,,,,,,,,,,,,,,,,,,,,,,,
,2972,9930.869333697,1778120361.9602716,55,,,,,,,,,,,,,,,,,,4.0900049498304725e-06,,,,,,,,,,,,,,,,,,,,,,,,,,
,2973,9931.228704079,1778120362.3199074,55,0.3589073390030535,,,,,,,,,,,,,,,,,,,,,,,,,,,,,,,,,,,,,,,,,,,
,2974,9931.368287989,1778120362.4594135,55,,,,,,,,,,,,,,,,,,,0.4989507330028573,,,,,,,,,,,,,,,,,,,,,,,,,
139.18898116900527,2975,10071.674416404,1778120502.7653508,55,,,,,,,,,,,,,,,,,,,,,,,,,,,,,,,,,,,,,,,,,,,,
,2976,10079.605183752,1778120510.6810777,55,7.8706503930006875,,,,,,,,,,,,,,,,,,,,,,,,,,,,,,,,,,,,,,,,,,,
,2977,10080.282426817,1778120511.3735552,55,,0.0,0.0,0.0,0.0,0.04375,0.0,0.01836332007749191,0.5080294460058212,0.0027386239106155057,0.0,0.024999999999999994,0.0625,0.0,0.013258434888813004,0.057291666666666664,,,,,,,,,,,,,,,,,,,,,,,,,,,,
,2978,10080.282797764,1778120511.3739293,55,,,,,,,,,,,,,,,,,0.5085265210072976,,,,,,,,,,,,,,,,,,,,,,,,,,,
,2979,10080.288105378,1778120511.376037,55,,,,,,,,,,,,,,,,,,147.80244711399428,,,,,,,,,,,,,,,,,,,,,,,,,,
,2980,10080.659167669,1778120511.7501333,55,0.37382801999046933,,,,,,,,,,,,,,,,,,,,,,,,,,,,,,,,,,,,,,,,,,,
,2981,10080.831843826,1778120511.922684,55,,,,,,,,,,,,,,,,,,,0.5464456059999065,,,,,,,,,,,,,,,,,,,,,,,,,
,2982,10081.941773903,1778120513.0328526,55,,,,,,,,,,,,,,,,,,4.6100030886009336e-06,,,,,,,,,,,,,,,,,,,,,,,,,,
,2983,10082.324338989,1778120513.4152896,55,0.3819991130003473,,,,,,,,,,,,,,,,,,,,,,,,,,,,,,,,,,,,,,,,,,,
,2984,10082.474005559,1778120513.56507,55,,,,,,,,,,,,,,,,,,,0.5320424130040919,,,,,,,,,,,,,,,,,,,,,,,,,
,2985,10083.582274129,1778120514.6730425,55,,,,,,,,,,,,,,,,,,4.582005203701556e-06,,,,,,,,,,,,,,,,,,,,,,,,,,
,2986,10083.942121008,1778120515.0331092,55,0.3597851950034965,,,,,,,,,,,,,,,,,,,,,,,,,,,,,,,,,,,,,,,,,,,
,2987,10084.117743226,1778120515.2086358,55,,,,,,,,,,,,,,,,,,,0.5354335740121314,,,,,,,,,,,,,,,,,,,,,,,,,
,2988,10085.227892828,1778120516.3188484,55,,,,,,,,,,,,,,,,,,4.460001946426928e-06,,,,,,,,,,,,,,,,,,,,,,,,,,
,2989,10085.567266509,1778120516.6581964,55,0.3386843619955471,,,,,,,,,,,,,,,,,,,,,,,,,,,,,,,,,,,,,,,,,,,
,2990,10085.7134402,1778120516.8043146,55,,,,,,,,,,,,,,,,,,,0.48527328101044986,,,,,,,,,,,,,,,,,,,,,,,,,
,2991,10086.757633157,1778120517.8487263,55,,,,,,,,,,,,,,,,,,4.732006345875561e-06,,,,,,,,,,,,,,,,,,,,,,,,,,
,2992,10087.085682591,1778120518.1767633,55,0.3274794160097372,,,,,,,,,,,,,,,,,,,,,,,,,,,,,,,,,,,,,,,,,,,
,2993,10087.240921849,1778120518.3317747,55,,,,,,,,,,,,,,,,,,,0.48285954000311904,,,,,,,,,,,,,,,,,,,,,,,,,
,2994,10088.285335309,1778120519.3762372,55,,,,,,,,,,,,,,,,,,4.460991476662457e-06,,,,,,,,,,,,,,,,,,,,,,,,,,
,2995,10088.70807467,1778120519.7989771,55,0.42230551099055447,,,,,,,,,,,,,,,,,,,,,,,,,,,,,,,,,,,,,,,,,,,
,2996,10088.855529791,1778120519.946364,55,,,,,,,,,,,,,,,,,,,0.569944849004969,,,,,,,,,,,,,,,,,,,,,,,,,
,2997,10089.964242294,1778120521.0553937,55,,,,,,,,,,,,,,,,,,4.770990926772356e-06,,,,,,,,,,,,,,,,,,,,,,,,,,
,2998,10090.326108561,1778120521.4170122,55,0.3611270599940326,,,,,,,,,,,,,,,,,,,,,,,,,,,,,,,,,,,,,,,,,,,
,2999,10090.499172499,1778120521.589979,55,,,,,,,,,,,,,,,,,,,0.5344192490010755,,,,,,,,,,,,,,,,,,,,,,,,,
,3000,10091.607269217,1778120522.698237,55,,,,,,,,,,,,,,,,,,4.9340014811605215e-06,,,,,,,,,,,,,,,,,,,,,,,,,,
,3001,10091.967095339,1778120523.0580642,55,0.35935970199352596,,,,,,,,,,,,,,,,,,,,,,,,,,,,,,,,,,,,,,,,,,,
,3002,10092.135599826,1778120523.22654,55,,,,,,,,,,,,,,,,,,,0.5280692679953063,,,,,,,,,,,,,,,,,,,,,,,,,
,3003,10093.239011587,1778120524.330025,55,,,,,,,,,,,,,,,,,,4.286004696041346e-06,,,,,,,,,,,,,,,,,,,,,,,,,,
,3004,10093.58194675,1778120524.673152,55,0.3427190119982697,,,,,,,,,,,,,,,,,,,,,,,,,,,,,,,,,,,,,,,,,,,
,3005,10093.723828976,1778120524.8148994,55,,,,,,,,,,,,,,,,,,,0.48470954899676144,,,,,,,,,,,,,,,,,,,,,,,,,
,3006,10094.765261934,1778120525.8561866,55,,,,,,,,,,,,,,,,,,3.991997800767422e-06,,,,,,,,,,,,,,,,,,,,,,,,,,
,3007,10095.102426966,1778120526.1935358,55,0.33684579499822576,,,,,,,,,,,,,,,,,,,,,,,,,,,,,,,,,,,,,,,,,,,
,3008,10095.250134951,1778120526.3412507,55,,,,,,,,,,,,,,,,,,,0.4848885230021551,,,,,,,,,,,,,,,,,,,,,,,,,
,3009,10096.290534885,1778120527.3816354,55,,,,,,,,,,,,,,,,,,4.429995897226036e-06,,,,,,,,,,,,,,,,,,,,,,,,,,
,3010,10096.675323388,1778120527.7661629,55,0.3840801199985435,,,,,,,,,,,,,,,,,,,,,,,,,,,,,,,,,,,,,,,,,,,
,3011,10096.826791417,1778120527.9177673,55,,,,,,,,,,,,,,,,,,,0.5359363039897289,,,,,,,,,,,,,,,,,,,,,,,,,
,3012,10097.936521798,1778120529.0275996,55,,,,,,,,,,,,,,,,,,4.481000360101461e-06,,,,,,,,,,,,,,,,,,,,,,,,,,
,3013,10098.272880455,1778120529.36397,55,0.3359167000016896,,,,,,,,,,,,,,,,,,,,,,,,,,,,,,,,,,,,,,,,,,,
,3014,10098.42409688,1778120529.5151856,55,,,,,,,,,,,,,,,,,,,0.4873630710062571,,,,,,,,,,,,,,,,,,,,,,,,,
,3015,10099.470055877,1778120530.5611255,55,,,,,,,,,,,,,,,,,,4.244997398927808e-06,,,,,,,,,,,,,,,,,,,,,,,,,,
,3016,10099.82335247,1778120530.9144878,55,0.35289551799360197,,,,,,,,,,,,,,,,,,,,,,,,,,,,,,,,,,,,,,,,,,,
,3017,10099.957369923,1778120531.0483189,55,,,,,,,,,,,,,,,,,,,0.48702695000974927,,,,,,,,,,,,,,,,,,,,,,,,,
,3018,10101.006514662,1778120532.097447,55,,,,,,,,,,,,,,,,,,3.76399839296937e-06,,,,,,,,,,,,,,,,,,,,,,,,,,
,3019,10101.381243438,1778120532.4722059,55,0.3743582269962644,,,,,,,,,,,,,,,,,,,,,,,,,,,,,,,,,,,,,,,,,,,
,3020,10101.541640518,1778120532.6325247,55,,,,,,,,,,,,,,,,,,,0.534883232001448,,,,,,,,,,,,,,,,,,,,,,,,,
,3021,10102.648786552,1778120533.739891,55,,,,,,,,,,,,,,,,,,4.605986759997904e-06,,,,,,,,,,,,,,,,,,,,,,,,,,
,3022,10103.073437371,1778120534.1644359,55,0.4239720350014977,,,,,,,,,,,,,,,,,,,,,,,,,,,,,,,,,,,,,,,,,,,
,3023,10103.209901895,1778120534.3009145,55,,,,,,,,,,,,,,,,,,,0.5608511919999728,,,,,,,,,,,,,,,,,,,,,,,,,
,3024,10104.252458401,1778120535.3434174,55,,,,,,,,,,,,,,,,,,4.285000613890588e-06,,,,,,,,,,,,,,,,,,,,,,,,,,
,3025,10104.589590207,1778120535.6806562,55,0.33675989299081266,,,,,,,,,,,,,,,,,,,,,,,,,,,,,,,,,,,,,,,,,,,
,3026,10104.73534427,1778120535.8261693,55,,,,,,,,,,,,,,,,,,,0.4825375070067821,,,,,,,,,,,,,,,,,,,,,,,,,
142.38165613700403,3027,10248.199606831,1778120679.2905612,55,,,,,,,,,,,,,,,,,,,,,,,,,,,,,,,,,,,,,,,,,,,,
,3028,10256.34914736,1778120687.4301429,55,8.092940902992268,,,,,,,,,,,,,,,,,,,,,,,,,,,,,,,,,,,,,,,,,,,
,3029,10256.828281454,1778120687.9177759,55,,0.03155193732275774,0.0,0.0,0.0,0.1875,0.0,0.05508996023247573,0.3261028209963115,0.0014449828279964028,0.0,0.15000000000000002,0.1875,0.0,0.06364192309603296,0.17857142857142855,,,,,,,,,,,,,,,,,,,,,,,,,,,,
,3030,10256.82983697,1778120687.921114,55,,,,,,,,,,,,,,,,,0.3295437869965099,,,,,,,,,,,,,,,,,,,,,,,,,,,
,3031,10256.832138512,1778120687.9232018,55,,,,,,,,,,,,,,,,,,151.01707529000123,,,,,,,,,,,,,,,,,,,,,,,,,,
,3032,10257.213013913,1778120688.3042548,55,0.3807745830126805,,,,,,,,,,,,,,,,,,,,,,,,,,,,,,,,,,,,,,,,,,,
,3033,10257.388484681,1778120688.4794579,55,,,,,,,,,,,,,,,,,,,0.5560762390086893,,,,,,,,,,,,,,,,,,,,,,,,,
,3034,10258.527278129,1778120689.6183457,55,,,,,,,,,,,,,,,,,,4.228000761941075e-06,,,,,,,,,,,,,,,,,,,,,,,,,,
,3035,10258.869506101,1778120689.9607236,55,0.34195918499608524,,,,,,,,,,,,,,,,,,,,,,,,,,,,,,,,,,,,,,,,,,,
,3036,10259.025615967,1778120690.1166518,55,,,,,,,,,,,,,,,,,,,0.49812591599766165,,,,,,,,,,,,,,,,,,,,,,,,,
,3037,10260.104450083,1778120691.1954813,55,,,,,,,,,,,,,,,,,,4.456000169739127e-06,,,,,,,,,,,,,,,,,,,,,,,,,,
,3038,10260.470503148,1778120691.5617242,55,0.36577844400017057,,,,,,,,,,,,,,,,,,,,,,,,,,,,,,,,,,,,,,,,,,,
,3039,10260.65227535,1778120691.743322,55,,,,,,,,,,,,,,,,,,,0.5475801639986457,,,,,,,,,,,,,,,,,,,,,,,,,
,3040,10261.794189694,1778120692.8852623,55,,,,,,,,,,,,,,,,,,4.328001523390412e-06,,,,,,,,,,,,,,,,,,,,,,,,,,
,3041,10262.179369236,1778120693.2705832,55,0.3844767990085529,,,,,,,,,,,,,,,,,,,,,,,,,,,,,,,,,,,,,,,,,,,
,3042,10262.340920708,1778120693.4320636,55,,,,,,,,,,,,,,,,,,,0.5466086170054041,,,,,,,,,,,,,,,,,,,,,,,,,
,3043,10263.481288245,1778120694.5722692,55,,,,,,,,,,,,,,,,,,4.4570042518898845e-06,,,,,,,,,,,,,,,,,,,,,,,,,,
,3044,10263.847981209,1778120694.9391057,55,0.36627836199477315,,,,,,,,,,,,,,,,,,,,,,,,,,,,,,,,,,,,,,,,,,,
,3045,10264.027049154,1778120695.1179574,55,,,,,,,,,,,,,,,,,,,0.5454773870005738,,,,,,,,,,,,,,,,,,,,,,,,,
,3046,10265.166594096,1778120696.2576654,55,,,,,,,,,,,,,,,,,,4.168992745690048e-06,,,,,,,,,,,,,,,,,,,,,,,,,,
,3047,10265.523229104,1778120696.6078837,55,0.3497770100075286,,,,,,,,,,,,,,,,,,,,,,,,,,,,,,,,,,,,,,,,,,,
,3048,10265.679675987,1778120696.7707486,55,,,,,,,,,,,,,,,,,,,0.5129321720014559,,,,,,,,,,,,,,,,,,,,,,,,,
,3049,10266.750518549,1778120697.8416948,55,,,,,,,,,,,,,,,,,,4.335000994615257e-06,,,,,,,,,,,,,,,,,,,,,,,,,,
,3050,10267.098950564,1778120698.1901422,55,0.34794214500288945,,,,,,,,,,,,,,,,,,,,,,,,,,,,,,,,,,,,,,,,,,,
,3051,10267.249915712,1778120698.341007,55,,,,,,,,,,,,,,,,,,,0.4991501939948648,,,,,,,,,,,,,,,,,,,,,,,,,
,3052,10268.331047731,1778120699.4221025,55,,,,,,,,,,,,,,,,,,3.844004822894931e-06,,,,,,,,,,,,,,,,,,,,,,,,,,
,3053,10268.75688775,1778120699.8479683,55,0.4253845360071864,,,,,,,,,,,,,,,,,,,,,,,,,,,,,,,,,,,,,,,,,,,
,3054,10268.911954115,1778120700.002848,55,,,,,,,,,,,,,,,,,,,0.5806043500051601,,,,,,,,,,,,,,,,,,,,,,,,,
,3055,10269.990241384,1778120701.0813062,55,,,,,,,,,,,,,,,,,,4.371991963125765e-06,,,,,,,,,,,,,,,,,,,,,,,,,,
,3056,10270.331766025,1778120701.422869,55,0.3410775160009507,,,,,,,,,,,,,,,,,,,,,,,,,,,,,,,,,,,,,,,,,,,
,3057,10270.489361432,1778120701.5804362,55,,,,,,,,,,,,,,,,,,,0.49885903199901804,,,,,,,,,,,,,,,,,,,,,,,,,
,3058,10271.566892997,1778120702.6578667,55,,,,,,,,,,,,,,,,,,4.414992872625589e-06,,,,,,,,,,,,,,,,,,,,,,,,,,
,3059,10271.962948272,1778120703.0540411,55,0.3957345090020681,,,,,,,,,,,,,,,,,,,,,,,,,,,,,,,,,,,,,,,,,,,
,3060,10272.114355929,1778120703.2054298,55,,,,,,,,,,,,,,,,,,,0.5473491219891002,,,,,,,,,,,,,,,,,,,,,,,,,
,3061,10273.254148772,1778120704.345121,55,,,,,,,,,,,,,,,,,,4.536006599664688e-06,,,,,,,,,,,,,,,,,,,,,,,,,,
,3062,10273.639410906,1778120704.730575,55,0.3849511330045061,,,,,,,,,,,,,,,,,,,,,,,,,,,,,,,,,,,,,,,,,,,
,3063,10273.803691998,1778120704.894705,55,,,,,,,,,,,,,,,,,,,0.5493536839931039,,,,,,,,,,,,,,,,,,,,,,,,,
,3064,10274.945445788,1778120706.0364964,55,,,,,,,,,,,,,,,,,,4.518995410762727e-06,,,,,,,,,,,,,,,,,,,,,,,,,,
,3065,10275.285246326,1778120706.3764515,55,0.33954664100019727,,,,,,,,,,,,,,,,,,,,,,,,,,,,,,,,,,,,,,,,,,,
,3066,10275.444522606,1778120706.535639,55,,,,,,,,,,,,,,,,,,,0.4989777290029451,,,,,,,,,,,,,,,,,,,,,,,,,
,3067,10276.521709654,1778120707.612892,55,,,,,,,,,,,,,,,,,,3.859997377730906e-06,,,,,,,,,,,,,,,,,,,,,,,,,,
,3068,10276.911297117,1778120708.0025144,55,0.389255153000704,,,,,,,,,,,,,,,,,,,,,,,,,,,,,,,,,,,,,,,,,,,
,3069,10277.063362656,1778120708.1543717,55,,,,,,,,,,,,,,,,,,,0.5413268729898846,,,,,,,,,,,,,,,,,,,,,,,,,
,3070,10278.198961754,1778120709.2899587,55,,,,,,,,,,,,,,,,,,3.830005880445242e-06,,,,,,,,,,,,,,,,,,,,,,,,,,
,3071,10278.580530134,1778120709.6716378,55,0.3812388939986704,,,,,,,,,,,,,,,,,,,,,,,,,,,,,,,,,,,,,,,,,,,
,3072,10278.746111371,1778120709.8371933,55,,,,,,,,,,,,,,,,,,,0.5470193959918106,,,,,,,,,,,,,,,,,,,,,,,,,
,3073,10279.886468966,1778120710.9776328,55,,,,,,,,,,,,,,,,,,3.982000635005534e-06,,,,,,,,,,,,,,,,,,,,,,,,,,
,3074,10280.223474827,1778120711.3147218,55,0.3366915579972556,,,,,,,,,,,,,,,,,,,,,,,,,,,,,,,,,,,,,,,,,,,
,3075,10280.38618371,1778120711.477431,55,,,,,,,,,,,,,,,,,,,0.49961847899248824,,,,,,,,,,,,,,,,,,,,,,,,,
,3076,10281.465302564,1778120712.5564487,55,,,,,,,,,,,,,,,,,,4.457993782125413e-06,,,,,,,,,,,,,,,,,,,,,,,,,,
,3077,10281.823955618,1778120712.915212,55,0.3583684490004089,,,,,,,,,,,,,,,,,,,,,,,,,,,,,,,,,,,,,,,,,,,
,3078,10281.963807568,1778120713.0549054,55,,,,,,,,,,,,,,,,,,,0.4982577299961122,,,,,,,,,,,,,,,,,,,,,,,,,
141.0700816900062,3079,10424.150396396,1778120855.241488,55,,,,,,,,,,,,,,,,,,,,,,,,,,,,,,,,,,,,,,,,,,,,
,3080,10432.131383292,1778120863.207382,55,7.922024692001287,,,,,,,,,,,,,,,,,,,,,,,,,,,,,,,,,,,,,,,,,,,
,3081,10432.302341379,1778120863.3936265,55,,0.0,0.0,0.0,0.0,0.0,0.0,0.0,0.0015011490031611174,0.0,0.0,0.0,0.0,0.0,0.0,0.0,,,,,,,,,,,,,,,,,,,,,,,,,,,,
,3082,10432.302628303,1778120863.3939824,55,,,,,,,,,,,,,,,,,0.0019578759965952486,,,,,,,,,,,,,,,,,,,,,,,,,,,
,3083,10432.304383214,1778120863.3956094,55,,,,,,,,,,,,,,,,,,149.2266635119886,,,,,,,,,,,,,,,,,,,,,,,,,,
,3084,10432.751501866,1778120863.8425505,55,0.44664231699425727,,,,,,,,,,,,,,,,,,,,,,,,,,,,,,,,,,,,,,,,,,,
,3085,10432.905508358,1778120863.996652,55,,,,,,,,,,,,,,,,,,,0.6008679150108946,,,,,,,,,,,,,,,,,,,,,,,,,
,3086,10433.965495909,1778120865.0565782,55,,,,,,,,,,,,,,,,,,4.981993697583675e-06,,,,,,,,,,,,,,,,,,,,,,,,,,
,3087,10434.300017603,1778120865.3912125,55,0.33409667199885007,,,,,,,,,,,,,,,,,,,,,,,,,,,,,,,,,,,,,,,,,,,
,3088,10434.453234102,1778120865.5443397,55,,,,,,,,,,,,,,,,,,,0.4875311089999741,,,,,,,,,,,,,,,,,,,,,,,,,
,3089,10435.512784278,1778120866.6038284,55,,,,,,,,,,,,,,,,,,4.489003913477063e-06,,,,,,,,,,,,,,,,,,,,,,,,,,
,3090,10435.8643666,1778120866.9555616,55,0.3512786880019121,,,,,,,,,,,,,,,,,,,,,,,,,,,,,,,,,,,,,,,,,,,
,3091,10436.000946035,1778120867.0920517,55,,,,,,,,,,,,,,,,,,,0.48797846501111053,,,,,,,,,,,,,,,,,,,,,,,,,
,3092,10437.057802623,1778120868.148958,55,,,,,,,,,,,,,,,,,,4.364992491900921e-06,,,,,,,,,,,,,,,,,,,,,,,,,,
,3093,10437.39836257,1778120868.4896064,55,0.3402660120045766,,,,,,,,,,,,,,,,,,,,,,,,,,,,,,,,,,,,,,,,,,,
,3094,10437.545208406,1778120868.6363506,55,,,,,,,,,,,,,,,,,,,0.48720617800427135,,,,,,,,,,,,,,,,,,,,,,,,,
,3095,10438.602297527,1778120869.6933873,55,,,,,,,,,,,,,,,,,,3.845998435281217e-06,,,,,,,,,,,,,,,,,,,,,,,,,,
,3096,10438.964107938,1778120870.0553122,55,0.3612219799979357,,,,,,,,,,,,,,,,,,,,,,,,,,,,,,,,,,,,,,,,,,,
,3097,10439.140291999,1778120870.231477,55,,,,,,,,,,,,,,,,,,,0.5378719450091012,,,,,,,,,,,,,,,,,,,,,,,,,
,3098,10440.262831892,1778120871.353849,55,,,,,,,,,,,,,,,,,,4.258996341377497e-06,,,,,,,,,,,,,,,,,,,,,,,,,,
,3099,10440.604040289,1778120871.6951206,55,0.34088341701135505,,,,,,,,,,,,,,,,,,,,,,,,,,,,,,,,,,,,,,,,,,,
,3100,10440.751462461,1778120871.8425019,55,,,,,,,,,,,,,,,,,,,0.4884919289906975,,,,,,,,,,,,,,,,,,,,,,,,,
,3101,10441.807600982,1778120872.898542,55,,,,,,,,,,,,,,,,,,4.146000719629228e-06,,,,,,,,,,,,,,,,,,,,,,,,,,
,3102,10442.19825513,1778120873.289469,55,0.39046614499238785,,,,,,,,,,,,,,,,,,,,,,,,,,,,,,,,,,,,,,,,,,,
,3103,10442.34493498,1778120873.436055,55,,,,,,,,,,,,,,,,,,,0.5373194700077875,,,,,,,,,,,,,,,,,,,,,,,,,
,3104,10443.467217695,1778120874.5583835,55,,,,,,,,,,,,,,,,,,3.879002179019153e-06,,,,,,,,,,,,,,,,,,,,,,,,,,
,3105,10443.831604687,1778120874.9228544,55,0.36403415400127415,,,,,,,,,,,,,,,,,,,,,,,,,,,,,,,,,,,,,,,,,,,
,3106,10444.001083955,1778120875.0920672,55,,,,,,,,,,,,,,,,,,,0.5335156679939246,,,,,,,,,,,,,,,,,,,,,,,,,
,3107,10445.065622364,1778120876.1567981,55,,,,,,,,,,,,,,,,,,4.150002496317029e-06,,,,,,,,,,,,,,,,,,,,,,,,,,
,3108,10445.443898105,1778120876.5351005,55,0.3779352870042203,,,,,,,,,,,,,,,,,,,,,,,,,,,,,,,,,,,,,,,,,,,
,3109,10445.599618809,1778120876.6905017,55,,,,,,,,,,,,,,,,,,,0.5335449400008656,,,,,,,,,,,,,,,,,,,,,,,,,
,3110,10446.719308407,1778120877.8103242,55,,,,,,,,,,,,,,,,,,4.2100000428035855e-06,,,,,,,,,,,,,,,,,,,,,,,,,,
,3111,10447.151989087,1778120878.2431462,55,0.4324839369946858,,,,,,,,,,,,,,,,,,,,,,,,,,,,,,,,,,,,,,,,,,,
,3112,10447.28593043,1778120878.3770404,55,,,,,,,,,,,,,,,,,,,0.5665533080027672,,,,,,,,,,,,,,,,,,,,,,,,,
,3113,10448.340129063,1778120879.4311926,55,,,,,,,,,,,,,,,,,,4.393004928715527e-06,,,,,,,,,,,,,,,,,,,,,,,,,,
,3114,10448.712817027,1778120879.804022,55,0.37238659999275114,,,,,,,,,,,,,,,,,,,,,,,,,,,,,,,,,,,,,,,,,,,
,3115,10448.874776608,1778120879.9658425,55,,,,,,,,,,,,,,,,,,,0.5344251279893797,,,,,,,,,,,,,,,,,,,,,,,,,
,3116,10449.993826929,1778120881.0849314,55,,,,,,,,,,,,,,,,,,4.118992364965379e-06,,,,,,,,,,,,,,,,,,,,,,,,,,
,3117,10450.381198209,1778120881.4724057,55,0.38697239800239913,,,,,,,,,,,,,,,,,,,,,,,,,,,,,,,,,,,,,,,,,,,
,3118,10450.532460621,1778120881.6235356,55,,,,,,,,,,,,,,,,,,,0.5384360230091261,,,,,,,,,,,,,,,,,,,,,,,,,
,3119,10451.653007838,1778120882.7440512,55,,,,,,,,,,,,,,,,,,4.198009264655411e-06,,,,,,,,,,,,,,,,,,,,,,,,,,
,3120,10451.989085946,1778120883.0801997,55,0.33578651399875525,,,,,,,,,,,,,,,,,,,,,,,,,,,,,,,,,,,,,,,,,,,
,3121,10452.14499871,1778120883.235994,55,,,,,,,,,,,,,,,,,,,0.4917829080077354,,,,,,,,,,,,,,,,,,,,,,,,,
,3122,10453.205828311,1778120884.2967947,55,,,,,,,,,,,,,,,,,,4.1969906305894256e-06,,,,,,,,,,,,,,,,,,,,,,,,,,
,3123,10453.588046396,1778120884.67924,55,0.38194106200535316,,,,,,,,,,,,,,,,,,,,,,,,,,,,,,,,,,,,,,,,,,,
,3124,10453.741721639,1778120884.8327224,55,,,,,,,,,,,,,,,,,,,0.5356879640021361,,,,,,,,,,,,,,,,,,,,,,,,,
,3125,10454.860472447,1778120885.9515982,55,,,,,,,,,,,,,,,,,,3.998997271992266e-06,,,,,,,,,,,,,,,,,,,,,,,,,,
,3126,10455.194526671,1778120886.2857783,55,0.333713252999587,,,,,,,,,,,,,,,,,,,,,,,,,,,,,,,,,,,,,,,,,,,
,3127,10455.352857515,1778120886.4439611,55,,,,,,,,,,,,,,,,,,,0.4921553799940739,,,,,,,,,,,,,,,,,,,,,,,,,
,3128,10456.41223922,1778120887.5033998,55,,,,,,,,,,,,,,,,,,4.10499342251569e-06,,,,,,,,,,,,,,,,,,,,,,,,,,
,3129,10456.790730374,1778120887.8819733,55,0.3781187040003715,,,,,,,,,,,,,,,,,,,,,,,,,,,,,,,,,,,,,,,,,,,
,3130,10456.945887962,1778120888.0369856,55,,,,,,,,,,,,,,,,,,,0.5334171810100088,,,,,,,,,,,,,,,,,,,,,,,,,
,3131,10458.078593995,1778120889.1690996,60,,,,,,,,,,,,,,,,,,,,0.04673389177769423,0.0,0.8,0.09246970266103745,0.0,172.53443599422172,0.036090337485074994,1322791.0,7.0349897219100965,0.8,0.2826176881790161,394.4960021972656,820.0,0.0,4.970236249616108e-07,0.0,1011.25,0.010409437890353921,0.036090337485074994,0.4,0.8,0.9875,0.0,0.0924696996808052,1024.0
140.4522215219913,3132,10598.554483856,1778121029.6455812,60,,,,,,,,,,,,,,,,,,,,,,,,,,,,,,,,,,,,,,,,,,,,
,3133,10606.517437224,1778121037.5984633,60,7.9082703570020385,,,,,,,,,,,,,,,,,,,,,,,,,,,,,,,,,,,,,,,,,,,
,3134,10607.041692234,1778121038.132895,60,,0.0,0.0,0.0,0.0,0.0,0.0,0.0,0.34950788199785165,0.0011183161851633823,0.0,0.0,0.0,0.0,0.0,0.0,,,,,,,,,,,,,,,,,,,,,,,,,,,,
,3135,10607.04196419,1778121038.1332116,60,,,,,,,,,,,,,,,,,0.3499308650061721,,,,,,,,,,,,,,,,,,,,,,,,,,,
,3136,10607.043593846,1778121038.1348386,60,,,,,,,,,,,,,,,,,,148.94379851299163,,,,,,,,,,,,,,,,,,,,,,,,,,
,3137,10607.397881201,1778121038.4890754,60,0.3539726439921651,,,,,,,,,,,,,,,,,,,,,,,,,,,,,,,,,,,,,,,,,,,
,3138,10607.551234188,1778121038.6423051,60,,,,,,,,,,,,,,,,,,,0.5072865080001066,,,,,,,,,,,,,,,,,,,,,,,,,
,3139,10608.60542163,1778121039.696525,60,,,,,,,,,,,,,,,,,,4.071000148542225e-06,,,,,,,,,,,,,,,,,,,,,,,,,,
,3140,10609.156683142,1778121040.2476747,60,0.5506083229993237,,,,,,,,,,,,,,,,,,,,,,,,,,,,,,,,,,,,,,,,,,,
,3141,10609.176772438,1778121040.2678423,60,,,,,,,,,,,,,,,,,,,0.5711030719976407,,,,,,,,,,,,,,,,,,,,,,,,,
,3142,10610.297874688,1778121041.3889687,60,,,,,,,,,,,,,,,,,,4.850007826462388e-06,,,,,,,,,,,,,,,,,,,,,,,,,,
,3143,10610.673580856,1778121041.764728,60,0.37535376798768993,,,,,,,,,,,,,,,,,,,,,,,,,,,,,,,,,,,,,,,,,,,
,3144,10610.834008735,1778121041.9249964,60,,,,,,,,,,,,,,,,,,,0.5358459699928062,,,,,,,,,,,,,,,,,,,,,,,,,
,3145,10611.955260649,1778121043.046319,60,,,,,,,,,,,,,,,,,,4.186003934592009e-06,,,,,,,,,,,,,,,,,,,,,,,,,,
,3146,10612.33720724,1778121043.428402,60,0.3814242490043398,,,,,,,,,,,,,,,,,,,,,,,,,,,,,,,,,,,,,,,,,,,
,3147,10612.490241554,1778121043.5812345,60,,,,,,,,,,,,,,,,,,,0.5347416709992103,,,,,,,,,,,,,,,,,,,,,,,,,
,3148,10613.611432171,1778121044.7024434,60,,,,,,,,,,,,,,,,,,4.1099992813542485e-06,,,,,,,,,,,,,,,,,,,,,,,,,,
,3149,10613.94227586,1778121045.033449,60,0.33036716499191243,,,,,,,,,,,,,,,,,,,,,,,,,,,,,,,,,,,,,,,,,,,
,3150,10614.097197213,1778121045.188203,60,,,,,,,,,,,,,,,,,,,0.48554901499301195,,,,,,,,,,,,,,,,,,,,,,,,,
,3151,10615.147121469,1778121046.2382584,60,,,,,,,,,,,,,,,,,,4.396002623252571e-06,,,,,,,,,,,,,,,,,,,,,,,,,,
,3152,10615.527990884,1778121046.6190617,60,0.3804278439929476,,,,,,,,,,,,,,,,,,,,,,,,,,,,,,,,,,,,,,,,,,,
,3153,10615.683500895,1778121046.7743905,60,,,,,,,,,,,,,,,,,,,0.5359418860025471,,,,,,,,,,,,,,,,,,,,,,,,,
,3154,10616.802050701,1778121047.893025,60,,,,,,,,,,,,,,,,,,4.14099486079067e-06,,,,,,,,,,,,,,,,,,,,,,,,,,
,3155,10617.132003509,1778121048.2230725,60,0.3295489979936974,,,,,,,,,,,,,,,,,,,,,,,,,,,,,,,,,,,,,,,,,,,
,3156,10617.287870926,1778121048.378791,60,,,,,,,,,,,,,,,,,,,0.48559917099191807,,,,,,,,,,,,,,,,,,,,,,,,,
,3157,10618.33774034,1778121049.4287202,60,,,,,,,,,,,,,,,,,,4.086003173142672e-06,,,,,,,,,,,,,,,,,,,,,,,,,,
,3158,10618.686181982,1778121049.7771716,60,0.34787839199998416,,,,,,,,,,,,,,,,,,,,,,,,,,,,,,,,,,,,,,,,,,,
,3159,10618.828318952,1778121049.91924,60,,,,,,,,,,,,,,,,,,,0.4903573689953191,,,,,,,,,,,,,,,,,,,,,,,,,
,3160,10619.883992453,1778121050.9750805,60,,,,,,,,,,,,,,,,,,3.7429999792948365e-06,,,,,,,,,,,,,,,,,,,,,,,,,,
,3161,10620.247151244,1778121051.338349,60,0.3628332850057632,,,,,,,,,,,,,,,,,,,,,,,,,,,,,,,,,,,,,,,,,,,
,3162,10620.415971839,1778121051.5069163,60,,,,,,,,,,,,,,,,,,,0.5316380069998559,,,,,,,,,,,,,,,,,,,,,,,,,
,3163,10621.528848454,1778121052.6199944,60,,,,,,,,,,,,,,,,,,4.016997991129756e-06,,,,,,,,,,,,,,,,,,,,,,,,,,
,3164,10621.874163963,1778121052.96533,60,0.3448723009933019,,,,,,,,,,,,,,,,,,,,,,,,,,,,,,,,,,,,,,,,,,,
,3165,10622.015005036,1778121053.1060197,60,,,,,,,,,,,,,,,,,,,0.4858644459891366,,,,,,,,,,,,,,,,,,,,,,,,,
,3166,10623.066439555,1778121054.1575687,60,,,,,,,,,,,,,,,,,,3.7980062188580632e-06,,,,,,,,,,,,,,,,,,,,,,,,,,
,3167,10623.568406769,1778121054.6595013,60,0.5013669440086232,,,,,,,,,,,,,,,,,,,,,,,,,,,,,,,,,,,,,,,,,,,
,3168,10623.659209018,1778121054.75024,60,,,,,,,,,,,,,,,,,,,0.5924839640065329,,,,,,,,,,,,,,,,,,,,,,,,,
,3169,10624.776020117,1778121055.8671398,60,,,,,,,,,,,,,,,,,,4.255998646840453e-06,,,,,,,,,,,,,,,,,,,,,,,,,,
,3170,10625.123097401,1778121056.2141812,60,0.3464699999894947,,,,,,,,,,,,,,,,,,,,,,,,,,,,,,,,,,,,,,,,,,,
,3171,10625.267082734,1778121056.3580484,60,,,,,,,,,,,,,,,,,,,0.4907059039978776,,,,,,,,,,,,,,,,,,,,,,,,,
,3172,10626.322849286,1778121057.4138243,60,,,,,,,,,,,,,,,,,,4.018002073280513e-06,,,,,,,,,,,,,,,,,,,,,,,,,,
,3173,10626.68219467,1778121057.773389,60,0.3590974160033511,,,,,,,,,,,,,,,,,,,,,,,,,,,,,,,,,,,,,,,,,,,
,3174,10626.857264912,1778121057.9482543,60,,,,,,,,,,,,,,,,,,,0.5342050659965025,,,,,,,,,,,,,,,,,,,,,,,,,
,3175,10627.975947716,1778121059.066978,60,,,,,,,,,,,,,,,,,,3.906010533683002e-06,,,,,,,,,,,,,,,,,,,,,,,,,,
,3176,10628.315213128,1778121059.4062862,60,0.3389147270063404,,,,,,,,,,,,,,,,,,,,,,,,,,,,,,,,,,,,,,,,,,,
,3177,10628.462259362,1778121059.5532484,60,,,,,,,,,,,,,,,,,,,0.4860999160009669,,,,,,,,,,,,,,,,,,,,,,,,,
,3178,10629.511553789,1778121060.6027036,60,,,,,,,,,,,,,,,,,,3.93400841858238e-06,,,,,,,,,,,,,,,,,,,,,,,,,,
,3179,10629.843386435,1778121060.9344506,60,0.3312635180045618,,,,,,,,,,,,,,,,,,,,,,,,,,,,,,,,,,,,,,,,,,,
,3180,10630.000401104,1778121061.0913565,60,,,,,,,,,,,,,,,,,,,0.4885049290023744,,,,,,,,,,,,,,,,,,,,,,,,,
,3181,10631.053921299,1778121062.144997,60,,,,,,,,,,,,,,,,,,3.465000190772116e-06,,,,,,,,,,,,,,,,,,,,,,,,,,
,3182,10631.435555947,1778121062.5267212,60,0.3810539200057974,,,,,,,,,,,,,,,,,,,,,,,,,,,,,,,,,,,,,,,,,,,
,3183,10631.591928102,1778121062.683085,60,,,,,,,,,,,,,,,,,,,0.5378435699967667,,,,,,,,,,,,,,,,,,,,,,,,,
139.90252202599368,3184,10772.666171428,1778121203.757168,60,,,,,,,,,,,,,,,,,,,,,,,,,,,,,,,,,,,,,,,,,,,,
,3185,10780.70133677,1778121211.7773669,60,7.9733356420038035,,,,,,,,,,,,,,,,,,,,,,,,,,,,,,,,,,,,,,,,,,,
,3186,10780.855390448,1778121211.9465237,60,,0.0,0.0,0.0,0.0,0.0,0.0,0.0,0.001415776991052553,0.0,0.0,0.0,0.0,0.0,0.0,0.0,,,,,,,,,,,,,,,,,,,,,,,,,,,,
,3187,10780.855764703,1778121211.947094,60,,,,,,,,,,,,,,,,,0.0020964069990441203,,,,,,,,,,,,,,,,,,,,,,,,,,,
,3188,10780.85750498,1778121211.9487495,60,,,,,,,,,,,,,,,,,,148.0964430669992,,,,,,,,,,,,,,,,,,,,,,,,,,
,3189,10781.216822467,1778121212.3079464,60,0.35889324100571685,,,,,,,,,,,,,,,,,,,,,,,,,,,,,,,,,,,,,,,,,,,
,3190,10781.390846966,1778121212.481827,60,,,,,,,,,,,,,,,,,,,0.532899718004046,,,,,,,,,,,,,,,,,,,,,,,,,
,3191,10782.451556019,1778121213.5427508,60,,,,,,,,,,,,,,,,,,4.13600355386734e-06,,,,,,,,,,,,,,,,,,,,,,,,,,
,3192,10782.837901831,1778121213.9290454,60,0.3859411550074583,,,,,,,,,,,,,,,,,,,,,,,,,,,,,,,,,,,,,,,,,,,
,3193,10782.988888178,1778121214.0799708,60,,,,,,,,,,,,,,,,,,,0.5370506890030811,,,,,,,,,,,,,,,,,,,,,,,,,
,3194,10784.111988733,1778121215.2030041,60,,,,,,,,,,,,,,,,,,4.847999662160873e-06,,,,,,,,,,,,,,,,,,,,,,,,,,
,3195,10784.470501186,1778121215.5616324,60,0.3581957649876131,,,,,,,,,,,,,,,,,,,,,,,,,,,,,,,,,,,,,,,,,,,
,3196,10784.645286473,1778121215.7362509,60,,,,,,,,,,,,,,,,,,,0.533059470995795,,,,,,,,,,,,,,,,,,,,,,,,,
,3197,10785.763427194,1778121216.8543386,60,,,,,,,,,,,,,,,,,,4.304005415178835e-06,,,,,,,,,,,,,,,,,,,,,,,,,,
,3198,10786.297516069,1778121217.3887222,60,0.5339460169925587,,,,,,,,,,,,,,,,,,,,,,,,,,,,,,,,,,,,,,,,,,,
,3199,10786.327249174,1778121217.418454,60,,,,,,,,,,,,,,,,,,,0.5638469630066538,,,,,,,,,,,,,,,,,,,,,,,,,
,3200,10787.444075563,1778121218.5352466,60,,,,,,,,,,,,,,,,,,4.241999704390764e-06,,,,,,,,,,,,,,,,,,,,,,,,,,
,3201,10787.824271219,1778121218.9153738,60,0.37955135700758547,,,,,,,,,,,,,,,,,,,,,,,,,,,,,,,,,,,,,,,,,,,
,3202,10787.976072987,1778121219.067176,60,,,,,,,,,,,,,,,,,,,0.5317685759946471,,,,,,,,,,,,,,,,,,,,,,,,,
,3203,10789.040962505,1778121220.132023,60,,,,,,,,,,,,,,,,,,4.086003173142672e-06,,,,,,,,,,,,,,,,,,,,,,,,,,
,3204,10789.373930179,1778121220.4651875,60,0.3327884510072181,,,,,,,,,,,,,,,,,,,,,,,,,,,,,,,,,,,,,,,,,,,
,3205,10789.532607939,1778121220.623615,60,,,,,,,,,,,,,,,,,,,0.49141916100052185,,,,,,,,,,,,,,,,,,,,,,,,,
,3206,10790.591006006,1778121221.6821883,60,,,,,,,,,,,,,,,,,,4.004992661066353e-06,,,,,,,,,,,,,,,,,,,,,,,,,,
,3207,10790.968773796,1778121222.0598755,60,0.3773662560124649,,,,,,,,,,,,,,,,,,,,,,,,,,,,,,,,,,,,,,,,,,,
,3208,10791.124092212,1778121222.214997,60,,,,,,,,,,,,,,,,,,,0.5326327729999321,,,,,,,,,,,,,,,,,,,,,,,,,
,3209,10792.243141156,1778121223.3340971,60,,,,,,,,,,,,,,,,,,5.465000867843628e-06,,,,,,,,,,,,,,,,,,,,,,,,,,
,3210,10792.601910957,1778121223.6930604,60,0.3584706670080777,,,,,,,,,,,,,,,,,,,,,,,,,,,,,,,,,,,,,,,,,,,
,3211,10792.776744362,1778121223.867887,60,,,,,,,,,,,,,,,,,,,0.5336067869939143,,,,,,,,,,,,,,,,,,,,,,,,,
,3212,10793.895780841,1778121224.986788,60,,,,,,,,,,,,,,,,,,4.086003173142672e-06,,,,,,,,,,,,,,,,,,,,,,,,,,
,3213,10794.262088296,1778121225.3531537,60,0.36591757299902383,,,,,,,,,,,,,,,,,,,,,,,,,,,,,,,,,,,,,,,,,,,
,3214,10794.433246748,1778121225.5240939,60,,,,,,,,,,,,,,,,,,,0.5371076070005074,,,,,,,,,,,,,,,,,,,,,,,,,
,3215,10795.554389235,1778121226.6454108,60,,,,,,,,,,,,,,,,,,3.959998139180243e-06,,,,,,,,,,,,,,,,,,,,,,,,,,
,3216,10795.935574522,1778121227.0267255,60,0.3809123980026925,,,,,,,,,,,,,,,,,,,,,,,,,,,,,,,,,,,,,,,,,,,
,3217,10796.092041714,1778121227.182819,60,,,,,,,,,,,,,,,,,,,0.5372150339971995,,,,,,,,,,,,,,,,,,,,,,,,,
,3218,10797.212115786,1778121228.3031626,60,,,,,,,,,,,,,,,,,,3.641995135694742e-06,,,,,,,,,,,,,,,,,,,,,,,,,,
,3219,10797.547114428,1778121228.638258,60,0.3346462670015171,,,,,,,,,,,,,,,,,,,,,,,,,,,,,,,,,,,,,,,,,,,
,3220,10797.704781125,1778121228.7958875,60,,,,,,,,,,,,,,,,,,,0.4925537499948405,,,,,,,,,,,,,,,,,,,,,,,,,
,3221,10798.761805865,1778121229.852768,60,,,,,,,,,,,,,,,,,,3.5249977372586727e-06,,,,,,,,,,,,,,,,,,,,,,,,,,
,3222,10799.106290738,1778121230.1975346,60,0.344191783995484,,,,,,,,,,,,,,,,,,,,,,,,,,,,,,,,,,,,,,,,,,,
,3223,10799.247396352,1778121230.3383658,60,,,,,,,,,,,,,,,,,,,0.48534478100191336,,,,,,,,,,,,,,,,,,,,,,,,,
,3224,10800.297627968,1778121231.3887322,60,,,,,,,,,,,,,,,,,,4.3000036384910345e-06,,,,,,,,,,,,,,,,,,,,,,,,,,
,3225,10800.814296648,1778121231.9053454,60,0.51614181700279,,,,,,,,,,,,,,,,,,,,,,,,,,,,,,,,,,,,,,,,,,,
,3226,10800.834703066,1778121231.9257202,60,,,,,,,,,,,,,,,,,,,0.5367765539995162,,,,,,,,,,,,,,,,,,,,,,,,,
,3227,10801.893734761,1778121232.98491,60,,,,,,,,,,,,,,,,,,4.226996679790318e-06,,,,,,,,,,,,,,,,,,,,,,,,,,
,3228,10802.244806824,1778121233.3359408,60,0.3506732490059221,,,,,,,,,,,,,,,,,,,,,,,,,,,,,,,,,,,,,,,,,,,
,3229,10802.382149566,1778121233.4732263,60,,,,,,,,,,,,,,,,,,,0.4881701179983793,,,,,,,,,,,,,,,,,,,,,,,,,
,3230,10803.435508754,1778121234.5265806,60,,,,,,,,,,,,,,,,,,6.597998435609043e-06,,,,,,,,,,,,,,,,,,,,,,,,,,
,3231,10803.777629314,1778121234.868753,60,0.3416975599975558,,,,,,,,,,,,,,,,,,,,,,,,,,,,,,,,,,,,,,,,,,,
,3232,10803.920976567,1778121235.0118659,60,,,,,,,,,,,,,,,,,,,0.4851231299981009,,,,,,,,,,,,,,,,,,,,,,,,,
,3233,10804.973164964,1778121236.0641804,60,,,,,,,,,,,,,,,,,,4.2199972085654736e-06,,,,,,,,,,,,,,,,,,,,,,,,,,
,3234,10805.308937965,1778121236.4000113,60,0.3355068009987008,,,,,,,,,,,,,,,,,,,,,,,,,,,,,,,,,,,,,,,,,,,
,3235,10805.463515431,1778121236.554471,60,,,,,,,,,,,,,,,,,,,0.49013468400517013,,,,,,,,,,,,,,,,,,,,,,,,,
140.34755297099764,3236,10946.907170564,1778121377.9982803,60,,,,,,,,,,,,,,,,,,,,,,,,,,,,,,,,,,,,,,,,,,,,
,3237,10954.955573621,1778121386.0366943,60,7.993982061001589,,,,,,,,,,,,,,,,,,,,,,,,,,,,,,,,,,,,,,,,,,,
,3238,10955.550774326,1778121386.6416433,60,,0.02720652446104074,0.0,0.0,0.0,0.03125000000000001,0.0,0.01930084982455172,0.436280337991775,0.0001283053830368158,0.0,0.024999999999999994,0.0625,0.0,0.0017974837038217922,0.0201518969383626,,,,,,,,,,,,,,,,,,,,,,,,,,,,
,3239,10955.550814541,1778121386.6419482,60,,,,,,,,,,,,,,,,,0.43668727300246246,,,,,,,,,,,,,,,,,,,,,,,,,,,
,3240,10955.552479629,1778121386.6437018,60,,,,,,,,,,,,,,,,,,148.99557962000836,,,,,,,,,,,,,,,,,,,,,,,,,,
,3241,10955.913065538,1778121387.004252,60,0.36025068500021007,,,,,,,,,,,,,,,,,,,,,,,,,,,,,,,,,,,,,,,,,,,
,3242,10956.088577821,1778121387.1796682,60,,,,,,,,,,,,,,,,,,,0.5358015370002249,,,,,,,,,,,,,,,,,,,,,,,,,
,3243,10957.21178184,1778121388.30295,60,,,,,,,,,,,,,,,,,,4.083005478605628e-06,,,,,,,,,,,,,,,,,,,,,,,,,,
,3244,10957.567279066,1778121388.6585279,60,0.3551528980024159,,,,,,,,,,,,,,,,,,,,,,,,,,,,,,,,,,,,,,,,,,,
,3245,10957.706369121,1778121388.7976346,60,,,,,,,,,,,,,,,,,,,0.4945117199968081,,,,,,,,,,,,,,,,,,,,,,,,,
,3246,10958.772321663,1778121389.863501,60,,,,,,,,,,,,,,,,,,4.292989615350962e-06,,,,,,,,,,,,,,,,,,,,,,,,,,
,3247,10959.15101548,1778121390.2422621,60,0.37840357499953825,,,,,,,,,,,,,,,,,,,,,,,,,,,,,,,,,,,,,,,,,,,
,3248,10959.313054561,1778121390.4041488,60,,,,,,,,,,,,,,,,,,,0.5404762239923002,,,,,,,,,,,,,,,,,,,,,,,,,
,3249,10960.441700484,1778121391.5328887,60,,,,,,,,,,,,,,,,,,4.2769970605149865e-06,,,,,,,,,,,,,,,,,,,,,,,,,,
,3250,10960.793076328,1778121391.8842866,60,0.3509781939937966,,,,,,,,,,,,,,,,,,,,,,,,,,,,,,,,,,,,,,,,,,,
,3251,10960.931595143,1778121392.0226612,60,,,,,,,,,,,,,,,,,,,0.48961737198987976,,,,,,,,,,,,,,,,,,,,,,,,,
,3252,10961.995686417,1778121393.0866542,60,,,,,,,,,,,,,,,,,,3.870009095408022e-06,,,,,,,,,,,,,,,,,,,,,,,,,,
,3253,10962.373232923,1778121393.4644384,60,0.377344993990846,,,,,,,,,,,,,,,,,,,,,,,,,,,,,,,,,,,,,,,,,,,
,3254,10962.535736804,1778121393.6268418,60,,,,,,,,,,,,,,,,,,,0.5400439479999477,,,,,,,,,,,,,,,,,,,,,,,,,
,3255,10963.665175052,1778121394.7563307,60,,,,,,,,,,,,,,,,,,3.916997229680419e-06,,,,,,,,,,,,,,,,,,,,,,,,,,
,3256,10964.156423844,1778121395.24758,60,0.49070669899811037,,,,,,,,,,,,,,,,,,,,,,,,,,,,,,,,,,,,,,,,,,,
,3257,10964.199728667,1778121395.290877,60,,,,,,,,,,,,,,,,,,,0.5343615500023589,,,,,,,,,,,,,,,,,,,,,,,,,
,3258,10965.269624017,1778121396.3608286,60,,,,,,,,,,,,,,,,,,4.2000028770416975e-06,,,,,,,,,,,,,,,,,,,,,,,,,,
,3259,10965.644568992,1778121396.7358046,60,0.3746216489962535,,,,,,,,,,,,,,,,,,,,,,,,,,,,,,,,,,,,,,,,,,,
,3260,10965.805338728,1778121396.8964338,60,,,,,,,,,,,,,,,,,,,0.5354410460131476,,,,,,,,,,,,,,,,,,,,,,,,,
,3261,10966.926677227,1778121398.017854,60,,,,,,,,,,,,,,,,,,4.0339946281164885e-06,,,,,,,,,,,,,,,,,,,,,,,,,,
,3262,10967.312577858,1778121398.403807,60,0.3855481829959899,,,,,,,,,,,,,,,,,,,,,,,,,,,,,,,,,,,,,,,,,,,
,3263,10967.466979781,1778121398.5580735,60,,,,,,,,,,,,,,,,,,,0.540072040996165,,,,,,,,,,,,,,,,,,,,,,,,,
,3264,10968.594639594,1778121399.6857047,60,,,,,,,,,,,,,,,,,,4.272995283827186e-06,,,,,,,,,,,,,,,,,,,,,,,,,,
,3265,10968.954771538,1778121400.0459952,60,0.35977594800351653,,,,,,,,,,,,,,,,,,,,,,,,,,,,,,,,,,,,,,,,,,,
,3266,10969.130549484,1778121400.2215247,60,,,,,,,,,,,,,,,,,,,0.5355446629982907,,,,,,,,,,,,,,,,,,,,,,,,,
,3267,10970.25538047,1778121401.3464751,60,,,,,,,,,,,,,,,,,,3.616005415096879e-06,,,,,,,,,,,,,,,,,,,,,,,,,,
,3268,10970.601052038,1778121401.6922987,60,0.345432231988525,,,,,,,,,,,,,,,,,,,,,,,,,,,,,,,,,,,,,,,,,,,
,3269,10970.749386007,1778121401.8404024,60,,,,,,,,,,,,,,,,,,,0.49374979999265634,,,,,,,,,,,,,,,,,,,,,,,,,
,3270,10971.8161188,1778121402.9072828,60,,,,,,,,,,,,,,,,,,4.169996827840805e-06,,,,,,,,,,,,,,,,,,,,,,,,,,
,3271,10972.209940061,1778121403.3011289,60,0.39334094199875835,,,,,,,,,,,,,,,,,,,,,,,,,,,,,,,,,,,,,,,,,,,
,3272,10972.358125333,1778121403.4490888,60,,,,,,,,,,,,,,,,,,,0.541653590000351,,,,,,,,,,,,,,,,,,,,,,,,,
,3273,10973.488957052,1778121404.5801537,60,,,,,,,,,,,,,,,,,,4.225992597639561e-06,,,,,,,,,,,,,,,,,,,,,,,,,,
,3274,10973.832173952,1778121404.9233925,60,0.3428218479966745,,,,,,,,,,,,,,,,,,,,,,,,,,,,,,,,,,,,,,,,,,,
,3275,10973.983494462,1778121405.0747344,60,,,,,,,,,,,,,,,,,,,0.4944294969900511,,,,,,,,,,,,,,,,,,,,,,,,,
,3276,10975.051136659,1778121406.142297,60,,,,,,,,,,,,,,,,,,3.914989065378904e-06,,,,,,,,,,,,,,,,,,,,,,,,,,
,3277,10975.393435238,1778121406.4845593,60,0.3418692120030755,,,,,,,,,,,,,,,,,,,,,,,,,,,,,,,,,,,,,,,,,,,
,3278,10975.546893186,1778121406.6380303,60,,,,,,,,,,,,,,,,,,,0.49557067900605034,,,,,,,,,,,,,,,,,,,,,,,,,
,3279,10976.615478599,1778121407.7066057,60,,,,,,,,,,,,,,,,,,4.184999852441251e-06,,,,,,,,,,,,,,,,,,,,,,,,,,
,3280,10976.989958258,1778121408.0812068,60,0.3741914369893493,,,,,,,,,,,,,,,,,,,,,,,,,,,,,,,,,,,,,,,,,,,
,3281,10977.151735854,1778121408.242888,60,,,,,,,,,,,,,,,,,,,0.536074264004128,,,,,,,,,,,,,,,,,,,,,,,,,
,3282,10978.277080248,1778121409.3682637,60,,,,,,,,,,,,,,,,,,4.1099992813542485e-06,,,,,,,,,,,,,,,,,,,,,,,,,,
,3283,10978.759836495,1778121409.8508782,60,0.4822818789980374,,,,,,,,,,,,,,,,,,,,,,,,,,,,,,,,,,,,,,,,,,,
,3284,10978.796384889,1778121409.8876295,60,,,,,,,,,,,,,,,,,,,0.519198743000743,,,,,,,,,,,,,,,,,,,,,,,,,
,3285,10979.865338376,1778121410.9563742,60,,,,,,,,,,,,,,,,,,4.325003828853369e-06,,,,,,,,,,,,,,,,,,,,,,,,,,
,3286,10980.213241281,1778121411.3045156,60,0.34774699198896997,,,,,,,,,,,,,,,,,,,,,,,,,,,,,,,,,,,,,,,,,,,
,3287,10980.359292862,1778121411.450329,60,,,,,,,,,,,,,,,,,,,0.4937615570088383,,,,,,,,,,,,,,,,,,,,,,,,,
141.41659488799633,3288,11122.883338936,1778121553.9745262,60,,,,,,,,,,,,,,,,,,,,,,,,,,,,,,,,,,,,,,,,,,,,
,3289,11131.181718238,1778121562.2628145,60,8.245675232989015,,,,,,,,,,,,,,,,,,,,,,,,,,,,,,,,,,,,,,,,,,,
,3290,11131.334175277,1778121562.4252827,60,,0.0,0.0,0.0,0.0,0.0,0.0,0.0,0.0014007419958943501,0.0,0.0,0.0,0.0,0.0,0.0,0.0,,,,,,,,,,,,,,,,,,,,,,,,,,,,
,3291,11131.33443409,1778121562.4257078,60,,,,,,,,,,,,,,,,,0.0019200770038878545,,,,,,,,,,,,,,,,,,,,,,,,,,,
,3292,11131.336232771,1778121562.427442,60,,,,,,,,,,,,,,,,,,149.8717451170087,,,,,,,,,,,,,,,,,,,,,,,,,,
,3293,11131.705908554,1778121562.7971807,60,0.3694006059959065,,,,,,,,,,,,,,,,,,,,,,,,,,,,,,,,,,,,,,,,,,,
,3294,11131.884377868,1778121562.975329,60,,,,,,,,,,,,,,,,,,,0.5476673889934318,,,,,,,,,,,,,,,,,,,,,,,,,
,3295,11133.020528692,1778121564.1114616,60,,,,,,,,,,,,,,,,,,4.150992026552558e-06,,,,,,,,,,,,,,,,,,,,,,,,,,
,3296,11133.413411614,1778121564.504598,60,0.39276205000351183,,,,,,,,,,,,,,,,,,,,,,,,,,,,,,,,,,,,,,,,,,,
,3297,11133.566856315,1778121564.6578636,60,,,,,,,,,,,,,,,,,,,0.546241153992014,,,,,,,,,,,,,,,,,,,,,,,,,
,3298,11134.703729264,1778121565.7948177,60,,,,,,,,,,,,,,,,,,4.014000296592712e-06,,,,,,,,,,,,,,,,,,,,,,,,,,
,3299,11135.070898514,1778121566.162071,60,0.36684741100179963,,,,,,,,,,,,,,,,,,,,,,,,,,,,,,,,,,,,,,,,,,,
,3300,11135.250092658,1778121566.3410366,60,,,,,,,,,,,,,,,,,,,0.546035043997108,,,,,,,,,,,,,,,,,,,,,,,,,
,3301,11136.388610007,1778121567.4797795,60,,,,,,,,,,,,,,,,,,4.399000317789614e-06,,,,,,,,,,,,,,,,,,,,,,,,,,
,3302,11136.770460863,1778121567.861558,60,0.3814482269954169,,,,,,,,,,,,,,,,,,,,,,,,,,,,,,,,,,,,,,,,,,,
,3303,11136.934717592,1778121568.0257392,60,,,,,,,,,,,,,,,,,,,0.5457960740022827,,,,,,,,,,,,,,,,,,,,,,,,,
,3304,11138.073747305,1778121569.164931,60,,,,,,,,,,,,,,,,,,4.297005943953991e-06,,,,,,,,,,,,,,,,,,,,,,,,,,
,3305,11138.460192367,1778121569.5513895,60,0.38598941000236664,,,,,,,,,,,,,,,,,,,,,,,,,,,,,,,,,,,,,,,,,,,
,3306,11138.614919736,1778121569.7059834,60,,,,,,,,,,,,,,,,,,,0.5409045859996695,,,,,,,,,,,,,,,,,,,,,,,,,
,3307,11139.694054965,1778121570.7850924,60,,,,,,,,,,,,,,,,,,4.10499342251569e-06,,,,,,,,,,,,,,,,,,,,,,,,,,
,3308,11140.056877176,1778121571.148103,60,0.36263911600690335,,,,,,,,,,,,,,,,,,,,,,,,,,,,,,,,,,,,,,,,,,,
,3309,11140.234212523,1778121571.3252,60,,,,,,,,,,,,,,,,,,,0.5399557119962992,,,,,,,,,,,,,,,,,,,,,,,,,
,3310,11141.372468497,1778121572.4635727,60,,,,,,,,,,,,,,,,,,5.608002538792789e-06,,,,,,,,,,,,,,,,,,,,,,,,,,
,3311,11141.755600878,1778121572.8464725,60,0.382403855008306,,,,,,,,,,,,,,,,,,,,,,,,,,,,,,,,,,,,,,,,,,,
,3312,11141.914544498,1778121573.0053902,60,,,,,,,,,,,,,,,,,,,0.5416103309980826,,,,,,,,,,,,,,,,,,,,,,,,,
,3313,11142.99541071,1778121574.0864387,60,,,,,,,,,,,,,,,,,,3.77700780518353e-06,,,,,,,,,,,,,,,,,,,,,,,,,,
,3314,11143.412686966,1778121574.5038662,60,0.41710410799714737,,,,,,,,,,,,,,,,,,,,,,,,,,,,,,,,,,,,,,,,,,,
,3315,11143.539379252,1778121574.6303475,60,,,,,,,,,,,,,,,,,,,0.5437303399958182,,,,,,,,,,,,,,,,,,,,,,,,,
,3316,11144.612991917,1778121575.70414,60,,,,,,,,,,,,,,,,,,4.283007001504302e-06,,,,,,,,,,,,,,,,,,,,,,,,,,
,3317,11144.986263264,1778121576.0773687,60,0.37283360300352797,,,,,,,,,,,,,,,,,,,,,,,,,,,,,,,,,,,,,,,,,,,
,3318,11145.160518152,1778121576.251732,60,,,,,,,,,,,,,,,,,,,0.5474261449999176,,,,,,,,,,,,,,,,,,,,,,,,,
,3319,11146.300076019,1778121577.391216,60,,,,,,,,,,,,,,,,,,4.601010004989803e-06,,,,,,,,,,,,,,,,,,,,,,,,,,
,3320,11146.687684668,1778121577.7789023,60,0.38724389600974973,,,,,,,,,,,,,,,,,,,,,,,,,,,,,,,,,,,,,,,,,,,
,3321,11146.845881572,1778121577.936943,60,,,,,,,,,,,,,,,,,,,0.5455708160006907,,,,,,,,,,,,,,,,,,,,,,,,,
,3322,11147.98189053,1778121579.0729942,60,,,,,,,,,,,,,,,,,,4.198009264655411e-06,,,,,,,,,,,,,,,,,,,,,,,,,,
,3323,11148.31552965,1778121579.4067671,60,0.3333017289987765,,,,,,,,,,,,,,,,,,,,,,,,,,,,,,,,,,,,,,,,,,,
,3324,11148.475534021,1778121579.5665305,60,,,,,,,,,,,,,,,,,,,0.4933714270009659,,,,,,,,,,,,,,,,,,,,,,,,,
,3325,11149.545281187,1778121580.6363866,60,,,,,,,,,,,,,,,,,,3.8900034269317985e-06,,,,,,,,,,,,,,,,,,,,,,,,,,
,3326,11149.895906649,1778121580.987,60,0.35012258200731594,,,,,,,,,,,,,,,,,,,,,,,,,,,,,,,,,,,,,,,,,,,
,3327,11150.040184298,1778121581.131235,60,,,,,,,,,,,,,,,,,,,0.49464092901325785,,,,,,,,,,,,,,,,,,,,,,,,,
,3328,11151.109369423,1778121582.2004766,60,,,,,,,,,,,,,,,,,,4.11800283472985e-06,,,,,,,,,,,,,,,,,,,,,,,,,,
,3329,11151.478967692,1778121582.570106,60,0.3691575029952219,,,,,,,,,,,,,,,,,,,,,,,,,,,,,,,,,,,,,,,,,,,
,3330,11151.650804078,1778121582.7420003,60,,,,,,,,,,,,,,,,,,,0.541358777001733,,,,,,,,,,,,,,,,,,,,,,,,,
,3331,11152.783454294,1778121583.8744156,60,,,,,,,,,,,,,,,,,,4.340996383689344e-06,,,,,,,,,,,,,,,,,,,,,,,,,,
,3332,11153.161599255,1778121584.2528453,60,0.37792516199988313,,,,,,,,,,,,,,,,,,,,,,,,,,,,,,,,,,,,,,,,,,,
,3333,11153.324669857,1778121584.415623,60,,,,,,,,,,,,,,,,,,,0.5410077499982435,,,,,,,,,,,,,,,,,,,,,,,,,
,3334,11154.405499767,1778121585.4965632,60,,,,,,,,,,,,,,,,,,3.87198815587908e-06,,,,,,,,,,,,,,,,,,,,,,,,,,
,3335,11154.764415406,1778121585.8555381,60,0.3584713919990463,,,,,,,,,,,,,,,,,,,,,,,,,,,,,,,,,,,,,,,,,,,
,3336,11154.904381674,1778121585.9954128,60,,,,,,,,,,,,,,,,,,,0.49858071099151857,,,,,,,,,,,,,,,,,,,,,,,,,
,3337,11155.979002877,1778121587.0699468,60,,,,,,,,,,,,,,,,,,4.107001586817205e-06,,,,,,,,,,,,,,,,,,,,,,,,,,
,3338,11156.358051916,1778121587.4492564,60,0.37881789200764615,,,,,,,,,,,,,,,,,,,,,,,,,,,,,,,,,,,,,,,,,,,
,3339,11156.520782422,1778121587.6118503,60,,,,,,,,,,,,,,,,,,,0.5417298279935494,,,,,,,,,,,,,,,,,,,,,,,,,
141.35208198300097,3340,11298.993352566,1778121730.0844276,60,,,,,,,,,,,,,,,,,,,,,,,,,,,,,,,,,,,,,,,,,,,,
,3341,11307.03947303,1778121738.1203976,60,7.990960691997316,,,,,,,,,,,,,,,,,,,,,,,,,,,,,,,,,,,,,,,,,,,
,3342,11307.590529359,1778121738.6813014,60,,0.0,0.0,0.0,0.0,0.0,0.0,0.0,0.39298175799194723,0.0022108354777809983,0.0,0.0,0.0,0.0,0.0,0.0,,,,,,,,,,,,,,,,,,,,,,,,,,,,
,3343,11307.590575895,1778121738.6817963,60,,,,,,,,,,,,,,,,,0.39359045001037885,,,,,,,,,,,,,,,,,,,,,,,,,,,
,3344,11307.593326936,1778121738.6842406,60,,,,,,,,,,,,,,,,,,149.95435446299962,,,,,,,,,,,,,,,,,,,,,,,,,,
,3345,11308.058544091,1778121739.1496296,60,0.4650511740037473,,,,,,,,,,,,,,,,,,,,,,,,,,,,,,,,,,,,,,,,,,,
,3346,11308.125795044,1778121739.2169232,60,,,,,,,,,,,,,,,,,,,0.532467244003783,,,,,,,,,,,,,,,,,,,,,,,,,
,3347,11309.190425775,1778121740.2814384,60,,,,,,,,,,,,,,,,,,4.397006705403328e-06,,,,,,,,,,,,,,,,,,,,,,,,,,
,3348,11309.554912107,1778121740.646157,60,0.3642855090001831,,,,,,,,,,,,,,,,,,,,,,,,,,,,,,,,,,,,,,,,,,,
,3349,11309.731697975,1778121740.8226447,60,,,,,,,,,,,,,,,,,,,0.5409973460045876,,,,,,,,,,,,,,,,,,,,,,,,,
,3350,11310.859788405,1778121741.9509702,60,,,,,,,,,,,,,,,,,,4.027999239042401e-06,,,,,,,,,,,,,,,,,,,,,,,,,,
,3351,11311.2389274,1778121742.330068,60,0.3787729219911853,,,,,,,,,,,,,,,,,,,,,,,,,,,,,,,,,,,,,,,,,,,
,3352,11311.400219278,1778121742.4913356,60,,,,,,,,,,,,,,,,,,,0.5402161950041773,,,,,,,,,,,,,,,,,,,,,,,,,
,3353,11312.531570578,1778121743.6227286,60,,,,,,,,,,,,,,,,,,3.970999387092888e-06,,,,,,,,,,,,,,,,,,,,,,,,,,
,3354,11312.914684513,1778121744.0059395,60,0.3828086080029607,,,,,,,,,,,,,,,,,,,,,,,,,,,,,,,,,,,,,,,,,,,
,3355,11313.068202909,1778121744.1591675,60,,,,,,,,,,,,,,,,,,,0.5362512130086543,,,,,,,,,,,,,,,,,,,,,,,,,
,3356,11314.1787306,1778121745.2699258,60,,,,,,,,,,,,,,,,,,3.4620024962350726e-06,,,,,,,,,,,,,,,,,,,,,,,,,,
,3357,11314.512609615,1778121745.6038616,60,0.33356501600064803,,,,,,,,,,,,,,,,,,,,,,,,,,,,,,,,,,,,,,,,,,,
,3358,11314.670329212,1778121745.7614565,60,,,,,,,,,,,,,,,,,,,0.4913932269992074,,,,,,,,,,,,,,,,,,,,,,,,,
,3359,11315.737196003,1778121746.8283632,60,,,,,,,,,,,,,,,,,,3.5190023481845856e-06,,,,,,,,,,,,,,,,,,,,,,,,,,
,3360,11316.118211084,1778121747.2093997,60,0.3806825600040611,,,,,,,,,,,,,,,,,,,,,,,,,,,,,,,,,,,,,,,,,,,
,3361,11316.274258196,1778121747.3653712,60,,,,,,,,,,,,,,,,,,,0.536835996012087,,,,,,,,,,,,,,,,,,,,,,,,,
,3362,11317.399097833,1778121748.490246,60,,,,,,,,,,,,,,,,,,4.154993803240359e-06,,,,,,,,,,,,,,,,,,,,,,,,,,
,3363,11317.734810609,1778121748.826049,60,0.3354029990005074,,,,,,,,,,,,,,,,,,,,,,,,,,,,,,,,,,,,,,,,,,,
,3364,11317.894787417,1778121748.985963,60,,,,,,,,,,,,,,,,,,,0.49552036500244867,,,,,,,,,,,,,,,,,,,,,,,,,
,3365,11318.963010926,1778121750.0541832,60,,,,,,,,,,,,,,,,,,4.079993232153356e-06,,,,,,,,,,,,,,,,,,,,,,,,,,
,3366,11319.346843187,1778121750.4380414,60,0.38344930499442853,,,,,,,,,,,,,,,,,,,,,,,,,,,,,,,,,,,,,,,,,,,
,3367,11319.505681643,1778121750.59681,60,,,,,,,,,,,,,,,,,,,0.5424777049920522,,,,,,,,,,,,,,,,,,,,,,,,,
,3368,11320.635282614,1778121751.7263334,60,,,,,,,,,,,,,,,,,,3.7789868656545877e-06,,,,,,,,,,,,,,,,,,,,,,,,,,
,3369,11321.020830928,1778121752.1120753,60,0.38544417700904887,,,,,,,,,,,,,,,,,,,,,,,,,,,,,,,,,,,,,,,,,,,
,3370,11321.171532383,1778121752.2626393,60,,,,,,,,,,,,,,,,,,,0.5361244640080258,,,,,,,,,,,,,,,,,,,,,,,,,
,3371,11322.298578026,1778121753.3895922,60,,,,,,,,,,,,,,,,,,3.944995114579797e-06,,,,,,,,,,,,,,,,,,,,,,,,,,
,3372,11322.74397768,1778121753.835045,60,0.4451096130069345,,,,,,,,,,,,,,,,,,,,,,,,,,,,,,,,,,,,,,,,,,,
,3373,11322.811210984,1778121753.9023144,60,,,,,,,,,,,,,,,,,,,0.5125046500033932,,,,,,,,,,,,,,,,,,,,,,,,,
,3374,11323.872592877,1778121754.9637089,60,,,,,,,,,,,,,,,,,,4.19400748796761e-06,,,,,,,,,,,,,,,,,,,,,,,,,,
,3375,11324.261413012,1778121755.3526378,60,0.38855090500146616,,,,,,,,,,,,,,,,,,,,,,,,,,,,,,,,,,,,,,,,,,,
,3376,11324.412646379,1778121755.5037463,60,,,,,,,,,,,,,,,,,,,0.5398473400127841,,,,,,,,,,,,,,,,,,,,,,,,,
,3377,11325.543777447,1778121756.6349664,60,,,,,,,,,,,,,,,,,,4.29300416726619e-06,,,,,,,,,,,,,,,,,,,,,,,,,,
,3378,11325.879394497,1778121756.9706123,60,0.3351295920001576,,,,,,,,,,,,,,,,,,,,,,,,,,,,,,,,,,,,,,,,,,,
,3379,11326.034465356,1778121757.1254978,60,,,,,,,,,,,,,,,,,,,0.49037444799614605,,,,,,,,,,,,,,,,,,,,,,,,,
,3380,11327.097147272,1778121758.1882915,60,,,,,,,,,,,,,,,,,,3.859007847495377e-06,,,,,,,,,,,,,,,,,,,,,,,,,,
,3381,11327.454780346,1778121758.5459228,60,0.35719615400012117,,,,,,,,,,,,,,,,,,,,,,,,,,,,,,,,,,,,,,,,,,,
,3382,11327.593084943,1778121758.684194,60,,,,,,,,,,,,,,,,,,,0.4957225539983483,,,,,,,,,,,,,,,,,,,,,,,,,
,3383,11328.663683172,1778121759.7548354,60,,,,,,,,,,,,,,,,,,3.98399424739182e-06,,,,,,,,,,,,,,,,,,,,,,,,,,
,3384,11329.010050135,1778121760.1012607,60,0.34594424899842124,,,,,,,,,,,,,,,,,,,,,,,,,,,,,,,,,,,,,,,,,,,
,3385,11329.158071979,1778121760.2492394,60,,,,,,,,,,,,,,,,,,,0.4942422290041577,,,,,,,,,,,,,,,,,,,,,,,,,
,3386,11330.226539149,1778121761.3177223,60,,,,,,,,,,,,,,,,,,4.293993697501719e-06,,,,,,,,,,,,,,,,,,,,,,,,,,
,3387,11330.591198284,1778121761.6824107,60,0.364153692004038,,,,,,,,,,,,,,,,,,,,,,,,,,,,,,,,,,,,,,,,,,,
,3388,11330.769080732,1778121761.8601735,60,,,,,,,,,,,,,,,,,,,0.5422936279937858,,,,,,,,,,,,,,,,,,,,,,,,,
,3389,11331.899841537,1778121762.9909668,60,,,,,,,,,,,,,,,,,,3.838998964056373e-06,,,,,,,,,,,,,,,,,,,,,,,,,,
,3390,11332.244910888,1778121763.3361382,60,0.344401951006148,,,,,,,,,,,,,,,,,,,,,,,,,,,,,,,,,,,,,,,,,,,
,3391,11332.394596849,1778121763.485597,60,,,,,,,,,,,,,,,,,,,0.49441510399628896,,,,,,,,,,,,,,,,,,,,,,,,,
,3392,11333.491831188,1778121764.5828464,65,,,,,,,,,,,,,,,,,,,,0.1437804464425426,0.0,151.4,0.012604040920268744,0.0,172.75947799679415,0.0031604488292941825,1429940.0,89876578751.46552,151.4,4107497472.0,568338.3125,561.0,0.0,4.964990092676262e-07,0.0,943.9625,0.011276891047883415,0.0031604488292941825,0.6,151.4,0.9125,0.0,0.012604041659506038,1024.0
141.28614737599855,3393,11474.803119175,1778121905.8941379,65,,,,,,,,,,,,,,,,,,,,,,,,,,,,,,,,,,,,,,,,,,,,
,3394,11482.71647881,1778121913.7924733,65,7.853214791990467,,,,,,,,,,,,,,,,,,,,,,,,,,,,,,,,,,,,,,,,,,,
,3395,11483.294527768,1778121914.3858583,65,,0.06046898835114324,0.0,0.0,0.0,0.125,0.0,0.027598623013654296,0.4336878800095292,0.0014148340932694332,0.0,0.1093125,0.125,0.0,0.0613289953994903,0.10164337474120083,,,,,,,,,,,,,,,,,,,,,,,,,,,,
,3396,11483.296970206,1778121914.388137,65,,,,,,,,,,,,,,,,,0.43607128600706346,,,,,,,,,,,,,,,,,,,,,,,,,,,
,3397,11483.299201772,1778121914.390397,65,,,,,,,,,,,,,,,,,,149.78490331598732,,,,,,,,,,,,,,,,,,,,,,,,,,
,3398,11483.662703128,1778121914.7538295,65,0.3630530149966944,,,,,,,,,,,,,,,,,,,,,,,,,,,,,,,,,,,,,,,,,,,
,3399,11483.832573633,1778121914.9235673,65,,,,,,,,,,,,,,,,,,,0.5329729099903489,,,,,,,,,,,,,,,,,,,,,,,,,
,3400,11484.951152075,1778121916.0422075,65,,,,,,,,,,,,,,,,,,4.923000233247876e-06,,,,,,,,,,,,,,,,,,,,,,,,,,
,3401,11485.285068557,1778121916.376267,65,0.333548498005257,,,,,,,,,,,,,,,,,,,,,,,,,,,,,,,,,,,,,,,,,,,
,3402,11485.43714464,1778121916.5281634,65,,,,,,,,,,,,,,,,,,,0.48574744700454175,,,,,,,,,,,,,,,,,,,,,,,,,
,3403,11486.491459382,1778121917.582574,65,,,,,,,,,,,,,,,,,,4.042012733407319e-06,,,,,,,,,,,,,,,,,,,,,,,,,,
,3404,11486.939757052,1778121918.030813,65,0.4477176220098045,,,,,,,,,,,,,,,,,,,,,,,,,,,,,,,,,,,,,,,,,,,
,3405,11487.043252302,1778121918.1343017,65,,,,,,,,,,,,,,,,,,,0.5514987979986472,,,,,,,,,,,,,,,,,,,,,,,,,
,3406,11488.155942637,1778121919.246955,65,,,,,,,,,,,,,,,,,,3.5640114219859242e-06,,,,,,,,,,,,,,,,,,,,,,,,,,
,3407,11488.495107918,1778121919.5863276,65,0.33883915400656406,,,,,,,,,,,,,,,,,,,,,,,,,,,,,,,,,,,,,,,,,,,
,3408,11488.635608363,1778121919.7267413,65,,,,,,,,,,,,,,,,,,,0.47954946498794015,,,,,,,,,,,,,,,,,,,,,,,,,
,3409,11489.682126018,1778121920.7730908,65,,,,,,,,,,,,,,,,,,4.329995135776699e-06,,,,,,,,,,,,,,,,,,,,,,,,,,
,3410,11490.05118318,1778121921.140484,65,0.3666953909996664,,,,,,,,,,,,,,,,,,,,,,,,,,,,,,,,,,,,,,,,,,,
,3411,11490.211039495,1778121921.3020203,65,,,,,,,,,,,,,,,,,,,0.5287681990012061,,,,,,,,,,,,,,,,,,,,,,,,,
,3412,11491.321871987,1778121922.4128454,65,,,,,,,,,,,,,,,,,,4.022993380203843e-06,,,,,,,,,,,,,,,,,,,,,,,,,,
,3413,11491.648989878,1778121922.7401006,65,0.3265259329928085,,,,,,,,,,,,,,,,,,,,,,,,,,,,,,,,,,,,,,,,,,,
,3414,11491.806727293,1778121922.8976555,65,,,,,,,,,,,,,,,,,,,0.48463323900068644,,,,,,,,,,,,,,,,,,,,,,,,,
,3415,11492.859452949,1778121923.95044,65,,,,,,,,,,,,,,,,,,4.383007762953639e-06,,,,,,,,,,,,,,,,,,,,,,,,,,
,3416,11493.241612079,1778121924.3325799,65,0.3817058669956168,,,,,,,,,,,,,,,,,,,,,,,,,,,,,,,,,,,,,,,,,,,
,3417,11493.394853826,1778121924.4858582,65,,,,,,,,,,,,,,,,,,,0.5352568369999062,,,,,,,,,,,,,,,,,,,,,,,,,
,3418,11494.510771081,1778121925.6017647,65,,,,,,,,,,,,,,,,,,3.937995643354952e-06,,,,,,,,,,,,,,,,,,,,,,,,,,
,3419,11494.87530941,1778121925.9662488,65,0.36425566200341564,,,,,,,,,,,,,,,,,,,,,,,,,,,,,,,,,,,,,,,,,,,
,3420,11495.045126442,1778121926.1360152,65,,,,,,,,,,,,,,,,,,,0.5340999239997473,,,,,,,,,,,,,,,,,,,,,,,,,
,3421,11496.161594935,1778121927.2525847,65,,,,,,,,,,,,,,,,,,3.657012712210417e-06,,,,,,,,,,,,,,,,,,,,,,,,,,
,3422,11496.504676668,1778121927.5957952,65,0.3427257510047639,,,,,,,,,,,,,,,,,,,,,,,,,,,,,,,,,,,,,,,,,,,
,3423,11496.639531017,1778121927.730523,65,,,,,,,,,,,,,,,,,,,0.477776540996274,,,,,,,,,,,,,,,,,,,,,,,,,
,3424,11497.684515379,1778121928.7755027,65,,,,,,,,,,,,,,,,,,3.841007128357887e-06,,,,,,,,,,,,,,,,,,,,,,,,,,
,3425,11498.02515626,1778121929.1161613,65,0.34005291799257975,,,,,,,,,,,,,,,,,,,,,,,,,,,,,,,,,,,,,,,,,,,
,3426,11498.164883988,1778121929.2560532,65,,,,,,,,,,,,,,,,,,,0.4803920679987641,,,,,,,,,,,,,,,,,,,,,,,,,
,3427,11499.214050081,1778121930.3051164,65,,,,,,,,,,,,,,,,,,3.6900019040331244e-06,,,,,,,,,,,,,,,,,,,,,,,,,,
,3428,11499.551566737,1778121930.642557,65,0.3370364299917128,,,,,,,,,,,,,,,,,,,,,,,,,,,,,,,,,,,,,,,,,,,
,3429,11499.698057612,1778121930.7891855,65,,,,,,,,,,,,,,,,,,,0.48393010499421507,,,,,,,,,,,,,,,,,,,,,,,,,
,3430,11500.751545082,1778121931.842557,65,,,,,,,,,,,,,,,,,,3.6389974411576986e-06,,,,,,,,,,,,,,,,,,,,,,,,,,
,3431,11501.157402736,1778121932.2484,65,0.4053731070016511,,,,,,,,,,,,,,,,,,,,,,,,,,,,,,,,,,,,,,,,,,,
,3432,11501.317913883,1778121932.4087358,65,,,,,,,,,,,,,,,,,,,0.5659915019932669,,,,,,,,,,,,,,,,,,,,,,,,,
,3433,11502.436916704,1778121933.5279124,65,,,,,,,,,,,,,,,,,,4.037996404804289e-06,,,,,,,,,,,,,,,,,,,,,,,,,,
,3434,11502.785188001,1778121933.8761728,65,0.34781689300143626,,,,,,,,,,,,,,,,,,,,,,,,,,,,,,,,,,,,,,,,,,,
,3435,11502.922543036,1778121934.0127811,65,,,,,,,,,,,,,,,,,,,0.4846674680011347,,,,,,,,,,,,,,,,,,,,,,,,,
,3436,11503.980336929,1778121935.071427,65,,,,,,,,,,,,,,,,,,3.4729891922324896e-06,,,,,,,,,,,,,,,,,,,,,,,,,,
,3437,11504.320312347,1778121935.4114137,65,0.33949545299401507,,,,,,,,,,,,,,,,,,,,,,,,,,,,,,,,,,,,,,,,,,,
,3438,11504.459490146,1778121935.550492,65,,,,,,,,,,,,,,,,,,,0.4788909939961741,,,,,,,,,,,,,,,,,,,,,,,,,
,3439,11505.504576881,1778121936.5957174,65,,,,,,,,,,,,,,,,,,4.389992682263255e-06,,,,,,,,,,,,,,,,,,,,,,,,,,
,3440,11505.878264214,1778121936.9695344,65,0.37341696600196883,,,,,,,,,,,,,,,,,,,,,,,,,,,,,,,,,,,,,,,,,,,
,3441,11506.039399298,1778121937.1304166,65,,,,,,,,,,,,,,,,,,,0.5345551369973691,,,,,,,,,,,,,,,,,,,,,,,,,
,3442,11507.157411776,1778121938.248522,65,,,,,,,,,,,,,,,,,,4.130997695028782e-06,,,,,,,,,,,,,,,,,,,,,,,,,,
,3443,11507.513071906,1778121938.6041436,65,0.3551067349908408,,,,,,,,,,,,,,,,,,,,,,,,,,,,,,,,,,,,,,,,,,,
,3444,11507.687810779,1778121938.7790303,65,,,,,,,,,,,,,,,,,,,0.530354496993823,,,,,,,,,,,,,,,,,,,,,,,,,
140.44635542899778,3445,11649.277960792,1778122080.368996,65,,,,,,,,,,,,,,,,,,,,,,,,,,,,,,,,,,,,,,,,,,,,
,3446,11657.34252068,1778122088.4184067,65,8.005660522001563,,,,,,,,,,,,,,,,,,,,,,,,,,,,,,,,,,,,,,,,,,,
,3447,11657.774865619,1778122088.8660598,65,,0.0,0.0,0.0,0.0,0.0,0.0,0.0,0.30820070899790153,0.0018467958635054991,0.0,0.0,0.0,0.0,0.0,0.0,,,,,,,,,,,,,,,,,,,,,,,,,,,,
,3448,11657.775234848,1778122088.8664289,65,,,,,,,,,,,,,,,,,0.3086703139997553,,,,,,,,,,,,,,,,,,,,,,,,,,,
,3449,11657.776935962,1778122088.8681958,65,,,,,,,,,,,,,,,,,,148.9479951329995,,,,,,,,,,,,,,,,,,,,,,,,,,
,3450,11658.136239799,1778122089.2273467,65,0.35889253800269216,,,,,,,,,,,,,,,,,,,,,,,,,,,,,,,,,,,,,,,,,,,
,3451,11658.3103074,1778122089.4014106,65,,,,,,,,,,,,,,,,,,,0.5330347919953056,,,,,,,,,,,,,,,,,,,,,,,,,
,3452,11659.428056695,1778122090.5190248,65,,,,,,,,,,,,,,,,,,3.980996552854776e-06,,,,,,,,,,,,,,,,,,,,,,,,,,
,3453,11659.814899178,1778122090.9059942,65,0.3867199390078895,,,,,,,,,,,,,,,,,,,,,,,,,,,,,,,,,,,,,,,,,,,
,3454,11659.965751838,1778122091.056812,65,,,,,,,,,,,,,,,,,,,0.5376220800098963,,,,,,,,,,,,,,,,,,,,,,,,,
,3455,11661.096766384,1778122092.1876304,65,,,,,,,,,,,,,,,,,,6.0489983297884464e-06,,,,,,,,,,,,,,,,,,,,,,,,,,
,3456,11661.458000632,1778122092.5492291,65,0.36096965000615455,,,,,,,,,,,,,,,,,,,,,,,,,,,,,,,,,,,,,,,,,,,
,3457,11661.631076513,1778122092.7220752,65,,,,,,,,,,,,,,,,,,,0.5341962519887602,,,,,,,,,,,,,,,,,,,,,,,,,
,3458,11662.698873606,1778122093.7898285,65,,,,,,,,,,,,,,,,,,4.539993824437261e-06,,,,,,,,,,,,,,,,,,,,,,,,,,
,3459,11663.07581117,1778122094.1670094,65,0.3769289150077384,,,,,,,,,,,,,,,,,,,,,,,,,,,,,,,,,,,,,,,,,,,
,3460,11663.236802776,1778122094.327976,65,,,,,,,,,,,,,,,,,,,0.5379942289873725,,,,,,,,,,,,,,,,,,,,,,,,,
,3461,11664.35845707,1778122095.44953,65,,,,,,,,,,,,,,,,,,4.150992026552558e-06,,,,,,,,,,,,,,,,,,,,,,,,,,
,3462,11664.851926153,1778122095.9430552,65,0.49292265900294296,,,,,,,,,,,,,,,,,,,,,,,,,,,,,,,,,,,,,,,,,,,
,3463,11665.003797153,1778122096.0947497,65,,,,,,,,,,,,,,,,,,,0.645016406007926,,,,,,,,,,,,,,,,,,,,,,,,,
,3464,11666.119722893,1778122097.210704,65,,,,,,,,,,,,,,,,,,4.506000550463796e-06,,,,,,,,,,,,,,,,,,,,,,,,,,
,3465,11666.481259013,1778122097.5723248,65,0.3611742380016949,,,,,,,,,,,,,,,,,,,,,,,,,,,,,,,,,,,,,,,,,,,
,3466,11666.657271072,1778122097.7483528,65,,,,,,,,,,,,,,,,,,,0.5374930530088022,,,,,,,,,,,,,,,,,,,,,,,,,
,3467,11667.77792987,1778122098.8690104,65,,,,,,,,,,,,,,,,,,4.426008672453463e-06,,,,,,,,,,,,,,,,,,,,,,,,,,
,3468,11668.149397912,1778122099.2406254,65,0.37116901300032623,,,,,,,,,,,,,,,,,,,,,,,,,,,,,,,,,,,,,,,,,,,
,3469,11668.311490075,1778122099.4024577,65,,,,,,,,,,,,,,,,,,,0.5332866249955259,,,,,,,,,,,,,,,,,,,,,,,,,
,3470,11669.426607063,1778122100.5175786,65,,,,,,,,,,,,,,,,,,4.140005330555141e-06,,,,,,,,,,,,,,,,,,,,,,,,,,
,3471,11669.778214323,1778122100.8694437,65,0.35162228299304843,,,,,,,,,,,,,,,,,,,,,,,,,,,,,,,,,,,,,,,,,,,
,3472,11669.917987166,1778122101.0087414,65,,,,,,,,,,,,,,,,,,,0.49099675900652073,,,,,,,,,,,,,,,,,,,,,,,,,
,3473,11670.984493253,1778122102.0753357,65,,,,,,,,,,,,,,,,,,6.796995876356959e-06,,,,,,,,,,,,,,,,,,,,,,,,,,
,3474,11671.32433382,1778122102.4154477,65,0.3394177970039891,,,,,,,,,,,,,,,,,,,,,,,,,,,,,,,,,,,,,,,,,,,
,3475,11671.474476761,1778122102.5656455,65,,,,,,,,,,,,,,,,,,,0.4900211040076101,,,,,,,,,,,,,,,,,,,,,,,,,
,3476,11672.527881928,1778122103.6188564,65,,,,,,,,,,,,,,,,,,3.7910067476332188e-06,,,,,,,,,,,,,,,,,,,,,,,,,,
,3477,11672.860355525,1778122103.951571,65,0.33227802500186954,,,,,,,,,,,,,,,,,,,,,,,,,,,,,,,,,,,,,,,,,,,
,3478,11673.021750214,1778122104.1125479,65,,,,,,,,,,,,,,,,,,,0.493538370996248,,,,,,,,,,,,,,,,,,,,,,,,,
,3479,11674.088322391,1778122105.1794724,65,,,,,,,,,,,,,,,,,,3.868990461342037e-06,,,,,,,,,,,,,,,,,,,,,,,,,,
,3480,11674.43481032,1778122105.525912,65,0.3460531040036585,,,,,,,,,,,,,,,,,,,,,,,,,,,,,,,,,,,,,,,,,,,
,3481,11674.577544098,1778122105.6685855,65,,,,,,,,,,,,,,,,,,,0.4889314710017061,,,,,,,,,,,,,,,,,,,,,,,,,
,3482,11675.637083743,1778122106.7280407,65,,,,,,,,,,,,,,,,,,3.540990292094648e-06,,,,,,,,,,,,,,,,,,,,,,,,,,
,3483,11675.973337666,1778122107.0644457,65,0.33597030500823166,,,,,,,,,,,,,,,,,,,,,,,,,,,,,,,,,,,,,,,,,,,
,3484,11676.125013383,1778122107.2162187,65,,,,,,,,,,,,,,,,,,,0.4879962530103512,,,,,,,,,,,,,,,,,,,,,,,,,
,3485,11677.179959834,1778122108.2709358,65,,,,,,,,,,,,,,,,,,3.6290002753958106e-06,,,,,,,,,,,,,,,,,,,,,,,,,,
,3486,11677.720200069,1778122108.8112667,65,0.5400736820010934,,,,,,,,,,,,,,,,,,,,,,,,,,,,,,,,,,,,,,,,,,,
,3487,11677.745632703,1778122108.8367743,65,,,,,,,,,,,,,,,,,,,0.5656837429996813,,,,,,,,,,,,,,,,,,,,,,,,,
,3488,11678.857334777,1778122109.9485002,65,,,,,,,,,,,,,,,,,,3.522000042721629e-06,,,,,,,,,,,,,,,,,,,,,,,,,,
,3489,11679.192758452,1778122110.283983,65,0.33510937698883936,,,,,,,,,,,,,,,,,,,,,,,,,,,,,,,,,,,,,,,,,,,
,3490,11679.344662136,1778122110.4356213,65,,,,,,,,,,,,,,,,,,,0.4869641400000546,,,,,,,,,,,,,,,,,,,,,,,,,
,3491,11680.401608003,1778122111.4926333,65,,,,,,,,,,,,,,,,,,3.948996891267598e-06,,,,,,,,,,,,,,,,,,,,,,,,,,
,3492,11680.784917993,1778122111.8761563,65,0.3829712620063219,,,,,,,,,,,,,,,,,,,,,,,,,,,,,,,,,,,,,,,,,,,
,3493,11680.93510329,1778122112.0259967,65,,,,,,,,,,,,,,,,,,,0.5331711549952161,,,,,,,,,,,,,,,,,,,,,,,,,
,3494,11682.04666671,1778122113.1376472,65,,,,,,,,,,,,,,,,,,3.7290010368451476e-06,,,,,,,,,,,,,,,,,,,,,,,,,,
,3495,11682.391363557,1778122113.4740949,65,0.3361335789959412,,,,,,,,,,,,,,,,,,,,,,,,,,,,,,,,,,,,,,,,,,,
,3496,11682.549084574,1778122113.6400006,65,,,,,,,,,,,,,,,,,,,0.5021949320071144,,,,,,,,,,,,,,,,,,,,,,,,,
141.44004722799582,3497,11825.089087342,1778122256.1800773,65,,,,,,,,,,,,,,,,,,,,,,,,,,,,,,,,,,,,,,,,,,,,
,3498,11833.328584388,1778122264.4044244,65,8.18032471400511,,,,,,,,,,,,,,,,,,,,,,,,,,,,,,,,,,,,,,,,,,,
,3499,11833.458604894,1778122264.5497074,65,,0.0,0.0,0.0,0.0,0.0,0.0,0.0,0.0018229169945698231,0.0,0.0,0.0,0.0,0.0,0.0,0.0,,,,,,,,,,,,,,,,,,,,,,,,,,,,
,3500,11833.458766268,1778122264.5500736,65,,,,,,,,,,,,,,,,,0.0022938339971005917,,,,,,,,,,,,,,,,,,,,,,,,,,,
,3501,11833.460513637,1778122264.5517583,65,,,,,,,,,,,,,,,,,,149.8142055299977,,,,,,,,,,,,,,,,,,,,,,,,,,
,3502,11833.800886951,1778122264.8919365,65,0.3399086150020594,,,,,,,,,,,,,,,,,,,,,,,,,,,,,,,,,,,,,,,,,,,
,3503,11833.957452162,1778122265.048433,65,,,,,,,,,,,,,,,,,,,0.49649805200169794,,,,,,,,,,,,,,,,,,,,,,,,,
,3504,11835.038633658,1778122266.129624,65,,,,,,,,,,,,,,,,,,3.975990694016218e-06,,,,,,,,,,,,,,,,,,,,,,,,,,
,3505,11835.408927596,1778122266.4999127,65,0.3699110820016358,,,,,,,,,,,,,,,,,,,,,,,,,,,,,,,,,,,,,,,,,,,
,3506,11835.589380691,1778122266.6787732,65,,,,,,,,,,,,,,,,,,,0.5489961749990471,,,,,,,,,,,,,,,,,,,,,,,,,
,3507,11836.737124969,1778122267.8279562,65,,,,,,,,,,,,,,,,,,3.888009814545512e-06,,,,,,,,,,,,,,,,,,,,,,,,,,
,3508,11837.088828064,1778122268.179943,65,0.35171013900253456,,,,,,,,,,,,,,,,,,,,,,,,,,,,,,,,,,,,,,,,,,,
,3509,11837.239886682,1778122268.3307757,65,,,,,,,,,,,,,,,,,,,0.502641359998961,,,,,,,,,,,,,,,,,,,,,,,,,
,3510,11838.326180217,1778122269.4172146,65,,,,,,,,,,,,,,,,,,3.5689881769940257e-06,,,,,,,,,,,,,,,,,,,,,,,,,,
,3511,11838.695974184,1778122269.7871442,65,0.36931522100348957,,,,,,,,,,,,,,,,,,,,,,,,,,,,,,,,,,,,,,,,,,,
,3512,11838.876139541,1778122269.9670818,65,,,,,,,,,,,,,,,,,,,0.54968719399767,,,,,,,,,,,,,,,,,,,,,,,,,
,3513,11840.022946489,1778122271.114026,65,,,,,,,,,,,,,,,,,,3.6769924918189645e-06,,,,,,,,,,,,,,,,,,,,,,,,,,
,3514,11840.402718666,1778122271.4937904,65,0.37922559400612954,,,,,,,,,,,,,,,,,,,,,,,,,,,,,,,,,,,,,,,,,,,
,3515,11840.568433162,1778122271.6594272,65,,,,,,,,,,,,,,,,,,,0.5452398070046911,,,,,,,,,,,,,,,,,,,,,,,,,
,3516,11841.713989391,1778122272.8051436,65,,,,,,,,,,,,,,,,,,4.478992195799947e-06,,,,,,,,,,,,,,,,,,,,,,,,,,
,3517,11842.15029957,1778122273.2412317,65,0.43543241699808277,,,,,,,,,,,,,,,,,,,,,,,,,,,,,,,,,,,,,,,,,,,
,3518,11842.260008368,1778122273.3509753,65,,,,,,,,,,,,,,,,,,,0.5456758690124843,,,,,,,,,,,,,,,,,,,,,,,,,
,3519,11843.347269175,1778122274.4381754,65,,,,,,,,,,,,,,,,,,3.845008905045688e-06,,,,,,,,,,,,,,,,,,,,,,,,,,
,3520,11843.722594389,1778122274.8137112,65,0.3750178829941433,,,,,,,,,,,,,,,,,,,,,,,,,,,,,,,,,,,,,,,,,,,
,3521,11843.897400575,1778122274.9883394,65,,,,,,,,,,,,,,,,,,,0.5499326269928133,,,,,,,,,,,,,,,,,,,,,,,,,
,3522,11845.044568392,1778122276.135536,65,,,,,,,,,,,,,,,,,,4.0239974623546004e-06,,,,,,,,,,,,,,,,,,,,,,,,,,
,3523,11845.400728747,1778122276.4918404,65,0.35579250800947193,,,,,,,,,,,,,,,,,,,,,,,,,,,,,,,,,,,,,,,,,,,
,3524,11845.545807978,1778122276.6367426,65,,,,,,,,,,,,,,,,,,,0.500988365005469,,,,,,,,,,,,,,,,,,,,,,,,,
,3525,11846.627790546,1778122277.7188804,65,,,,,,,,,,,,,,,,,,4.014000296592712e-06,,,,,,,,,,,,,,,,,,,,,,,,,,
,3526,11846.974729394,1778122278.0656807,65,0.34632494299148675,,,,,,,,,,,,,,,,,,,,,,,,,,,,,,,,,,,,,,,,,,,
,3527,11847.129623528,1778122278.2207236,65,,,,,,,,,,,,,,,,,,,0.5016566140111536,,,,,,,,,,,,,,,,,,,,,,,,,
,3528,11848.213739549,1778122279.3048372,65,,,,,,,,,,,,,,,,,,4.2669998947530985e-06,,,,,,,,,,,,,,,,,,,,,,,,,,
,3529,11848.609258928,1778122279.7004774,65,0.3951050070027122,,,,,,,,,,,,,,,,,,,,,,,,,,,,,,,,,,,,,,,,,,,
,3530,11848.763645627,1778122279.8546119,65,,,,,,,,,,,,,,,,,,,0.5495398899947759,,,,,,,,,,,,,,,,,,,,,,,,,
,3531,11849.912080804,1778122281.0032306,65,,,,,,,,,,,,,,,,,,4.528992576524615e-06,,,,,,,,,,,,,,,,,,,,,,,,,,
,3532,11850.282111362,1778122281.37332,65,0.36952623500837944,,,,,,,,,,,,,,,,,,,,,,,,,,,,,,,,,,,,,,,,,,,
,3533,11850.457256141,1778122281.5483522,65,,,,,,,,,,,,,,,,,,,0.5449577800027328,,,,,,,,,,,,,,,,,,,,,,,,,
,3534,11851.550095427,1778122282.6411877,65,,,,,,,,,,,,,,,,,,4.082001396454871e-06,,,,,,,,,,,,,,,,,,,,,,,,,,
,3535,11851.903599622,1778122282.994724,65,0.35299794501042925,,,,,,,,,,,,,,,,,,,,,,,,,,,,,,,,,,,,,,,,,,,
,3536,11852.050943318,1778122283.142053,65,,,,,,,,,,,,,,,,,,,0.5006794500077376,,,,,,,,,,,,,,,,,,,,,,,,,
,3537,11853.137332919,1778122284.22844,65,,,,,,,,,,,,,,,,,,3.6609999369829893e-06,,,,,,,,,,,,,,,,,,,,,,,,,,
,3538,11853.506390645,1778122284.5975254,65,0.3685965859913267,,,,,,,,,,,,,,,,,,,,,,,,,,,,,,,,,,,,,,,,,,,
,3539,11853.68658073,1778122284.777464,65,,,,,,,,,,,,,,,,,,,0.548819531002664,,,,,,,,,,,,,,,,,,,,,,,,,
,3540,11854.835712835,1778122285.9266944,65,,,,,,,,,,,,,,,,,,3.430002834647894e-06,,,,,,,,,,,,,,,,,,,,,,,,,,
,3541,11855.186065103,1778122286.2770169,65,0.3498826819995884,,,,,,,,,,,,,,,,,,,,,,,,,,,,,,,,,,,,,,,,,,,
,3542,11855.336653401,1778122286.4277864,65,,,,,,,,,,,,,,,,,,,0.5009247139969375,,,,,,,,,,,,,,,,,,,,,,,,,
,3543,11856.421989275,1778122287.5129886,65,,,,,,,,,,,,,,,,,,3.640001523308456e-06,,,,,,,,,,,,,,,,,,,,,,,,,,
,3544,11856.791058426,1778122287.8821049,65,0.3687051809974946,,,,,,,,,,,,,,,,,,,,,,,,,,,,,,,,,,,,,,,,,,,
,3545,11856.971364661,1778122288.0624712,65,,,,,,,,,,,,,,,,,,,0.54932968999492,,,,,,,,,,,,,,,,,,,,,,,,,
,3546,11858.119706816,1778122289.2106574,65,,,,,,,,,,,,,,,,,,4.251996870152652e-06,,,,,,,,,,,,,,,,,,,,,,,,,,
,3547,11858.50048255,1778122289.5915883,65,0.3804205620108405,,,,,,,,,,,,,,,,,,,,,,,,,,,,,,,,,,,,,,,,,,,
,3548,11858.664770045,1778122289.7557907,65,,,,,,,,,,,,,,,,,,,0.5448884299985366,,,,,,,,,,,,,,,,,,,,,,,,,
140.85237830299593,3549,12000.696186628,1778122431.7872074,65,,,,,,,,,,,,,,,,,,,,,,,,,,,,,,,,,,,,,,,,,,,,
,3550,12008.741422899,1778122439.82227,65,7.98976723299711,,,,,,,,,,,,,,,,,,,,,,,,,,,,,,,,,,,,,,,,,,,
,3551,12009.229493967,1778122440.320606,65,,0.0,0.0,0.0,0.0,0.0,0.0,0.0,0.33073161300853826,0.0013392781551410911,0.0,0.0,0.0,0.0,0.0,0.0,,,,,,,,,,,,,,,,,,,,,,,,,,,,
,3552,12009.230140428,1778122440.3212976,65,,,,,,,,,,,,,,,,,0.33153195900376886,,,,,,,,,,,,,,,,,,,,,,,,,,,
,3553,12009.232118305,1778122440.3231905,65,,,,,,,,,,,,,,,,,,149.3908383740054,,,,,,,,,,,,,,,,,,,,,,,,,,
,3554,12009.607916958,1778122440.6989648,65,0.37552363699069247,,,,,,,,,,,,,,,,,,,,,,,,,,,,,,,,,,,,,,,,,,,
,3555,12009.784850389,1778122440.875876,65,,,,,,,,,,,,,,,,,,,0.552492999995593,,,,,,,,,,,,,,,,,,,,,,,,,
,3556,12010.909686649,1778122442.0007803,65,,,,,,,,,,,,,,,,,,4.234010702930391e-06,,,,,,,,,,,,,,,,,,,,,,,,,,
,3557,12011.29596042,1778122442.3870823,65,0.385770869004773,,,,,,,,,,,,,,,,,,,,,,,,,,,,,,,,,,,,,,,,,,,
,3558,12011.446381685,1778122442.5373495,65,,,,,,,,,,,,,,,,,,,0.5363542069972027,,,,,,,,,,,,,,,,,,,,,,,,,
,3559,12012.567383725,1778122443.6583252,65,,,,,,,,,,,,,,,,,,3.977009328082204e-06,,,,,,,,,,,,,,,,,,,,,,,,,,
,3560,12012.904770731,1778122443.9958673,65,0.33708417699381243,,,,,,,,,,,,,,,,,,,,,,,,,,,,,,,,,,,,,,,,,,,
,3561,12013.057114784,1778122444.1482184,65,,,,,,,,,,,,,,,,,,,0.4897061730007408,,,,,,,,,,,,,,,,,,,,,,,,,
,3562,12014.120653594,1778122445.2117703,65,,,,,,,,,,,,,,,,,,4.039000486955047e-06,,,,,,,,,,,,,,,,,,,,,,,,,,
,3563,12014.477436587,1778122445.568561,65,0.3563388059992576,,,,,,,,,,,,,,,,,,,,,,,,,,,,,,,,,,,,,,,,,,,
,3564,12014.616194514,1778122445.7071443,65,,,,,,,,,,,,,,,,,,,0.49520526100241113,,,,,,,,,,,,,,,,,,,,,,,,,
,3565,12015.682952044,1778122446.77406,65,,,,,,,,,,,,,,,,,,3.834997187368572e-06,,,,,,,,,,,,,,,,,,,,,,,,,,
,3566,12016.058629421,1778122447.149811,65,0.3752792660088744,,,,,,,,,,,,,,,,,,,,,,,,,,,,,,,,,,,,,,,,,,,
,3567,12016.221122307,1778122447.3120465,65,,,,,,,,,,,,,,,,,,,0.5377517809974961,,,,,,,,,,,,,,,,,,,,,,,,,
,3568,12017.342410846,1778122448.4334757,65,,,,,,,,,,,,,,,,,,3.830995410680771e-06,,,,,,,,,,,,,,,,,,,,,,,,,,
,3569,12017.698004385,1778122448.789092,65,0.3551118550094543,,,,,,,,,,,,,,,,,,,,,,,,,,,,,,,,,,,,,,,,,,,
,3570,12017.835905327,1778122448.9269745,65,,,,,,,,,,,,,,,,,,,0.4933074649889022,,,,,,,,,,,,,,,,,,,,,,,,,
,3571,12018.902255678,1778122449.9933233,65,,,,,,,,,,,,,,,,,,3.854001988656819e-06,,,,,,,,,,,,,,,,,,,,,,,,,,
,3572,12019.40224642,1778122450.4932597,65,0.49940333000267856,,,,,,,,,,,,,,,,,,,,,,,,,,,,,,,,,,,,,,,,,,,
,3573,12019.434229292,1778122450.525221,65,,,,,,,,,,,,,,,,,,,0.5317296769935638,,,,,,,,,,,,,,,,,,,,,,,,,
,3574,12020.500801994,1778122451.5914695,65,,,,,,,,,,,,,,,,,,1.127799623645842e-05,,,,,,,,,,,,,,,,,,,,,,,,,,
,3575,12020.840282891,1778122451.9313433,65,0.3386820460000308,,,,,,,,,,,,,,,,,,,,,,,,,,,,,,,,,,,,,,,,,,,
,3576,12020.999490165,1778122452.0904982,65,,,,,,,,,,,,,,,,,,,0.49865791101183277,,,,,,,,,,,,,,,,,,,,,,,,,
,3577,12022.06958234,1778122453.1605804,65,,,,,,,,,,,,,,,,,,3.97900294046849e-06,,,,,,,,,,,,,,,,,,,,,,,,,,
,3578,12022.449776608,1778122453.5407538,65,0.3797455710009672,,,,,,,,,,,,,,,,,,,,,,,,,,,,,,,,,,,,,,,,,,,
,3579,12022.605334834,1778122453.6964576,65,,,,,,,,,,,,,,,,,,,0.5356649010063848,,,,,,,,,,,,,,,,,,,,,,,,,
,3580,12023.727999492,1778122454.8190937,65,,,,,,,,,,,,,,,,,,4.2769970605149865e-06,,,,,,,,,,,,,,,,,,,,,,,,,,
,3581,12024.119683219,1778122455.210744,65,0.39122733399563003,,,,,,,,,,,,,,,,,,,,,,,,,,,,,,,,,,,,,,,,,,,
,3582,12024.268140663,1778122455.359036,65,,,,,,,,,,,,,,,,,,,0.5398088450019713,,,,,,,,,,,,,,,,,,,,,,,,,
,3583,12025.395189955,1778122456.486189,65,,,,,,,,,,,,,,,,,,4.147994332015514e-06,,,,,,,,,,,,,,,,,,,,,,,,,,
,3584,12025.732957294,1778122456.824099,65,0.33728320499358233,,,,,,,,,,,,,,,,,,,,,,,,,,,,,,,,,,,,,,,,,,,
,3585,12025.886222066,1778122456.977234,65,,,,,,,,,,,,,,,,,,,0.4908938180014957,,,,,,,,,,,,,,,,,,,,,,,,,
,3586,12026.950336153,1778122458.0413241,65,,,,,,,,,,,,,,,,,,3.7619902286678553e-06,,,,,,,,,,,,,,,,,,,,,,,,,,
,3587,12027.339124264,1778122458.4302413,65,0.38814840200939216,,,,,,,,,,,,,,,,,,,,,,,,,,,,,,,,,,,,,,,,,,,
,3588,12027.490345574,1778122458.5811565,65,,,,,,,,,,,,,,,,,,,0.5396854159916984,,,,,,,,,,,,,,,,,,,,,,,,,
,3589,12028.618063304,1778122459.709188,65,,,,,,,,,,,,,,,,,,3.7479912862181664e-06,,,,,,,,,,,,,,,,,,,,,,,,,,
,3590,12028.981376845,1778122460.0723403,65,0.36255475200596265,,,,,,,,,,,,,,,,,,,,,,,,,,,,,,,,,,,,,,,,,,,
,3591,12029.154405405,1778122460.2453625,65,,,,,,,,,,,,,,,,,,,0.5360084540006937,,,,,,,,,,,,,,,,,,,,,,,,,
,3592,12030.276900144,1778122461.3680105,65,,,,,,,,,,,,,,,,,,3.540990292094648e-06,,,,,,,,,,,,,,,,,,,,,,,,,,
,3593,12030.625935427,1778122461.7170606,65,0.34868988099333365,,,,,,,,,,,,,,,,,,,,,,,,,,,,,,,,,,,,,,,,,,,
,3594,12030.771801839,1778122461.8626866,65,,,,,,,,,,,,,,,,,,,0.4945003210013965,,,,,,,,,,,,,,,,,,,,,,,,,
,3595,12031.838630854,1778122462.9297435,65,,,,,,,,,,,,,,,,,,3.8529979065060616e-06,,,,,,,,,,,,,,,,,,,,,,,,,,
,3596,12032.178467376,1778122463.269698,65,0.3394423290010309,,,,,,,,,,,,,,,,,,,,,,,,,,,,,,,,,,,,,,,,,,,
,3597,12032.333726815,1778122463.42473,65,,,,,,,,,,,,,,,,,,,0.4948459500010358,,,,,,,,,,,,,,,,,,,,,,,,,
,3598,12033.401857747,1778122464.492853,65,,,,,,,,,,,,,,,,,,4.101995727978647e-06,,,,,,,,,,,,,,,,,,,,,,,,,,
,3599,12033.79098974,1778122464.8819525,65,0.3886959189985646,,,,,,,,,,,,,,,,,,,,,,,,,,,,,,,,,,,,,,,,,,,
,3600,12033.942854529,1778122465.033864,65,,,,,,,,,,,,,,,,,,,0.5408637820073636,,,,,,,,,,,,,,,,,,,,,,,,,
141.6465785860055,3601,12176.753511156,1778122607.844538,65,,,,,,,,,,,,,,,,,,,,,,,,,,,,,,,,,,,,,,,,,,,,
,3602,12184.901400454,1778122615.9823577,65,8.093423012003768,,,,,,,,,,,,,,,,,,,,,,,,,,,,,,,,,,,,,,,,,,,
,3603,12185.084275107,1778122616.1733122,65,,0.0,0.0,0.0,0.0,0.0,0.0,0.0,0.002813004990457557,0.0,0.0,0.06054058484733105,0.0,0.0,0.0,0.0,,,,,,,,,,,,,,,,,,,,,,,,,,,,
,3604,12185.084774556,1778122616.1760418,65,,,,,,,,,,,,,,,,,0.00561198299692478,,,,,,,,,,,,,,,,,,,,,,,,,,,
,3605,12185.08684063,1778122616.1779394,65,,,,,,,,,,,,,,,,,,149.98252586300077,,,,,,,,,,,,,,,,,,,,,,,,,,
,3606,12185.59657277,1778122616.6875715,65,0.5093597490049433,,,,,,,,,,,,,,,,,,,,,,,,,,,,,,,,,,,,,,,,,,,
,3607,12185.774471254,1778122616.8655303,65,,,,,,,,,,,,,,,,,,,0.6874040639959276,,,,,,,,,,,,,,,,,,,,,,,,,
,3608,12186.912202491,1778122618.0032625,65,,,,,,,,,,,,,,,,,,5.198002327233553e-06,,,,,,,,,,,,,,,,,,,,,,,,,,
,3609,12187.272692798,1778122618.363737,65,0.35988144800649025,,,,,,,,,,,,,,,,,,,,,,,,,,,,,,,,,,,,,,,,,,,
,3610,12187.413906822,1778122618.5048997,65,,,,,,,,,,,,,,,,,,,0.5014702329935972,,,,,,,,,,,,,,,,,,,,,,,,,
,3611,12188.499797058,1778122619.5908842,65,,,,,,,,,,,,,,,,,,4.318993887864053e-06,,,,,,,,,,,,,,,,,,,,,,,,,,
,3612,12188.853503999,1778122619.9447026,65,0.353224714010139,,,,,,,,,,,,,,,,,,,,,,,,,,,,,,,,,,,,,,,,,,,
,3613,12189.001175341,1778122620.0922327,65,,,,,,,,,,,,,,,,,,,0.5011528939940035,,,,,,,,,,,,,,,,,,,,,,,,,
,3614,12190.086310608,1778122621.1774251,65,,,,,,,,,,,,,,,,,,3.6860001273453236e-06,,,,,,,,,,,,,,,,,,,,,,,,,,
,3615,12190.462689842,1778122621.553736,65,0.37588250800035894,,,,,,,,,,,,,,,,,,,,,,,,,,,,,,,,,,,,,,,,,,,
,3616,12190.631273442,1778122621.722444,65,,,,,,,,,,,,,,,,,,,0.544843743002275,,,,,,,,,,,,,,,,,,,,,,,,,
,3617,12191.774953439,1778122622.8661265,65,,,,,,,,,,,,,,,,,,3.7370045902207494e-06,,,,,,,,,,,,,,,,,,,,,,,,,,
,3618,12192.158886199,1778122623.250043,65,0.38351039099507034,,,,,,,,,,,,,,,,,,,,,,,,,,,,,,,,,,,,,,,,,,,
,3619,12192.323493067,1778122623.4145708,65,,,,,,,,,,,,,,,,,,,0.548272549000103,,,,,,,,,,,,,,,,,,,,,,,,,
,3620,12193.472922473,1778122624.5640743,65,,,,,,,,,,,,,,,,,,4.065994289703667e-06,,,,,,,,,,,,,,,,,,,,,,,,,,
,3621,12193.865054182,1778122624.9562378,65,0.3917841490037972,,,,,,,,,,,,,,,,,,,,,,,,,,,,,,,,,,,,,,,,,,,
,3622,12194.022139766,1778122625.1131835,65,,,,,,,,,,,,,,,,,,,0.5489154329989105,,,,,,,,,,,,,,,,,,,,,,,,,
,3623,12195.171742821,1778122626.2629216,65,,,,,,,,,,,,,,,,,,3.554989234544337e-06,,,,,,,,,,,,,,,,,,,,,,,,,,
,3624,12195.512728882,1778122626.603835,65,0.3404304779978702,,,,,,,,,,,,,,,,,,,,,,,,,,,,,,,,,,,,,,,,,,,
,3625,12195.673914506,1778122626.7649984,65,,,,,,,,,,,,,,,,,,,0.5019271859928267,,,,,,,,,,,,,,,,,,,,,,,,,
,3626,12196.763550724,1778122627.854607,65,,,,,,,,,,,,,,,,,,3.410998033359647e-06,,,,,,,,,,,,,,,,,,,,,,,,,,
,3627,12197.153709111,1778122628.2447798,65,0.3896447840088513,,,,,,,,,,,,,,,,,,,,,,,,,,,,,,,,,,,,,,,,,,,
,3628,12197.312956319,1778122628.4040155,65,,,,,,,,,,,,,,,,,,,0.5492684760101838,,,,,,,,,,,,,,,,,,,,,,,,,
,3629,12198.461825942,1778122629.5529888,65,,,,,,,,,,,,,,,,,,3.359993570484221e-06,,,,,,,,,,,,,,,,,,,,,,,,,,
,3630,12198.949250984,1778122630.0402904,65,0.4868685940018622,,,,,,,,,,,,,,,,,,,,,,,,,,,,,,,,,,,,,,,,,,,
,3631,12198.992939324,1778122630.0840106,65,,,,,,,,,,,,,,,,,,,0.5308509809983661,,,,,,,,,,,,,,,,,,,,,,,,,
,3632,12200.079549632,1778122631.1706727,65,,,,,,,,,,,,,,,,,,4.091998562216759e-06,,,,,,,,,,,,,,,,,,,,,,,,,,
,3633,12200.468207598,1778122631.559248,65,0.38802879900322296,,,,,,,,,,,,,,,,,,,,,,,,,,,,,,,,,,,,,,,,,,,
,3634,12200.628211907,1778122631.7193086,65,,,,,,,,,,,,,,,,,,,0.5484305999998469,,,,,,,,,,,,,,,,,,,,,,,,,
,3635,12201.778590151,1778122632.8696485,65,,,,,,,,,,,,,,,,,,3.948996891267598e-06,,,,,,,,,,,,,,,,,,,,,,,,,,
,3636,12202.142747597,1778122633.233963,65,0.3638933780021034,,,,,,,,,,,,,,,,,,,,,,,,,,,,,,,,,,,,,,,,,,,
,3637,12202.280046065,1778122633.3711581,65,,,,,,,,,,,,,,,,,,,0.5013396230060607,,,,,,,,,,,,,,,,,,,,,,,,,
,3638,12203.367652961,1778122634.4587436,65,,,,,,,,,,,,,,,,,,3.7569989217445254e-06,,,,,,,,,,,,,,,,,,,,,,,,,,
,3639,12203.751073542,1778122634.8423412,65,0.38316589100577403,,,,,,,,,,,,,,,,,,,,,,,,,,,,,,,,,,,,,,,,,,,
,3640,12203.916817591,1778122635.0079224,65,,,,,,,,,,,,,,,,,,,0.5490015179966576,,,,,,,,,,,,,,,,,,,,,,,,,
,3641,12205.064856155,1778122636.1559632,65,,,,,,,,,,,,,,,,,,3.616005415096879e-06,,,,,,,,,,,,,,,,,,,,,,,,,,
,3642,12205.456371588,1778122636.5476449,65,0.39118248999875505,,,,,,,,,,,,,,,,,,,,,,,,,,,,,,,,,,,,,,,,,,,
,3643,12205.609001882,1778122636.7002213,65,,,,,,,,,,,,,,,,,,,0.5440802580124,,,,,,,,,,,,,,,,,,,,,,,,,
,3644,12206.722189601,1778122637.8133018,65,,,,,,,,,,,,,,,,,,3.989000106230378e-06,,,,,,,,,,,,,,,,,,,,,,,,,,
,3645,12207.065243143,1778122638.1564963,65,0.34275186000741087,,,,,,,,,,,,,,,,,,,,,,,,,,,,,,,,,,,,,,,,,,,
,3646,12207.222681299,1778122638.3138099,65,,,,,,,,,,,,,,,,,,,0.5003601119969971,,,,,,,,,,,,,,,,,,,,,,,,,
,3647,12208.310610765,1778122639.4016292,65,,,,,,,,,,,,,,,,,,3.69601184502244e-06,,,,,,,,,,,,,,,,,,,,,,,,,,
,3648,12208.672585056,1778122639.7638545,65,0.3619841049949173,,,,,,,,,,,,,,,,,,,,,,,,,,,,,,,,,,,,,,,,,,,
,3649,12208.812611967,1778122639.903771,65,,,,,,,,,,,,,,,,,,,0.5019749469938688,,,,,,,,,,,,,,,,,,,,,,,,,
,3650,12209.898258305,1778122640.989384,65,,,,,,,,,,,,,,,,,,3.6399869713932276e-06,,,,,,,,,,,,,,,,,,,,,,,,,,
,3651,12210.249992269,1778122641.3412423,65,0.3512551989988424,,,,,,,,,,,,,,,,,,,,,,,,,,,,,,,,,,,,,,,,,,,
,3652,12210.401113193,1778122641.4920022,65,,,,,,,,,,,,,,,,,,,0.5024435079976683,,,,,,,,,,,,,,,,,,,,,,,,,
,3653,12211.502007926,1778122642.5931416,70,,,,,,,,,,,,,,,,,,,,0.06043618474213872,0.0,71.8,0.03204173703561537,0.0,173.2706263269909,0.011127672989096027,1540755.0,186.2702478019215,71.8,7.9674560546875,0.1208578571677208,481.4,0.0,4.95932157237384e-07,0.0,990.0875,0.012144344205412909,0.011127672989096027,0.6,71.8,0.9625,0.0,0.03204173703561537,1024.0
139.7955364160007,3654,12351.321584993,1778122782.4125195,70,,,,,,,,,,,,,,,,,,,,,,,,,,,,,,,,,,,,,,,,,,,,
,3655,12359.242423379,1778122790.323419,70,7.865699379006401,,,,,,,,,,,,,,,,,,,,,,,,,,,,,,,,,,,,,,,,,,,
,3656,12359.400557182,1778122790.4916017,70,,0.0,0.0,0.0,0.0,0.0,0.0,0.0,0.0017524540016893297,0.0,0.0,0.0,0.0,0.0,0.0,0.0,,,,,,,,,,,,,,,,,,,,,,,,,,,,
,3657,12359.400814821,1778122790.4921677,70,,,,,,,,,,,,,,,,,0.002424913996946998,,,,,,,,,,,,,,,,,,,,,,,,,,,
,3658,12359.402529794,1778122790.4937422,70,,,,,,,,,,,,,,,,,,147.87898820500413,,,,,,,,,,,,,,,,,,,,,,,,,,
,3659,12359.761355335,1778122790.852514,70,0.3583619160053786,,,,,,,,,,,,,,,,,,,,,,,,,,,,,,,,,,,,,,,,,,,
,3660,12359.935329455,1778122791.0264268,70,,,,,,,,,,,,,,,,,,,0.5325091940030688,,,,,,,,,,,,,,,,,,,,,,,,,
,3661,12361.03770191,1778122792.1288035,70,,,,,,,,,,,,,,,,,,4.204004653729498e-06,,,,,,,,,,,,,,,,,,,,,,,,,,
,3662,12361.499862672,1778122792.5909657,70,0.4617608849948738,,,,,,,,,,,,,,,,,,,,,,,,,,,,,,,,,,,,,,,,,,,
,3663,12361.56593154,1778122792.657097,70,,,,,,,,,,,,,,,,,,,0.5281110900104977,,,,,,,,,,,,,,,,,,,,,,,,,
,3664,12362.613608527,1778122793.7046838,70,,,,,,,,,,,,,,,,,,4.283996531739831e-06,,,,,,,,,,,,,,,,,,,,,,,,,,
,3665,12362.984724939,1778122794.075907,70,0.3708208530006232,,,,,,,,,,,,,,,,,,,,,,,,,,,,,,,,,,,,,,,,,,,
,3666,12363.143338213,1778122794.234359,70,,,,,,,,,,,,,,,,,,,0.5294958910089917,,,,,,,,,,,,,,,,,,,,,,,,,
,3667,12364.242879372,1778122795.333975,70,,,,,,,,,,,,,,,,,,4.215995431877673e-06,,,,,,,,,,,,,,,,,,,,,,,,,,
,3668,12364.590755977,1778122795.6817462,70,0.34724748600274324,,,,,,,,,,,,,,,,,,,,,,,,,,,,,,,,,,,,,,,,,,,
,3669,12364.7270788,1778122795.8181307,70,,,,,,,,,,,,,,,,,,,0.4839771440019831,,,,,,,,,,,,,,,,,,,,,,,,,
,3670,12365.767841123,1778122796.8589458,70,,,,,,,,,,,,,,,,,,3.891997039318085e-06,,,,,,,,,,,,,,,,,,,,,,,,,,
,3671,12366.141348607,1778122797.232549,70,0.37310506199719384,,,,,,,,,,,,,,,,,,,,,,,,,,,,,,,,,,,,,,,,,,,
,3672,12366.301235368,1778122797.3924365,70,,,,,,,,,,,,,,,,,,,0.5333117499976652,,,,,,,,,,,,,,,,,,,,,,,,,
,3673,12367.406714399,1778122798.4977984,70,,,,,,,,,,,,,,,,,,4.506990080699325e-06,,,,,,,,,,,,,,,,,,,,,,,,,,
,3674,12367.787197984,1778122798.878298,70,0.3799301649996778,,,,,,,,,,,,,,,,,,,,,,,,,,,,,,,,,,,,,,,,,,,
,3675,12367.93898029,1778122799.0301023,70,,,,,,,,,,,,,,,,,,,0.5321396170038497,,,,,,,,,,,,,,,,,,,,,,,,,
,3676,12369.039956102,1778122800.1310592,70,,,,,,,,,,,,,,,,,,3.720007953234017e-06,,,,,,,,,,,,,,,,,,,,,,,,,,
,3677,12369.399111314,1778122800.4901972,70,0.3587065280007664,,,,,,,,,,,,,,,,,,,,,,,,,,,,,,,,,,,,,,,,,,,
,3678,12369.574183747,1778122800.6652503,70,,,,,,,,,,,,,,,,,,,0.5340218399942387,,,,,,,,,,,,,,,,,,,,,,,,,
,3679,12370.679171104,1778122801.7702692,70,,,,,,,,,,,,,,,,,,3.4959957702085376e-06,,,,,,,,,,,,,,,,,,,,,,,,,,
,3680,12371.016362075,1778122802.1074064,70,0.33661771200422663,,,,,,,,,,,,,,,,,,,,,,,,,,,,,,,,,,,,,,,,,,,
,3681,12371.161828766,1778122802.2528229,70,,,,,,,,,,,,,,,,,,,0.48237404999963474,,,,,,,,,,,,,,,,,,,,,,,,,
,3682,12372.201374043,1778122803.2924929,70,,,,,,,,,,,,,,,,,,4.3670006562024355e-06,,,,,,,,,,,,,,,,,,,,,,,,,,
,3683,12372.534601673,1778122803.625607,70,0.33269333399948664,,,,,,,,,,,,,,,,,,,,,,,,,,,,,,,,,,,,,,,,,,,
,3684,12372.689424142,1778122803.7806194,70,,,,,,,,,,,,,,,,,,,0.48792557399428915,,,,,,,,,,,,,,,,,,,,,,,,,
,3685,12373.735775756,1778122804.82695,70,,,,,,,,,,,,,,,,,,4.661997081711888e-06,,,,,,,,,,,,,,,,,,,,,,,,,,
,3686,12374.111249246,1778122805.2022169,70,0.3748021659994265,,,,,,,,,,,,,,,,,,,,,,,,,,,,,,,,,,,,,,,,,,,
,3687,12374.264945547,1778122805.355959,70,,,,,,,,,,,,,,,,,,,0.5288508530065883,,,,,,,,,,,,,,,,,,,,,,,,,
,3688,12375.365348187,1778122806.4564164,70,,,,,,,,,,,,,,,,,,4.44501347374171e-06,,,,,,,,,,,,,,,,,,,,,,,,,,
,3689,12375.843679519,1778122806.934732,70,0.47768498898949474,,,,,,,,,,,,,,,,,,,,,,,,,,,,,,,,,,,,,,,,,,,
,3690,12375.908919434,1778122806.9999363,70,,,,,,,,,,,,,,,,,,,0.5433365070057334,,,,,,,,,,,,,,,,,,,,,,,,,
,3691,12376.953674675,1778122808.0446334,70,,,,,,,,,,,,,,,,,,4.075001925230026e-06,,,,,,,,,,,,,,,,,,,,,,,,,,
,3692,12377.330260461,1778122808.4213753,70,0.37626476200239267,,,,,,,,,,,,,,,,,,,,,,,,,,,,,,,,,,,,,,,,,,,
,3693,12377.485404439,1778122808.5765388,70,,,,,,,,,,,,,,,,,,,0.5316991379950196,,,,,,,,,,,,,,,,,,,,,,,,,
,3694,12378.590949685,1778122809.6820068,70,,,,,,,,,,,,,,,,,,4.044995876029134e-06,,,,,,,,,,,,,,,,,,,,,,,,,,
,3695,12378.944654833,1778122810.035762,70,0.35330266400706023,,,,,,,,,,,,,,,,,,,,,,,,,,,,,,,,,,,,,,,,,,,
,3696,12379.078302392,1778122810.1692774,70,,,,,,,,,,,,,,,,,,,0.4871189920086181,,,,,,,,,,,,,,,,,,,,,,,,,
,3697,12380.122312294,1778122811.2133973,70,,,,,,,,,,,,,,,,,,4.2530009523034096e-06,,,,,,,,,,,,,,,,,,,,,,,,,,
,3698,12380.464483908,1778122811.5556889,70,0.34170659400115255,,,,,,,,,,,,,,,,,,,,,,,,,,,,,,,,,,,,,,,,,,,
,3699,12380.607512465,1778122811.6987696,70,,,,,,,,,,,,,,,,,,,0.4851872829895001,,,,,,,,,,,,,,,,,,,,,,,,,
,3700,12381.650324424,1778122812.7413166,70,,,,,,,,,,,,,,,,,,4.3239997467026114e-06,,,,,,,,,,,,,,,,,,,,,,,,,,
,3701,12382.005692978,1778122813.0969288,70,0.3550978489947738,,,,,,,,,,,,,,,,,,,,,,,,,,,,,,,,,,,,,,,,,,,
,3702,12382.178788431,1778122813.2697725,70,,,,,,,,,,,,,,,,,,,0.5282575839955825,,,,,,,,,,,,,,,,,,,,,,,,,
,3703,12383.272210999,1778122814.3631554,70,,,,,,,,,,,,,,,,,,4.092988092452288e-06,,,,,,,,,,,,,,,,,,,,,,,,,,
,3704,12383.610947391,1778122814.7022018,70,0.3384280709869927,,,,,,,,,,,,,,,,,,,,,,,,,,,,,,,,,,,,,,,,,,,
,3705,12383.75748488,1778122814.8484585,70,,,,,,,,,,,,,,,,,,,0.48512353100522887,,,,,,,,,,,,,,,,,,,,,,,,,
143.48705394800345,3706,12528.320516838,1778122959.4115505,70,,,,,,,,,,,,,,,,,,,,,,,,,,,,,,,,,,,,,,,,,,,,
,3707,12536.713151049,1778122967.7891686,70,8.327140249995864,,,,,,,,,,,,,,,,,,,,,,,,,,,,,,,,,,,,,,,,,,,
,3708,12537.600400522,1778122968.6900795,70,,0.09665865284672016,0.0,0.0,0.0,0.10625,0.0,0.043817791915097784,0.7479093180008931,0.0006447466986887094,0.0,0.0972195833333333,0.125,0.0,0.04390562445747699,0.07329915364583334,,,,,,,,,,,,,,,,,,,,,,,,,,,,
,3709,12537.600449299,1778122968.6904123,70,,,,,,,,,,,,,,,,,0.7483440649957629,,,,,,,,,,,,,,,,,,,,,,,,,,,
,3710,12537.601610805,1778122968.6926746,70,,,,,,,,,,,,,,,,,,152.77069525899424,,,,,,,,,,,,,,,,,,,,,,,,,,
,3711,12537.981331673,1778122969.0725176,70,0.3795631620014319,,,,,,,,,,,,,,,,,,,,,,,,,,,,,,,,,,,,,,,,,,,
,3712,12538.159410776,1778122969.2505267,70,,,,,,,,,,,,,,,,,,,0.5576550219993806,,,,,,,,,,,,,,,,,,,,,,,,,
,3713,12539.323050987,1778122970.4142148,70,,,,,,,,,,,,,,,,,,4.561996320262551e-06,,,,,,,,,,,,,,,,,,,,,,,,,,
,3714,12539.701016482,1778122970.792089,70,0.37741751899011433,,,,,,,,,,,,,,,,,,,,,,,,,,,,,,,,,,,,,,,,,,,
,3715,12539.881849283,1778122970.9728904,70,,,,,,,,,,,,,,,,,,,0.55851748000714,,,,,,,,,,,,,,,,,,,,,,,,,
,3716,12541.047502082,1778122972.1386156,70,,,,,,,,,,,,,,,,,,4.085013642907143e-06,,,,,,,,,,,,,,,,,,,,,,,,,,
,3717,12541.414524727,1778122972.5056977,70,0.36667845099873375,,,,,,,,,,,,,,,,,,,,,,,,,,,,,,,,,,,,,,,,,,,
,3718,12541.559904777,1778122972.6509013,70,,,,,,,,,,,,,,,,,,,0.5121330300025875,,,,,,,,,,,,,,,,,,,,,,,,,
,3719,12542.667876578,1778122973.75898,70,,,,,,,,,,,,,,,,,,4.173998604528606e-06,,,,,,,,,,,,,,,,,,,,,,,,,,
,3720,12543.143009881,1778122974.234166,70,0.47478729199792724,,,,,,,,,,,,,,,,,,,,,,,,,,,,,,,,,,,,,,,,,,,
,3721,12543.25623825,1778122974.3473332,70,,,,,,,,,,,,,,,,,,,0.5881764880032279,,,,,,,,,,,,,,,,,,,,,,,,,
,3722,12544.42220422,1778122975.5132623,70,,,,,,,,,,,,,,,,,,4.5890046749264e-06,,,,,,,,,,,,,,,,,,,,,,,,,,
,3723,12544.767218396,1778122975.8582823,70,0.3444676709914347,,,,,,,,,,,,,,,,,,,,,,,,,,,,,,,,,,,,,,,,,,,
,3724,12544.930735523,1778122976.021807,70,,,,,,,,,,,,,,,,,,,0.508295078005176,,,,,,,,,,,,,,,,,,,,,,,,,
,3725,12546.028637507,1778122977.119757,70,,,,,,,,,,,,,,,,,,4.039000486955047e-06,,,,,,,,,,,,,,,,,,,,,,,,,,
,3726,12546.433898365,1778122977.5251243,70,0.40488867899694014,,,,,,,,,,,,,,,,,,,,,,,,,,,,,,,,,,,,,,,,,,,
,3727,12546.58904204,1778122977.6802316,70,,,,,,,,,,,,,,,,,,,0.5602634679962648,,,,,,,,,,,,,,,,,,,,,,,,,
,3728,12547.757500157,1778122978.8486803,70,,,,,,,,,,,,,,,,,,3.6840065149590373e-06,,,,,,,,,,,,,,,,,,,,,,,,,,
,3729,12548.145474051,1778122979.2366827,70,0.3875836750085,,,,,,,,,,,,,,,,,,,,,,,,,,,,,,,,,,,,,,,,,,,
,3730,12548.312225444,1778122979.4033656,70,,,,,,,,,,,,,,,,,,,0.5545201399945654,,,,,,,,,,,,,,,,,,,,,,,,,
,3731,12549.429815116,1778122980.5209162,70,,,,,,,,,,,,,,,,,,3.838998964056373e-06,,,,,,,,,,,,,,,,,,,,,,,,,,
,3732,12549.776478507,1778122980.8677053,70,0.34635388900642283,,,,,,,,,,,,,,,,,,,,,,,,,,,,,,,,,,,,,,,,,,,
,3733,12549.94224122,1778122981.0332375,70,,,,,,,,,,,,,,,,,,,0.5121836140024243,,,,,,,,,,,,,,,,,,,,,,,,,
,3734,12551.048120489,1778122982.139202,70,,,,,,,,,,,,,,,,,,3.7010031519457698e-06,,,,,,,,,,,,,,,,,,,,,,,,,,
,3735,12551.413366936,1778122982.5045774,70,0.36489153299771715,,,,,,,,,,,,,,,,,,,,,,,,,,,,,,,,,,,,,,,,,,,
,3736,12551.556060428,1778122982.6471543,70,,,,,,,,,,,,,,,,,,,0.5077654060005443,,,,,,,,,,,,,,,,,,,,,,,,,
,3737,12552.656868889,1778122983.748001,70,,,,,,,,,,,,,,,,,,4.18099807575345e-06,,,,,,,,,,,,,,,,,,,,,,,,,,
,3738,12553.05061228,1778122984.1418028,70,0.39338464400498196,,,,,,,,,,,,,,,,,,,,,,,,,,,,,,,,,,,,,,,,,,,
,3739,12553.212426596,1778122984.3033528,70,,,,,,,,,,,,,,,,,,,0.5551559809973696,,,,,,,,,,,,,,,,,,,,,,,,,
,3740,12554.318632406,1778122985.4096098,70,,,,,,,,,,,,,,,,,,3.6199926398694515e-06,,,,,,,,,,,,,,,,,,,,,,,,,,
,3741,12554.668091488,1778122985.7590992,70,0.3492278420017101,,,,,,,,,,,,,,,,,,,,,,,,,,,,,,,,,,,,,,,,,,,
,3742,12554.826328906,1778122985.9173357,70,,,,,,,,,,,,,,,,,,,0.5075912079919362,,,,,,,,,,,,,,,,,,,,,,,,,
,3743,12555.925313642,1778122987.01604,70,,,,,,,,,,,,,,,,,,3.862005542032421e-06,,,,,,,,,,,,,,,,,,,,,,,,,,
,3744,12556.298297664,1778122987.3894467,70,0.3722140219906578,,,,,,,,,,,,,,,,,,,,,,,,,,,,,,,,,,,,,,,,,,,
,3745,12556.481447001,1778122987.572358,70,,,,,,,,,,,,,,,,,,,0.5561758719995851,,,,,,,,,,,,,,,,,,,,,,,,,
,3746,12557.588125108,1778122988.6791065,70,,,,,,,,,,,,,,,,,,3.970009856857359e-06,,,,,,,,,,,,,,,,,,,,,,,,,,
,3747,12557.984819285,1778122989.0758533,70,0.39616252601263113,,,,,,,,,,,,,,,,,,,,,,,,,,,,,,,,,,,,,,,,,,,
,3748,12558.149076284,1778122989.23992,70,,,,,,,,,,,,,,,,,,,0.5606533009995474,,,,,,,,,,,,,,,,,,,,,,,,,
,3749,12559.313329923,1778122990.4043126,70,,,,,,,,,,,,,,,,,,3.7010031519457698e-06,,,,,,,,,,,,,,,,,,,,,,,,,,
,3750,12559.661478719,1778122990.7525535,70,0.34773957400466315,,,,,,,,,,,,,,,,,,,,,,,,,,,,,,,,,,,,,,,,,,,
,3751,12559.822209025,1778122990.9133193,70,,,,,,,,,,,,,,,,,,,0.5088553379900986,,,,,,,,,,,,,,,,,,,,,,,,,
,3752,12560.920084153,1778122992.0111647,70,,,,,,,,,,,,,,,,,,3.895998816005886e-06,,,,,,,,,,,,,,,,,,,,,,,,,,
,3753,12561.325419996,1778122992.4163702,70,0.4047395620000316,,,,,,,,,,,,,,,,,,,,,,,,,,,,,,,,,,,,,,,,,,,
,3754,12561.480332275,1778122992.5711172,70,,,,,,,,,,,,,,,,,,,0.5597545490018092,,,,,,,,,,,,,,,,,,,,,,,,,
,3755,12562.645676592,1778122993.7368236,70,,,,,,,,,,,,,,,,,,5.841997335664928e-06,,,,,,,,,,,,,,,,,,,,,,,,,,
,3756,12563.002509162,1778122994.093611,70,0.35637003800366074,,,,,,,,,,,,,,,,,,,,,,,,,,,,,,,,,,,,,,,,,,,
,3757,12563.157402638,1778122994.248393,70,,,,,,,,,,,,,,,,,,,0.5114065730012953,,,,,,,,,,,,,,,,,,,,,,,,,
140.81988250398717,3758,12705.119679583,1778123136.2107906,70,,,,,,,,,,,,,,,,,,,,,,,,,,,,,,,,,,,,,,,,,,,,
,3759,12713.386579552,1778123144.467676,70,8.211436057987157,,,,,,,,,,,,,,,,,,,,,,,,,,,,,,,,,,,,,,,,,,,
,3760,12714.016109293,1778123145.1041603,70,,0.010517312440919246,0.0,0.0,0.0,0.0625,0.0,0.01836332007749191,0.4758058340084972,0.00048166216855644674,0.0,0.05,0.0625,0.0,0.02121397436534432,0.05952380952380952,,,,,,,,,,,,,,,,,,,,,,,,,,,,
,3761,12714.016152488,1778123145.104469,70,,,,,,,,,,,,,,,,,0.47621710899693426,,,,,,,,,,,,,,,,,,,,,,,,,,,
,3762,12714.016163027,1778123145.1060717,70,,,,,,,,,,,,,,,,,,149.71739115798846,,,,,,,,,,,,,,,,,,,,,,,,,,
,3763,12714.388320881,1778123145.479519,70,0.3732097259926377,,,,,,,,,,,,,,,,,,,,,,,,,,,,,,,,,,,,,,,,,,,
,3764,12714.566272945,1778123145.6574707,70,,,,,,,,,,,,,,,,,,,0.5512353800004348,,,,,,,,,,,,,,,,,,,,,,,,,
,3765,12715.705184788,1778123146.7963526,70,,,,,,,,,,,,,,,,,,4.5140041038393974e-06,,,,,,,,,,,,,,,,,,,,,,,,,,
,3766,12716.062107099,1778123147.1532273,70,0.35640888899797574,,,,,,,,,,,,,,,,,,,,,,,,,,,,,,,,,,,,,,,,,,,
,3767,12716.201931934,1778123147.2929993,70,,,,,,,,,,,,,,,,,,,0.4964941359939985,,,,,,,,,,,,,,,,,,,,,,,,,
,3768,12717.2735575,1778123148.3646934,70,,,,,,,,,,,,,,,,,,4.312008968554437e-06,,,,,,,,,,,,,,,,,,,,,,,,,,
,3769,12717.625139222,1778123148.7164068,70,0.35128189700481016,,,,,,,,,,,,,,,,,,,,,,,,,,,,,,,,,,,,,,,,,,,
,3770,12717.772615178,1778123148.8638186,70,,,,,,,,,,,,,,,,,,,0.4989276650012471,,,,,,,,,,,,,,,,,,,,,,,,,
,3771,12718.850172018,1778123149.9413257,70,,,,,,,,,,,,,,,,,,3.969995304942131e-06,,,,,,,,,,,,,,,,,,,,,,,,,,
,3772,12719.216819756,1778123150.3080866,70,0.3662906480021775,,,,,,,,,,,,,,,,,,,,,,,,,,,,,,,,,,,,,,,,,,,
,3773,12719.395100778,1778123150.4861538,70,,,,,,,,,,,,,,,,,,,0.5446359109919285,,,,,,,,,,,,,,,,,,,,,,,,,
,3774,12720.536932304,1778123151.6280413,70,,,,,,,,,,,,,,,,,,3.493987605907023e-06,,,,,,,,,,,,,,,,,,,,,,,,,,
,3775,12720.914823884,1778123152.0059602,70,0.3775887399970088,,,,,,,,,,,,,,,,,,,,,,,,,,,,,,,,,,,,,,,,,,,
,3776,12721.077554224,1778123152.1685693,70,,,,,,,,,,,,,,,,,,,0.5403779149928596,,,,,,,,,,,,,,,,,,,,,,,,,
,3777,12722.159865042,1778123153.250946,70,,,,,,,,,,,,,,,,,,4.474990419112146e-06,,,,,,,,,,,,,,,,,,,,,,,,,,
,3778,12722.66759695,1778123153.7586405,70,0.5073477950063534,,,,,,,,,,,,,,,,,,,,,,,,,,,,,,,,,,,,,,,,,,,
,3779,12722.823306305,1778123153.9143941,70,,,,,,,,,,,,,,,,,,,0.6632997179985978,,,,,,,,,,,,,,,,,,,,,,,,,
,3780,12723.965936479,1778123155.0569513,70,,,,,,,,,,,,,,,,,,3.851993824355304e-06,,,,,,,,,,,,,,,,,,,,,,,,,,
,3781,12724.332771468,1778123155.4240282,70,0.36654509700019844,,,,,,,,,,,,,,,,,,,,,,,,,,,,,,,,,,,,,,,,,,,
,3782,12724.512257361,1778123155.6032095,70,,,,,,,,,,,,,,,,,,,0.5460506719973637,,,,,,,,,,,,,,,,,,,,,,,,,
,3783,12725.65256203,1778123156.7437015,70,,,,,,,,,,,,,,,,,,3.9439910324290395e-06,,,,,,,,,,,,,,,,,,,,,,,,,,
,3784,12726.021419833,1778123157.1126988,70,0.36858240800211206,,,,,,,,,,,,,,,,,,,,,,,,,,,,,,,,,,,,,,,,,,,
,3785,12726.192946948,1778123157.284057,70,,,,,,,,,,,,,,,,,,,0.5401437949913088,,,,,,,,,,,,,,,,,,,,,,,,,
,3786,12727.274542867,1778123158.3656127,70,,,,,,,,,,,,,,,,,,3.831009962595999e-06,,,,,,,,,,,,,,,,,,,,,,,,,,
,3787,12727.662393117,1778123158.7536378,70,0.3875470330094686,,,,,,,,,,,,,,,,,,,,,,,,,,,,,,,,,,,,,,,,,,,
,3788,12727.821011824,1778123158.9120283,70,,,,,,,,,,,,,,,,,,,0.5462519330030773,,,,,,,,,,,,,,,,,,,,,,,,,
,3789,12728.96231533,1778123160.053387,70,,,,,,,,,,,,,,,,,,4.191999323666096e-06,,,,,,,,,,,,,,,,,,,,,,,,,,
,3790,12729.356831431,1778123160.4477804,70,0.3939003440027591,,,,,,,,,,,,,,,,,,,,,,,,,,,,,,,,,,,,,,,,,,,
,3791,12729.506492339,1778123160.5973113,70,,,,,,,,,,,,,,,,,,,0.5437513939978089,,,,,,,,,,,,,,,,,,,,,,,,,
,3792,12730.646550938,1778123161.7377017,70,,,,,,,,,,,,,,,,,,4.303990863263607e-06,,,,,,,,,,,,,,,,,,,,,,,,,,
,3793,12731.017061389,1778123162.1080146,70,0.3698401330038905,,,,,,,,,,,,,,,,,,,,,,,,,,,,,,,,,,,,,,,,,,,
,3794,12731.188267859,1778123162.2793112,70,,,,,,,,,,,,,,,,,,,0.5414087289973395,,,,,,,,,,,,,,,,,,,,,,,,,
,3795,12732.322538332,1778123163.413551,70,,,,,,,,,,,,,,,,,,4.295987309888005e-06,,,,,,,,,,,,,,,,,,,,,,,,,,
,3796,12732.67361303,1778123163.7648227,70,0.3508266349963378,,,,,,,,,,,,,,,,,,,,,,,,,,,,,,,,,,,,,,,,,,,
,3797,12732.81601577,1778123163.9072237,70,,,,,,,,,,,,,,,,,,,0.4934749340027338,,,,,,,,,,,,,,,,,,,,,,,,,
,3798,12733.885294728,1778123164.9762836,70,,,,,,,,,,,,,,,,,,4.287008778192103e-06,,,,,,,,,,,,,,,,,,,,,,,,,,
,3799,12734.230129829,1778123165.3210754,70,0.34428445099911187,,,,,,,,,,,,,,,,,,,,,,,,,,,,,,,,,,,,,,,,,,,
,3800,12734.384215592,1778123165.4753635,70,,,,,,,,,,,,,,,,,,,0.49889266199897975,,,,,,,,,,,,,,,,,,,,,,,,,
,3801,12735.462898119,1778123166.553982,70,,,,,,,,,,,,,,,,,,3.7580030038952827e-06,,,,,,,,,,,,,,,,,,,,,,,,,,
,3802,12736.006842435,1778123167.0977788,70,0.5432518549932865,,,,,,,,,,,,,,,,,,,,,,,,,,,,,,,,,,,,,,,,,,,
,3803,12736.032706968,1778123167.1237035,70,,,,,,,,,,,,,,,,,,,0.5695161339972401,,,,,,,,,,,,,,,,,,,,,,,,,
,3804,12737.172885602,1778123168.2638555,70,,,,,,,,,,,,,,,,,,4.4339976739138365e-06,,,,,,,,,,,,,,,,,,,,,,,,,,
,3805,12737.51611015,1778123168.607193,70,0.34288489300524816,,,,,,,,,,,,,,,,,,,,,,,,,,,,,,,,,,,,,,,,,,,
,3806,12737.672010712,1778123168.763036,70,,,,,,,,,,,,,,,,,,,0.4989691219961969,,,,,,,,,,,,,,,,,,,,,,,,,
,3807,12738.747574636,1778123169.8385456,70,,,,,,,,,,,,,,,,,,8.935006917454302e-06,,,,,,,,,,,,,,,,,,,,,,,,,,
,3808,12739.137177939,1778123170.2282858,70,0.38924969200161286,,,,,,,,,,,,,,,,,,,,,,,,,,,,,,,,,,,,,,,,,,,
,3809,12739.288753916,1778123170.3797865,70,,,,,,,,,,,,,,,,,,,0.5410276569891721,,,,,,,,,,,,,,,,,,,,,,,,,
140.5874859070027,3810,12880.996189626,1778123312.0872276,70,,,,,,,,,,,,,,,,,,,,,,,,,,,,,,,,,,,,,,,,,,,,
,3811,12889.088104396,1778123320.1690688,70,8.037832988004084,,,,,,,,,,,,,,,,,,,,,,,,,,,,,,,,,,,,,,,,,,,
,3812,12889.84034198,1778123320.9315646,70,,0.0,0.0,0.0,0.0,0.0,0.0,0.015144792613604213,0.6086131409974769,0.0010685705234498046,0.0,0.024999999999999994,0.0625,0.0,0.0016599783461783615,0.052083333333333336,,,,,,,,,,,,,,,,,,,,,,,,,,,,
,3813,12889.840799964,1778123320.9320953,70,,,,,,,,,,,,,,,,,0.6092430129938293,,,,,,,,,,,,,,,,,,,,,,,,,,,
,3814,12889.84269978,1778123320.9339116,70,,,,,,,,,,,,,,,,,,149.43642175399873,,,,,,,,,,,,,,,,,,,,,,,,,,
,3815,12890.178315145,1778123321.2692888,70,0.33507764199748635,,,,,,,,,,,,,,,,,,,,,,,,,,,,,,,,,,,,,,,,,,,
,3816,12890.332457825,1778123321.4234152,70,,,,,,,,,,,,,,,,,,,0.4893312609929126,,,,,,,,,,,,,,,,,,,,,,,,,
,3817,12891.392088593,1778123322.4830441,70,,,,,,,,,,,,,,,,,,3.7800054997205734e-06,,,,,,,,,,,,,,,,,,,,,,,,,,
,3818,12891.730724208,1778123322.8218136,70,0.3383102450025035,,,,,,,,,,,,,,,,,,,,,,,,,,,,,,,,,,,,,,,,,,,
,3819,12891.886510866,1778123322.9776003,70,,,,,,,,,,,,,,,,,,,0.4943656219984405,,,,,,,,,,,,,,,,,,,,,,,,,
,3820,12892.955785062,1778123324.0468912,70,,,,,,,,,,,,,,,,,,3.474997356534004e-06,,,,,,,,,,,,,,,,,,,,,,,,,,
,3821,12893.311991151,1778123324.4031706,70,0.3558883380028419,,,,,,,,,,,,,,,,,,,,,,,,,,,,,,,,,,,,,,,,,,,
,3822,12893.450794794,1778123324.5416782,70,,,,,,,,,,,,,,,,,,,0.49460198399901856,,,,,,,,,,,,,,,,,,,,,,,,,
,3823,12894.517736238,1778123325.6088626,70,,,,,,,,,,,,,,,,,,4.107001586817205e-06,,,,,,,,,,,,,,,,,,,,,,,,,,
,3824,12894.893972342,1778123325.984939,70,0.3756480579904746,,,,,,,,,,,,,,,,,,,,,,,,,,,,,,,,,,,,,,,,,,,
,3825,12895.054692531,1778123326.1458623,70,,,,,,,,,,,,,,,,,,,0.5368007139913971,,,,,,,,,,,,,,,,,,,,,,,,,
,3826,12896.18264735,1778123327.2737958,70,,,,,,,,,,,,,,,,,,4.62500611320138e-06,,,,,,,,,,,,,,,,,,,,,,,,,,
,3827,12896.538615061,1778123327.6297443,70,0.35551899900019635,,,,,,,,,,,,,,,,,,,,,,,,,,,,,,,,,,,,,,,,,,,
,3828,12896.676493666,1778123327.7676156,70,,,,,,,,,,,,,,,,,,,0.4936424990009982,,,,,,,,,,,,,,,,,,,,,,,,,
,3829,12897.746716742,1778123328.8376827,70,,,,,,,,,,,,,,,,,,3.878012648783624e-06,,,,,,,,,,,,,,,,,,,,,,,,,,
,3830,12898.11276318,1778123329.2038858,70,0.3658253750036238,,,,,,,,,,,,,,,,,,,,,,,,,,,,,,,,,,,,,,,,,,,
,3831,12898.283255596,1778123329.374263,70,,,,,,,,,,,,,,,,,,,0.5364187270024559,,,,,,,,,,,,,,,,,,,,,,,,,
,3832,12899.408692966,1778123330.49982,70,,,,,,,,,,,,,,,,,,3.6980054574087262e-06,,,,,,,,,,,,,,,,,,,,,,,,,,
,3833,12899.943088262,1778123331.034148,70,0.5338885689998278,,,,,,,,,,,,,,,,,,,,,,,,,,,,,,,,,,,,,,,,,,,
,3834,12899.992185537,1778123331.0832686,70,,,,,,,,,,,,,,,,,,,0.583272374002263,,,,,,,,,,,,,,,,,,,,,,,,,
,3835,12901.120645695,1778123332.211589,70,,,,,,,,,,,,,,,,,,4.713991074822843e-06,,,,,,,,,,,,,,,,,,,,,,,,,,
,3836,12901.50879973,1778123332.5999093,70,0.3879247369914083,,,,,,,,,,,,,,,,,,,,,,,,,,,,,,,,,,,,,,,,,,,
,3837,12901.657340591,1778123332.748322,70,,,,,,,,,,,,,,,,,,,0.5365486460068496,,,,,,,,,,,,,,,,,,,,,,,,,
,3838,12902.782483794,1778123333.8736024,70,,,,,,,,,,,,,,,,,,3.7389982026070356e-06,,,,,,,,,,,,,,,,,,,,,,,,,,
,3839,12903.149340156,1778123334.2404625,70,0.3663178480055649,,,,,,,,,,,,,,,,,,,,,,,,,,,,,,,,,,,,,,,,,,,
,3840,12903.317799048,1778123334.4089296,70,,,,,,,,,,,,,,,,,,,0.5351831590087386,,,,,,,,,,,,,,,,,,,,,,,,,
,3841,12904.396819603,1778123335.487941,70,,,,,,,,,,,,,,,,,,4.435001756064594e-06,,,,,,,,,,,,,,,,,,,,,,,,,,
,3842,12904.743145402,1778123335.8342593,70,0.3458309439884033,,,,,,,,,,,,,,,,,,,,,,,,,,,,,,,,,,,,,,,,,,,
,3843,12904.885316208,1778123335.9763298,70,,,,,,,,,,,,,,,,,,,0.48821666699950583,,,,,,,,,,,,,,,,,,,,,,,,,
,3844,12905.948700224,1778123337.0397065,70,,,,,,,,,,,,,,,,,,4.262998118065298e-06,,,,,,,,,,,,,,,,,,,,,,,,,,
,3845,12906.313129371,1778123337.4042172,70,0.3639519570133416,,,,,,,,,,,,,,,,,,,,,,,,,,,,,,,,,,,,,,,,,,,
,3846,12906.485217762,1778123337.5763419,70,,,,,,,,,,,,,,,,,,,0.5363263209874276,,,,,,,,,,,,,,,,,,,,,,,,,
,3847,12907.612966277,1778123338.7038639,70,,,,,,,,,,,,,,,,,,3.917011781595647e-06,,,,,,,,,,,,,,,,,,,,,,,,,,
,3848,12907.988608682,1778123339.079717,70,0.3754235110100126,,,,,,,,,,,,,,,,,,,,,,,,,,,,,,,,,,,,,,,,,,,
,3849,12908.149147167,1778123339.2401712,70,,,,,,,,,,,,,,,,,,,0.5361253589944681,,,,,,,,,,,,,,,,,,,,,,,,,
,3850,12909.277334415,1778123340.3684437,70,,,,,,,,,,,,,,,,,,4.112996975891292e-06,,,,,,,,,,,,,,,,,,,,,,,,,,
,3851,12909.664322265,1778123340.7552958,70,0.3863574790011626,,,,,,,,,,,,,,,,,,,,,,,,,,,,,,,,,,,,,,,,,,,
,3852,12909.815446282,1778123340.9063926,70,,,,,,,,,,,,,,,,,,,0.5377355649980018,,,,,,,,,,,,,,,,,,,,,,,,,
,3853,12910.94030197,1778123342.0314054,70,,,,,,,,,,,,,,,,,,4.129004082642496e-06,,,,,,,,,,,,,,,,,,,,,,,,,,
,3854,12911.278994688,1778123342.3700798,70,0.33818343399616424,,,,,,,,,,,,,,,,,,,,,,,,,,,,,,,,,,,,,,,,,,,
,3855,12911.435695349,1778123342.5268035,70,,,,,,,,,,,,,,,,,,,0.49519221000082325,,,,,,,,,,,,,,,,,,,,,,,,,
,3856,12912.505457503,1778123343.5965533,70,,,,,,,,,,,,,,,,,,3.950990503653884e-06,,,,,,,,,,,,,,,,,,,,,,,,,,
,3857,12912.889263004,1778123343.9803674,70,0.3833235310012242,,,,,,,,,,,,,,,,,,,,,,,,,,,,,,,,,,,,,,,,,,,
,3858,12913.043006517,1778123344.1340125,70,,,,,,,,,,,,,,,,,,,0.5372744380001677,,,,,,,,,,,,,,,,,,,,,,,,,
,3859,12914.170888187,1778123345.2620175,70,,,,,,,,,,,,,,,,,,3.663008101284504e-06,,,,,,,,,,,,,,,,,,,,,,,,,,
,3860,12914.648440939,1778123345.7394338,70,0.47702243700041436,,,,,,,,,,,,,,,,,,,,,,,,,,,,,,,,,,,,,,,,,,,
,3861,12914.68585475,1778123345.7770002,70,,,,,,,,,,,,,,,,,,,0.5148009729891783,,,,,,,,,,,,,,,,,,,,,,,,,
140.65168901300058,3862,13056.44431883,1778123487.5354555,70,,,,,,,,,,,,,,,,,,,,,,,,,,,,,,,,,,,,,,,,,,,,
,3863,13064.520166133,1778123495.5959704,70,8.017105143997469,,,,,,,,,,,,,,,,,,,,,,,,,,,,,,,,,,,,,,,,,,,
,3864,13065.112737584,1778123496.2038019,70,,0.0,0.0,0.0,0.0,0.024999999999999994,0.0,0.017727183585135357,0.45445799799927045,0.0005771131419361562,0.0,0.024999999999999994,0.0625,0.0,0.0033288585415020802,0.0,,,,,,,,,,,,,,,,,,,,,,,,,,,,
,3865,13065.1131139,1778123496.2042475,70,,,,,,,,,,,,,,,,,0.4550241399992956,,,,,,,,,,,,,,,,,,,,,,,,,,,
,3866,13065.115020229,1778123496.2060544,70,,,,,,,,,,,,,,,,,,149.324416079995,,,,,,,,,,,,,,,,,,,,,,,,,,
,3867,13065.480186583,1778123496.571269,70,0.364986045009573,,,,,,,,,,,,,,,,,,,,,,,,,,,,,,,,,,,,,,,,,,,
,3868,13065.653366274,1778123496.74454,70,,,,,,,,,,,,,,,,,,,0.5383048490039073,,,,,,,,,,,,,,,,,,,,,,,,,
,3869,13066.773390208,1778123497.8645113,70,,,,,,,,,,,,,,,,,,3.626002580858767e-06,,,,,,,,,,,,,,,,,,,,,,,,,,
,3870,13067.157360261,1778123498.2481897,70,0.38327691800077446,,,,,,,,,,,,,,,,,,,,,,,,,,,,,,,,,,,,,,,,,,,
,3871,13067.306520484,1778123498.397739,70,,,,,,,,,,,,,,,,,,,0.5330456590018002,,,,,,,,,,,,,,,,,,,,,,,,,
,3872,13068.376342299,1778123499.4674637,70,,,,,,,,,,,,,,,,,,3.553999704308808e-06,,,,,,,,,,,,,,,,,,,,,,,,,,
,3873,13068.736835899,1778123499.8280146,70,0.3600366059981752,,,,,,,,,,,,,,,,,,,,,,,,,,,,,,,,,,,,,,,,,,,
,3874,13068.912191698,1778123500.0032601,70,,,,,,,,,,,,,,,,,,,0.5355928270000732,,,,,,,,,,,,,,,,,,,,,,,,,
,3875,13070.035557586,1778123501.126745,70,,,,,,,,,,,,,,,,,,3.854991518892348e-06,,,,,,,,,,,,,,,,,,,,,,,,,,
,3876,13070.409711172,1778123501.5008466,70,0.3736742719920585,,,,,,,,,,,,,,,,,,,,,,,,,,,,,,,,,,,,,,,,,,,
,3877,13070.569901522,1778123501.6609921,70,,,,,,,,,,,,,,,,,,,0.5340916349960025,,,,,,,,,,,,,,,,,,,,,,,,,
,3878,13071.690017254,1778123502.7810597,70,,,,,,,,,,,,,,,,,,4.054993041791022e-06,,,,,,,,,,,,,,,,,,,,,,,,,,
,3879,13072.075720594,1778123503.166847,70,0.3853919050015975,,,,,,,,,,,,,,,,,,,,,,,,,,,,,,,,,,,,,,,,,,,
,3880,13072.230069841,1778123503.3210664,70,,,,,,,,,,,,,,,,,,,0.5398414130031597,,,,,,,,,,,,,,,,,,,,,,,,,
,3881,13073.356504388,1778123504.4475543,70,,,,,,,,,,,,,,,,,,4.083005478605628e-06,,,,,,,,,,,,,,,,,,,,,,,,,,
,3882,13073.698658605,1778123504.7897701,70,0.3417579529923387,,,,,,,,,,,,,,,,,,,,,,,,,,,,,,,,,,,,,,,,,,,
,3883,13073.850768192,1778123504.941702,70,,,,,,,,,,,,,,,,,,,0.4939831369993044,,,,,,,,,,,,,,,,,,,,,,,,,
,3884,13074.914368471,1778123506.0053804,70,,,,,,,,,,,,,,,,,,3.6299898056313396e-06,,,,,,,,,,,,,,,,,,,,,,,,,,
,3885,13075.26890253,1778123506.3600235,70,0.35381864199007396,,,,,,,,,,,,,,,,,,,,,,,,,,,,,,,,,,,,,,,,,,,
,3886,13075.407969005,1778123506.4990344,70,,,,,,,,,,,,,,,,,,,0.4934469510044437,,,,,,,,,,,,,,,,,,,,,,,,,
,3887,13076.472368763,1778123507.5633829,70,,,,,,,,,,,,,,,,,,3.98399424739182e-06,,,,,,,,,,,,,,,,,,,,,,,,,,
,3888,13076.837071454,1778123507.9283383,70,0.3645608450024156,,,,,,,,,,,,,,,,,,,,,,,,,,,,,,,,,,,,,,,,,,,
,3889,13077.00790685,1778123508.0990028,70,,,,,,,,,,,,,,,,,,,0.5354412220040103,,,,,,,,,,,,,,,,,,,,,,,,,
,3890,13078.129159412,1778123509.2202485,70,,,,,,,,,,,,,,,,,,3.831999492831528e-06,,,,,,,,,,,,,,,,,,,,,,,,,,
,3891,13078.532005165,1778123509.623151,70,0.40253623900935054,,,,,,,,,,,,,,,,,,,,,,,,,,,,,,,,,,,,,,,,,,,
,3892,13078.662615658,1778123509.7536108,70,,,,,,,,,,,,,,,,,,,0.5332143180130515,,,,,,,,,,,,,,,,,,,,,,,,,
,3893,13079.727518068,1778123510.8187184,70,,,,,,,,,,,,,,,,,,4.240995622240007e-06,,,,,,,,,,,,,,,,,,,,,,,,,,
,3894,13080.0678879,1778123511.1590786,70,0.33999204699648544,,,,,,,,,,,,,,,,,,,,,,,,,,,,,,,,,,,,,,,,,,,
,3895,13080.220531906,1778123511.3117466,70,,,,,,,,,,,,,,,,,,,0.49287509100395255,,,,,,,,,,,,,,,,,,,,,,,,,
,3896,13081.286673407,1778123512.377625,70,,,,,,,,,,,,,,,,,,3.962995833717287e-06,,,,,,,,,,,,,,,,,,,,,,,,,,
,3897,13081.640183189,1778123512.73131,70,0.3532805340073537,,,,,,,,,,,,,,,,,,,,,,,,,,,,,,,,,,,,,,,,,,,
,3898,13081.773937343,1778123512.864933,70,,,,,,,,,,,,,,,,,,,0.48707033599202987,,,,,,,,,,,,,,,,,,,,,,,,,
,3899,13082.831480788,1778123513.922527,70,,,,,,,,,,,,,,,,,,4.403002094477415e-06,,,,,,,,,,,,,,,,,,,,,,,,,,
,3900,13083.205798334,1778123514.2970319,70,0.37412461001076736,,,,,,,,,,,,,,,,,,,,,,,,,,,,,,,,,,,,,,,,,,,
,3901,13083.366579495,1778123514.457664,70,,,,,,,,,,,,,,,,,,,0.5349636959872441,,,,,,,,,,,,,,,,,,,,,,,,,
,3902,13084.435065186,1778123515.5262077,70,,,,,,,,,,,,,,,,,,4.140005330555141e-06,,,,,,,,,,,,,,,,,,,,,,,,,,
,3903,13084.822998473,1778123515.9141245,70,0.3874666859919671,,,,,,,,,,,,,,,,,,,,,,,,,,,,,,,,,,,,,,,,,,,
,3904,13084.974909772,1778123516.0660193,70,,,,,,,,,,,,,,,,,,,0.5396101329970406,,,,,,,,,,,,,,,,,,,,,,,,,
,3905,13086.100057572,1778123517.1910682,70,,,,,,,,,,,,,,,,,,3.3859978429973125e-06,,,,,,,,,,,,,,,,,,,,,,,,,,
,3906,13086.458153725,1778123517.5494237,70,0.3580253359978087,,,,,,,,,,,,,,,,,,,,,,,,,,,,,,,,,,,,,,,,,,,
,3907,13086.63289649,1778123517.7238975,70,,,,,,,,,,,,,,,,,,,0.5326687000051606,,,,,,,,,,,,,,,,,,,,,,,,,
,3908,13087.752178588,1778123518.843255,70,,,,,,,,,,,,,,,,,,3.5949924495071173e-06,,,,,,,,,,,,,,,,,,,,,,,,,,
,3909,13088.096412607,1778123519.1876526,70,0.34396072100207675,,,,,,,,,,,,,,,,,,,,,,,,,,,,,,,,,,,,,,,,,,,
,3910,13088.244400239,1778123519.3354824,70,,,,,,,,,,,,,,,,,,,0.4919968659960432,,,,,,,,,,,,,,,,,,,,,,,,,
,3911,13089.311656352,1778123520.4026954,70,,,,,,,,,,,,,,,,,,4.406989319249988e-06,,,,,,,,,,,,,,,,,,,,,,,,,,
,3912,13089.642409515,1778123520.7336645,70,0.33057594401179813,,,,,,,,,,,,,,,,,,,,,,,,,,,,,,,,,,,,,,,,,,,
,3913,13089.799542955,1778123520.890658,70,,,,,,,,,,,,,,,,,,,0.4877795479987981,,,,,,,,,,,,,,,,,,,,,,,,,
,3914,13090.872521716,1778123521.9636245,75,,,,,,,,,,,,,,,,,,,,0.17834947232331616,0.0,28.733333587646484,0.06491329669952392,0.0,173.54934854579332,0.01935201305896044,1645824.0,0.0743470582194277,19.8,-0.009832851588726044,0.6787197589874268,224.6,0.0,4.953231659980613e-07,0.0,911.8625,0.0130117973629424,0.01935201305896044,0.6,46.6,0.8875,0.0,0.06491329446434975,1024.0
141.69389588799095,3915,13232.590742605,1778123663.6817133,75,,,,,,,,,,,,,,,,,,,,,,,,,,,,,,,,,,,,,,,,,,,,
,3916,13240.736076665,1778123671.8172143,75,8.091342511004768,,,,,,,,,,,,,,,,,,,,,,,,,,,,,,,,,,,,,,,,,,,
,3917,13241.506320686,1778123672.597448,75,,0.010517312440919246,0.0,0.0,0.0,0.1,0.0,0.03849575337984704,0.6327624889963772,0.0014429438512868526,0.0,0.075,0.125,0.0,0.025025200525903787,0.0872975380628442,,,,,,,,,,,,,,,,,,,,,,,,,,,,
,3918,13241.506726876,1778123672.5980365,75,,,,,,,,,,,,,,,,,0.6334705519984709,,,,,,,,,,,,,,,,,,,,,,,,,,,
,3919,13241.508935861,1778123672.6001291,75,,,,,,,,,,,,,,,,,,150.61468830300146,,,,,,,,,,,,,,,,,,,,,,,,,,
,3920,13241.88070208,1778123672.9719284,75,0.37140040399390273,,,,,,,,,,,,,,,,,,,,,,,,,,,,,,,,,,,,,,,,,,,
,3921,13242.054409637,1778123673.1455984,75,,,,,,,,,,,,,,,,,,,0.5452936859946931,,,,,,,,,,,,,,,,,,,,,,,,,
,3922,13243.19037234,1778123674.2815082,75,,,,,,,,,,,,,,,,,,4.772999091073871e-06,,,,,,,,,,,,,,,,,,,,,,,,,,
,3923,13243.637462609,1778123674.7286863,75,0.44669953899574466,,,,,,,,,,,,,,,,,,,,,,,,,,,,,,,,,,,,,,,,,,,
,3924,13243.812999363,1778123674.9042068,75,,,,,,,,,,,,,,,,,,,0.622491293004714,,,,,,,,,,,,,,,,,,,,,,,,,
,3925,13244.953367014,1778123676.0445638,75,,,,,,,,,,,,,,,,,,4.148998414166272e-06,,,,,,,,,,,,,,,,,,,,,,,,,,
,3926,13245.311064314,1778123676.4023092,75,0.35710533800011035,,,,,,,,,,,,,,,,,,,,,,,,,,,,,,,,,,,,,,,,,,,
,3927,13245.453094508,1778123676.544203,75,,,,,,,,,,,,,,,,,,,0.4994800599961309,,,,,,,,,,,,,,,,,,,,,,,,,
,3928,13246.530896638,1778123677.6219032,75,,,,,,,,,,,,,,,,,,4.129993612878025e-06,,,,,,,,,,,,,,,,,,,,,,,,,,
,3929,13246.881420866,1778123677.9724884,75,0.3501117139967391,,,,,,,,,,,,,,,,,,,,,,,,,,,,,,,,,,,,,,,,,,,
,3930,13247.026462627,1778123678.1175146,75,,,,,,,,,,,,,,,,,,,0.49538166700222064,,,,,,,,,,,,,,,,,,,,,,,,,
,3931,13248.099397622,1778123679.190476,75,,,,,,,,,,,,,,,,,,4.026005626656115e-06,,,,,,,,,,,,,,,,,,,,,,,,,,
,3932,13248.444225903,1778123679.535402,75,0.34427799099648837,,,,,,,,,,,,,,,,,,,,,,,,,,,,,,,,,,,,,,,,,,,
,3933,13248.593625734,1778123679.6848469,75,,,,,,,,,,,,,,,,,,,0.49418150799465366,,,,,,,,,,,,,,,,,,,,,,,,,
,3934,13249.665468705,1778123680.756639,75,,,,,,,,,,,,,,,,,,3.868000931106508e-06,,,,,,,,,,,,,,,,,,,,,,,,,,
,3935,13250.033211917,1778123681.124455,75,0.3673779270029627,,,,,,,,,,,,,,,,,,,,,,,,,,,,,,,,,,,,,,,,,,,
,3936,13250.208611376,1778123681.299733,75,,,,,,,,,,,,,,,,,,,0.5429070329992101,,,,,,,,,,,,,,,,,,,,,,,,,
,3937,13251.337883113,1778123682.4289997,75,,,,,,,,,,,,,,,,,,4.09600033890456e-06,,,,,,,,,,,,,,,,,,,,,,,,,,
,3938,13251.72793103,1778123682.819003,75,0.38933760100917425,,,,,,,,,,,,,,,,,,,,,,,,,,,,,,,,,,,,,,,,,,,
,3939,13251.884732215,1778123682.9757037,75,,,,,,,,,,,,,,,,,,,0.5465008440078236,,,,,,,,,,,,,,,,,,,,,,,,,
,3940,13253.021127538,1778123684.1120417,75,,,,,,,,,,,,,,,,,,3.692999598570168e-06,,,,,,,,,,,,,,,,,,,,,,,,,,
,3941,13253.394647229,1778123684.4857426,75,0.37332983399392106,,,,,,,,,,,,,,,,,,,,,,,,,,,,,,,,,,,,,,,,,,,
,3942,13253.568388326,1778123684.659475,75,,,,,,,,,,,,,,,,,,,0.5472276090004016,,,,,,,,,,,,,,,,,,,,,,,,,
,3943,13254.703761725,1778123685.7949622,75,,,,,,,,,,,,,,,,,,4.432993591763079e-06,,,,,,,,,,,,,,,,,,,,,,,,,,
,3944,13255.096095902,1778123686.187322,75,0.3919536920002429,,,,,,,,,,,,,,,,,,,,,,,,,,,,,,,,,,,,,,,,,,,
,3945,13255.249197722,1778123686.34042,75,,,,,,,,,,,,,,,,,,,0.5453044930036413,,,,,,,,,,,,,,,,,,,,,,,,,
,3946,13256.385768946,1778123687.4767206,75,,,,,,,,,,,,,,,,,,3.5709963412955403e-06,,,,,,,,,,,,,,,,,,,,,,,,,,
,3947,13256.881072034,1778123687.9722514,75,0.49529054400045425,,,,,,,,,,,,,,,,,,,,,,,,,,,,,,,,,,,,,,,,,,,
,3948,13256.953879572,1778123688.0449398,75,,,,,,,,,,,,,,,,,,,0.5680583069915883,,,,,,,,,,,,,,,,,,,,,,,,,
,3949,13258.085726901,1778123689.1767254,75,,,,,,,,,,,,,,,,,,4.661997081711888e-06,,,,,,,,,,,,,,,,,,,,,,,,,,
,3950,13258.481207975,1778123689.572449,75,0.3952726489951601,,,,,,,,,,,,,,,,,,,,,,,,,,,,,,,,,,,,,,,,,,,
,3951,13258.632494796,1778123689.7237308,75,,,,,,,,,,,,,,,,,,,0.5468415240029572,,,,,,,,,,,,,,,,,,,,,,,,,
,3952,13259.770010531,1778123690.8610144,75,,,,,,,,,,,,,,,,,,3.812005161307752e-06,,,,,,,,,,,,,,,,,,,,,,,,,,
,3953,13260.116850667,1778123691.20811,75,0.3468258560023969,,,,,,,,,,,,,,,,,,,,,,,,,,,,,,,,,,,,,,,,,,,
,3954,13260.267933863,1778123691.359014,75,,,,,,,,,,,,,,,,,,,0.4978373170015402,,,,,,,,,,,,,,,,,,,,,,,,,
,3955,13261.344168376,1778123692.4352899,75,,,,,,,,,,,,,,,,,,3.847002517431974e-06,,,,,,,,,,,,,,,,,,,,,,,,,,
,3956,13261.689185476,1778123692.7804134,75,0.34462708300270606,,,,,,,,,,,,,,,,,,,,,,,,,,,,,,,,,,,,,,,,,,,
,3957,13261.843971117,1778123692.9351199,75,,,,,,,,,,,,,,,,,,,0.4996225270006107,,,,,,,,,,,,,,,,,,,,,,,,,
,3958,13262.924550395,1778123694.0154881,75,,,,,,,,,,,,,,,,,,4.632995114661753e-06,,,,,,,,,,,,,,,,,,,,,,,,,,
,3959,13263.26588859,1778123694.3571231,75,0.34124805699684657,,,,,,,,,,,,,,,,,,,,,,,,,,,,,,,,,,,,,,,,,,,
,3960,13263.423310388,1778123694.514303,75,,,,,,,,,,,,,,,,,,,0.4985947329987539,,,,,,,,,,,,,,,,,,,,,,,,,
,3961,13264.503220042,1778123695.5942435,75,,,,,,,,,,,,,,,,,,3.849010681733489e-06,,,,,,,,,,,,,,,,,,,,,,,,,,
,3962,13264.848685382,1778123695.9399142,75,0.3452326870028628,,,,,,,,,,,,,,,,,,,,,,,,,,,,,,,,,,,,,,,,,,,
,3963,13265.002628935,1778123696.0937512,75,,,,,,,,,,,,,,,,,,,0.49931213099625893,,,,,,,,,,,,,,,,,,,,,,,,,
,3964,13266.08073538,1778123697.1719239,75,,,,,,,,,,,,,,,,,,3.7139980122447014e-06,,,,,,,,,,,,,,,,,,,,,,,,,,
,3965,13266.436779369,1778123697.5280354,75,0.3554830539942486,,,,,,,,,,,,,,,,,,,,,,,,,,,,,,,,,,,,,,,,,,,
,3966,13266.575641428,1778123697.6667314,75,,,,,,,,,,,,,,,,,,,0.4946585319994483,,,,,,,,,,,,,,,,,,,,,,,,,
141.46139556499838,3967,13409.14848459,1778123840.2394905,75,,,,,,,,,,,,,,,,,,,,,,,,,,,,,,,,,,,,,,,,,,,,
,3968,13417.193604681,1778123848.2746525,75,7.9923969819938065,,,,,,,,,,,,,,,,,,,,,,,,,,,,,,,,,,,,,,,,,,,
,3969,13417.844982585,1778123848.933367,75,,0.010517312440919246,0.0,0.0,0.0,0.0625,0.0,0.01836332007749191,0.4725582660030341,0.0028757509216273854,0.0,0.05,0.0625,0.0,0.02121397436534432,0.05952380952380952,,,,,,,,,,,,,,,,,,,,,,,,,,,,
,3970,13417.845215786,1778123848.9363244,75,,,,,,,,,,,,,,,,,0.4756191970082,,,,,,,,,,,,,,,,,,,,,,,,,,,
,3971,13417.847286091,1778123848.9384978,75,,,,,,,,,,,,,,,,,,150.16250303499692,,,,,,,,,,,,,,,,,,,,,,,,,,
,3972,13418.186066151,1778123849.2772303,75,0.3383438730088528,,,,,,,,,,,,,,,,,,,,,,,,,,,,,,,,,,,,,,,,,,,
,3973,13418.341858501,1778123849.4329693,75,,,,,,,,,,,,,,,,,,,0.49426591201336123,,,,,,,,,,,,,,,,,,,,,,,,,
,3974,13419.410974531,1778123850.5020244,75,,,,,,,,,,,,,,,,,,4.351997631601989e-06,,,,,,,,,,,,,,,,,,,,,,,,,,
,3975,13419.749249686,1778123850.8405378,75,0.3379610580013832,,,,,,,,,,,,,,,,,,,,,,,,,,,,,,,,,,,,,,,,,,,
,3976,13419.904440574,1778123850.9955344,75,,,,,,,,,,,,,,,,,,,0.49334407098649535,,,,,,,,,,,,,,,,,,,,,,,,,
,3977,13420.970765932,1778123852.0618646,75,,,,,,,,,,,,,,,,,,4.258006811141968e-06,,,,,,,,,,,,,,,,,,,,,,,,,,
,3978,13421.459821395,1778123852.550846,75,0.48843813900020905,,,,,,,,,,,,,,,,,,,,,,,,,,,,,,,,,,,,,,,,,,,
,3979,13421.559949797,1778123852.650951,75,,,,,,,,,,,,,,,,,,,0.5889292079955339,,,,,,,,,,,,,,,,,,,,,,,,,
,3980,13422.693165764,1778123853.7840605,75,,,,,,,,,,,,,,,,,,4.422006895765662e-06,,,,,,,,,,,,,,,,,,,,,,,,,,
,3981,13423.057756745,1778123854.1487575,75,0.36439956100366544,,,,,,,,,,,,,,,,,,,,,,,,,,,,,,,,,,,,,,,,,,,
,3982,13423.233905303,1778123854.3250072,75,,,,,,,,,,,,,,,,,,,0.5407628919929266,,,,,,,,,,,,,,,,,,,,,,,,,
,3983,13424.365549346,1778123855.4565732,75,,,,,,,,,,,,,,,,,,4.671004717238247e-06,,,,,,,,,,,,,,,,,,,,,,,,,,
,3984,13424.711766524,1778123855.8028228,75,0.34574152999266516,,,,,,,,,,,,,,,,,,,,,,,,,,,,,,,,,,,,,,,,,,,
,3985,13424.859972666,1778123855.950915,75,,,,,,,,,,,,,,,,,,,0.49413585499860346,,,,,,,,,,,,,,,,,,,,,,,,,
,3986,13425.925844157,1778123857.017004,75,,,,,,,,,,,,,,,,,,4.549990990199149e-06,,,,,,,,,,,,,,,,,,,,,,,,,,
,3987,13426.286173769,1778123857.3773062,75,0.35988396099128295,,,,,,,,,,,,,,,,,,,,,,,,,,,,,,,,,,,,,,,,,,,
,3988,13426.461685123,1778123857.5526652,75,,,,,,,,,,,,,,,,,,,0.5354738820024068,,,,,,,,,,,,,,,,,,,,,,,,,
,3989,13427.538804428,1778123858.629833,75,,,,,,,,,,,,,,,,,,3.798995749093592e-06,,,,,,,,,,,,,,,,,,,,,,,,,,
,3990,13427.884060293,1778123858.9751794,75,0.3448823469952913,,,,,,,,,,,,,,,,,,,,,,,,,,,,,,,,,,,,,,,,,,,
,3991,13428.032300338,1778123859.1233644,75,,,,,,,,,,,,,,,,,,,0.4933257520024199,,,,,,,,,,,,,,,,,,,,,,,,,
,3992,13429.099297524,1778123860.1903353,75,,,,,,,,,,,,,,,,,,3.612993168644607e-06,,,,,,,,,,,,,,,,,,,,,,,,,,
,3993,13429.493273781,1778123860.5843832,75,0.3936438039963832,,,,,,,,,,,,,,,,,,,,,,,,,,,,,,,,,,,,,,,,,,,
,3994,13429.641444297,1778123860.7325594,75,,,,,,,,,,,,,,,,,,,0.5420502560009481,,,,,,,,,,,,,,,,,,,,,,,,,
,3995,13430.772713952,1778123861.8637364,75,,,,,,,,,,,,,,,,,,3.951005055569112e-06,,,,,,,,,,,,,,,,,,,,,,,,,,
,3996,13431.11629543,1778123862.2075486,75,0.3433966400043573,,,,,,,,,,,,,,,,,,,,,,,,,,,,,,,,,,,,,,,,,,,
,3997,13431.267327591,1778123862.3582928,75,,,,,,,,,,,,,,,,,,,0.49434712099900935,,,,,,,,,,,,,,,,,,,,,,,,,
,3998,13432.333409355,1778123863.4244106,75,,,,,,,,,,,,,,,,,,3.735010977834463e-06,,,,,,,,,,,,,,,,,,,,,,,,,,
,3999,13432.668198058,1778123863.75939,75,0.33461760499631055,,,,,,,,,,,,,,,,,,,,,,,,,,,,,,,,,,,,,,,,,,,
,4000,13432.82860722,1778123863.9195707,75,,,,,,,,,,,,,,,,,,,0.4949777570000151,,,,,,,,,,,,,,,,,,,,,,,,,
,4001,13433.895307219,1778123864.9863348,75,,,,,,,,,,,,,,,,,,3.7049903767183423e-06,,,,,,,,,,,,,,,,,,,,,,,,,,
,4002,13434.26988051,1778123865.3610058,75,0.3743051339988597,,,,,,,,,,,,,,,,,,,,,,,,,,,,,,,,,,,,,,,,,,,
,4003,13434.430758341,1778123865.5219939,75,,,,,,,,,,,,,,,,,,,0.5354781640053261,,,,,,,,,,,,,,,,,,,,,,,,,
,4004,13435.557879381,1778123866.64892,75,,,,,,,,,,,,,,,,,,3.5709963412955403e-06,,,,,,,,,,,,,,,,,,,,,,,,,,
,4005,13435.969705534,1778123867.0607827,75,0.41146078098972794,,,,,,,,,,,,,,,,,,,,,,,,,,,,,,,,,,,,,,,,,,,
,4006,13436.120809594,1778123867.2117388,75,,,,,,,,,,,,,,,,,,,0.5626322509924648,,,,,,,,,,,,,,,,,,,,,,,,,
,4007,13437.252889519,1778123868.3438272,75,,,,,,,,,,,,,,,,,,4.3869949877262115e-06,,,,,,,,,,,,,,,,,,,,,,,,,,
,4008,13437.590796002,1778123868.6819286,75,0.33748223300790414,,,,,,,,,,,,,,,,,,,,,,,,,,,,,,,,,,,,,,,,,,,
,4009,13437.742435241,1778123868.8334103,75,,,,,,,,,,,,,,,,,,,0.4893890929961344,,,,,,,,,,,,,,,,,,,,,,,,,
,4010,13438.804748369,1778123869.8957188,75,,,,,,,,,,,,,,,,,,4.032001015730202e-06,,,,,,,,,,,,,,,,,,,,,,,,,,
,4011,13439.194209537,1778123870.2853224,75,0.3889258790004533,,,,,,,,,,,,,,,,,,,,,,,,,,,,,,,,,,,,,,,,,,,
,4012,13439.345022007,1778123870.4361613,75,,,,,,,,,,,,,,,,,,,0.5402434819989139,,,,,,,,,,,,,,,,,,,,,,,,,
,4013,13440.475170785,1778123871.5663075,75,,,,,,,,,,,,,,,,,,4.241010174155235e-06,,,,,,,,,,,,,,,,,,,,,,,,,,
,4014,13440.83991265,1778123871.931035,75,0.3643251600005897,,,,,,,,,,,,,,,,,,,,,,,,,,,,,,,,,,,,,,,,,,,
,4015,13441.015812052,1778123872.1067822,75,,,,,,,,,,,,,,,,,,,0.5402720989950467,,,,,,,,,,,,,,,,,,,,,,,,,
,4016,13442.148698595,1778123873.2397876,75,,,,,,,,,,,,,,,,,,4.336005076766014e-06,,,,,,,,,,,,,,,,,,,,,,,,,,
,4017,13442.496271084,1778123873.587342,75,0.3470897969964426,,,,,,,,,,,,,,,,,,,,,,,,,,,,,,,,,,,,,,,,,,,
,4018,13442.644476757,1778123873.7355502,75,,,,,,,,,,,,,,,,,,,0.49548815700109117,,,,,,,,,,,,,,,,,,,,,,,,,
139.21234912300133,4019,13582.963585603,1778124014.0546088,75,,,,,,,,,,,,,,,,,,,,,,,,,,,,,,,,,,,,,,,,,,,,
,4020,13590.832364659,1778124021.9185426,75,7.819127503011259,,,,,,,,,,,,,,,,,,,,,,,,,,,,,,,,,,,,,,,,,,,
,4021,13590.991780905,1778124022.0830688,75,,0.0,0.0,0.0,0.0,0.0,0.0,0.0,0.00171753199538216,0.0,0.0,0.0,0.0,0.0,0.0,0.0,,,,,,,,,,,,,,,,,,,,,,,,,,,,
,4022,13590.992127316,1778124022.0834637,75,,,,,,,,,,,,,,,,,0.0022319050040096045,,,,,,,,,,,,,,,,,,,,,,,,,,,
,4023,13590.993860409,1778124022.0851014,75,,,,,,,,,,,,,,,,,,147.24509840800602,,,,,,,,,,,,,,,,,,,,,,,,,,
,4024,13591.350541658,1778124022.4417925,75,0.35641593699983787,,,,,,,,,,,,,,,,,,,,,,,,,,,,,,,,,,,,,,,,,,,
,4025,13591.522610258,1778124022.6137044,75,,,,,,,,,,,,,,,,,,,0.5284400429954985,,,,,,,,,,,,,,,,,,,,,,,,,
,4026,13592.61654975,1778124023.7076805,75,,,,,,,,,,,,,,,,,,3.9430015021935105e-06,,,,,,,,,,,,,,,,,,,,,,,,,,
,4027,13592.995654617,1778124024.086779,75,0.3786363480030559,,,,,,,,,,,,,,,,,,,,,,,,,,,,,,,,,,,,,,,,,,,
,4028,13593.143932684,1778124024.234966,75,,,,,,,,,,,,,,,,,,,0.5270719480031403,,,,,,,,,,,,,,,,,,,,,,,,,
,4029,13594.239192254,1778124025.3301578,75,,,,,,,,,,,,,,,,,,4.268993507139385e-06,,,,,,,,,,,,,,,,,,,,,,,,,,
,4030,13594.594558142,1778124025.685693,75,0.35512438899604604,,,,,,,,,,,,,,,,,,,,,,,,,,,,,,,,,,,,,,,,,,,
,4031,13594.767703583,1778124025.8586342,75,,,,,,,,,,,,,,,,,,,0.5282452880055644,,,,,,,,,,,,,,,,,,,,,,,,,
,4032,13595.862069717,1778124026.9532375,75,,,,,,,,,,,,,,,,,,3.4910044632852077e-06,,,,,,,,,,,,,,,,,,,,,,,,,,
,4033,13596.197839763,1778124027.2890894,75,0.33548850199440494,,,,,,,,,,,,,,,,,,,,,,,,,,,,,,,,,,,,,,,,,,,
,4034,13596.342282549,1778124027.433435,75,,,,,,,,,,,,,,,,,,,0.48003075299493503,,,,,,,,,,,,,,,,,,,,,,,,,
,4035,13597.372444041,1778124028.4636173,75,,,,,,,,,,,,,,,,,,3.7740101106464863e-06,,,,,,,,,,,,,,,,,,,,,,,,,,
,4036,13597.812112242,1778124028.903304,75,0.43933675200969446,,,,,,,,,,,,,,,,,,,,,,,,,,,,,,,,,,,,,,,,,,,
,4037,13597.907588838,1778124028.998809,75,,,,,,,,,,,,,,,,,,,0.5350333850074094,,,,,,,,,,,,,,,,,,,,,,,,,
,4038,13598.942042201,1778124030.033207,75,,,,,,,,,,,,,,,,,,3.6470009945333004e-06,,,,,,,,,,,,,,,,,,,,,,,,,,
,4039,13599.31520814,1778124030.4064398,75,0.37287262399331667,,,,,,,,,,,,,,,,,,,,,,,,,,,,,,,,,,,,,,,,,,,
,4040,13599.469644471,1778124030.5607133,75,,,,,,,,,,,,,,,,,,,0.5273465409991331,,,,,,,,,,,,,,,,,,,,,,,,,
,4041,13600.560586878,1778124031.6516926,75,,,,,,,,,,,,,,,,,,3.8860016502439976e-06,,,,,,,,,,,,,,,,,,,,,,,,,,
,4042,13600.917055117,1778124032.008263,75,0.3560566760133952,,,,,,,,,,,,,,,,,,,,,,,,,,,,,,,,,,,,,,,,,,,
,4043,13601.090819697,1778124032.181915,75,,,,,,,,,,,,,,,,,,,0.5300010189966997,,,,,,,,,,,,,,,,,,,,,,,,,
,4044,13602.184581956,1778124033.2757094,75,,,,,,,,,,,,,,,,,,4.448011168278754e-06,,,,,,,,,,,,,,,,,,,,,,,,,,
,4045,13602.52395611,1778124033.6152143,75,0.3390388669940876,,,,,,,,,,,,,,,,,,,,,,,,,,,,,,,,,,,,,,,,,,,
,4046,13602.670647897,1778124033.7617319,75,,,,,,,,,,,,,,,,,,,0.4858513409999432,,,,,,,,,,,,,,,,,,,,,,,,,
,4047,13603.703737311,1778124034.794797,75,,,,,,,,,,,,,,,,,,4.2660103645175695e-06,,,,,,,,,,,,,,,,,,,,,,,,,,
,4048,13604.029247808,1778124035.1204917,75,0.32520864000252914,,,,,,,,,,,,,,,,,,,,,,,,,,,,,,,,,,,,,,,,,,,
,4049,13604.183579634,1778124035.2748015,75,,,,,,,,,,,,,,,,,,,0.47972813800151926,,,,,,,,,,,,,,,,,,,,,,,,,
,4050,13605.214180015,1778124036.3053544,75,,,,,,,,,,,,,,,,,,4.303001333028078e-06,,,,,,,,,,,,,,,,,,,,,,,,,,
,4051,13605.58892958,1778124036.6801715,75,0.3743222519988194,,,,,,,,,,,,,,,,,,,,,,,,,,,,,,,,,,,,,,,,,,,
,4052,13605.743995719,1778124036.8349738,75,,,,,,,,,,,,,,,,,,,0.5294490059895907,,,,,,,,,,,,,,,,,,,,,,,,,
,4053,13606.835967557,1778124037.927165,75,,,,,,,,,,,,,,,,,,4.408007953315973e-06,,,,,,,,,,,,,,,,,,,,,,,,,,
,4054,13607.183324969,1778124038.2745621,75,0.34703724199789576,,,,,,,,,,,,,,,,,,,,,,,,,,,,,,,,,,,,,,,,,,,
,4055,13607.315325544,1778124038.4063191,75,,,,,,,,,,,,,,,,,,,0.4790041489904979,,,,,,,,,,,,,,,,,,,,,,,,,
,4056,13608.346463119,1778124039.4376218,75,,,,,,,,,,,,,,,,,,3.6480050766840577e-06,,,,,,,,,,,,,,,,,,,,,,,,,,
,4057,13608.685608247,1778124039.7768614,75,0.3388546740025049,,,,,,,,,,,,,,,,,,,,,,,,,,,,,,,,,,,,,,,,,,,
,4058,13608.827026898,1778124039.918287,75,,,,,,,,,,,,,,,,,,,0.48047241001040675,,,,,,,,,,,,,,,,,,,,,,,,,
,4059,13609.857614186,1778124040.9486911,75,,,,,,,,,,,,,,,,,,4.807006916962564e-06,,,,,,,,,,,,,,,,,,,,,,,,,,
,4060,13610.21145895,1778124041.3027172,75,0.35367969900835305,,,,,,,,,,,,,,,,,,,,,,,,,,,,,,,,,,,,,,,,,,,
,4061,13610.384965848,1778124041.4759724,75,,,,,,,,,,,,,,,,,,,0.5271219689893769,,,,,,,,,,,,,,,,,,,,,,,,,
,4062,13611.477495214,1778124042.5686927,75,,,,,,,,,,,,,,,,,,3.922003088518977e-06,,,,,,,,,,,,,,,,,,,,,,,,,,
,4063,13611.907495786,1778124042.9986944,75,0.4296550849976484,,,,,,,,,,,,,,,,,,,,,,,,,,,,,,,,,,,,,,,,,,,
,4064,13612.001535767,1778124043.0926185,75,,,,,,,,,,,,,,,,,,,0.5237734609981999,,,,,,,,,,,,,,,,,,,,,,,,,
,4065,13613.031458272,1778124044.1226103,75,,,,,,,,,,,,,,,,,,4.454006557352841e-06,,,,,,,,,,,,,,,,,,,,,,,,,,
,4066,13613.388654129,1778124044.4798684,75,0.3568817960040178,,,,,,,,,,,,,,,,,,,,,,,,,,,,,,,,,,,,,,,,,,,
,4067,13613.561873799,1778124044.6528206,75,,,,,,,,,,,,,,,,,,,0.5300440110004274,,,,,,,,,,,,,,,,,,,,,,,,,
,4068,13614.657552239,1778124045.7486174,75,,,,,,,,,,,,,,,,,,3.6560086300596595e-06,,,,,,,,,,,,,,,,,,,,,,,,,,
,4069,13614.993814864,1778124046.0850651,75,0.3360976359981578,,,,,,,,,,,,,,,,,,,,,,,,,,,,,,,,,,,,,,,,,,,
,4070,13615.138512563,1778124046.2297442,75,,,,,,,,,,,,,,,,,,,0.4809541970025748,,,,,,,,,,,,,,,,,,,,,,,,,
139.98810140500427,4071,13756.196735531,1778124187.287741,75,,,,,,,,,,,,,,,,,,,,,,,,,,,,,,,,,,,,,,,,,,,,
,4072,13764.158949743,1778124195.234939,75,7.902100028004497,,,,,,,,,,,,,,,,,,,,,,,,,,,,,,,,,,,,,,,,,,,
,4073,13764.610124849,1778124195.701132,75,,0.0,0.0,0.0,0.0,0.0,0.0,0.0,0.29932133900001645,0.0008352194987659595,0.0,0.0,0.0,0.0,0.0,0.0,,,,,,,,,,,,,,,,,,,,,,,,,,,,
,4074,13764.610542057,1778124195.7016869,75,,,,,,,,,,,,,,,,,0.29997990099946037,,,,,,,,,,,,,,,,,,,,,,,,,,,
,4075,13764.612290726,1778124195.7034059,75,,,,,,,,,,,,,,,,,,148.40624414299964,,,,,,,,,,,,,,,,,,,,,,,,,,
,4076,13764.980667582,1778124196.0719042,75,0.3682296509941807,,,,,,,,,,,,,,,,,,,,,,,,,,,,,,,,,,,,,,,,,,,
,4077,13765.155241013,1778124196.246432,75,,,,,,,,,,,,,,,,,,,0.542824214004213,,,,,,,,,,,,,,,,,,,,,,,,,
,4078,13766.266782842,1778124197.357855,75,,,,,,,,,,,,,,,,,,3.994995495304465e-06,,,,,,,,,,,,,,,,,,,,,,,,,,
,4079,13766.648867582,1778124197.740094,75,0.3818391530076042,,,,,,,,,,,,,,,,,,,,,,,,,,,,,,,,,,,,,,,,,,,
,4080,13766.797688214,1778124197.8887928,75,,,,,,,,,,,,,,,,,,,0.5307635250064777,,,,,,,,,,,,,,,,,,,,,,,,,
,4081,13767.904167631,1778124198.9952896,75,,,,,,,,,,,,,,,,,,4.019006155431271e-06,,,,,,,,,,,,,,,,,,,,,,,,,,
,4082,13768.263016768,1778124199.3542178,75,0.35840215400094166,,,,,,,,,,,,,,,,,,,,,,,,,,,,,,,,,,,,,,,,,,,
,4083,13768.438330465,1778124199.5292494,75,,,,,,,,,,,,,,,,,,,0.5337760620022891,,,,,,,,,,,,,,,,,,,,,,,,,
,4084,13769.552563488,1778124200.6437383,75,,,,,,,,,,,,,,,,,,4.35599940828979e-06,,,,,,,,,,,,,,,,,,,,,,,,,,
,4085,13769.923159473,1778124201.014359,75,0.3701286170107778,,,,,,,,,,,,,,,,,,,,,,,,,,,,,,,,,,,,,,,,,,,
,4086,13770.082026858,1778124201.1732798,75,,,,,,,,,,,,,,,,,,,0.5293683449999662,,,,,,,,,,,,,,,,,,,,,,,,,
,4087,13771.187553754,1778124202.2785912,75,,,,,,,,,,,,,,,,,,4.124012775719166e-06,,,,,,,,,,,,,,,,,,,,,,,,,,
,4088,13771.569178752,1778124202.6604366,75,0.3814049229986267,,,,,,,,,,,,,,,,,,,,,,,,,,,,,,,,,,,,,,,,,,,
,4089,13771.721560483,1778124202.8125625,75,,,,,,,,,,,,,,,,,,,0.533781585007091,,,,,,,,,,,,,,,,,,,,,,,,,
,4090,13772.83392959,1778124203.9249659,75,,,,,,,,,,,,,,,,,,3.8099969970062375e-06,,,,,,,,,,,,,,,,,,,,,,,,,,
,4091,13773.165747059,1778124204.2569733,75,0.3316327250067843,,,,,,,,,,,,,,,,,,,,,,,,,,,,,,,,,,,,,,,,,,,
,4092,13773.32184991,1778124204.4129732,75,,,,,,,,,,,,,,,,,,,0.48781142200459726,,,,,,,,,,,,,,,,,,,,,,,,,
,4093,13774.375706917,1778124205.4667726,75,,,,,,,,,,,,,,,,,,4.675996024161577e-06,,,,,,,,,,,,,,,,,,,,,,,,,,
,4094,13774.860132678,1778124205.9513288,75,0.4841909270035103,,,,,,,,,,,,,,,,,,,,,,,,,,,,,,,,,,,,,,,,,,,
,4095,13774.908944689,1778124206.0000443,75,,,,,,,,,,,,,,,,,,,0.533095411999966,,,,,,,,,,,,,,,,,,,,,,,,,
,4096,13775.962458937,1778124207.053574,75,,,,,,,,,,,,,,,,,,4.0099985199049115e-06,,,,,,,,,,,,,,,,,,,,,,,,,,
,4097,13776.303822609,1778124207.395025,75,0.34098218999861274,,,,,,,,,,,,,,,,,,,,,,,,,,,,,,,,,,,,,,,,,,,
,4098,13776.450903953,1778124207.5420108,75,,,,,,,,,,,,,,,,,,,0.4882382579962723,,,,,,,,,,,,,,,,,,,,,,,,,
,4099,13777.504474914,1778124208.5955474,75,,,,,,,,,,,,,,,,,,3.96599352825433e-06,,,,,,,,,,,,,,,,,,,,,,,,,,
,4100,13777.834172998,1778124208.925302,75,0.32927965599810705,,,,,,,,,,,,,,,,,,,,,,,,,,,,,,,,,,,,,,,,,,,
,4101,13777.991066202,1778124209.08203,75,,,,,,,,,,,,,,,,,,,0.48631781199947,,,,,,,,,,,,,,,,,,,,,,,,,
,4102,13779.041333196,1778124210.132373,75,,,,,,,,,,,,,,,,,,3.659995854832232e-06,,,,,,,,,,,,,,,,,,,,,,,,,,
,4103,13779.387410566,1778124210.4786685,75,0.34591559099499136,,,,,,,,,,,,,,,,,,,,,,,,,,,,,,,,,,,,,,,,,,,
,4104,13779.529246182,1778124210.6202972,75,,,,,,,,,,,,,,,,,,,0.48775948700495064,,,,,,,,,,,,,,,,,,,,,,,,,
,4105,13780.581855474,1778124211.672903,75,,,,,,,,,,,,,,,,,,3.702007234096527e-06,,,,,,,,,,,,,,,,,,,,,,,,,,
,4106,13780.942720052,1778124212.0339665,75,0.36054784699808806,,,,,,,,,,,,,,,,,,,,,,,,,,,,,,,,,,,,,,,,,,,
,4107,13781.112976872,1778124212.2040687,75,,,,,,,,,,,,,,,,,,,0.5309710689907661,,,,,,,,,,,,,,,,,,,,,,,,,
,4108,13782.221900992,1778124213.3129842,75,,,,,,,,,,,,,,,,,,4.29300416726619e-06,,,,,,,,,,,,,,,,,,,,,,,,,,
,4109,13782.595469762,1778124213.6867464,75,0.3734193379932549,,,,,,,,,,,,,,,,,,,,,,,,,,,,,,,,,,,,,,,,,,,
,4110,13782.756198495,1778124213.8471768,75,,,,,,,,,,,,,,,,,,,0.5340397839900106,,,,,,,,,,,,,,,,,,,,,,,,,
,4111,13783.867117855,1778124214.9581664,75,,,,,,,,,,,,,,,,,,3.987996024079621e-06,,,,,,,,,,,,,,,,,,,,,,,,,,
,4112,13784.253246554,1778124215.344394,75,0.38573876000009477,,,,,,,,,,,,,,,,,,,,,,,,,,,,,,,,,,,,,,,,,,,
,4113,13784.4015658,1778124215.4925613,75,,,,,,,,,,,,,,,,,,,0.5341985900013242,,,,,,,,,,,,,,,,,,,,,,,,,
,4114,13785.513895303,1778124216.6050327,75,,,,,,,,,,,,,,,,,,3.7600111681967974e-06,,,,,,,,,,,,,,,,,,,,,,,,,,
,4115,13785.847379303,1778124216.9382687,75,0.33243950200267136,,,,,,,,,,,,,,,,,,,,,,,,,,,,,,,,,,,,,,,,,,,
,4116,13785.999073707,1778124217.0900364,75,,,,,,,,,,,,,,,,,,,0.4847739719989477,,,,,,,,,,,,,,,,,,,,,,,,,
,4117,13787.049586423,1778124218.1406844,75,,,,,,,,,,,,,,,,,,4.093002644367516e-06,,,,,,,,,,,,,,,,,,,,,,,,,,
,4118,13787.398775867,1778124218.4900074,75,0.34861530900525395,,,,,,,,,,,,,,,,,,,,,,,,,,,,,,,,,,,,,,,,,,,
,4119,13787.535048303,1778124218.626015,75,,,,,,,,,,,,,,,,,,,0.485089293011697,,,,,,,,,,,,,,,,,,,,,,,,,
,4120,13788.584242596,1778124219.6752415,75,,,,,,,,,,,,,,,,,,3.995999577455223e-06,,,,,,,,,,,,,,,,,,,,,,,,,,
,4121,13789.07843821,1778124220.1694863,75,0.4937930320011219,,,,,,,,,,,,,,,,,,,,,,,,,,,,,,,,,,,,,,,,,,,
,4122,13789.121168786,1778124220.212281,75,,,,,,,,,,,,,,,,,,,0.5368591699952958,,,,,,,,,,,,,,,,,,,,,,,,,
141.46666672299034,4123,13931.682719882,1778124362.773797,75,,,,,,,,,,,,,,,,,,,,,,,,,,,,,,,,,,,,,,,,,,,,
,4124,13939.822922496,1778124370.903906,75,8.086427132002427,,,,,,,,,,,,,,,,,,,,,,,,,,,,,,,,,,,,,,,,,,,
,4125,13940.324931921,1778124371.416002,75,,0.05004590983717424,0.0,0.0,0.0,0.04375,0.0,0.032101026236616224,0.3624613640131429,0.0008275739175218734,0.0,0.049999999999999996,0.0625,0.0,0.009344831716450269,0.029157042564726357,,,,,,,,,,,,,,,,,,,,,,,,,,,,
,4126,13940.32524528,1778124371.416465,75,,,,,,,,,,,,,,,,,0.36303141999815125,,,,,,,,,,,,,,,,,,,,,,,,,,,
,4127,13940.327575442,1778124371.418644,75,,,,,,,,,,,,,,,,,,150.1141975549981,,,,,,,,,,,,,,,,,,,,,,,,,,
,4128,13940.681474568,1778124371.7725956,75,0.3537148360046558,,,,,,,,,,,,,,,,,,,,,,,,,,,,,,,,,,,,,,,,,,,
,4129,13940.834536513,1778124371.9255567,75,,,,,,,,,,,,,,,,,,,0.5067206020030426,,,,,,,,,,,,,,,,,,,,,,,,,
,4130,13941.906442264,1778124372.9975083,75,,,,,,,,,,,,,,,,,,4.666988388635218e-06,,,,,,,,,,,,,,,,,,,,,,,,,,
,4131,13942.251746036,1778124373.3428268,75,0.3447429679945344,,,,,,,,,,,,,,,,,,,,,,,,,,,,,,,,,,,,,,,,,,,
,4132,13942.401571161,1778124373.4926615,75,,,,,,,,,,,,,,,,,,,0.4949414240109036,,,,,,,,,,,,,,,,,,,,,,,,,
,4133,13943.474167375,1778124374.5652282,75,,,,,,,,,,,,,,,,,,4.036992322653532e-06,,,,,,,,,,,,,,,,,,,,,,,,,,
,4134,13943.815049272,1778124374.9061012,75,0.3402924130059546,,,,,,,,,,,,,,,,,,,,,,,,,,,,,,,,,,,,,,,,,,,
,4135,13943.968987244,1778124375.060033,75,,,,,,,,,,,,,,,,,,,0.4946239700075239,,,,,,,,,,,,,,,,,,,,,,,,,
,4136,13945.039919145,1778124376.1310103,75,,,,,,,,,,,,,,,,,,3.851993824355304e-06,,,,,,,,,,,,,,,,,,,,,,,,,,
,4137,13945.37635359,1778124376.4673474,75,0.3357729060080601,,,,,,,,,,,,,,,,,,,,,,,,,,,,,,,,,,,,,,,,,,,
,4138,13945.535185142,1778124376.6261466,75,,,,,,,,,,,,,,,,,,,0.4949097460048506,,,,,,,,,,,,,,,,,,,,,,,,,
,4139,13946.608351987,1778124377.6991785,75,,,,,,,,,,,,,,,,,,4.03700687456876e-06,,,,,,,,,,,,,,,,,,,,,,,,,,
,4140,13946.939916889,1778124378.030897,75,0.3314939669944579,,,,,,,,,,,,,,,,,,,,,,,,,,,,,,,,,,,,,,,,,,,
,4141,13947.106437765,1778124378.1972616,75,,,,,,,,,,,,,,,,,,,0.49792912400153,,,,,,,,,,,,,,,,,,,,,,,,,
,4142,13948.182248287,1778124379.2732315,75,,,,,,,,,,,,,,,,,,4.547997377812862e-06,,,,,,,,,,,,,,,,,,,,,,,,,,
,4143,13948.541716892,1778124379.632596,75,0.35887857600755524,,,,,,,,,,,,,,,,,,,,,,,,,,,,,,,,,,,,,,,,,,,
,4144,13948.681290497,1778124379.772316,75,,,,,,,,,,,,,,,,,,,0.4988904170022579,,,,,,,,,,,,,,,,,,,,,,,,,
,4145,13949.759944616,1778124380.850927,75,,,,,,,,,,,,,,,,,,4.197005182504654e-06,,,,,,,,,,,,,,,,,,,,,,,,,,
,4146,13950.144806217,1778124381.2359726,75,0.38454263799940236,,,,,,,,,,,,,,,,,,,,,,,,,,,,,,,,,,,,,,,,,,,
,4147,13950.306924503,1778124381.397935,75,,,,,,,,,,,,,,,,,,,0.5468117190030171,,,,,,,,,,,,,,,,,,,,,,,,,
,4148,13951.447101329,1778124382.5381207,75,,,,,,,,,,,,,,,,,,4.542001988738775e-06,,,,,,,,,,,,,,,,,,,,,,,,,,
,4149,13951.813346714,1778124382.9043422,75,0.36579185399750713,,,,,,,,,,,,,,,,,,,,,,,,,,,,,,,,,,,,,,,,,,,
,4150,13951.993877978,1778124383.0848804,75,,,,,,,,,,,,,,,,,,,0.5465770379960304,,,,,,,,,,,,,,,,,,,,,,,,,
,4151,13953.138835524,1778124384.2298136,75,,,,,,,,,,,,,,,,,,4.2470055632293224e-06,,,,,,,,,,,,,,,,,,,,,,,,,,
,4152,13953.654759766,1778124384.7456782,75,0.5153642279910855,,,,,,,,,,,,,,,,,,,,,,,,,,,,,,,,,,,,,,,,,,,
,4153,13953.731197239,1778124384.8221796,75,,,,,,,,,,,,,,,,,,,0.5921626600029413,,,,,,,,,,,,,,,,,,,,,,,,,
,4154,13954.862840063,1778124385.9538233,75,,,,,,,,,,,,,,,,,,4.019006155431271e-06,,,,,,,,,,,,,,,,,,,,,,,,,,
,4155,13955.239343994,1778124386.3302748,75,0.3759543400083203,,,,,,,,,,,,,,,,,,,,,,,,,,,,,,,,,,,,,,,,,,,
,4156,13955.408571061,1778124386.4994285,75,,,,,,,,,,,,,,,,,,,0.5453972560062539,,,,,,,,,,,,,,,,,,,,,,,,,
,4157,13956.549381936,1778124387.640521,75,,,,,,,,,,,,,,,,,,4.030996933579445e-06,,,,,,,,,,,,,,,,,,,,,,,,,,
,4158,13956.908172621,1778124387.9991567,75,0.35824172499997076,,,,,,,,,,,,,,,,,,,,,,,,,,,,,,,,,,,,,,,,,,,
,4159,13957.047591716,1778124388.13856,75,,,,,,,,,,,,,,,,,,,0.4978540099982638,,,,,,,,,,,,,,,,,,,,,,,,,
,4160,13958.120654667,1778124389.2117019,75,,,,,,,,,,,,,,,,,,4.2199972085654736e-06,,,,,,,,,,,,,,,,,,,,,,,,,,
,4161,13958.507255314,1778124389.5983124,75,0.38615208699775394,,,,,,,,,,,,,,,,,,,,,,,,,,,,,,,,,,,,,,,,,,,
,4162,13958.66689798,1778124389.7578967,75,,,,,,,,,,,,,,,,,,,0.5459911030047806,,,,,,,,,,,,,,,,,,,,,,,,,
,4163,13959.802744251,1778124390.8938465,75,,,,,,,,,,,,,,,,,,4.2760075302794576e-06,,,,,,,,,,,,,,,,,,,,,,,,,,
,4164,13960.169559829,1778124391.2606866,75,0.3662977299973136,,,,,,,,,,,,,,,,,,,,,,,,,,,,,,,,,,,,,,,,,,,
,4165,13960.348492856,1778124391.4395967,75,,,,,,,,,,,,,,,,,,,0.5455360339983599,,,,,,,,,,,,,,,,,,,,,,,,,
,4166,13961.486998087,1778124392.57811,75,,,,,,,,,,,,,,,,,,4.071000148542225e-06,,,,,,,,,,,,,,,,,,,,,,,,,,
,4167,13961.84096574,1778124392.9319158,75,0.35326917900238186,,,,,,,,,,,,,,,,,,,,,,,,,,,,,,,,,,,,,,,,,,,
,4168,13961.985831336,1778124393.0769367,75,,,,,,,,,,,,,,,,,,,0.4986661839939188,,,,,,,,,,,,,,,,,,,,,,,,,
,4169,13963.062353055,1778124394.1532907,75,,,,,,,,,,,,,,,,,,3.508990630507469e-06,,,,,,,,,,,,,,,,,,,,,,,,,,
,4170,13963.445450515,1778124394.5365136,75,0.38280459299858194,,,,,,,,,,,,,,,,,,,,,,,,,,,,,,,,,,,,,,,,,,,
,4171,13963.609594453,1778124394.7005274,75,,,,,,,,,,,,,,,,,,,0.5470791870029643,,,,,,,,,,,,,,,,,,,,,,,,,
,4172,13964.750619278,1778124395.8416133,75,,,,,,,,,,,,,,,,,,3.4890108508989215e-06,,,,,,,,,,,,,,,,,,,,,,,,,,
,4173,13965.116287022,1778124396.2073858,75,0.36526949000835884,,,,,,,,,,,,,,,,,,,,,,,,,,,,,,,,,,,,,,,,,,,
,4174,13965.296586774,1778124396.3877637,75,,,,,,,,,,,,,,,,,,,0.5459391750046052,,,,,,,,,,,,,,,,,,,,,,,,,
,4175,13966.452646774,1778124397.5437293,80,,,,,,,,,,,,,,,,,,,,0.02865212655160576,0.0,21.0,0.05926442795316689,0.0,172.81978509439796,0.01705359010156826,1757961.0,11.277042492557666,21.0,0.4468829154968262,39.38580322265625,840.2,0.0,4.94672139897172e-07,0.0,1012.5125,0.013879250520471894,0.01705359010156826,0.6,21.0,0.9875,0.0,0.05926442943746224,1024.0
139.26113543300016,4176,14105.737783983,1778124536.828839,80,,,,,,,,,,,,,,,,,,,,,,,,,,,,,,,,,,,,,,,,,,,,
,4177,14113.702645656,1778124544.7835715,80,7.910654720995808,,,,,,,,,,,,,,,,,,,,,,,,,,,,,,,,,,,,,,,,,,,
,4178,14113.877381723,1778124544.9684076,80,,0.0,0.0,0.0,0.0,0.0,0.0,0.0,0.001349478989141062,0.0,0.0,0.0,0.0,0.0,0.0,0.0,,,,,,,,,,,,,,,,,,,,,,,,,,,,
,4179,14113.87754583,1778124544.968884,80,,,,,,,,,,,,,,,,,0.0019268570031272247,,,,,,,,,,,,,,,,,,,,,,,,,,,
,4180,14113.87932209,1778124544.9705198,80,,,,,,,,,,,,,,,,,,147.40508877100365,,,,,,,,,,,,,,,,,,,,,,,,,,
,4181,14114.241201593,1778124545.3322954,80,0.36136797499784734,,,,,,,,,,,,,,,,,,,,,,,,,,,,,,,,,,,,,,,,,,,
,4182,14114.416260315,1778124545.507394,80,,,,,,,,,,,,,,,,,,,0.5367034410010092,,,,,,,,,,,,,,,,,,,,,,,,,
,4183,14115.536111664,1778124546.6272323,80,,,,,,,,,,,,,,,,,,4.289991920813918e-06,,,,,,,,,,,,,,,,,,,,,,,,,,
,4184,14116.018632259,1778124547.1096935,80,0.48203314999409486,,,,,,,,,,,,,,,,,,,,,,,,,,,,,,,,,,,,,,,,,,,
,4185,14116.123503149,1778124547.214526,80,,,,,,,,,,,,,,,,,,,0.587089370994363,,,,,,,,,,,,,,,,,,,,,,,,,
,4186,14117.243751175,1778124548.3346589,80,,,,,,,,,,,,,,,,,,3.6240089684724808e-06,,,,,,,,,,,,,,,,,,,,,,,,,,
,4187,14117.579277738,1778124548.6703532,80,0.33530692699423525,,,,,,,,,,,,,,,,,,,,,,,,,,,,,,,,,,,,,,,,,,,
,4188,14117.730297016,1778124548.8212986,80,,,,,,,,,,,,,,,,,,,0.4864602229936281,,,,,,,,,,,,,,,,,,,,,,,,,
,4189,14118.787885289,1778124549.8790028,80,,,,,,,,,,,,,,,,,,4.0800077840685844e-06,,,,,,,,,,,,,,,,,,,,,,,,,,
,4190,14119.171624524,1778124550.2627146,80,0.38335779700719286,,,,,,,,,,,,,,,,,,,,,,,,,,,,,,,,,,,,,,,,,,,
,4191,14119.320994058,1778124550.4121218,80,,,,,,,,,,,,,,,,,,,0.5329136069922242,,,,,,,,,,,,,,,,,,,,,,,,,
,4192,14120.438173859,1778124551.529242,80,,,,,,,,,,,,,,,,,,3.844004822894931e-06,,,,,,,,,,,,,,,,,,,,,,,,,,
,4193,14120.775756508,1778124551.8668852,80,0.33714206199510954,,,,,,,,,,,,,,,,,,,,,,,,,,,,,,,,,,,,,,,,,,,
,4194,14120.930500767,1778124552.02152,80,,,,,,,,,,,,,,,,,,,0.4920028659980744,,,,,,,,,,,,,,,,,,,,,,,,,
,4195,14121.99125951,1778124553.0823646,80,,,,,,,,,,,,,,,,,,4.765999619849026e-06,,,,,,,,,,,,,,,,,,,,,,,,,,
,4196,14122.37459292,1778124553.4657197,80,0.38286532000347506,,,,,,,,,,,,,,,,,,,,,,,,,,,,,,,,,,,,,,,,,,,
,4197,14122.527614402,1778124553.6188493,80,,,,,,,,,,,,,,,,,,,0.5362948109977879,,,,,,,,,,,,,,,,,,,,,,,,,
,4198,14123.649986146,1778124554.7411294,80,,,,,,,,,,,,,,,,,,4.084999090991914e-06,,,,,,,,,,,,,,,,,,,,,,,,,,
,4199,14124.016986673,1778124555.107954,80,0.36628216700046323,,,,,,,,,,,,,,,,,,,,,,,,,,,,,,,,,,,,,,,,,,,
,4200,14124.180088671,1778124555.2711735,80,,,,,,,,,,,,,,,,,,,0.5298514519963646,,,,,,,,,,,,,,,,,,,,,,,,,
,4201,14125.297427862,1778124556.3881323,80,,,,,,,,,,,,,,,,,,9.71200643107295e-06,,,,,,,,,,,,,,,,,,,,,,,,,,
,4202,14125.664602665,1778124556.755654,80,0.36648886199691333,,,,,,,,,,,,,,,,,,,,,,,,,,,,,,,,,,,,,,,,,,,
,4203,14125.83369345,1778124556.9247994,80,,,,,,,,,,,,,,,,,,,0.5362644279957749,,,,,,,,,,,,,,,,,,,,,,,,,
,4204,14126.950474924,1778124558.0415664,80,,,,,,,,,,,,,,,,,,4.0339946281164885e-06,,,,,,,,,,,,,,,,,,,,,,,,,,
,4205,14127.328110368,1778124558.419106,80,0.3770290440006647,,,,,,,,,,,,,,,,,,,,,,,,,,,,,,,,,,,,,,,,,,,
,4206,14127.483076355,1778124558.5740316,80,,,,,,,,,,,,,,,,,,,0.532230996992439,,,,,,,,,,,,,,,,,,,,,,,,,
,4207,14128.545888937,1778124559.6369958,80,,,,,,,,,,,,,,,,,,3.879002179019153e-06,,,,,,,,,,,,,,,,,,,,,,,,,,
,4208,14128.879181767,1778124559.9702377,80,0.33280810600263067,,,,,,,,,,,,,,,,,,,,,,,,,,,,,,,,,,,,,,,,,,,
,4209,14129.037648238,1778124560.1287513,80,,,,,,,,,,,,,,,,,,,0.4915693749935599,,,,,,,,,,,,,,,,,,,,,,,,,
,4210,14130.099268343,1778124561.1904495,80,,,,,,,,,,,,,,,,,,4.606001311913133e-06,,,,,,,,,,,,,,,,,,,,,,,,,,
,4211,14130.469958153,1778124561.5611439,80,0.37028891999216285,,,,,,,,,,,,,,,,,,,,,,,,,,,,,,,,,,,,,,,,,,,
,4212,14130.612052267,1778124561.7030663,80,,,,,,,,,,,,,,,,,,,0.5124581390118692,,,,,,,,,,,,,,,,,,,,,,,,,
,4213,14131.675825313,1778124562.7669463,80,,,,,,,,,,,,,,,,,,4.141998942941427e-06,,,,,,,,,,,,,,,,,,,,,,,,,,
,4214,14132.020604878,1778124563.1117299,80,0.34433313499903306,,,,,,,,,,,,,,,,,,,,,,,,,,,,,,,,,,,,,,,,,,,
,4215,14132.167716171,1778124563.2588344,80,,,,,,,,,,,,,,,,,,,0.4916939940012526,,,,,,,,,,,,,,,,,,,,,,,,,
,4216,14133.228369586,1778124564.3193192,80,,,,,,,,,,,,,,,,,,4.04698948841542e-06,,,,,,,,,,,,,,,,,,,,,,,,,,
,4217,14133.611444727,1778124564.7025628,80,0.38289186799374875,,,,,,,,,,,,,,,,,,,,,,,,,,,,,,,,,,,,,,,,,,,
,4218,14133.761153367,1778124564.8521419,80,,,,,,,,,,,,,,,,,,,0.532638674005284,,,,,,,,,,,,,,,,,,,,,,,,,
,4219,14134.879777232,1778124565.9709325,80,,,,,,,,,,,,,,,,,,3.859007847495377e-06,,,,,,,,,,,,,,,,,,,,,,,,,,
,4220,14135.217812584,1778124566.308891,80,0.3375423010002123,,,,,,,,,,,,,,,,,,,,,,,,,,,,,,,,,,,,,,,,,,,
,4221,14135.369305104,1778124566.4602394,80,,,,,,,,,,,,,,,,,,,0.4891350920079276,,,,,,,,,,,,,,,,,,,,,,,,,
,4222,14136.42844859,1778124567.5192595,80,,,,,,,,,,,,,,,,,,5.117995897307992e-06,,,,,,,,,,,,,,,,,,,,,,,,,,
,4223,14136.781010654,1778124567.8722243,80,0.35257839200494345,,,,,,,,,,,,,,,,,,,,,,,,,,,,,,,,,,,,,,,,,,,
,4224,14136.918714257,1778124568.0094225,80,,,,,,,,,,,,,,,,,,,0.4899496680009179,,,,,,,,,,,,,,,,,,,,,,,,,
,4225,14137.975655159,1778124569.0666537,80,,,,,,,,,,,,,,,,,,3.888999344781041e-06,,,,,,,,,,,,,,,,,,,,,,,,,,
,4226,14138.319854147,1778124569.4109662,80,0.34407370000553783,,,,,,,,,,,,,,,,,,,,,,,,,,,,,,,,,,,,,,,,,,,
,4227,14138.468464661,1778124569.559466,80,,,,,,,,,,,,,,,,,,,0.4926561690081144,,,,,,,,,,,,,,,,,,,,,,,,,
139.3326381379884,4228,14278.89754477,1778124709.9885716,80,,,,,,,,,,,,,,,,,,,,,,,,,,,,,,,,,,,,,,,,,,,,
,4229,14286.811161984,1778124717.8922472,80,7.859091238991823,,,,,,,,,,,,,,,,,,,,,,,,,,,,,,,,,,,,,,,,,,,
,4230,14286.986018258,1778124718.0771072,80,,0.0,0.0,0.0,0.0,0.0,0.0,0.0,0.0015315589989768341,0.0,0.0,0.0,0.0,0.0,0.0,0.0,,,,,,,,,,,,,,,,,,,,,,,,,,,,
,4231,14286.986262594,1778124718.0774834,80,,,,,,,,,,,,,,,,,0.0020115100051043555,,,,,,,,,,,,,,,,,,,,,,,,,,,
,4232,14286.987818577,1778124718.07907,80,,,,,,,,,,,,,,,,,,147.42548300899216,,,,,,,,,,,,,,,,,,,,,,,,,,
,4233,14287.344502064,1778124718.435562,80,0.3562343950034119,,,,,,,,,,,,,,,,,,,,,,,,,,,,,,,,,,,,,,,,,,,
,4234,14287.517133838,1778124718.6081789,80,,,,,,,,,,,,,,,,,,,0.5289427530078683,,,,,,,,,,,,,,,,,,,,,,,,,
,4235,14288.61772201,1778124719.7087781,80,,,,,,,,,,,,,,,,,,4.403002094477415e-06,,,,,,,,,,,,,,,,,,,,,,,,,,
,4236,14289.00084762,1778124720.0919056,80,0.3825860939978156,,,,,,,,,,,,,,,,,,,,,,,,,,,,,,,,,,,,,,,,,,,
,4237,14289.150610391,1778124720.241719,80,,,,,,,,,,,,,,,,,,,0.5326854370068759,,,,,,,,,,,,,,,,,,,,,,,,,
,4238,14290.258526501,1778124721.3496058,80,,,,,,,,,,,,,,,,,,3.5489938454702497e-06,,,,,,,,,,,,,,,,,,,,,,,,,,
,4239,14290.613354608,1778124721.7045722,80,0.35436863600625657,,,,,,,,,,,,,,,,,,,,,,,,,,,,,,,,,,,,,,,,,,,
,4240,14290.787445904,1778124721.8784914,80,,,,,,,,,,,,,,,,,,,0.5287097319960594,,,,,,,,,,,,,,,,,,,,,,,,,
,4241,14291.889274264,1778124722.9803393,80,,,,,,,,,,,,,,,,,,3.483000909909606e-06,,,,,,,,,,,,,,,,,,,,,,,,,,
,4242,14292.333090309,1778124723.424103,80,0.4432067009911407,,,,,,,,,,,,,,,,,,,,,,,,,,,,,,,,,,,,,,,,,,,
,4243,14292.479078926,1778124723.5700316,80,,,,,,,,,,,,,,,,,,,0.5894910909992177,,,,,,,,,,,,,,,,,,,,,,,,,
,4244,14293.518161525,1778124724.6092112,80,,,,,,,,,,,,,,,,,,3.842011210508645e-06,,,,,,,,,,,,,,,,,,,,,,,,,,
,4245,14293.848256146,1778124724.9394732,80,0.3297555529861711,,,,,,,,,,,,,,,,,,,,,,,,,,,,,,,,,,,,,,,,,,,
,4246,14294.005112341,1778124725.0961676,80,,,,,,,,,,,,,,,,,,,0.4867176920088241,,,,,,,,,,,,,,,,,,,,,,,,,
,4247,14295.049475061,1778124726.1404397,80,,,,,,,,,,,,,,,,,,3.8529979065060616e-06,,,,,,,,,,,,,,,,,,,,,,,,,,
,4248,14295.398968451,1778124726.4900217,80,0.3488946519937599,,,,,,,,,,,,,,,,,,,,,,,,,,,,,,,,,,,,,,,,,,,
,4249,14295.533923436,1778124726.6251893,80,,,,,,,,,,,,,,,,,,,0.48456187499687076,,,,,,,,,,,,,,,,,,,,,,,,,
,4250,14296.57506609,1778124727.666037,80,,,,,,,,,,,,,,,,,,3.7729914765805006e-06,,,,,,,,,,,,,,,,,,,,,,,,,,
,4251,14296.915421298,1778124728.0064132,80,0.3399235429969849,,,,,,,,,,,,,,,,,,,,,,,,,,,,,,,,,,,,,,,,,,,
,4252,14297.062276629,1778124728.1533732,80,,,,,,,,,,,,,,,,,,,0.4871379559917841,,,,,,,,,,,,,,,,,,,,,,,,,
,4253,14298.105972826,1778124729.1969426,80,,,,,,,,,,,,,,,,,,3.6510027712211013e-06,,,,,,,,,,,,,,,,,,,,,,,,,,
,4254,14298.467226724,1778124729.558109,80,0.36081520200241357,,,,,,,,,,,,,,,,,,,,,,,,,,,,,,,,,,,,,,,,,,,
,4255,14298.639717996,1778124729.7308075,80,,,,,,,,,,,,,,,,,,,0.5337252589961281,,,,,,,,,,,,,,,,,,,,,,,,,
,4256,14299.746852013,1778124730.8379538,80,,,,,,,,,,,,,,,,,,3.6629935493692756e-06,,,,,,,,,,,,,,,,,,,,,,,,,,
,4257,14300.111094257,1778124731.2021706,80,0.36365934999776073,,,,,,,,,,,,,,,,,,,,,,,,,,,,,,,,,,,,,,,,,,,
,4258,14300.280331835,1778124731.3713198,80,,,,,,,,,,,,,,,,,,,0.533172868003021,,,,,,,,,,,,,,,,,,,,,,,,,
,4259,14301.38682599,1778124732.4779048,80,,,,,,,,,,,,,,,,,,3.6190031096339226e-06,,,,,,,,,,,,,,,,,,,,,,,,,,
,4260,14301.732055839,1778124732.8231127,80,0.3446886609890498,,,,,,,,,,,,,,,,,,,,,,,,,,,,,,,,,,,,,,,,,,,
,4261,14301.873143562,1778124732.964293,80,,,,,,,,,,,,,,,,,,,0.4861957889952464,,,,,,,,,,,,,,,,,,,,,,,,,
,4262,14302.919310206,1778124734.0103576,80,,,,,,,,,,,,,,,,,,3.5800039768218994e-06,,,,,,,,,,,,,,,,,,,,,,,,,,
,4263,14303.282015125,1778124734.3730822,80,0.3621860690036556,,,,,,,,,,,,,,,,,,,,,,,,,,,,,,,,,,,,,,,,,,,
,4264,14303.453801305,1778124734.5449939,80,,,,,,,,,,,,,,,,,,,0.5344418750028126,,,,,,,,,,,,,,,,,,,,,,,,,
,4265,14304.566539231,1778124735.6570194,80,,,,,,,,,,,,,,,,,,8.620001608505845e-06,,,,,,,,,,,,,,,,,,,,,,,,,,
,4266,14304.941875676,1778124736.0329049,80,0.3752603759930935,,,,,,,,,,,,,,,,,,,,,,,,,,,,,,,,,,,,,,,,,,,
,4267,14305.100873079,1778124736.1919038,80,,,,,,,,,,,,,,,,,,,0.5345647070062114,,,,,,,,,,,,,,,,,,,,,,,,,
,4268,14306.207328818,1778124737.2984211,80,,,,,,,,,,,,,,,,,,3.4740078262984753e-06,,,,,,,,,,,,,,,,,,,,,,,,,,
,4269,14306.627382227,1778124737.7183719,80,0.41944462900573853,,,,,,,,,,,,,,,,,,,,,,,,,,,,,,,,,,,,,,,,,,,
,4270,14306.763678882,1778124737.854887,80,,,,,,,,,,,,,,,,,,,0.5562841999926604,,,,,,,,,,,,,,,,,,,,,,,,,
,4271,14307.80421066,1778124738.8952649,80,,,,,,,,,,,,,,,,,,4.181987605988979e-06,,,,,,,,,,,,,,,,,,,,,,,,,,
,4272,14308.141716668,1778124739.2327871,80,0.3368589629972121,,,,,,,,,,,,,,,,,,,,,,,,,,,,,,,,,,,,,,,,,,,
,4273,14308.287262864,1778124739.3783348,80,,,,,,,,,,,,,,,,,,,0.4828276280022692,,,,,,,,,,,,,,,,,,,,,,,,,
,4274,14309.326738404,1778124740.4178214,80,,,,,,,,,,,,,,,,,,4.071000148542225e-06,,,,,,,,,,,,,,,,,,,,,,,,,,
,4275,14309.687052052,1778124740.7781012,80,0.35971731499012094,,,,,,,,,,,,,,,,,,,,,,,,,,,,,,,,,,,,,,,,,,,
,4276,14309.861801153,1778124740.952893,80,,,,,,,,,,,,,,,,,,,0.5348758390027797,,,,,,,,,,,,,,,,,,,,,,,,,
,4277,14310.969262732,1778124742.0603251,80,,,,,,,,,,,,,,,,,,4.409012035466731e-06,,,,,,,,,,,,,,,,,,,,,,,,,,
,4278,14311.307786515,1778124742.3988564,80,0.33800665200396907,,,,,,,,,,,,,,,,,,,,,,,,,,,,,,,,,,,,,,,,,,,
,4279,14311.453629567,1778124742.5447075,80,,,,,,,,,,,,,,,,,,,0.4842072220053524,,,,,,,,,,,,,,,,,,,,,,,,,
141.2544273419917,4280,14453.788496105,1778124884.879556,80,,,,,,,,,,,,,,,,,,,,,,,,,,,,,,,,,,,,,,,,,,,,
,4281,14461.80649636,1778124892.8926814,80,7.958730957994703,,,,,,,,,,,,,,,,,,,,,,,,,,,,,,,,,,,,,,,,,,,
,4282,14462.306125152,1778124893.397414,80,,0.021034624881838493,0.0,0.0,0.0,0.125,0.0,0.03672664015498382,0.34603825300291646,0.0009633218853309351,0.0,0.1,0.125,0.0,0.04242794873068864,0.11904761904761904,,,,,,,,,,,,,,,,,,,,,,,,,,,,
,4283,14462.306710586,1778124893.3980424,80,,,,,,,,,,,,,,,,,0.34677903399278875,,,,,,,,,,,,,,,,,,,,,,,,,,,
,4284,14462.30954921,1778124893.4003675,80,,,,,,,,,,,,,,,,,,149.77752852300182,,,,,,,,,,,,,,,,,,,,,,,,,,
,4285,14462.691420138,1778124893.7826395,80,0.381994395997026,,,,,,,,,,,,,,,,,,,,,,,,,,,,,,,,,,,,,,,,,,,
,4286,14462.860703848,1778124893.9516702,80,,,,,,,,,,,,,,,,,,,0.5510965769935865,,,,,,,,,,,,,,,,,,,,,,,,,
,4287,14463.97988218,1778124895.0710247,80,,,,,,,,,,,,,,,,,,4.282002919353545e-06,,,,,,,,,,,,,,,,,,,,,,,,,,
,4288,14464.34363514,1778124895.4347615,80,0.36327805899782106,,,,,,,,,,,,,,,,,,,,,,,,,,,,,,,,,,,,,,,,,,,
,4289,14464.51762703,1778124895.608868,80,,,,,,,,,,,,,,,,,,,0.537646232987754,,,,,,,,,,,,,,,,,,,,,,,,,
,4290,14465.644438739,1778124896.7353954,80,,,,,,,,,,,,,,,,,,3.927998477593064e-06,,,,,,,,,,,,,,,,,,,,,,,,,,
,4291,14465.994583661,1778124897.0858197,80,0.3500355879950803,,,,,,,,,,,,,,,,,,,,,,,,,,,,,,,,,,,,,,,,,,,
,4292,14466.134415673,1778124897.225524,80,,,,,,,,,,,,,,,,,,,0.48988415399799123,,,,,,,,,,,,,,,,,,,,,,,,,
,4293,14467.195723285,1778124898.2869034,80,,,,,,,,,,,,,,,,,,4.026995156891644e-06,,,,,,,,,,,,,,,,,,,,,,,,,,
,4294,14467.544120964,1778124898.63526,80,0.3480195129959611,,,,,,,,,,,,,,,,,,,,,,,,,,,,,,,,,,,,,,,,,,,
,4295,14467.688620348,1778124898.7797515,80,,,,,,,,,,,,,,,,,,,0.4926790610043099,,,,,,,,,,,,,,,,,,,,,,,,,
,4296,14468.754527578,1778124899.845645,80,,,,,,,,,,,,,,,,,,3.8769940147176385e-06,,,,,,,,,,,,,,,,,,,,,,,,,,
,4297,14469.125482423,1778124900.2166085,80,0.37047275200893637,,,,,,,,,,,,,,,,,,,,,,,,,,,,,,,,,,,,,,,,,,,
,4298,14469.288780921,1778124900.379985,80,,,,,,,,,,,,,,,,,,,0.5341197160014417,,,,,,,,,,,,,,,,,,,,,,,,,
,4299,14470.40923672,1778124901.5003788,80,,,,,,,,,,,,,,,,,,4.744011675938964e-06,,,,,,,,,,,,,,,,,,,,,,,,,,
,4300,14470.874553865,1778124901.9657652,80,0.46492631899309345,,,,,,,,,,,,,,,,,,,,,,,,,,,,,,,,,,,,,,,,,,,
,4301,14471.033944424,1778124902.125008,80,,,,,,,,,,,,,,,,,,,0.6244547480018809,,,,,,,,,,,,,,,,,,,,,,,,,
,4302,14472.099501532,1778124903.1905456,80,,,,,,,,,,,,,,,,,,8.997987606562674e-06,,,,,,,,,,,,,,,,,,,,,,,,,,
,4303,14472.451809444,1778124903.5429437,80,0.3519915039942134,,,,,,,,,,,,,,,,,,,,,,,,,,,,,,,,,,,,,,,,,,,
,4304,14472.588759497,1778124903.679906,80,,,,,,,,,,,,,,,,,,,0.4891975179925794,,,,,,,,,,,,,,,,,,,,,,,,,
,4305,14473.650324924,1778124904.741254,80,,,,,,,,,,,,,,,,,,4.335000994615257e-06,,,,,,,,,,,,,,,,,,,,,,,,,,
,4306,14474.027258179,1778124905.1185164,80,0.3767582019936526,,,,,,,,,,,,,,,,,,,,,,,,,,,,,,,,,,,,,,,,,,,
,4307,14474.184786407,1778124905.275772,80,,,,,,,,,,,,,,,,,,,0.5342649189988151,,,,,,,,,,,,,,,,,,,,,,,,,
,4308,14475.30575182,1778124906.3968287,80,,,,,,,,,,,,,,,,,,3.901994205079973e-06,,,,,,,,,,,,,,,,,,,,,,,,,,
,4309,14475.642666447,1778124906.733952,80,0.33664955900167115,,,,,,,,,,,,,,,,,,,,,,,,,,,,,,,,,,,,,,,,,,,
,4310,14475.796087585,1778124906.887223,80,,,,,,,,,,,,,,,,,,,0.49015202300506644,,,,,,,,,,,,,,,,,,,,,,,,,
,4311,14476.859648761,1778124907.9508169,80,,,,,,,,,,,,,,,,,,4.125991836190224e-06,,,,,,,,,,,,,,,,,,,,,,,,,,
,4312,14477.190047108,1778124908.2812352,80,0.3299842270062072,,,,,,,,,,,,,,,,,,,,,,,,,,,,,,,,,,,,,,,,,,,
,4313,14477.350818375,1778124908.4417906,80,,,,,,,,,,,,,,,,,,,0.4907891929906327,,,,,,,,,,,,,,,,,,,,,,,,,
,4314,14478.41332084,1778124909.5044637,80,,,,,,,,,,,,,,,,,,3.918001311831176e-06,,,,,,,,,,,,,,,,,,,,,,,,,,
,4315,14478.76753914,1778124909.85881,80,0.35396828899683896,,,,,,,,,,,,,,,,,,,,,,,,,,,,,,,,,,,,,,,,,,,
,4316,14478.905291314,1778124909.9964223,80,,,,,,,,,,,,,,,,,,,0.4917472200031625,,,,,,,,,,,,,,,,,,,,,,,,,
,4317,14479.971570685,1778124911.0627635,80,,,,,,,,,,,,,,,,,,3.9669976104050875e-06,,,,,,,,,,,,,,,,,,,,,,,,,,
,4318,14480.350290802,1778124911.4415605,80,0.37845871900208294,,,,,,,,,,,,,,,,,,,,,,,,,,,,,,,,,,,,,,,,,,,
,4319,14480.506568395,1778124911.5977392,80,,,,,,,,,,,,,,,,,,,0.5348276449949481,,,,,,,,,,,,,,,,,,,,,,,,,
,4320,14481.63418042,1778124912.725253,80,,,,,,,,,,,,,,,,,,4.916000762023032e-06,,,,,,,,,,,,,,,,,,,,,,,,,,
,4321,14481.994009506,1778124913.0852537,80,0.35936367699468974,,,,,,,,,,,,,,,,,,,,,,,,,,,,,,,,,,,,,,,,,,,
,4322,14482.170592001,1778124913.2615976,80,,,,,,,,,,,,,,,,,,,0.5361239979974926,,,,,,,,,,,,,,,,,,,,,,,,,
,4323,14483.293141994,1778124914.384301,80,,,,,,,,,,,,,,,,,,4.365996574051678e-06,,,,,,,,,,,,,,,,,,,,,,,,,,
,4324,14483.67071619,1778124914.7619789,80,0.37719916900095996,,,,,,,,,,,,,,,,,,,,,,,,,,,,,,,,,,,,,,,,,,,
,4325,14483.826079229,1778124914.9172268,80,,,,,,,,,,,,,,,,,,,0.5327381160022924,,,,,,,,,,,,,,,,,,,,,,,,,
,4326,14484.944311549,1778124916.0353856,80,,,,,,,,,,,,,,,,,,3.93400841858238e-06,,,,,,,,,,,,,,,,,,,,,,,,,,
,4327,14485.417530545,1778124916.508729,80,0.47286338900448754,,,,,,,,,,,,,,,,,,,,,,,,,,,,,,,,,,,,,,,,,,,
,4328,14485.589118065,1778124916.6802094,80,,,,,,,,,,,,,,,,,,,0.6445584979956038,,,,,,,,,,,,,,,,,,,,,,,,,
,4329,14486.712951051,1778124917.8040843,80,,,,,,,,,,,,,,,,,,3.7860008887946606e-06,,,,,,,,,,,,,,,,,,,,,,,,,,
,4330,14487.064351205,1778124918.1556158,80,0.35106753298896365,,,,,,,,,,,,,,,,,,,,,,,,,,,,,,,,,,,,,,,,,,,
,4331,14487.201232615,1778124918.2923133,80,,,,,,,,,,,,,,,,,,,0.48801311101124156,,,,,,,,,,,,,,,,,,,,,,,,,
141.5506766400067,4332,14629.849539579,1778125060.9405618,80,,,,,,,,,,,,,,,,,,,,,,,,,,,,,,,,,,,,,,,,,,,,
,4333,14637.945953431,1778125069.0219169,80,8.037703102992964,,,,,,,,,,,,,,,,,,,,,,,,,,,,,,,,,,,,,,,,,,,
,4334,14638.093148825,1778125069.1843576,80,,0.0,0.0,0.0,0.0,0.0,0.0,0.0,0.0013681410055141896,0.0,0.0,0.0,0.0,0.0,0.0,0.0,,,,,,,,,,,,,,,,,,,,,,,,,,,,
,4335,14638.09363578,1778125069.1849372,80,,,,,,,,,,,,,,,,,0.0020482079999055713,,,,,,,,,,,,,,,,,,,,,,,,,,,
,4336,14638.095338399,1778125069.1865513,80,,,,,,,,,,,,,,,,,,149.7990166360105,,,,,,,,,,,,,,,,,,,,,,,,,,
,4337,14638.463226823,1778125069.5543056,80,0.36736001798999496,,,,,,,,,,,,,,,,,,,,,,,,,,,,,,,,,,,,,,,,,,,
,4338,14638.637742892,1778125069.728881,80,,,,,,,,,,,,,,,,,,,0.5421556100045564,,,,,,,,,,,,,,,,,,,,,,,,,
,4339,14639.768545815,1778125070.8596616,80,,,,,,,,,,,,,,,,,,3.769004251807928e-06,,,,,,,,,,,,,,,,,,,,,,,,,,
,4340,14640.131275037,1778125071.222324,80,0.3621614489966305,,,,,,,,,,,,,,,,,,,,,,,,,,,,,,,,,,,,,,,,,,,
,4341,14640.305382126,1778125071.3964918,80,,,,,,,,,,,,,,,,,,,0.5366426039981889,,,,,,,,,,,,,,,,,,,,,,,,,
,4342,14641.428908573,1778125072.5200093,80,,,,,,,,,,,,,,,,,,4.184010322205722e-06,,,,,,,,,,,,,,,,,,,,,,,,,,
,4343,14641.782928666,1778125072.8741555,80,0.3535699970088899,,,,,,,,,,,,,,,,,,,,,,,,,,,,,,,,,,,,,,,,,,,
,4344,14641.92499767,1778125073.0158663,80,,,,,,,,,,,,,,,,,,,0.49566291300288867,,,,,,,,,,,,,,,,,,,,,,,,,
,4345,14642.995017883,1778125074.0860868,80,,,,,,,,,,,,,,,,,,4.918998456560075e-06,,,,,,,,,,,,,,,,,,,,,,,,,,
,4346,14643.345603915,1778125074.4365783,80,0.3499986880051438,,,,,,,,,,,,,,,,,,,,,,,,,,,,,,,,,,,,,,,,,,,
,4347,14643.489931911,1778125074.580944,80,,,,,,,,,,,,,,,,,,,0.4946009349951055,,,,,,,,,,,,,,,,,,,,,,,,,
,4348,14644.560814116,1778125075.6518009,80,,,,,,,,,,,,,,,,,,4.296001861803234e-06,,,,,,,,,,,,,,,,,,,,,,,,,,
,4349,14644.91024009,1778125076.001219,80,0.3489767269929871,,,,,,,,,,,,,,,,,,,,,,,,,,,,,,,,,,,,,,,,,,,
,4350,14645.06145748,1778125076.152537,80,,,,,,,,,,,,,,,,,,,0.5005149859935045,,,,,,,,,,,,,,,,,,,,,,,,,
,4351,14646.13983003,1778125077.230774,80,,,,,,,,,,,,,,,,,,3.654000465758145e-06,,,,,,,,,,,,,,,,,,,,,,,,,,
,4352,14646.483096253,1778125077.5740738,80,0.34278751000238117,,,,,,,,,,,,,,,,,,,,,,,,,,,,,,,,,,,,,,,,,,,
,4353,14646.638875782,1778125077.7297854,80,,,,,,,,,,,,,,,,,,,0.4987335490004625,,,,,,,,,,,,,,,,,,,,,,,,,
,4354,14647.719162826,1778125078.8102944,80,,,,,,,,,,,,,,,,,,3.947003278881311e-06,,,,,,,,,,,,,,,,,,,,,,,,,,
,4355,14648.052368013,1778125079.1433527,80,0.33264136700017843,,,,,,,,,,,,,,,,,,,,,,,,,,,,,,,,,,,,,,,,,,,
,4356,14648.215280306,1778125079.3063216,80,,,,,,,,,,,,,,,,,,,0.4958353459951468,,,,,,,,,,,,,,,,,,,,,,,,,
,4357,14649.286289233,1778125080.3772354,80,,,,,,,,,,,,,,,,,,3.955996362492442e-06,,,,,,,,,,,,,,,,,,,,,,,,,,
,4358,14649.756686407,1778125080.8476055,80,0.4697866030037403,,,,,,,,,,,,,,,,,,,,,,,,,,,,,,,,,,,,,,,,,,,
,4359,14649.908928621,1778125080.999998,80,,,,,,,,,,,,,,,,,,,0.6225042949954513,,,,,,,,,,,,,,,,,,,,,,,,,
,4360,14651.042285445,1778125082.133346,80,,,,,,,,,,,,,,,,,,4.294997779652476e-06,,,,,,,,,,,,,,,,,,,,,,,,,,
,4361,14651.419782503,1778125082.5108445,80,0.3767985689919442,,,,,,,,,,,,,,,,,,,,,,,,,,,,,,,,,,,,,,,,,,,
,4362,14651.584209134,1778125082.6751597,80,,,,,,,,,,,,,,,,,,,0.5415984360006405,,,,,,,,,,,,,,,,,,,,,,,,,
,4363,14652.714707832,1778125083.8058023,80,,,,,,,,,,,,,,,,,,4.597997758537531e-06,,,,,,,,,,,,,,,,,,,,,,,,,,
,4364,14653.04451127,1778125084.13561,80,0.3289966330048628,,,,,,,,,,,,,,,,,,,,,,,,,,,,,,,,,,,,,,,,,,,
,4365,14653.209145497,1778125084.300106,80,,,,,,,,,,,,,,,,,,,0.49410441200598143,,,,,,,,,,,,,,,,,,,,,,,,,
,4366,14654.280254521,1778125085.3712218,80,,,,,,,,,,,,,,,,,,4.059009370394051e-06,,,,,,,,,,,,,,,,,,,,,,,,,,
,4367,14654.667534421,1778125085.7585223,80,0.3865094499924453,,,,,,,,,,,,,,,,,,,,,,,,,,,,,,,,,,,,,,,,,,,
,4368,14654.822237368,1778125085.9133558,80,,,,,,,,,,,,,,,,,,,0.5419818429945735,,,,,,,,,,,,,,,,,,,,,,,,,
,4369,14655.97307115,1778125087.0472753,80,,,,,,,,,,,,,,,,,,3.958004526793957e-06,,,,,,,,,,,,,,,,,,,,,,,,,,
,4370,14656.342407718,1778125087.4334028,80,0.36887594699510373,,,,,,,,,,,,,,,,,,,,,,,,,,,,,,,,,,,,,,,,,,,
,4371,14656.515102889,1778125087.6059935,80,,,,,,,,,,,,,,,,,,,0.5417273079947336,,,,,,,,,,,,,,,,,,,,,,,,,
,4372,14657.645884605,1778125088.736864,80,,,,,,,,,,,,,,,,,,4.061992513015866e-06,,,,,,,,,,,,,,,,,,,,,,,,,,
,4373,14658.034804175,1778125089.1259203,80,0.38841286399110686,,,,,,,,,,,,,,,,,,,,,,,,,,,,,,,,,,,,,,,,,,,
,4374,14658.188452584,1778125089.279438,80,,,,,,,,,,,,,,,,,,,0.5423899629968219,,,,,,,,,,,,,,,,,,,,,,,,,
,4375,14659.321961403,1778125090.4130335,80,,,,,,,,,,,,,,,,,,3.530003596097231e-06,,,,,,,,,,,,,,,,,,,,,,,,,,
,4376,14659.671100141,1778125090.7622113,80,0.34863091399893165,,,,,,,,,,,,,,,,,,,,,,,,,,,,,,,,,,,,,,,,,,,
,4377,14659.822275653,1778125090.9132433,80,,,,,,,,,,,,,,,,,,,0.499954387996695,,,,,,,,,,,,,,,,,,,,,,,,,
,4378,14660.899761668,1778125091.990823,80,,,,,,,,,,,,,,,,,,3.859997377730906e-06,,,,,,,,,,,,,,,,,,,,,,,,,,
,4379,14661.266567949,1778125092.3578067,80,0.36661550699500367,,,,,,,,,,,,,,,,,,,,,,,,,,,,,,,,,,,,,,,,,,,
,4380,14661.442560593,1778125092.5338051,80,,,,,,,,,,,,,,,,,,,0.5428214970015688,,,,,,,,,,,,,,,,,,,,,,,,,
,4381,14662.575642055,1778125093.6666746,80,,,,,,,,,,,,,,,,,,3.622000804170966e-06,,,,,,,,,,,,,,,,,,,,,,,,,,
,4382,14662.92816472,1778125094.0193892,80,0.35231960901001,,,,,,,,,,,,,,,,,,,,,,,,,,,,,,,,,,,,,,,,,,,
,4383,14663.069871439,1778125094.1608484,80,,,,,,,,,,,,,,,,,,,0.493980492989067,,,,,,,,,,,,,,,,,,,,,,,,,
140.0691170279897,4384,14804.249040143,1778125235.3401263,80,,,,,,,,,,,,,,,,,,,,,,,,,,,,,,,,,,,,,,,,,,,,
,4385,14812.372684372,1778125243.453668,80,8.070087482992676,,,,,,,,,,,,,,,,,,,,,,,,,,,,,,,,,,,,,,,,,,,
,4386,14813.052228346,1778125244.141488,80,,0.010517312440919246,0.0,0.0,0.0,0.0625,0.0,0.01836332007749191,0.5354829840071034,0.0021211128731952436,0.0,0.05,0.0625,0.0,0.02121397436534432,0.05952380952380952,,,,,,,,,,,,,,,,,,,,,,,,,,,,
,4387,14813.052892783,1778125244.1442018,80,,,,,,,,,,,,,,,,,0.538300807995256,,,,,,,,,,,,,,,,,,,,,,,,,,,
,4388,14813.055433949,1778125244.1462712,80,,,,,,,,,,,,,,,,,,148.87779885000782,,,,,,,,,,,,,,,,,,,,,,,,,,
,4389,14813.495970212,1778125244.5870023,80,0.4404873550083721,,,,,,,,,,,,,,,,,,,,,,,,,,,,,,,,,,,,,,,,,,,
,4390,14813.648748455,1778125244.7398167,80,,,,,,,,,,,,,,,,,,,0.5933621650037821,,,,,,,,,,,,,,,,,,,,,,,,,
,4391,14814.706497551,1778125245.7974672,80,,,,,,,,,,,,,,,,,,4.417001036927104e-06,,,,,,,,,,,,,,,,,,,,,,,,,,
,4392,14815.064991352,1778125246.155979,80,0.3580562720017042,,,,,,,,,,,,,,,,,,,,,,,,,,,,,,,,,,,,,,,,,,,
,4393,14815.240759653,1778125246.3317587,80,,,,,,,,,,,,,,,,,,,0.5340644410025561,,,,,,,,,,,,,,,,,,,,,,,,,
,4394,14816.361943962,1778125247.4528027,80,,,,,,,,,,,,,,,,,,4.0199956856667995e-06,,,,,,,,,,,,,,,,,,,,,,,,,,
,4395,14816.706417013,1778125247.7974882,80,0.34444444499968085,,,,,,,,,,,,,,,,,,,,,,,,,,,,,,,,,,,,,,,,,,,
,4396,14816.85547839,1778125247.9464507,80,,,,,,,,,,,,,,,,,,,0.4934937429934507,,,,,,,,,,,,,,,,,,,,,,,,,
,4397,14817.918559101,1778125249.009549,80,,,,,,,,,,,,,,,,,,3.3990072552114725e-06,,,,,,,,,,,,,,,,,,,,,,,,,,
,4398,14818.281064351,1778125249.3720286,80,0.36204920199816115,,,,,,,,,,,,,,,,,,,,,,,,,,,,,,,,,,,,,,,,,,,
,4399,14818.457073857,1778125249.5479293,80,,,,,,,,,,,,,,,,,,,0.5382438499946147,,,,,,,,,,,,,,,,,,,,,,,,,
,4400,14819.585364089,1778125250.676237,80,,,,,,,,,,,,,,,,,,3.4039985621348023e-06,,,,,,,,,,,,,,,,,,,,,,,,,,
,4401,14819.961409017,1778125251.0523987,80,0.3757610019965796,,,,,,,,,,,,,,,,,,,,,,,,,,,,,,,,,,,,,,,,,,,
,4402,14820.123711873,1778125251.2145686,80,,,,,,,,,,,,,,,,,,,0.5381553129991516,,,,,,,,,,,,,,,,,,,,,,,,,
,4403,14821.250561996,1778125252.3415968,80,,,,,,,,,,,,,,,,,,3.5190023481845856e-06,,,,,,,,,,,,,,,,,,,,,,,,,,
,4404,14821.63395305,1778125252.724932,80,0.38287755599594675,,,,,,,,,,,,,,,,,,,,,,,,,,,,,,,,,,,,,,,,,,,
,4405,14821.786792397,1778125252.8778882,80,,,,,,,,,,,,,,,,,,,0.5361155950085958,,,,,,,,,,,,,,,,,,,,,,,,,
,4406,14822.909112741,1778125254.0002298,80,,,,,,,,,,,,,,,,,,3.863009624183178e-06,,,,,,,,,,,,,,,,,,,,,,,,,,
,4407,14823.269887843,1778125254.3608606,80,0.36019207299978007,,,,,,,,,,,,,,,,,,,,,,,,,,,,,,,,,,,,,,,,,,,
,4408,14823.445429245,1778125254.536309,80,,,,,,,,,,,,,,,,,,,0.5358873090008274,,,,,,,,,,,,,,,,,,,,,,,,,
,4409,14824.568078832,1778125255.6590075,80,,,,,,,,,,,,,,,,,,4.007990355603397e-06,,,,,,,,,,,,,,,,,,,,,,,,,,
,4410,14824.912327779,1778125256.003549,80,0.34388044200022705,,,,,,,,,,,,,,,,,,,,,,,,,,,,,,,,,,,,,,,,,,,
,4411,14825.061358771,1778125256.1521738,80,,,,,,,,,,,,,,,,,,,0.49296983900421765,,,,,,,,,,,,,,,,,,,,,,,,,
,4412,14826.126844793,1778125257.2178252,80,,,,,,,,,,,,,,,,,,3.426990588195622e-06,,,,,,,,,,,,,,,,,,,,,,,,,,
,4413,14826.517424236,1778125257.6085954,80,0.3903343259880785,,,,,,,,,,,,,,,,,,,,,,,,,,,,,,,,,,,,,,,,,,,
,4414,14826.664171803,1778125257.7550774,80,,,,,,,,,,,,,,,,,,,0.5370825540012447,,,,,,,,,,,,,,,,,,,,,,,,,
,4415,14827.787370571,1778125258.8784094,80,,,,,,,,,,,,,,,,,,4.215995431877673e-06,,,,,,,,,,,,,,,,,,,,,,,,,,
,4416,14828.199163373,1778125259.2901568,80,0.4113724120106781,,,,,,,,,,,,,,,,,,,,,,,,,,,,,,,,,,,,,,,,,,,
,4417,14828.34894617,1778125259.439901,80,,,,,,,,,,,,,,,,,,,0.5613354619999882,,,,,,,,,,,,,,,,,,,,,,,,,
,4418,14829.411951448,1778125260.5029087,80,,,,,,,,,,,,,,,,,,4.550005542114377e-06,,,,,,,,,,,,,,,,,,,,,,,,,,
,4419,14829.744305226,1778125260.835382,80,0.33191214299586136,,,,,,,,,,,,,,,,,,,,,,,,,,,,,,,,,,,,,,,,,,,
,4420,14829.905340193,1778125260.9963152,80,,,,,,,,,,,,,,,,,,,0.4932537960121408,,,,,,,,,,,,,,,,,,,,,,,,,
,4421,14830.972106342,1778125262.0629842,80,,,,,,,,,,,,,,,,,,4.064000677317381e-06,,,,,,,,,,,,,,,,,,,,,,,,,,
,4422,14831.319709451,1778125262.410797,80,0.34757491400523577,,,,,,,,,,,,,,,,,,,,,,,,,,,,,,,,,,,,,,,,,,,
,4423,14831.4625351,1778125262.553393,80,,,,,,,,,,,,,,,,,,,0.4902569149999181,,,,,,,,,,,,,,,,,,,,,,,,,
,4424,14832.520576202,1778125263.611546,80,,,,,,,,,,,,,,,,,,3.881999873556197e-06,,,,,,,,,,,,,,,,,,,,,,,,,,
,4425,14832.884088757,1778125263.975039,80,0.3630128990043886,,,,,,,,,,,,,,,,,,,,,,,,,,,,,,,,,,,,,,,,,,,
,4426,14833.061163642,1778125264.1521559,80,,,,,,,,,,,,,,,,,,,0.5404322110116482,,,,,,,,,,,,,,,,,,,,,,,,,
,4427,14834.189136349,1778125265.2800643,80,,,,,,,,,,,,,,,,,,3.932000254280865e-06,,,,,,,,,,,,,,,,,,,,,,,,,,
,4428,14834.56459628,1778125265.6555853,80,0.3749362230009865,,,,,,,,,,,,,,,,,,,,,,,,,,,,,,,,,,,,,,,,,,,
,4429,14834.724639716,1778125265.8155963,80,,,,,,,,,,,,,,,,,,,0.5352993370033801,,,,,,,,,,,,,,,,,,,,,,,,,
,4430,14835.79526585,1778125266.8862448,80,,,,,,,,,,,,,,,,,,3.5320117603987455e-06,,,,,,,,,,,,,,,,,,,,,,,,,,
,4431,14836.180789644,1778125267.271894,80,0.3851832849904895,,,,,,,,,,,,,,,,,,,,,,,,,,,,,,,,,,,,,,,,,,,
,4432,14836.334892426,1778125267.4258897,80,,,,,,,,,,,,,,,,,,,0.5394921190018067,,,,,,,,,,,,,,,,,,,,,,,,,
,4433,14837.463874954,1778125268.5548275,80,,,,,,,,,,,,,,,,,,3.5510020097717643e-06,,,,,,,,,,,,,,,,,,,,,,,,,,
,4434,14837.825446198,1778125268.9164674,80,0.36122178999357857,,,,,,,,,,,,,,,,,,,,,,,,,,,,,,,,,,,,,,,,,,,
,4435,14838.00029045,1778125269.0913906,80,,,,,,,,,,,,,,,,,,,0.5363883200043347,,,,,,,,,,,,,,,,,,,,,,,,,
,4436,14839.087017664,1778125270.1774614,85,,,,,,,,,,,,,,,,,,,,0.08302580380113796,0.0,1.2,0.04332773983478546,0.0,172.21593888978822,0.013757800310850143,1867809.0,15026744.21210796,1.2,601069.7,34.93073654174805,615.6,0.0,4.939791904846868e-07,0.0,985.7,0.014746703678001388,0.013757800310850143,0.7,1.2,0.9625,0.0,0.04332773983478546,1024.0
140.5248482129973,4437,14979.636069908,1778125410.7271278,85,,,,,,,,,,,,,,,,,,,,,,,,,,,,,,,,,,,,,,,,,,,,
,4438,14987.90267305,1778125418.9886534,85,8.218561457993928,,,,,,,,,,,,,,,,,,,,,,,,,,,,,,,,,,,,,,,,,,,
,4439,14988.652365335,1778125419.7419963,85,,0.0,0.0,0.0,0.0,0.05,0.0,0.01836332007749191,0.6048304680007277,0.0008939999996148539,0.0,0.024999999999999994,0.0625,0.0,0.014173165909557937,0.057291666666666664,,,,,,,,,,,,,,,,,,,,,,,,,,,,
,4440,14988.652558429,1778125419.7436779,85,,,,,,,,,,,,,,,,,0.6066836079990026,,,,,,,,,,,,,,,,,,,,,,,,,,,
,4441,14988.6545735,1778125419.7454872,85,,,,,,,,,,,,,,,,,,149.54608282400295,,,,,,,,,,,,,,,,,,,,,,,,,,
,4442,14989.021355593,1778125420.112337,85,0.36661820199515205,,,,,,,,,,,,,,,,,,,,,,,,,,,,,,,,,,,,,,,,,,,
,4443,14989.199509668,1778125420.290712,85,,,,,,,,,,,,,,,,,,,0.5450431880017277,,,,,,,,,,,,,,,,,,,,,,,,,
,4444,14990.335305475,1778125421.4260716,85,,,,,,,,,,,,,,,,,,4.22199082095176e-06,,,,,,,,,,,,,,,,,,,,,,,,,,
,4445,14990.876894296,1778125421.9679084,85,0.5415840639907401,,,,,,,,,,,,,,,,,,,,,,,,,,,,,,,,,,,,,,,,,,,
,4446,14990.902792055,1778125421.9938776,85,,,,,,,,,,,,,,,,,,,0.567656473009265,,,,,,,,,,,,,,,,,,,,,,,,,
,4447,14992.034363529,1778125423.125463,85,,,,,,,,,,,,,,,,,,3.606008249334991e-06,,,,,,,,,,,,,,,,,,,,,,,,,,
,4448,14992.378362425,1778125423.4693522,85,0.34328404199914075,,,,,,,,,,,,,,,,,,,,,,,,,,,,,,,,,,,,,,,,,,,
,4449,14992.533109971,1778125423.6240573,85,,,,,,,,,,,,,,,,,,,0.4984352760075126,,,,,,,,,,,,,,,,,,,,,,,,,
,4450,14993.607835081,1778125424.6987572,85,,,,,,,,,,,,,,,,,,3.6370038287714124e-06,,,,,,,,,,,,,,,,,,,,,,,,,,
,4451,14993.966264512,1778125425.0573397,85,0.3582146959961392,,,,,,,,,,,,,,,,,,,,,,,,,,,,,,,,,,,,,,,,,,,
,4452,14994.105598355,1778125425.1965225,85,,,,,,,,,,,,,,,,,,,0.4975783000118099,,,,,,,,,,,,,,,,,,,,,,,,,
,4453,14995.182534841,1778125426.2735288,85,,,,,,,,,,,,,,,,,,3.455003025010228e-06,,,,,,,,,,,,,,,,,,,,,,,,,,
,4454,14995.531478619,1778125426.622558,85,0.3485257379943505,,,,,,,,,,,,,,,,,,,,,,,,,,,,,,,,,,,,,,,,,,,
,4455,14995.681122702,1778125426.7722986,85,,,,,,,,,,,,,,,,,,,0.49856834100501146,,,,,,,,,,,,,,,,,,,,,,,,,
,4456,14996.756143255,1778125427.8471107,85,,,,,,,,,,,,,,,,,,3.975990694016218e-06,,,,,,,,,,,,,,,,,,,,,,,,,,
,4457,14997.09362269,1778125428.1845856,85,0.33702339699084405,,,,,,,,,,,,,,,,,,,,,,,,,,,,,,,,,,,,,,,,,,,
,4458,14997.254631119,1778125428.345484,85,,,,,,,,,,,,,,,,,,,0.4982285799924284,,,,,,,,,,,,,,,,,,,,,,,,,
,4459,14998.329412589,1778125429.4205012,85,,,,,,,,,,,,,,,,,,3.610010026022792e-06,,,,,,,,,,,,,,,,,,,,,,,,,,
,4460,14998.713175351,1778125429.8042657,85,0.3831838549958775,,,,,,,,,,,,,,,,,,,,,,,,,,,,,,,,,,,,,,,,,,,
,4461,14998.871289864,1778125429.9622197,85,,,,,,,,,,,,,,,,,,,0.5415174489899073,,,,,,,,,,,,,,,,,,,,,,,,,
,4462,15000.001680822,1778125431.092413,85,,,,,,,,,,,,,,,,,,3.7589925341308117e-06,,,,,,,,,,,,,,,,,,,,,,,,,,
,4463,15000.33972476,1778125431.4307153,85,0.3378874179907143,,,,,,,,,,,,,,,,,,,,,,,,,,,,,,,,,,,,,,,,,,,
,4464,15000.500232848,1778125431.591493,85,,,,,,,,,,,,,,,,,,,0.4988836429984076,,,,,,,,,,,,,,,,,,,,,,,,,
,4465,15001.577208757,1778125432.668224,85,,,,,,,,,,,,,,,,,,5.930007318966091e-06,,,,,,,,,,,,,,,,,,,,,,,,,,
,4466,15001.961774469,1778125433.0527644,85,0.3840318250004202,,,,,,,,,,,,,,,,,,,,,,,,,,,,,,,,,,,,,,,,,,,
,4467,15002.118855625,1778125433.2098348,85,,,,,,,,,,,,,,,,,,,0.5414372059894959,,,,,,,,,,,,,,,,,,,,,,,,,
,4468,15003.248960733,1778125434.339809,85,,,,,,,,,,,,,,,,,,4.401998012326658e-06,,,,,,,,,,,,,,,,,,,,,,,,,,
,4469,15003.640311169,1778125434.7314084,85,0.3912485740002012,,,,,,,,,,,,,,,,,,,,,,,,,,,,,,,,,,,,,,,,,,,
,4470,15003.789525655,1778125434.8806098,85,,,,,,,,,,,,,,,,,,,0.5406628999917302,,,,,,,,,,,,,,,,,,,,,,,,,
,4471,15004.869196757,1778125435.9601626,85,,,,,,,,,,,,,,,,,,3.893001121468842e-06,,,,,,,,,,,,,,,,,,,,,,,,,,
,4472,15005.420812091,1778125436.5118382,85,0.5513038030039752,,,,,,,,,,,,,,,,,,,,,,,,,,,,,,,,,,,,,,,,,,,
,4473,15005.441251023,1778125436.5322082,85,,,,,,,,,,,,,,,,,,,0.5718854810111225,,,,,,,,,,,,,,,,,,,,,,,,,
,4474,15006.52178487,1778125437.6127596,85,,,,,,,,,,,,,,,,,,4.678993718698621e-06,,,,,,,,,,,,,,,,,,,,,,,,,,
,4475,15006.90804329,1778125437.9989982,85,0.3857342669944046,,,,,,,,,,,,,,,,,,,,,,,,,,,,,,,,,,,,,,,,,,,
,4476,15007.0672,1778125438.158133,85,,,,,,,,,,,,,,,,,,,0.5451478729955852,,,,,,,,,,,,,,,,,,,,,,,,,
,4477,15008.202846304,1778125439.293858,85,,,,,,,,,,,,,,,,,,4.0339946281164885e-06,,,,,,,,,,,,,,,,,,,,,,,,,,
,4478,15008.592320322,1778125439.6832545,85,0.38890309901034925,,,,,,,,,,,,,,,,,,,,,,,,,,,,,,,,,,,,,,,,,,,
,4479,15008.744012339,1778125439.835026,85,,,,,,,,,,,,,,,,,,,0.5409676160052186,,,,,,,,,,,,,,,,,,,,,,,,,
,4480,15009.826825206,1778125440.9177809,85,,,,,,,,,,,,,,,,,,3.890992957167327e-06,,,,,,,,,,,,,,,,,,,,,,,,,,
,4481,15010.197652775,1778125441.2887385,85,0.3705168119922746,,,,,,,,,,,,,,,,,,,,,,,,,,,,,,,,,,,,,,,,,,,
,4482,15010.372861894,1778125441.4638543,85,,,,,,,,,,,,,,,,,,,0.5458735339925624,,,,,,,,,,,,,,,,,,,,,,,,,
,4483,15011.510434047,1778125442.6013727,85,,,,,,,,,,,,,,,,,,3.5609991755336523e-06,,,,,,,,,,,,,,,,,,,,,,,,,,
,4484,15011.8926227,1778125442.9837108,85,0.38180957999429666,,,,,,,,,,,,,,,,,,,,,,,,,,,,,,,,,,,,,,,,,,,
,4485,15012.056755707,1778125443.1478133,85,,,,,,,,,,,,,,,,,,,0.5461750960093923,,,,,,,,,,,,,,,,,,,,,,,,,
,4486,15013.193425467,1778125444.284486,85,,,,,,,,,,,,,,,,,,3.841007128357887e-06,,,,,,,,,,,,,,,,,,,,,,,,,,
,4487,15013.582775625,1778125444.673885,85,0.3888887669891119,,,,,,,,,,,,,,,,,,,,,,,,,,,,,,,,,,,,,,,,,,,
,4488,15013.734703404,1778125444.8257737,85,,,,,,,,,,,,,,,,,,,0.5410461840074277,,,,,,,,,,,,,,,,,,,,,,,,,
141.98361376600224,4489,15156.886627399,1778125587.977692,85,,,,,,,,,,,,,,,,,,,,,,,,,,,,,,,,,,,,,,,,,,,,
,4490,15165.030936649,1778125596.1119788,85,8.090469064991339,,,,,,,,,,,,,,,,,,,,,,,,,,,,,,,,,,,,,,,,,,,
,4491,15165.503974818,1778125596.5951755,85,,0.05746887290725373,0.0,0.0,0.0,0.05625,0.0,0.017407385916109908,0.2959537499991711,0.0003496084748106201,0.0,0.0375,0.0625,0.0,0.02761054121555721,0.025760736820679836,,,,,,,,,,,,,,,,,,,,,,,,,,,,
,4492,15165.504472092,1778125596.595523,85,,,,,,,,,,,,,,,,,0.29640326400112826,,,,,,,,,,,,,,,,,,,,,,,,,,,
,4493,15165.510364858,1778125596.6013505,85,,,,,,,,,,,,,,,,,,150.60968728200532,,,,,,,,,,,,,,,,,,,,,,,,,,
,4494,15165.856904851,1778125596.9479747,85,0.3463716149999527,,,,,,,,,,,,,,,,,,,,,,,,,,,,,,,,,,,,,,,,,,,
,4495,15166.013482726,1778125597.104601,85,,,,,,,,,,,,,,,,,,,0.5030626089865109,,,,,,,,,,,,,,,,,,,,,,,,,
,4496,15167.090190879,1778125598.181281,85,,,,,,,,,,,,,,,,,,6.952002877369523e-06,,,,,,,,,,,,,,,,,,,,,,,,,,
,4497,15167.434207912,1778125598.52538,85,0.34356635899166577,,,,,,,,,,,,,,,,,,,,,,,,,,,,,,,,,,,,,,,,,,,
,4498,15167.591735416,1778125598.68272,85,,,,,,,,,,,,,,,,,,,0.5012072349927621,,,,,,,,,,,,,,,,,,,,,,,,,
,4499,15168.678298632,1778125599.769353,85,,,,,,,,,,,,,,,,,,4.008004907518625e-06,,,,,,,,,,,,,,,,,,,,,,,,,,
,4500,15169.039740039,1778125600.130802,85,0.3607641290000174,,,,,,,,,,,,,,,,,,,,,,,,,,,,,,,,,,,,,,,,,,,
,4501,15169.179322398,1778125600.2704723,85,,,,,,,,,,,,,,,,,,,0.5009550560062053,,,,,,,,,,,,,,,,,,,,,,,,,
,4502,15170.266361224,1778125601.3574367,85,,,,,,,,,,,,,,,,,,4.335000994615257e-06,,,,,,,,,,,,,,,,,,,,,,,,,,
,4503,15170.692528279,1778125601.7834997,85,0.4255090760125313,,,,,,,,,,,,,,,,,,,,,,,,,,,,,,,,,,,,,,,,,,,
,4504,15170.802262791,1778125601.893282,85,,,,,,,,,,,,,,,,,,,0.5356752799998503,,,,,,,,,,,,,,,,,,,,,,,,,
,4505,15171.88988404,1778125602.9808645,85,,,,,,,,,,,,,,,,,,4.354005795903504e-06,,,,,,,,,,,,,,,,,,,,,,,,,,
,4506,15172.258936397,1778125603.349892,85,0.36849921400425956,,,,,,,,,,,,,,,,,,,,,,,,,,,,,,,,,,,,,,,,,,,
,4507,15172.439043507,1778125603.5301955,85,,,,,,,,,,,,,,,,,,,0.5491527350095566,,,,,,,,,,,,,,,,,,,,,,,,,
,4508,15173.592371079,1778125604.68335,85,,,,,,,,,,,,,,,,,,3.754001227207482e-06,,,,,,,,,,,,,,,,,,,,,,,,,,
,4509,15173.965195292,1778125605.056282,85,0.3723886709922226,,,,,,,,,,,,,,,,,,,,,,,,,,,,,,,,,,,,,,,,,,,
,4510,15174.138386216,1778125605.229386,85,,,,,,,,,,,,,,,,,,,0.545877989003202,,,,,,,,,,,,,,,,,,,,,,,,,
,4511,15175.283346088,1778125606.3744361,85,,,,,,,,,,,,,,,,,,4.415996954776347e-06,,,,,,,,,,,,,,,,,,,,,,,,,,
,4512,15175.638937848,1778125606.730009,85,0.35513061899109744,,,,,,,,,,,,,,,,,,,,,,,,,,,,,,,,,,,,,,,,,,,
,4513,15175.785082005,1778125606.8759398,85,,,,,,,,,,,,,,,,,,,0.5012983030028408,,,,,,,,,,,,,,,,,,,,,,,,,
,4514,15176.871057938,1778125607.961992,85,,,,,,,,,,,,,,,,,,4.205998266115785e-06,,,,,,,,,,,,,,,,,,,,,,,,,,
,4515,15177.246283901,1778125608.3372552,85,0.3747680430096807,,,,,,,,,,,,,,,,,,,,,,,,,,,,,,,,,,,,,,,,,,,
,4516,15177.420286015,1778125608.5113974,85,,,,,,,,,,,,,,,,,,,0.5491901909990702,,,,,,,,,,,,,,,,,,,,,,,,,
,4517,15178.57415904,1778125609.6650834,85,,,,,,,,,,,,,,,,,,3.8050056900829077e-06,,,,,,,,,,,,,,,,,,,,,,,,,,
,4518,15178.930841693,1778125610.0218337,85,0.3561990870075533,,,,,,,,,,,,,,,,,,,,,,,,,,,,,,,,,,,,,,,,,,,
,4519,15179.075701647,1778125610.1666195,85,,,,,,,,,,,,,,,,,,,0.5012619589979295,,,,,,,,,,,,,,,,,,,,,,,,,
,4520,15180.162135591,1778125611.2531111,85,,,,,,,,,,,,,,,,,,3.6529963836073875e-06,,,,,,,,,,,,,,,,,,,,,,,,,,
,4521,15180.508015166,1778125611.5993073,85,0.345675233998918,,,,,,,,,,,,,,,,,,,,,,,,,,,,,,,,,,,,,,,,,,,
,4522,15180.66386305,1778125611.7547052,85,,,,,,,,,,,,,,,,,,,0.5014308240060927,,,,,,,,,,,,,,,,,,,,,,,,,
,4523,15181.751189338,1778125612.8422616,85,,,,,,,,,,,,,,,,,,3.968001692555845e-06,,,,,,,,,,,,,,,,,,,,,,,,,,
,4524,15182.115638554,1778125613.206628,85,0.3637713889911538,,,,,,,,,,,,,,,,,,,,,,,,,,,,,,,,,,,,,,,,,,,
,4525,15182.253087487,1778125613.3439355,85,,,,,,,,,,,,,,,,,,,0.5014822950033704,,,,,,,,,,,,,,,,,,,,,,,,,
,4526,15183.341004997,1778125614.432107,85,,,,,,,,,,,,,,,,,,3.716006176546216e-06,,,,,,,,,,,,,,,,,,,,,,,,,,
,4527,15183.726201424,1778125614.8171737,85,0.3844985410105437,,,,,,,,,,,,,,,,,,,,,,,,,,,,,,,,,,,,,,,,,,,
,4528,15183.891154898,1778125614.9822404,85,,,,,,,,,,,,,,,,,,,0.5499670259887353,,,,,,,,,,,,,,,,,,,,,,,,,
,4529,15185.042487399,1778125616.1335924,85,,,,,,,,,,,,,,,,,,3.825000021606684e-06,,,,,,,,,,,,,,,,,,,,,,,,,,
,4530,15185.477173948,1778125616.568103,85,0.43384079200041015,,,,,,,,,,,,,,,,,,,,,,,,,,,,,,,,,,,,,,,,,,,
,4531,15185.629522246,1778125616.720445,85,,,,,,,,,,,,,,,,,,,0.5866636690043379,,,,,,,,,,,,,,,,,,,,,,,,,
,4532,15186.775945788,1778125617.8669176,85,,,,,,,,,,,,,,,,,,4.568995791487396e-06,,,,,,,,,,,,,,,,,,,,,,,,,,
,4533,15187.142293548,1778125618.2334666,85,0.36612062000494916,,,,,,,,,,,,,,,,,,,,,,,,,,,,,,,,,,,,,,,,,,,
,4534,15187.320255944,1778125618.4111915,85,,,,,,,,,,,,,,,,,,,0.5440859249938512,,,,,,,,,,,,,,,,,,,,,,,,,
,4535,15188.41242793,1778125619.5034711,85,,,,,,,,,,,,,,,,,,3.7809950299561024e-06,,,,,,,,,,,,,,,,,,,,,,,,,,
,4536,15188.793678319,1778125619.884899,85,0.38101602101232857,,,,,,,,,,,,,,,,,,,,,,,,,,,,,,,,,,,,,,,,,,,
,4537,15188.95735942,1778125620.04843,85,,,,,,,,,,,,,,,,,,,0.5447129370004404,,,,,,,,,,,,,,,,,,,,,,,,,
,4538,15190.103902717,1778125621.1947522,85,,,,,,,,,,,,,,,,,,3.847002517431974e-06,,,,,,,,,,,,,,,,,,,,,,,,,,
,4539,15190.497156964,1778125621.5882359,85,0.3932328060036525,,,,,,,,,,,,,,,,,,,,,,,,,,,,,,,,,,,,,,,,,,,
,4540,15190.653398867,1778125621.744498,85,,,,,,,,,,,,,,,,,,,0.5495751879934687,,,,,,,,,,,,,,,,,,,,,,,,,
138.87423402199056,4541,15330.719688583,1778125761.810726,85,,,,,,,,,,,,,,,,,,,,,,,,,,,,,,,,,,,,,,,,,,,,
,4542,15338.769838462,1778125769.850992,85,7.997429235998425,,,,,,,,,,,,,,,,,,,,,,,,,,,,,,,,,,,,,,,,,,,
,4543,15339.347857083,1778125770.438852,85,,0.0,0.0,0.0,0.0,0.04375,0.0,0.01836332007749191,0.43012621099478565,0.0010284836332774372,0.0,0.024999999999999994,0.0625,0.0,0.013258434888813004,0.057291666666666664,,,,,,,,,,,,,,,,,,,,,,,,,,,,
,4544,15339.349480244,1778125770.439226,85,,,,,,,,,,,,,,,,,0.43060258599871304,,,,,,,,,,,,,,,,,,,,,,,,,,,
,4545,15339.352003632,1778125770.4432392,85,,,,,,,,,,,,,,,,,,147.50942297100846,,,,,,,,,,,,,,,,,,,,,,,,,,
,4546,15339.692286858,1778125770.7834468,85,0.33992076200956944,,,,,,,,,,,,,,,,,,,,,,,,,,,,,,,,,,,,,,,,,,,
,4547,15339.844376353,1778125770.9354684,85,,,,,,,,,,,,,,,,,,,0.4920715259941062,,,,,,,,,,,,,,,,,,,,,,,,,
,4548,15340.881481361,1778125771.972629,85,,,,,,,,,,,,,,,,,,4.456000169739127e-06,,,,,,,,,,,,,,,,,,,,,,,,,,
,4549,15341.239271201,1778125772.330388,85,0.35732908100180794,,,,,,,,,,,,,,,,,,,,,,,,,,,,,,,,,,,,,,,,,,,
,4550,15341.413197013,1778125772.504253,85,,,,,,,,,,,,,,,,,,,0.5314421299990499,,,,,,,,,,,,,,,,,,,,,,,,,
,4551,15342.516449905,1778125773.6075966,85,,,,,,,,,,,,,,,,,,4.146000719629228e-06,,,,,,,,,,,,,,,,,,,,,,,,,,
,4552,15342.855476958,1778125773.9467041,85,0.33869800899992697,,,,,,,,,,,,,,,,,,,,,,,,,,,,,,,,,,,,,,,,,,,
,4553,15343.002747876,1778125774.0938654,85,,,,,,,,,,,,,,,,,,,0.4860915280005429,,,,,,,,,,,,,,,,,,,,,,,,,
,4554,15344.04178491,1778125775.1329384,85,,,,,,,,,,,,,,,,,,3.749999450519681e-06,,,,,,,,,,,,,,,,,,,,,,,,,,
,4555,15344.399177818,1778125775.4903848,85,0.3570551900047576,,,,,,,,,,,,,,,,,,,,,,,,,,,,,,,,,,,,,,,,,,,
,4556,15344.572654296,1778125775.6636522,85,,,,,,,,,,,,,,,,,,,0.5305439759977162,,,,,,,,,,,,,,,,,,,,,,,,,
,4557,15345.67518912,1778125776.7662733,85,,,,,,,,,,,,,,,,,,4.1430030250921845e-06,,,,,,,,,,,,,,,,,,,,,,,,,,
,4558,15346.045273893,1778125777.1363468,85,0.3696034070017049,,,,,,,,,,,,,,,,,,,,,,,,,,,,,,,,,,,,,,,,,,,
,4559,15346.206951702,1778125777.2980747,85,,,,,,,,,,,,,,,,,,,0.5316292799980147,,,,,,,,,,,,,,,,,,,,,,,,,
,4560,15347.309650393,1778125778.4008207,85,,,,,,,,,,,,,,,,,,4.115994670428336e-06,,,,,,,,,,,,,,,,,,,,,,,,,,
,4561,15347.813491474,1778125778.9046705,85,0.5034885649947682,,,,,,,,,,,,,,,,,,,,,,,,,,,,,,,,,,,,,,,,,,,
,4562,15347.966355529,1778125779.057334,85,,,,,,,,,,,,,,,,,,,0.6563581289956346,,,,,,,,,,,,,,,,,,,,,,,,,
,4563,15349.0116473,1778125780.1027431,85,,,,,,,,,,,,,,,,,,4.380999598652124e-06,,,,,,,,,,,,,,,,,,,,,,,,,,
,4564,15349.368471234,1778125780.459689,85,0.3565163220046088,,,,,,,,,,,,,,,,,,,,,,,,,,,,,,,,,,,,,,,,,,,
,4565,15349.543830629,1778125780.6348226,85,,,,,,,,,,,,,,,,,,,0.5318528560019331,,,,,,,,,,,,,,,,,,,,,,,,,
,4566,15350.648004845,1778125781.7389264,85,,,,,,,,,,,,,,,,,,4.2669998947530985e-06,,,,,,,,,,,,,,,,,,,,,,,,,,
,4567,15351.010561734,1778125782.1017628,85,0.36241229699226096,,,,,,,,,,,,,,,,,,,,,,,,,,,,,,,,,,,,,,,,,,,
,4568,15351.178573199,1778125782.2694266,85,,,,,,,,,,,,,,,,,,,0.5303138640010729,,,,,,,,,,,,,,,,,,,,,,,,,
,4569,15352.277192491,1778125783.3682647,85,,,,,,,,,,,,,,,,,,3.6860001273453236e-06,,,,,,,,,,,,,,,,,,,,,,,,,,
,4570,15352.653884227,1778125783.745078,85,0.3762860059941886,,,,,,,,,,,,,,,,,,,,,,,,,,,,,,,,,,,,,,,,,,,
,4571,15352.808801302,1778125783.8998384,85,,,,,,,,,,,,,,,,,,,0.5314039180084364,,,,,,,,,,,,,,,,,,,,,,,,,
,4572,15353.91178822,1778125785.0028954,85,,,,,,,,,,,,,,,,,,4.402012564241886e-06,,,,,,,,,,,,,,,,,,,,,,,,,,
,4573,15354.290182984,1778125785.3814147,85,0.37813454899878707,,,,,,,,,,,,,,,,,,,,,,,,,,,,,,,,,,,,,,,,,,,
,4574,15354.438677189,1778125785.5297208,85,,,,,,,,,,,,,,,,,,,0.5266485470056068,,,,,,,,,,,,,,,,,,,,,,,,,
,4575,15355.482218901,1778125786.5733614,85,,,,,,,,,,,,,,,,,,4.07799961976707e-06,,,,,,,,,,,,,,,,,,,,,,,,,,
,4576,15355.816806199,1778125786.908047,85,0.33414740599982906,,,,,,,,,,,,,,,,,,,,,,,,,,,,,,,,,,,,,,,,,,,
,4577,15355.967951463,1778125787.059198,85,,,,,,,,,,,,,,,,,,,0.4856682980025653,,,,,,,,,,,,,,,,,,,,,,,,,
,4578,15357.008869111,1778125788.0999544,85,,,,,,,,,,,,,,,,,,3.86299507226795e-06,,,,,,,,,,,,,,,,,,,,,,,,,,
,4579,15357.360193829,1778125788.4514186,85,0.3509762390021933,,,,,,,,,,,,,,,,,,,,,,,,,,,,,,,,,,,,,,,,,,,
,4580,15357.495972175,1778125788.5869737,85,,,,,,,,,,,,,,,,,,,0.48678694700356573,,,,,,,,,,,,,,,,,,,,,,,,,
,4581,15358.53491448,1778125789.6259964,85,,,,,,,,,,,,,,,,,,3.5729899536818266e-06,,,,,,,,,,,,,,,,,,,,,,,,,,
,4582,15358.90335161,1778125789.9944768,85,0.36800715800200123,,,,,,,,,,,,,,,,,,,,,,,,,,,,,,,,,,,,,,,,,,,
,4583,15359.061659793,1778125790.1526022,85,,,,,,,,,,,,,,,,,,,0.5263615790026961,,,,,,,,,,,,,,,,,,,,,,,,,
,4584,15360.106069516,1778125791.1972432,85,,,,,,,,,,,,,,,,,,3.845998435281217e-06,,,,,,,,,,,,,,,,,,,,,,,,,,
,4585,15360.523910903,1778125791.6150522,85,0.4174301599996397,,,,,,,,,,,,,,,,,,,,,,,,,,,,,,,,,,,,,,,,,,,
,4586,15360.622325039,1778125791.7134266,85,,,,,,,,,,,,,,,,,,,0.5160179689992219,,,,,,,,,,,,,,,,,,,,,,,,,
,4587,15361.65647111,1778125792.7475936,85,,,,,,,,,,,,,,,,,,4.1530001908540726e-06,,,,,,,,,,,,,,,,,,,,,,,,,,
,4588,15362.018327528,1778125793.1094966,85,0.3615222439984791,,,,,,,,,,,,,,,,,,,,,,,,,,,,,,,,,,,,,,,,,,,
,4589,15362.186901836,1778125793.2779284,85,,,,,,,,,,,,,,,,,,,0.5301713009976083,,,,,,,,,,,,,,,,,,,,,,,,,
,4590,15363.287136276,1778125794.3781643,85,,,,,,,,,,,,,,,,,,4.291010554879904e-06,,,,,,,,,,,,,,,,,,,,,,,,,,
,4591,15363.664474739,1778125794.7556915,85,0.37688920900109224,,,,,,,,,,,,,,,,,,,,,,,,,,,,,,,,,,,,,,,,,,,
,4592,15363.818417962,1778125794.9093738,85,,,,,,,,,,,,,,,,,,,0.5309457349940203,,,,,,,,,,,,,,,,,,,,,,,,,
137.23008767099236,4593,15502.190413259,1778125933.2814722,85,,,,,,,,,,,,,,,,,,,,,,,,,,,,,,,,,,,,,,,,,,,,
,4594,15509.904269756,1778125940.9853613,85,7.6591881579952314,,,,,,,,,,,,,,,,,,,,,,,,,,,,,,,,,,,,,,,,,,,
,4595,15510.489213908,1778125941.578082,85,,0.010517312440919246,0.0,0.0,0.0,0.0625,0.0,0.01836332007749191,0.4527992850053124,0.00048166216855644674,0.0,0.05,0.0625,0.0,0.02121397436534432,0.05952380952380952,,,,,,,,,,,,,,,,,,,,,,,,,,,,
,4596,15510.489256346,1778125941.5784094,85,,,,,,,,,,,,,,,,,0.45323163499415386,,,,,,,,,,,,,,,,,,,,,,,,,,,
,4597,15510.48926426,1778125941.5802038,85,,,,,,,,,,,,,,,,,,145.5314239859872,,,,,,,,,,,,,,,,,,,,,,,,,,
,4598,15510.831844219,1778125941.923021,85,0.3425831409986131,,,,,,,,,,,,,,,,,,,,,,,,,,,,,,,,,,,,,,,,,,,
,4599,15510.977217127,1778125942.0681183,85,,,,,,,,,,,,,,,,,,,0.4877370290050749,,,,,,,,,,,,,,,,,,,,,,,,,
,4600,15511.980135673,1778125943.0711985,85,,,,,,,,,,,,,,,,,,4.472007276490331e-06,,,,,,,,,,,,,,,,,,,,,,,,,,
,4601,15512.310301516,1778125943.401359,85,0.32959076699626166,,,,,,,,,,,,,,,,,,,,,,,,,,,,,,,,,,,,,,,,,,,
,4602,15512.453549312,1778125943.5444376,85,,,,,,,,,,,,,,,,,,,0.4730401529959636,,,,,,,,,,,,,,,,,,,,,,,,,
,4603,15513.461245605,1778125944.5523303,85,,,,,,,,,,,,,,,,,,3.850000211969018e-06,,,,,,,,,,,,,,,,,,,,,,,,,,
,4604,15513.81431438,1778125944.9052775,85,0.3525041789980605,,,,,,,,,,,,,,,,,,,,,,,,,,,,,,,,,,,,,,,,,,,
,4605,15513.978968733,1778125945.0699546,85,,,,,,,,,,,,,,,,,,,0.517456626999774,,,,,,,,,,,,,,,,,,,,,,,,,
,4606,15515.047966848,1778125946.1390495,85,,,,,,,,,,,,,,,,,,3.932000254280865e-06,,,,,,,,,,,,,,,,,,,,,,,,,,
,4607,15515.387258338,1778125946.4783223,85,0.3387243709876202,,,,,,,,,,,,,,,,,,,,,,,,,,,,,,,,,,,,,,,,,,,
,4608,15515.521386257,1778125946.6123235,85,,,,,,,,,,,,,,,,,,,0.47309056999802124,,,,,,,,,,,,,,,,,,,,,,,,,
,4609,15516.529547008,1778125947.620638,85,,,,,,,,,,,,,,,,,,4.34298999607563e-06,,,,,,,,,,,,,,,,,,,,,,,,,,
,4610,15516.89174757,1778125947.9829402,85,0.3618151300033787,,,,,,,,,,,,,,,,,,,,,,,,,,,,,,,,,,,,,,,,,,,
,4611,15517.042392208,1778125948.1334853,85,,,,,,,,,,,,,,,,,,,0.5126731189957354,,,,,,,,,,,,,,,,,,,,,,,,,
,4612,15518.105232007,1778125949.196331,85,,,,,,,,,,,,,,,,,,4.479996277950704e-06,,,,,,,,,,,,,,,,,,,,,,,,,,
,4613,15518.45560535,1778125949.5466807,85,0.3498731099971337,,,,,,,,,,,,,,,,,,,,,,,,,,,,,,,,,,,,,,,,,,,
,4614,15518.622379086,1778125949.7133489,85,,,,,,,,,,,,,,,,,,,0.516835535003338,,,,,,,,,,,,,,,,,,,,,,,,,
,4615,15519.68828131,1778125950.7793536,85,,,,,,,,,,,,,,,,,,4.808010999113321e-06,,,,,,,,,,,,,,,,,,,,,,,,,,
,4616,15520.165405303,1778125951.2565186,85,0.4766430780000519,,,,,,,,,,,,,,,,,,,,,,,,,,,,,,,,,,,,,,,,,,,
,4617,15520.212234454,1778125951.3033478,85,,,,,,,,,,,,,,,,,,,0.5237988970038714,,,,,,,,,,,,,,,,,,,,,,,,,
,4618,15521.222777798,1778125952.3138535,85,,,,,,,,,,,,,,,,,,3.745008143596351e-06,,,,,,,,,,,,,,,,,,,,,,,,,,
,4619,15521.58942749,1778125952.68054,85,0.3662164919951465,,,,,,,,,,,,,,,,,,,,,,,,,,,,,,,,,,,,,,,,,,,
,4620,15521.741135256,1778125952.8322022,85,,,,,,,,,,,,,,,,,,,0.5180831749894423,,,,,,,,,,,,,,,,,,,,,,,,,
,4621,15522.809877563,1778125953.9009676,85,,,,,,,,,,,,,,,,,,4.3670006562024355e-06,,,,,,,,,,,,,,,,,,,,,,,,,,
,4622,15523.129739243,1778125954.2209575,85,0.3194710060051875,,,,,,,,,,,,,,,,,,,,,,,,,,,,,,,,,,,,,,,,,,,
,4623,15523.277015449,1778125954.3680043,85,,,,,,,,,,,,,,,,,,,0.4668357670016121,,,,,,,,,,,,,,,,,,,,,,,,,
,4624,15524.277186622,1778125955.3682675,85,,,,,,,,,,,,,,,,,,3.6529963836073875e-06,,,,,,,,,,,,,,,,,,,,,,,,,,
,4625,15524.650405328,1778125955.7414606,85,0.3726774949900573,,,,,,,,,,,,,,,,,,,,,,,,,,,,,,,,,,,,,,,,,,,
,4626,15524.794071738,1778125955.885208,85,,,,,,,,,,,,,,,,,,,0.5167801680072444,,,,,,,,,,,,,,,,,,,,,,,,,
,4627,15525.861011925,1778125956.9520745,85,,,,,,,,,,,,,,,,,,4.364002961665392e-06,,,,,,,,,,,,,,,,,,,,,,,,,,
,4628,15526.219191893,1778125957.3102052,85,0.35746292500698473,,,,,,,,,,,,,,,,,,,,,,,,,,,,,,,,,,,,,,,,,,,
,4629,15526.37495096,1778125957.4659185,85,,,,,,,,,,,,,,,,,,,0.5136685299949022,,,,,,,,,,,,,,,,,,,,,,,,,
,4630,15527.438445754,1778125958.5295029,85,,,,,,,,,,,,,,,,,,4.618996172212064e-06,,,,,,,,,,,,,,,,,,,,,,,,,,
,4631,15527.782418739,1778125958.8735993,85,0.3435508749971632,,,,,,,,,,,,,,,,,,,,,,,,,,,,,,,,,,,,,,,,,,,
,4632,15527.952184599,1778125959.043038,85,,,,,,,,,,,,,,,,,,,0.5133471750013996,,,,,,,,,,,,,,,,,,,,,,,,,
,4633,15529.014703166,1778125960.105803,85,,,,,,,,,,,,,,,,,,4.0199956856667995e-06,,,,,,,,,,,,,,,,,,,,,,,,,,
,4634,15529.347473149,1778125960.4386656,85,0.3319957119965693,,,,,,,,,,,,,,,,,,,,,,,,,,,,,,,,,,,,,,,,,,,
,4635,15529.484496166,1778125960.5754323,85,,,,,,,,,,,,,,,,,,,0.4694682600093074,,,,,,,,,,,,,,,,,,,,,,,,,
,4636,15530.488694461,1778125961.579777,85,,,,,,,,,,,,,,,,,,4.128989530727267e-06,,,,,,,,,,,,,,,,,,,,,,,,,,
,4637,15530.820311488,1778125961.9114642,85,0.3311138499993831,,,,,,,,,,,,,,,,,,,,,,,,,,,,,,,,,,,,,,,,,,,
,4638,15530.963101436,1778125962.0541031,85,,,,,,,,,,,,,,,,,,,0.47413170798972715,,,,,,,,,,,,,,,,,,,,,,,,,
,4639,15531.974519145,1778125963.0654175,85,,,,,,,,,,,,,,,,,,3.740002284757793e-06,,,,,,,,,,,,,,,,,,,,,,,,,,
,4640,15532.301066433,1778125963.392259,85,0.3264496420015348,,,,,,,,,,,,,,,,,,,,,,,,,,,,,,,,,,,,,,,,,,,
,4641,15532.449509285,1778125963.5406718,85,,,,,,,,,,,,,,,,,,,0.47509109099337365,,,,,,,,,,,,,,,,,,,,,,,,,
,4642,15533.458507639,1778125964.549611,85,,,,,,,,,,,,,,,,,,3.948007361032069e-06,,,,,,,,,,,,,,,,,,,,,,,,,,
,4643,15533.804760668,1778125964.8958051,85,0.3456052960100351,,,,,,,,,,,,,,,,,,,,,,,,,,,,,,,,,,,,,,,,,,,
,4644,15533.974267083,1778125965.0652025,85,,,,,,,,,,,,,,,,,,,0.5153752219921444,,,,,,,,,,,,,,,,,,,,,,,,,
139.40846172600868,4645,15674.483990792,1778126105.5750349,85,,,,,,,,,,,,,,,,,,,,,,,,,,,,,,,,,,,,,,,,,,,,
,4646,15682.401376783,1778126113.48233,85,7.862996987008955,,,,,,,,,,,,,,,,,,,,,,,,,,,,,,,,,,,,,,,,,,,
,4647,15683.124804624,1778126114.2157545,85,,0.0,0.0,0.0,0.0,0.0,0.0,0.0,0.5884780950000277,0.0047106399833945324,0.0,0.0,0.0,0.0,0.0,0.0,,,,,,,,,,,,,,,,,,,,,,,,,,,,
,4648,15683.127750444,1778126114.2164907,85,,,,,,,,,,,,,,,,,0.5893417179904645,,,,,,,,,,,,,,,,,,,,,,,,,,,
,4649,15683.127773269,1778126114.2189417,85,,,,,,,,,,,,,,,,,,148.05485386299551,,,,,,,,,,,,,,,,,,,,,,,,,,
,4650,15683.635055704,1778126114.725982,85,0.5065655279904604,,,,,,,,,,,,,,,,,,,,,,,,,,,,,,,,,,,,,,,,,,,
,4651,15683.782792473,1778126114.8739512,85,,,,,,,,,,,,,,,,,,,0.6548037969914731,,,,,,,,,,,,,,,,,,,,,,,,,
,4652,15684.816544704,1778126115.9076009,85,,,,,,,,,,,,,,,,,,4.927002009935677e-06,,,,,,,,,,,,,,,,,,,,,,,,,,
,4653,15685.155715906,1778126116.2468312,85,0.33872636599699035,,,,,,,,,,,,,,,,,,,,,,,,,,,,,,,,,,,,,,,,,,,
,4654,15685.303164114,1778126116.3941505,85,,,,,,,,,,,,,,,,,,,0.4863769960065838,,,,,,,,,,,,,,,,,,,,,,,,,
,4655,15686.344483248,1778126117.4356797,85,,,,,,,,,,,,,,,,,,3.829001798294485e-06,,,,,,,,,,,,,,,,,,,,,,,,,,
,4656,15686.70561088,1778126117.796848,85,0.36072716700437013,,,,,,,,,,,,,,,,,,,,,,,,,,,,,,,,,,,,,,,,,,,
,4657,15686.873977839,1778126117.9650955,85,,,,,,,,,,,,,,,,,,,0.5292671689967392,,,,,,,,,,,,,,,,,,,,,,,,,
,4658,15687.972171693,1778126119.0632064,85,,,,,,,,,,,,,,,,,,3.958994057029486e-06,,,,,,,,,,,,,,,,,,,,,,,,,,
,4659,15688.317076669,1778126119.408296,85,0.344586587001686,,,,,,,,,,,,,,,,,,,,,,,,,,,,,,,,,,,,,,,,,,,
,4660,15688.452791173,1778126119.5437708,85,,,,,,,,,,,,,,,,,,,0.48037372100225184,,,,,,,,,,,,,,,,,,,,,,,,,
,4661,15689.488583811,1778126120.5796385,85,,,,,,,,,,,,,,,,,,4.086003173142672e-06,,,,,,,,,,,,,,,,,,,,,,,,,,
,4662,15689.864300153,1778126120.9554837,85,0.3754281820001779,,,,,,,,,,,,,,,,,,,,,,,,,,,,,,,,,,,,,,,,,,,
,4663,15690.018729747,1778126121.1098902,85,,,,,,,,,,,,,,,,,,,0.5300755140051479,,,,,,,,,,,,,,,,,,,,,,,,,
,4664,15691.121969791,1778126122.2128835,85,,,,,,,,,,,,,,,,,,3.861990990117192e-06,,,,,,,,,,,,,,,,,,,,,,,,,,
,4665,15691.452513223,1778126122.5437503,85,0.33042814600048587,,,,,,,,,,,,,,,,,,,,,,,,,,,,,,,,,,,,,,,,,,,
,4666,15691.603604717,1778126122.6946497,85,,,,,,,,,,,,,,,,,,,0.4815593439998338,,,,,,,,,,,,,,,,,,,,,,,,,
,4667,15692.641329078,1778126123.732463,85,,,,,,,,,,,,,,,,,,3.929002559743822e-06,,,,,,,,,,,,,,,,,,,,,,,,,,
,4668,15692.99296708,1778126124.0842183,85,0.35131613300472964,,,,,,,,,,,,,,,,,,,,,,,,,,,,,,,,,,,,,,,,,,,
,4669,15693.168518281,1778126124.2594597,85,,,,,,,,,,,,,,,,,,,0.5268191540089902,,,,,,,,,,,,,,,,,,,,,,,,,
,4670,15694.262421652,1778126125.3535414,85,,,,,,,,,,,,,,,,,,3.5760022001340985e-06,,,,,,,,,,,,,,,,,,,,,,,,,,
,4671,15694.605523098,1778126125.6965575,85,0.34247577100177296,,,,,,,,,,,,,,,,,,,,,,,,,,,,,,,,,,,,,,,,,,,
,4672,15694.74758678,1778126125.8385391,85,,,,,,,,,,,,,,,,,,,0.48476823000237346,,,,,,,,,,,,,,,,,,,,,,,,,
,4673,15695.788150704,1778126126.8792007,85,,,,,,,,,,,,,,,,,,3.982000635005534e-06,,,,,,,,,,,,,,,,,,,,,,,,,,
,4674,15696.154665181,1778126127.2458026,85,0.3662069510028232,,,,,,,,,,,,,,,,,,,,,,,,,,,,,,,,,,,,,,,,,,,
,4675,15696.316554241,1778126127.4075959,85,,,,,,,,,,,,,,,,,,,0.5281921019923175,,,,,,,,,,,,,,,,,,,,,,,,,
,4676,15697.415239452,1778126128.5064406,85,,,,,,,,,,,,,,,,,,4.005007212981582e-06,,,,,,,,,,,,,,,,,,,,,,,,,,
,4677,15697.869803077,1778126128.9608896,85,0.45404290800797753,,,,,,,,,,,,,,,,,,,,,,,,,,,,,,,,,,,,,,,,,,,
,4678,15698.016480618,1778126129.1074452,85,,,,,,,,,,,,,,,,,,,0.6008324020076543,,,,,,,,,,,,,,,,,,,,,,,,,
,4679,15699.060982827,1778126130.152169,85,,,,,,,,,,,,,,,,,,3.6900019040331244e-06,,,,,,,,,,,,,,,,,,,,,,,,,,
,4680,15699.398718919,1778126130.48995,85,0.3372165920009138,,,,,,,,,,,,,,,,,,,,,,,,,,,,,,,,,,,,,,,,,,,
,4681,15699.545911628,1778126130.637033,85,,,,,,,,,,,,,,,,,,,0.4847089870017953,,,,,,,,,,,,,,,,,,,,,,,,,
,4682,15700.587453858,1778126131.6784592,85,,,,,,,,,,,,,,,,,,4.008004907518625e-06,,,,,,,,,,,,,,,,,,,,,,,,,,
,4683,15700.950423869,1778126132.0416718,85,0.3627358879894018,,,,,,,,,,,,,,,,,,,,,,,,,,,,,,,,,,,,,,,,,,,
,4684,15701.120188256,1778126132.2110717,85,,,,,,,,,,,,,,,,,,,0.5324550090008415,,,,,,,,,,,,,,,,,,,,,,,,,
,4685,15702.223008602,1778126133.3140717,85,,,,,,,,,,,,,,,,,,3.7749996408820152e-06,,,,,,,,,,,,,,,,,,,,,,,,,,
,4686,15702.603979124,1778126133.694866,85,0.3803566730057355,,,,,,,,,,,,,,,,,,,,,,,,,,,,,,,,,,,,,,,,,,,
,4687,15702.749686616,1778126133.8408847,85,,,,,,,,,,,,,,,,,,,0.5266563599871006,,,,,,,,,,,,,,,,,,,,,,,,,
,4688,15703.845845745,1778126134.9369974,85,,,,,,,,,,,,,,,,,,3.961002221331e-06,,,,,,,,,,,,,,,,,,,,,,,,,,
,4689,15704.181541518,1778126135.2727895,85,0.33542276101070456,,,,,,,,,,,,,,,,,,,,,,,,,,,,,,,,,,,,,,,,,,,
,4690,15704.327308262,1778126135.4183612,85,,,,,,,,,,,,,,,,,,,0.48117105300480034,,,,,,,,,,,,,,,,,,,,,,,,,
,4691,15705.361940146,1778126136.4530566,85,,,,,,,,,,,,,,,,,,3.6290002753958106e-06,,,,,,,,,,,,,,,,,,,,,,,,,,
,4692,15705.695779107,1778126136.7870488,85,0.33346285999868996,,,,,,,,,,,,,,,,,,,,,,,,,,,,,,,,,,,,,,,,,,,
,4693,15705.847191695,1778126136.938276,85,,,,,,,,,,,,,,,,,,,0.4849857829976827,,,,,,,,,,,,,,,,,,,,,,,,,
,4694,15706.891025125,1778126137.9820247,85,,,,,,,,,,,,,,,,,,3.850000211969018e-06,,,,,,,,,,,,,,,,,,,,,,,,,,
,4695,15707.246001632,1778126138.3372228,85,0.35469833100796677,,,,,,,,,,,,,,,,,,,,,,,,,,,,,,,,,,,,,,,,,,,
,4696,15707.422738978,1778126138.5138795,85,,,,,,,,,,,,,,,,,,,0.531620155001292,,,,,,,,,,,,,,,,,,,,,,,,,
,4697,15708.540129389,1778126139.6306221,90,,,,,,,,,,,,,,,,,,,,0.170397086176672,0.0,1.6,0.06573067159624771,0.0,171.60216752739507,0.0164621272648219,1971713.0,101970.32129680834,1.6,4078.801171875,62.45990753173828,206.4,0.0,4.932444364939204e-07,0.0,921.8,0.015614156835530881,0.0164621272648219,0.4,1.6,0.9,0.0,0.06573066861601547,1024.0
139.74668451100297,4698,15848.310825002,1778126279.4019327,90,,,,,,,,,,,,,,,,,,,,,,,,,,,,,,,,,,,,,,,,,,,,
,4699,15856.214486384,1778126287.29553,90,7.848701599999913,,,,,,,,,,,,,,,,,,,,,,,,,,,,,,,,,,,,,,,,,,,
,4700,15856.370731813,1778126287.4620223,90,,0.0,0.0,0.0,0.0,0.0,0.0,0.0,0.001810505986213684,0.0,0.0,0.0,0.0,0.0,0.0,0.0,,,,,,,,,,,,,,,,,,,,,,,,,,,,
,4701,15856.371377125,1778126287.462682,90,,,,,,,,,,,,,,,,,0.0025619399966672063,,,,,,,,,,,,,,,,,,,,,,,,,,,
,4702,15856.373941435,1778126287.464565,90,,,,,,,,,,,,,,,,,,147.81213480100268,,,,,,,,,,,,,,,,,,,,,,,,,,
,4703,15856.704397408,1778126287.7954519,90,0.3305437379895011,,,,,,,,,,,,,,,,,,,,,,,,,,,,,,,,,,,,,,,,,,,
,4704,15856.855421794,1778126287.9464254,90,,,,,,,,,,,,,,,,,,,0.48163527400174644,,,,,,,,,,,,,,,,,,,,,,,,,
,4705,15857.887995394,1778126288.979189,90,,,,,,,,,,,,,,,,,,3.934997948817909e-06,,,,,,,,,,,,,,,,,,,,,,,,,,
,4706,15858.221208029,1778126289.3124497,90,0.33279100300569553,,,,,,,,,,,,,,,,,,,,,,,,,,,,,,,,,,,,,,,,,,,
,4707,15858.373557521,1778126289.4647663,90,,,,,,,,,,,,,,,,,,,0.48541406900039874,,,,,,,,,,,,,,,,,,,,,,,,,
,4708,15859.411315944,1778126290.5024915,90,,,,,,,,,,,,,,,,,,3.6919955164194107e-06,,,,,,,,,,,,,,,,,,,,,,,,,,
,4709,15859.888580119,1778126290.9797807,90,0.47674828898743726,,,,,,,,,,,,,,,,,,,,,,,,,,,,,,,,,,,,,,,,,,,
,4710,15860.025298653,1778126291.1161737,90,,,,,,,,,,,,,,,,,,,0.6135078270017402,,,,,,,,,,,,,,,,,,,,,,,,,
,4711,15861.066196701,1778126292.157128,90,,,,,,,,,,,,,,,,,,4.62500611320138e-06,,,,,,,,,,,,,,,,,,,,,,,,,,
,4712,15861.406360951,1778126292.4974887,90,0.33973470400087535,,,,,,,,,,,,,,,,,,,,,,,,,,,,,,,,,,,,,,,,,,,
,4713,15861.552178794,1778126292.6433053,90,,,,,,,,,,,,,,,,,,,0.48597844899632037,,,,,,,,,,,,,,,,,,,,,,,,,
,4714,15862.591439601,1778126293.682618,90,,,,,,,,,,,,,,,,,,3.96599352825433e-06,,,,,,,,,,,,,,,,,,,,,,,,,,
,4715,15862.918816646,1778126294.0100899,90,0.3271020230022259,,,,,,,,,,,,,,,,,,,,,,,,,,,,,,,,,,,,,,,,,,,
,4716,15863.074021435,1778126294.1652052,90,,,,,,,,,,,,,,,,,,,0.48241850700287614,,,,,,,,,,,,,,,,,,,,,,,,,
,4717,15864.10782185,1778126295.198944,90,,,,,,,,,,,,,,,,,,3.6249984987080097e-06,,,,,,,,,,,,,,,,,,,,,,,,,,
,4718,15864.481616821,1778126295.5728106,90,0.37330560499685816,,,,,,,,,,,,,,,,,,,,,,,,,,,,,,,,,,,,,,,,,,,
,4719,15864.635326308,1778126295.726364,90,,,,,,,,,,,,,,,,,,,0.5272155729908263,,,,,,,,,,,,,,,,,,,,,,,,,
,4720,15865.728983282,1778126296.8201656,90,,,,,,,,,,,,,,,,,,3.963010385632515e-06,,,,,,,,,,,,,,,,,,,,,,,,,,
,4721,15866.114444354,1778126297.2056582,90,0.38500096400093753,,,,,,,,,,,,,,,,,,,,,,,,,,,,,,,,,,,,,,,,,,,
,4722,15866.261253208,1778126297.352272,90,,,,,,,,,,,,,,,,,,,0.5319449849921511,,,,,,,,,,,,,,,,,,,,,,,,,
,4723,15867.361518525,1778126298.452589,90,,,,,,,,,,,,,,,,,,3.4999975468963385e-06,,,,,,,,,,,,,,,,,,,,,,,,,,
,4724,15867.722854126,1778126298.8140476,90,0.36110047399415635,,,,,,,,,,,,,,,,,,,,,,,,,,,,,,,,,,,,,,,,,,,
,4725,15867.889259795,1778126298.9803922,90,,,,,,,,,,,,,,,,,,,0.527654163990519,,,,,,,,,,,,,,,,,,,,,,,,,
,4726,15868.980442647,1778126300.0715318,90,,,,,,,,,,,,,,,,,,3.7560093915089965e-06,,,,,,,,,,,,,,,,,,,,,,,,,,
,4727,15869.356731117,1778126300.447988,90,0.37605898699257523,,,,,,,,,,,,,,,,,,,,,,,,,,,,,,,,,,,,,,,,,,,
,4728,15869.512290214,1778126300.6032586,90,,,,,,,,,,,,,,,,,,,0.5315792079927633,,,,,,,,,,,,,,,,,,,,,,,,,
,4729,15870.610915269,1778126301.701948,90,,,,,,,,,,,,,,,,,,3.948007361032069e-06,,,,,,,,,,,,,,,,,,,,,,,,,,
,4730,15870.96069611,1778126302.051803,90,0.34952350599633064,,,,,,,,,,,,,,,,,,,,,,,,,,,,,,,,,,,,,,,,,,,
,4731,15871.093860179,1778126302.1847842,90,,,,,,,,,,,,,,,,,,,0.4826349530048901,,,,,,,,,,,,,,,,,,,,,,,,,
,4732,15872.130621489,1778126303.2215898,90,,,,,,,,,,,,,,,,,,4.102010279893875e-06,,,,,,,,,,,,,,,,,,,,,,,,,,
,4733,15872.672444619,1778126303.7636309,90,0.5415360670012888,,,,,,,,,,,,,,,,,,,,,,,,,,,,,,,,,,,,,,,,,,,
,4734,15872.69699882,1778126303.78819,90,,,,,,,,,,,,,,,,,,,0.5663436309987446,,,,,,,,,,,,,,,,,,,,,,,,,
,4735,15873.797729988,1778126304.8887687,90,,,,,,,,,,,,,,,,,,3.967012162320316e-06,,,,,,,,,,,,,,,,,,,,,,,,,,
,4736,15874.177181739,1778126305.2683043,90,0.3791514729964547,,,,,,,,,,,,,,,,,,,,,,,,,,,,,,,,,,,,,,,,,,,
,4737,15874.325371341,1778126305.416516,90,,,,,,,,,,,,,,,,,,,0.5275622810004279,,,,,,,,,,,,,,,,,,,,,,,,,
,4738,15875.420749564,1778126306.5118968,90,,,,,,,,,,,,,,,,,,3.834007657133043e-06,,,,,,,,,,,,,,,,,,,,,,,,,,
,4739,15875.775378041,1778126306.8664877,90,0.35415583800931927,,,,,,,,,,,,,,,,,,,,,,,,,,,,,,,,,,,,,,,,,,,
,4740,15875.947437361,1778126307.0386562,90,,,,,,,,,,,,,,,,,,,0.5265537559898803,,,,,,,,,,,,,,,,,,,,,,,,,
,4741,15877.037956247,1778126308.129155,90,,,,,,,,,,,,,,,,,,3.7249992601573467e-06,,,,,,,,,,,,,,,,,,,,,,,,,,
,4742,15877.379423084,1778126308.4706895,90,0.34122255799593404,,,,,,,,,,,,,,,,,,,,,,,,,,,,,,,,,,,,,,,,,,,
,4743,15877.525556421,1778126308.616761,90,,,,,,,,,,,,,,,,,,,0.4874610830011079,,,,,,,,,,,,,,,,,,,,,,,,,
,4744,15878.565233321,1778126309.6563144,90,,,,,,,,,,,,,,,,,,3.7080026231706142e-06,,,,,,,,,,,,,,,,,,,,,,,,,,
,4745,15878.891932463,1778126309.983122,90,0.32632126699900255,,,,,,,,,,,,,,,,,,,,,,,,,,,,,,,,,,,,,,,,,,,
,4746,15879.047545897,1778126310.138571,90,,,,,,,,,,,,,,,,,,,0.48209907799900975,,,,,,,,,,,,,,,,,,,,,,,,,
,4747,15880.084100637,1778126311.175112,90,,,,,,,,,,,,,,,,,,4.204004653729498e-06,,,,,,,,,,,,,,,,,,,,,,,,,,
,4748,15880.458072478,1778126311.5492961,90,0.37374550200183876,,,,,,,,,,,,,,,,,,,,,,,,,,,,,,,,,,,,,,,,,,,
,4749,15880.611935503,1778126311.7029524,90,,,,,,,,,,,,,,,,,,,0.5276935779984342,,,,,,,,,,,,,,,,,,,,,,,,,
139.98172320199956,4750,16021.725132743,1778126452.8162038,90,,,,,,,,,,,,,,,,,,,,,,,,,,,,,,,,,,,,,,,,,,,,
,4751,16029.776489578,1778126460.857483,90,7.996869010996306,,,,,,,,,,,,,,,,,,,,,,,,,,,,,,,,,,,,,,,,,,,
,4752,16030.566048209,1778126461.65538,90,,0.055331140253562276,0.0,0.0,0.0,0.1,0.0,0.02828520635105916,0.6433465729933232,0.0028288115538281943,0.0,0.06249999999999999,0.125,0.0,0.033138396068299346,0.08546597170047582,,,,,,,,,,,,,,,,,,,,,,,,,,,,
,4753,16030.566131197,1778126461.6571379,90,,,,,,,,,,,,,,,,,0.6452056699927198,,,,,,,,,,,,,,,,,,,,,,,,,,,
,4754,16030.568240386,1778126461.6592836,90,,,,,,,,,,,,,,,,,,148.82725045199913,,,,,,,,,,,,,,,,,,,,,,,,,,
,4755,16030.930799935,1778126462.021792,90,0.3622315789980348,,,,,,,,,,,,,,,,,,,,,,,,,,,,,,,,,,,,,,,,,,,
,4756,16031.105376538,1778126462.1963491,90,,,,,,,,,,,,,,,,,,,0.5368676719954237,,,,,,,,,,,,,,,,,,,,,,,,,
,4757,16032.222210913,1778126463.3132834,90,,,,,,,,,,,,,,,,,,4.718996933661401e-06,,,,,,,,,,,,,,,,,,,,,,,,,,
,4758,16032.608132457,1778126463.6991997,90,0.38546477700583637,,,,,,,,,,,,,,,,,,,,,,,,,,,,,,,,,,,,,,,,,,,
,4759,16032.758038192,1778126463.8491337,90,,,,,,,,,,,,,,,,,,,0.5356285430025309,,,,,,,,,,,,,,,,,,,,,,,,,
,4760,16033.875290041,1778126464.966201,90,,,,,,,,,,,,,,,,,,4.197994712740183e-06,,,,,,,,,,,,,,,,,,,,,,,,,,
,4761,16034.233834589,1778126465.3249137,90,0.35833842800639104,,,,,,,,,,,,,,,,,,,,,,,,,,,,,,,,,,,,,,,,,,,
,4762,16034.408052124,1778126465.4989698,90,,,,,,,,,,,,,,,,,,,0.5325693859922467,,,,,,,,,,,,,,,,,,,,,,,,,
,4763,16035.522284713,1778126466.6130002,90,,,,,,,,,,,,,,,,,,3.939989255741239e-06,,,,,,,,,,,,,,,,,,,,,,,,,,
,4764,16036.061907614,1778126467.1530735,90,0.5390676800016081,,,,,,,,,,,,,,,,,,,,,,,,,,,,,,,,,,,,,,,,,,,
,4765,16036.109527007,1778126467.200597,90,,,,,,,,,,,,,,,,,,,0.5873721059906529,,,,,,,,,,,,,,,,,,,,,,,,,
,4766,16037.225867842,1778126468.3169534,90,,,,,,,,,,,,,,,,,,4.852001438848674e-06,,,,,,,,,,,,,,,,,,,,,,,,,,
,4767,16037.610486243,1778126468.7014651,90,0.3839507260126993,,,,,,,,,,,,,,,,,,,,,,,,,,,,,,,,,,,,,,,,,,,
,4768,16037.76380284,1778126468.8548515,90,,,,,,,,,,,,,,,,,,,0.5377344129956327,,,,,,,,,,,,,,,,,,,,,,,,,
,4769,16038.880844293,1778126469.9716887,90,,,,,,,,,,,,,,,,,,4.132991307415068e-06,,,,,,,,,,,,,,,,,,,,,,,,,,
,4770,16039.242612842,1778126470.3334706,90,0.3615551810071338,,,,,,,,,,,,,,,,,,,,,,,,,,,,,,,,,,,,,,,,,,,
,4771,16039.418023092,1778126470.5089512,90,,,,,,,,,,,,,,,,,,,0.5371070879918989,,,,,,,,,,,,,,,,,,,,,,,,,
,4772,16040.537380698,1778126471.628432,90,,,,,,,,,,,,,,,,,,3.5849952837452292e-06,,,,,,,,,,,,,,,,,,,,,,,,,,
,4773,16040.87787403,1778126471.9689865,90,0.33996853399730753,,,,,,,,,,,,,,,,,,,,,,,,,,,,,,,,,,,,,,,,,,,
,4774,16041.024177432,1778126472.115195,90,,,,,,,,,,,,,,,,,,,0.48652059699816164,,,,,,,,,,,,,,,,,,,,,,,,,
,4775,16042.073181113,1778126473.1641505,90,,,,,,,,,,,,,,,,,,4.492001608014107e-06,,,,,,,,,,,,,,,,,,,,,,,,,,
,4776,16042.435091579,1778126473.5262938,90,0.36156092600140255,,,,,,,,,,,,,,,,,,,,,,,,,,,,,,,,,,,,,,,,,,,
,4777,16042.610650113,1778126473.701573,90,,,,,,,,,,,,,,,,,,,0.5372729980008444,,,,,,,,,,,,,,,,,,,,,,,,,
,4778,16043.727920854,1778126474.8190737,90,,,,,,,,,,,,,,,,,,4.222994903102517e-06,,,,,,,,,,,,,,,,,,,,,,,,,,
,4779,16044.067763608,1778126475.1589947,90,0.33952620899071917,,,,,,,,,,,,,,,,,,,,,,,,,,,,,,,,,,,,,,,,,,,
,4780,16044.213922477,1778126475.3050253,90,,,,,,,,,,,,,,,,,,,0.48578152600384783,,,,,,,,,,,,,,,,,,,,,,,,,
,4781,16045.264694779,1778126476.3557947,90,,,,,,,,,,,,,,,,,,3.6059936974197626e-06,,,,,,,,,,,,,,,,,,,,,,,,,,
,4782,16045.598200509,1778126476.6893895,90,0.33306327200261876,,,,,,,,,,,,,,,,,,,,,,,,,,,,,,,,,,,,,,,,,,,
,4783,16045.75518341,1778126476.846296,90,,,,,,,,,,,,,,,,,,,0.490332198998658,,,,,,,,,,,,,,,,,,,,,,,,,
,4784,16046.810622853,1778126477.9017363,90,,,,,,,,,,,,,,,,,,3.994995495304465e-06,,,,,,,,,,,,,,,,,,,,,,,,,,
,4785,16047.157836633,1778126478.2489624,90,0.3467937620007433,,,,,,,,,,,,,,,,,,,,,,,,,,,,,,,,,,,,,,,,,,,
,4786,16047.300268706,1778126478.391275,90,,,,,,,,,,,,,,,,,,,0.48930313900928013,,,,,,,,,,,,,,,,,,,,,,,,,
,4787,16048.3581703,1778126479.4492815,90,,,,,,,,,,,,,,,,,,3.6080018617212772e-06,,,,,,,,,,,,,,,,,,,,,,,,,,
,4788,16048.69419983,1778126479.785314,90,0.3353547669976251,,,,,,,,,,,,,,,,,,,,,,,,,,,,,,,,,,,,,,,,,,,
,4789,16048.844326725,1778126479.9352002,90,,,,,,,,,,,,,,,,,,,0.4857329040096374,,,,,,,,,,,,,,,,,,,,,,,,,
,4790,16049.892058633,1778126480.9830313,90,,,,,,,,,,,,,,,,,,3.7279969546943903e-06,,,,,,,,,,,,,,,,,,,,,,,,,,
,4791,16050.378108587,1778126481.4689903,90,0.4853652979945764,,,,,,,,,,,,,,,,,,,,,,,,,,,,,,,,,,,,,,,,,,,
,4792,16050.414872738,1778126481.5059476,90,,,,,,,,,,,,,,,,,,,0.5227332770009525,,,,,,,,,,,,,,,,,,,,,,,,,
,4793,16051.47277424,1778126482.5636978,90,,,,,,,,,,,,,,,,,,4.544999683275819e-06,,,,,,,,,,,,,,,,,,,,,,,,,,
,4794,16051.845777732,1778126482.9367788,90,0.37268475198652595,,,,,,,,,,,,,,,,,,,,,,,,,,,,,,,,,,,,,,,,,,,
,4795,16052.004798149,1778126483.095915,90,,,,,,,,,,,,,,,,,,,0.5320319159945939,,,,,,,,,,,,,,,,,,,,,,,,,
,4796,16053.063489884,1778126484.1544776,90,,,,,,,,,,,,,,,,,,4.127010470256209e-06,,,,,,,,,,,,,,,,,,,,,,,,,,
,4797,16053.414918919,1778126484.506038,90,0.35111501000938006,,,,,,,,,,,,,,,,,,,,,,,,,,,,,,,,,,,,,,,,,,,
,4798,16053.552487808,1778126484.643482,90,,,,,,,,,,,,,,,,,,,0.4888105650024954,,,,,,,,,,,,,,,,,,,,,,,,,
,4799,16054.610529125,1778126485.701642,90,,,,,,,,,,,,,,,,,,4.289002390578389e-06,,,,,,,,,,,,,,,,,,,,,,,,,,
,4800,16054.9836522,1778126486.074631,90,0.37251944799209014,,,,,,,,,,,,,,,,,,,,,,,,,,,,,,,,,,,,,,,,,,,
,4801,16055.143732334,1778126486.2349524,90,,,,,,,,,,,,,,,,,,,0.5331598360062344,,,,,,,,,,,,,,,,,,,,,,,,,
141.10229706199607,4802,16197.398848127,1778126628.4898784,90,,,,,,,,,,,,,,,,,,,,,,,,,,,,,,,,,,,,,,,,,,,,
,4803,16205.482090677,1778126636.5630953,90,8.02940120700805,,,,,,,,,,,,,,,,,,,,,,,,,,,,,,,,,,,,,,,,,,,
,4804,16205.614385512,1778126636.7055519,90,,0.0,0.0,0.0,0.0,0.0,0.0,0.0,0.001496697004768066,0.0,0.0,0.0,0.0,0.0,0.0,0.0,,,,,,,,,,,,,,,,,,,,,,,,,,,,
,4805,16205.615495744,1778126636.706269,90,,,,,,,,,,,,,,,,,0.0023010430013528094,,,,,,,,,,,,,,,,,,,,,,,,,,,
,4806,16205.616695376,1778126636.707948,90,,,,,,,,,,,,,,,,,,149.32287807500688,,,,,,,,,,,,,,,,,,,,,,,,,,
,4807,16205.979251079,1778126637.0704987,90,0.3622944779926911,,,,,,,,,,,,,,,,,,,,,,,,,,,,,,,,,,,,,,,,,,,
,4808,16206.153926294,1778126637.2450554,90,,,,,,,,,,,,,,,,,,,0.536932554008672,,,,,,,,,,,,,,,,,,,,,,,,,
,4809,16207.277451452,1778126638.3684418,90,,,,,,,,,,,,,,,,,,3.606008249334991e-06,,,,,,,,,,,,,,,,,,,,,,,,,,
,4810,16207.629200005,1778126638.7202265,90,0.351341223999043,,,,,,,,,,,,,,,,,,,,,,,,,,,,,,,,,,,,,,,,,,,
,4811,16207.766974584,1778126638.8579497,90,,,,,,,,,,,,,,,,,,,0.4892925010062754,,,,,,,,,,,,,,,,,,,,,,,,,
,4812,16208.827362901,1778126639.9184716,90,,,,,,,,,,,,,,,,,,4.2700121412053704e-06,,,,,,,,,,,,,,,,,,,,,,,,,,
,4813,16209.202511023,1778126640.2937412,90,0.3748370979883475,,,,,,,,,,,,,,,,,,,,,,,,,,,,,,,,,,,,,,,,,,,
,4814,16209.363583258,1778126640.4544556,90,,,,,,,,,,,,,,,,,,,0.5358009259944083,,,,,,,,,,,,,,,,,,,,,,,,,
,4815,16210.486935271,1778126641.5777116,90,,,,,,,,,,,,,,,,,,4.07799961976707e-06,,,,,,,,,,,,,,,,,,,,,,,,,,
,4816,16210.872875735,1778126641.9639323,90,0.3859820109937573,,,,,,,,,,,,,,,,,,,,,,,,,,,,,,,,,,,,,,,,,,,
,4817,16211.02330519,1778126642.114182,90,,,,,,,,,,,,,,,,,,,0.5362997980118962,,,,,,,,,,,,,,,,,,,,,,,,,
,4818,16212.145575413,1778126643.236619,90,,,,,,,,,,,,,,,,,,3.894005203619599e-06,,,,,,,,,,,,,,,,,,,,,,,,,,
,4819,16212.50516609,1778126643.5962596,90,0.35919124400243163,,,,,,,,,,,,,,,,,,,,,,,,,,,,,,,,,,,,,,,,,,,
,4820,16212.681175216,1778126643.7721343,90,,,,,,,,,,,,,,,,,,,0.5353571500018006,,,,,,,,,,,,,,,,,,,,,,,,,
,4821,16213.804498609,1778126644.8954093,90,,,,,,,,,,,,,,,,,,4.04698948841542e-06,,,,,,,,,,,,,,,,,,,,,,,,,,
,4822,16214.199053395,1778126645.2901022,90,0.39429815000039525,,,,,,,,,,,,,,,,,,,,,,,,,,,,,,,,,,,,,,,,,,,
,4823,16214.330089115,1778126645.4210093,90,,,,,,,,,,,,,,,,,,,0.5253705340001034,,,,,,,,,,,,,,,,,,,,,,,,,
,4824,16215.391108704,1778126646.4821854,90,,,,,,,,,,,,,,,,,,3.765992005355656e-06,,,,,,,,,,,,,,,,,,,,,,,,,,
,4825,16215.752489791,1778126646.8435662,90,0.3608047480083769,,,,,,,,,,,,,,,,,,,,,,,,,,,,,,,,,,,,,,,,,,,
,4826,16215.927731976,1778126647.0186195,90,,,,,,,,,,,,,,,,,,,0.5362213640037226,,,,,,,,,,,,,,,,,,,,,,,,,
,4827,16217.053529856,1778126648.1446767,90,,,,,,,,,,,,,,,,,,3.7480058381333947e-06,,,,,,,,,,,,,,,,,,,,,,,,,,
,4828,16217.418710383,1778126648.5098345,90,0.3646912989934208,,,,,,,,,,,,,,,,,,,,,,,,,,,,,,,,,,,,,,,,,,,
,4829,16217.589071836,1778126648.6802793,90,,,,,,,,,,,,,,,,,,,0.5354386070102919,,,,,,,,,,,,,,,,,,,,,,,,,
,4830,16218.712181889,1778126649.803266,90,,,,,,,,,,,,,,,,,,4.125002305954695e-06,,,,,,,,,,,,,,,,,,,,,,,,,,
,4831,16219.062946865,1778126650.1539228,90,0.3501362480019452,,,,,,,,,,,,,,,,,,,,,,,,,,,,,,,,,,,,,,,,,,,
,4832,16219.206225586,1778126650.2974224,90,,,,,,,,,,,,,,,,,,,0.4939813109958777,,,,,,,,,,,,,,,,,,,,,,,,,
,4833,16220.274855023,1778126651.365959,90,,,,,,,,,,,,,,,,,,3.530003596097231e-06,,,,,,,,,,,,,,,,,,,,,,,,,,
,4834,16220.619444647,1778126651.710553,90,0.3440478339907713,,,,,,,,,,,,,,,,,,,,,,,,,,,,,,,,,,,,,,,,,,,
,4835,16220.770986373,1778126651.8618684,90,,,,,,,,,,,,,,,,,,,0.49573341899667867,,,,,,,,,,,,,,,,,,,,,,,,,
,4836,16221.83789854,1778126652.9289951,90,,,,,,,,,,,,,,,,,,3.8869911804795265e-06,,,,,,,,,,,,,,,,,,,,,,,,,,
,4837,16222.168075607,1778126653.2591715,90,0.32963696800288744,,,,,,,,,,,,,,,,,,,,,,,,,,,,,,,,,,,,,,,,,,,
,4838,16222.32869211,1778126653.4198067,90,,,,,,,,,,,,,,,,,,,0.4906208339962177,,,,,,,,,,,,,,,,,,,,,,,,,
,4839,16223.394319382,1778126654.48547,90,,,,,,,,,,,,,,,,,,3.888999344781041e-06,,,,,,,,,,,,,,,,,,,,,,,,,,
,4840,16223.769397828,1778126654.8604813,90,0.3745141459949082,,,,,,,,,,,,,,,,,,,,,,,,,,,,,,,,,,,,,,,,,,,
,4841,16223.931123655,1778126655.022253,90,,,,,,,,,,,,,,,,,,,0.5366022090020124,,,,,,,,,,,,,,,,,,,,,,,,,
,4842,16225.05590801,1778126656.1469815,90,,,,,,,,,,,,,,,,,,4.00199496652931e-06,,,,,,,,,,,,,,,,,,,,,,,,,,
,4843,16225.441702935,1778126656.53267,90,0.3851739290112164,,,,,,,,,,,,,,,,,,,,,,,,,,,,,,,,,,,,,,,,,,,
,4844,16225.593152869,1778126656.6842039,90,,,,,,,,,,,,,,,,,,,0.5369666030019289,,,,,,,,,,,,,,,,,,,,,,,,,
,4845,16226.727100672,1778126657.8180435,90,,,,,,,,,,,,,,,,,,5.3879921324551105e-06,,,,,,,,,,,,,,,,,,,,,,,,,,
,4846,16227.066815475,1778126658.1579342,90,0.3390592040086631,,,,,,,,,,,,,,,,,,,,,,,,,,,,,,,,,,,,,,,,,,,
,4847,16227.218793531,1778126658.3098755,90,,,,,,,,,,,,,,,,,,,0.49152810299710836,,,,,,,,,,,,,,,,,,,,,,,,,
,4848,16228.27391331,1778126659.3649704,90,,,,,,,,,,,,,,,,,,4.001005436293781e-06,,,,,,,,,,,,,,,,,,,,,,,,,,
,4849,16228.695561653,1778126659.7866106,90,0.42097959900274873,,,,,,,,,,,,,,,,,,,,,,,,,,,,,,,,,,,,,,,,,,,
,4850,16228.84584165,1778126659.936845,90,,,,,,,,,,,,,,,,,,,0.5716680680052377,,,,,,,,,,,,,,,,,,,,,,,,,
,4851,16229.920550564,1778126661.0116358,90,,,,,,,,,,,,,,,,,,4.649991751648486e-06,,,,,,,,,,,,,,,,,,,,,,,,,,
,4852,16230.259172347,1778126661.3502233,90,0.33800459299527574,,,,,,,,,,,,,,,,,,,,,,,,,,,,,,,,,,,,,,,,,,,
,4853,16230.41488634,1778126661.5060136,90,,,,,,,,,,,,,,,,,,,0.4941844429995399,,,,,,,,,,,,,,,,,,,,,,,,,
139.17653407598846,4854,16370.699087124,1778126801.7900686,90,,,,,,,,,,,,,,,,,,,,,,,,,,,,,,,,,,,,,,,,,,,,
,4855,16378.641143154,1778126809.7222161,90,7.888653867004905,,,,,,,,,,,,,,,,,,,,,,,,,,,,,,,,,,,,,,,,,,,
,4856,16379.219299392,1778126810.3103967,90,,0.010517312440919246,0.0,0.0,0.0,0.0625,0.0,0.01836332007749191,0.4363010429951828,0.00048166216855644674,0.0,0.05,0.0625,0.0,0.02121397436534432,0.05952380952380952,,,,,,,,,,,,,,,,,,,,,,,,,,,,
,4857,16379.222528261,1778126810.3137143,90,,,,,,,,,,,,,,,,,0.43971313200017903,,,,,,,,,,,,,,,,,,,,,,,,,,,
,4858,16379.224504844,1778126810.3155253,90,,,,,,,,,,,,,,,,,,147.70464448699204,,,,,,,,,,,,,,,,,,,,,,,,,,
,4859,16379.58073224,1778126810.6719801,90,0.35624186099448707,,,,,,,,,,,,,,,,,,,,,,,,,,,,,,,,,,,,,,,,,,,
,4860,16379.754658361,1778126810.845817,90,,,,,,,,,,,,,,,,,,,0.5301367770007346,,,,,,,,,,,,,,,,,,,,,,,,,
,4861,16380.857963604,1778126811.948874,90,,,,,,,,,,,,,,,,,,1.1912998161278665e-05,,,,,,,,,,,,,,,,,,,,,,,,,,
,4862,16381.238644424,1778126812.3297834,90,0.38022272200032603,,,,,,,,,,,,,,,,,,,,,,,,,,,,,,,,,,,,,,,,,,,
,4863,16381.385478296,1778126812.4766355,90,,,,,,,,,,,,,,,,,,,0.5275023639987921,,,,,,,,,,,,,,,,,,,,,,,,,
,4864,16382.481063455,1778126813.572027,90,,,,,,,,,,,,,,,,,,4.531990271061659e-06,,,,,,,,,,,,,,,,,,,,,,,,,,
,4865,16382.83648638,1778126813.9276288,90,0.35496133400010876,,,,,,,,,,,,,,,,,,,,,,,,,,,,,,,,,,,,,,,,,,,
,4866,16383.009727013,1778126814.1008425,90,,,,,,,,,,,,,,,,,,,0.5286358400044264,,,,,,,,,,,,,,,,,,,,,,,,,
,4867,16384.106004879,1778126815.1970892,90,,,,,,,,,,,,,,,,,,3.54400253854692e-06,,,,,,,,,,,,,,,,,,,,,,,,,,
,4868,16384.473257481,1778126815.5643718,90,0.3668039629992563,,,,,,,,,,,,,,,,,,,,,,,,,,,,,,,,,,,,,,,,,,,
,4869,16384.630696976,1778126815.721694,90,,,,,,,,,,,,,,,,,,,0.5243753649992868,,,,,,,,,,,,,,,,,,,,,,,,,
,4870,16385.674762065,1778126816.7659512,90,,,,,,,,,,,,,,,,,,3.951994585804641e-06,,,,,,,,,,,,,,,,,,,,,,,,,,
,4871,16386.020389379,1778126817.111645,90,0.345266022006399,,,,,,,,,,,,,,,,,,,,,,,,,,,,,,,,,,,,,,,,,,,
,4872,16386.155353083,1778126817.246213,90,,,,,,,,,,,,,,,,,,,0.4801088929962134,,,,,,,,,,,,,,,,,,,,,,,,,
,4873,16387.191552142,1778126818.282545,90,,,,,,,,,,,,,,,,,,9.472001693211496e-06,,,,,,,,,,,,,,,,,,,,,,,,,,
,4874,16387.560606364,1778126818.651767,90,0.36877822200767696,,,,,,,,,,,,,,,,,,,,,,,,,,,,,,,,,,,,,,,,,,,
,4875,16387.718376918,1778126818.8094985,90,,,,,,,,,,,,,,,,,,,0.5268065639975248,,,,,,,,,,,,,,,,,,,,,,,,,
,4876,16388.814959062,1778126819.9060824,90,,,,,,,,,,,,,,,,,,4.0330050978809595e-06,,,,,,,,,,,,,,,,,,,,,,,,,,
,4877,16389.189405302,1778126820.2805614,90,0.37402364298759494,,,,,,,,,,,,,,,,,,,,,,,,,,,,,,,,,,,,,,,,,,,
,4878,16389.339234362,1778126820.4302888,90,,,,,,,,,,,,,,,,,,,0.5240034259913955,,,,,,,,,,,,,,,,,,,,,,,,,
,4879,16390.436166863,1778126821.527169,90,,,,,,,,,,,,,,,,,,3.903987817466259e-06,,,,,,,,,,,,,,,,,,,,,,,,,,
,4880,16390.849641973,1778126821.9407291,90,0.4131277699925704,,,,,,,,,,,,,,,,,,,,,,,,,,,,,,,,,,,,,,,,,,,
,4881,16391.00513624,1778126822.096282,90,,,,,,,,,,,,,,,,,,,0.5688915069913492,,,,,,,,,,,,,,,,,,,,,,,,,
,4882,16392.046561758,1778126823.1374776,90,,,,,,,,,,,,,,,,,,4.4100015657022595e-06,,,,,,,,,,,,,,,,,,,,,,,,,,
,4883,16392.423924054,1778126823.515041,90,0.37711528698855545,,,,,,,,,,,,,,,,,,,,,,,,,,,,,,,,,,,,,,,,,,,
,4884,16392.578440577,1778126823.6694407,90,,,,,,,,,,,,,,,,,,,0.5317992380005307,,,,,,,,,,,,,,,,,,,,,,,,,
,4885,16393.680993696,1778126824.7721121,90,,,,,,,,,,,,,,,,,,4.649002221412957e-06,,,,,,,,,,,,,,,,,,,,,,,,,,
,4886,16394.009436757,1778126825.1005678,90,0.3280170090001775,,,,,,,,,,,,,,,,,,,,,,,,,,,,,,,,,,,,,,,,,,,
,4887,16394.165023523,1778126825.2561557,90,,,,,,,,,,,,,,,,,,,0.48386276900419034,,,,,,,,,,,,,,,,,,,,,,,,,
,4888,16395.20730219,1778126826.2983956,90,,,,,,,,,,,,,,,,,,4.254994564689696e-06,,,,,,,,,,,,,,,,,,,,,,,,,,
,4889,16395.549250724,1778126826.6403959,90,0.34157291799783707,,,,,,,,,,,,,,,,,,,,,,,,,,,,,,,,,,,,,,,,,,,
,4890,16395.688380493,1778126826.7796128,90,,,,,,,,,,,,,,,,,,,0.4809909439936746,,,,,,,,,,,,,,,,,,,,,,,,,
,4891,16396.72510373,1778126827.816218,90,,,,,,,,,,,,,,,,,,3.9570004446431994e-06,,,,,,,,,,,,,,,,,,,,,,,,,,
,4892,16397.060277327,1778126828.1513958,90,0.3347274690022459,,,,,,,,,,,,,,,,,,,,,,,,,,,,,,,,,,,,,,,,,,,
,4893,16397.211213196,1778126828.3023434,90,,,,,,,,,,,,,,,,,,,0.4859786949964473,,,,,,,,,,,,,,,,,,,,,,,,,
,4894,16398.254004044,1778126829.34511,90,,,,,,,,,,,,,,,,,,3.5709963412955403e-06,,,,,,,,,,,,,,,,,,,,,,,,,,
,4895,16398.599887893,1778126829.6909735,90,0.3453799950075336,,,,,,,,,,,,,,,,,,,,,,,,,,,,,,,,,,,,,,,,,,,
,4896,16398.735457437,1778126829.8264577,90,,,,,,,,,,,,,,,,,,,0.4811523950047558,,,,,,,,,,,,,,,,,,,,,,,,,
,4897,16399.77386428,1778126830.8649623,90,,,,,,,,,,,,,,,,,,3.779001417569816e-06,,,,,,,,,,,,,,,,,,,,,,,,,,
,4898,16400.141122862,1778126831.2322211,90,0.366774969996186,,,,,,,,,,,,,,,,,,,,,,,,,,,,,,,,,,,,,,,,,,,
,4899,16400.298984545,1778126831.390096,90,,,,,,,,,,,,,,,,,,,0.5249392580008134,,,,,,,,,,,,,,,,,,,,,,,,,
,4900,16401.396838061,1778126832.4879608,90,,,,,,,,,,,,,,,,,,3.74599767383188e-06,,,,,,,,,,,,,,,,,,,,,,,,,,
,4901,16401.778449057,1778126832.869557,90,0.3811629219999304,,,,,,,,,,,,,,,,,,,,,,,,,,,,,,,,,,,,,,,,,,,
,4902,16401.927181637,1778126833.0182405,90,,,,,,,,,,,,,,,,,,,0.5300532619876321,,,,,,,,,,,,,,,,,,,,,,,,,
,4903,16403.028179609,1778126834.1191163,90,,,,,,,,,,,,,,,,,,3.54400253854692e-06,,,,,,,,,,,,,,,,,,,,,,,,,,
,4904,16403.358069383,1778126834.4490569,90,0.32944839699484874,,,,,,,,,,,,,,,,,,,,,,,,,,,,,,,,,,,,,,,,,,,
,4905,16403.510614943,1778126834.6015801,90,,,,,,,,,,,,,,,,,,,0.4822938910074299,,,,,,,,,,,,,,,,,,,,,,,,,
140.2890894729935,4906,16544.873775404,1778126975.9648283,90,,,,,,,,,,,,,,,,,,,,,,,,,,,,,,,,,,,,,,,,,,,,
,4907,16552.88936418,1778126983.970449,90,7.96144654499949,,,,,,,,,,,,,,,,,,,,,,,,,,,,,,,,,,,,,,,,,,,
,4908,16553.340916677,1778126984.428149,90,,0.010517312440919246,0.0,0.0,0.0,0.0625,0.0,0.01836332007749191,0.2904200789926108,0.0020535571826871776,0.0,0.05,0.0625,0.0,0.02121397436534432,0.05952380952380952,,,,,,,,,,,,,,,,,,,,,,,,,,,,
,4909,16553.34096565,1778126984.4284968,90,,,,,,,,,,,,,,,,,0.2908787389897043,,,,,,,,,,,,,,,,,,,,,,,,,,,
,4910,16553.343118128,1778126984.4343517,90,,,,,,,,,,,,,,,,,,148.76114367699483,,,,,,,,,,,,,,,,,,,,,,,,,,
,4911,16553.760633966,1778126984.8517115,90,0.4149797239952022,,,,,,,,,,,,,,,,,,,,,,,,,,,,,,,,,,,,,,,,,,,
,4912,16553.914448059,1778126985.0055003,90,,,,,,,,,,,,,,,,,,,0.5709417059988482,,,,,,,,,,,,,,,,,,,,,,,,,
,4913,16554.972758727,1778126986.0636501,90,,,,,,,,,,,,,,,,,,9.6180010586977e-06,,,,,,,,,,,,,,,,,,,,,,,,,,
,4914,16555.335675209,1778126986.4268303,90,0.3626875219924841,,,,,,,,,,,,,,,,,,,,,,,,,,,,,,,,,,,,,,,,,,,
,4915,16555.51148155,1778126986.6025572,90,,,,,,,,,,,,,,,,,,,0.5385925510054221,,,,,,,,,,,,,,,,,,,,,,,,,
,4916,16556.633168386,1778126987.7241633,90,,,,,,,,,,,,,,,,,,4.0330050978809595e-06,,,,,,,,,,,,,,,,,,,,,,,,,,
,4917,16557.008330376,1778126988.0992959,90,0.3746514240046963,,,,,,,,,,,,,,,,,,,,,,,,,,,,,,,,,,,,,,,,,,,
,4918,16557.168025301,1778126988.2591984,90,,,,,,,,,,,,,,,,,,,0.5348369449930033,,,,,,,,,,,,,,,,,,,,,,,,,
,4919,16558.283826227,1778126989.374853,90,,,,,,,,,,,,,,,,,,3.982990165241063e-06,,,,,,,,,,,,,,,,,,,,,,,,,,
,4920,16558.638613531,1778126989.7297692,90,0.3542718709941255,,,,,,,,,,,,,,,,,,,,,,,,,,,,,,,,,,,,,,,,,,,
,4921,16558.77600145,1778126989.867126,90,,,,,,,,,,,,,,,,,,,0.49199129799671937,,,,,,,,,,,,,,,,,,,,,,,,,
,4922,16559.845137931,1778126990.9361975,90,,,,,,,,,,,,,,,,,,6.303991540335119e-06,,,,,,,,,,,,,,,,,,,,,,,,,,
,4923,16560.211699967,1778126991.302809,90,0.36597980999795254,,,,,,,,,,,,,,,,,,,,,,,,,,,,,,,,,,,,,,,,,,,
,4924,16560.382869562,1778126991.473943,90,,,,,,,,,,,,,,,,,,,0.5375161590054631,,,,,,,,,,,,,,,,,,,,,,,,,
,4925,16561.506934263,1778126992.597903,90,,,,,,,,,,,,,,,,,,4.721994628198445e-06,,,,,,,,,,,,,,,,,,,,,,,,,,
,4926,16561.855472591,1778126992.9464476,90,0.34800080899731256,,,,,,,,,,,,,,,,,,,,,,,,,,,,,,,,,,,,,,,,,,,
,4927,16561.99900212,1778126993.089807,90,,,,,,,,,,,,,,,,,,,0.4916983120056102,,,,,,,,,,,,,,,,,,,,,,,,,
,4928,16563.060548313,1778126994.1516483,90,,,,,,,,,,,,,,,,,,4.902001819573343e-06,,,,,,,,,,,,,,,,,,,,,,,,,,
,4929,16563.428806854,1778126994.5199206,90,0.3677554760070052,,,,,,,,,,,,,,,,,,,,,,,,,,,,,,,,,,,,,,,,,,,
,4930,16563.599783665,1778126994.6908607,90,,,,,,,,,,,,,,,,,,,0.5389933200058294,,,,,,,,,,,,,,,,,,,,,,,,,
,4931,16564.726088009,1778126995.8170435,90,,,,,,,,,,,,,,,,,,4.546993295662105e-06,,,,,,,,,,,,,,,,,,,,,,,,,,
,4932,16565.104700942,1778126996.1958342,90,0.37808265500643756,,,,,,,,,,,,,,,,,,,,,,,,,,,,,,,,,,,,,,,,,,,
,4933,16565.258958326,1778126996.350144,90,,,,,,,,,,,,,,,,,,,0.5329063000099268,,,,,,,,,,,,,,,,,,,,,,,,,
,4934,16566.375089381,1778126997.4658768,90,,,,,,,,,,,,,,,,,,3.913999535143375e-06,,,,,,,,,,,,,,,,,,,,,,,,,,
,4935,16566.706584899,1778126997.797868,90,0.3316041249927366,,,,,,,,,,,,,,,,,,,,,,,,,,,,,,,,,,,,,,,,,,,
,4936,16566.868123529,1778126997.959121,90,,,,,,,,,,,,,,,,,,,0.49303844099631533,,,,,,,,,,,,,,,,,,,,,,,,,
,4937,16567.930049071,1778126999.0211103,90,,,,,,,,,,,,,,,,,,4.5439956011250615e-06,,,,,,,,,,,,,,,,,,,,,,,,,,
,4938,16568.394138905,1778126999.4851878,90,0.4636326839972753,,,,,,,,,,,,,,,,,,,,,,,,,,,,,,,,,,,,,,,,,,,
,4939,16568.536584402,1778126999.6274042,90,,,,,,,,,,,,,,,,,,,0.6061427439999534,,,,,,,,,,,,,,,,,,,,,,,,,
,4940,16569.598049766,1778127000.689025,90,,,,,,,,,,,,,,,,,,4.635003278963268e-06,,,,,,,,,,,,,,,,,,,,,,,,,,
,4941,16569.959834756,1778127001.0510554,90,0.3614213289984036,,,,,,,,,,,,,,,,,,,,,,,,,,,,,,,,,,,,,,,,,,,
,4942,16570.136643502,1778127001.2275186,90,,,,,,,,,,,,,,,,,,,0.5381736620038282,,,,,,,,,,,,,,,,,,,,,,,,,
,4943,16571.258843195,1778127002.34978,90,,,,,,,,,,,,,,,,,,4.21699951402843e-06,,,,,,,,,,,,,,,,,,,,,,,,,,
,4944,16571.602984755,1778127002.6942341,90,0.3439681220042985,,,,,,,,,,,,,,,,,,,,,,,,,,,,,,,,,,,,,,,,,,,
,4945,16571.750931668,1778127002.8418937,90,,,,,,,,,,,,,,,,,,,0.49184175199479796,,,,,,,,,,,,,,,,,,,,,,,,,
,4946,16572.811185897,1778127003.9021988,90,,,,,,,,,,,,,,,,,,4.330999217927456e-06,,,,,,,,,,,,,,,,,,,,,,,,,,
,4947,16573.172611774,1778127004.2637055,90,0.3610227369936183,,,,,,,,,,,,,,,,,,,,,,,,,,,,,,,,,,,,,,,,,,,
,4948,16573.348646144,1778127004.4397216,90,,,,,,,,,,,,,,,,,,,0.5372973530029412,,,,,,,,,,,,,,,,,,,,,,,,,
,4949,16574.471117256,1778127005.5621207,90,,,,,,,,,,,,,,,,,,4.258996341377497e-06,,,,,,,,,,,,,,,,,,,,,,,,,,
,4950,16574.846554187,1778127005.93779,90,0.3752482540003257,,,,,,,,,,,,,,,,,,,,,,,,,,,,,,,,,,,,,,,,,,,
,4951,16575.006078547,1778127006.0971582,90,,,,,,,,,,,,,,,,,,,0.5348353469889844,,,,,,,,,,,,,,,,,,,,,,,,,
,4952,16576.126657018,1778127007.2178595,90,,,,,,,,,,,,,,,,,,4.020010237582028e-06,,,,,,,,,,,,,,,,,,,,,,,,,,
,4953,16576.477936239,1778127007.5691993,90,0.35096509200229775,,,,,,,,,,,,,,,,,,,,,,,,,,,,,,,,,,,,,,,,,,,
,4954,16576.614068401,1778127007.705138,90,,,,,,,,,,,,,,,,,,,0.4871110179956304,,,,,,,,,,,,,,,,,,,,,,,,,
,4955,16577.672540199,1778127008.7635186,90,,,,,,,,,,,,,,,,,,4.089000867679715e-06,,,,,,,,,,,,,,,,,,,,,,,,,,
,4956,16578.016319212,1778127009.1075687,90,0.3435645120043773,,,,,,,,,,,,,,,,,,,,,,,,,,,,,,,,,,,,,,,,,,,
,4957,16578.165761371,1778127009.2567532,90,,,,,,,,,,,,,,,,,,,0.4930008970113704,,,,,,,,,,,,,,,,,,,,,,,,,
,4958,16579.244645102,1778127010.33571,95,,,,,,,,,,,,,,,,,,,,0.08261204951559194,0.0,1.2,0.058022056519985196,0.0,171.8488736757892,0.016986430063843726,2080679.0,22772.53161714255,1.2,971.4892578125,1.026300072669983,410.8,0.0,4.924680038211867e-07,0.0,985.675,0.016481609993060375,0.016986430063843726,0.7,1.2,0.9625,0.0,0.05802205204963684,1024.0
139.80827236598998,4959,16719.077481661,1778127150.1684482,95,,,,,,,,,,,,,,,,,,,,,,,,,,,,,,,,,,,,,,,,,,,,
,4960,16726.907789309,1778127157.993823,95,7.781408954993822,,,,,,,,,,,,,,,,,,,,,,,,,,,,,,,,,,,,,,,,,,,
,4961,16727.382987744,1778127158.4738874,95,,0.0,0.0,0.0,0.0,0.0,0.0,0.0,0.2989440859964816,0.005300804790527822,0.0,0.0,0.0,0.0,0.0,0.0,,,,,,,,,,,,,,,,,,,,,,,,,,,,
,4962,16727.383038119,1778127158.4742336,95,,,,,,,,,,,,,,,,,0.2994034330040449,,,,,,,,,,,,,,,,,,,,,,,,,,,
,4963,16727.385581876,1778127158.4767704,95,,,,,,,,,,,,,,,,,,148.11879735400726,,,,,,,,,,,,,,,,,,,,,,,,,,
,4964,16727.731544955,1778127158.8224819,95,0.3447201329981908,,,,,,,,,,,,,,,,,,,,,,,,,,,,,,,,,,,,,,,,,,,
,4965,16727.881627621,1778127158.972643,95,,,,,,,,,,,,,,,,,,,0.4956746770039899,,,,,,,,,,,,,,,,,,,,,,,,,
,4966,16728.916632793,1778127160.0076203,95,,,,,,,,,,,,,,,,,,4.461995558813214e-06,,,,,,,,,,,,,,,,,,,,,,,,,,
,4967,16729.372284855,1778127160.46334,95,0.45511022899881937,,,,,,,,,,,,,,,,,,,,,,,,,,,,,,,,,,,,,,,,,,,
,4968,16729.484652041,1778127160.5758083,95,,,,,,,,,,,,,,,,,,,0.5679917119996389,,,,,,,,,,,,,,,,,,,,,,,,,
,4969,16730.579064978,1778127161.6699572,95,,,,,,,,,,,,,,,,,,4.115005140192807e-06,,,,,,,,,,,,,,,,,,,,,,,,,,
,4970,16730.946745317,1778127162.0378268,95,0.3674837650032714,,,,,,,,,,,,,,,,,,,,,,,,,,,,,,,,,,,,,,,,,,,
,4971,16731.104338064,1778127162.1954603,95,,,,,,,,,,,,,,,,,,,0.5252807680080878,,,,,,,,,,,,,,,,,,,,,,,,,
,4972,16732.199299631,1778127163.2903893,95,,,,,,,,,,,,,,,,,,4.025991074740887e-06,,,,,,,,,,,,,,,,,,,,,,,,,,
,4973,16732.574750515,1778127163.665945,95,0.3751502880040789,,,,,,,,,,,,,,,,,,,,,,,,,,,,,,,,,,,,,,,,,,,
,4974,16732.724868694,1778127163.8157969,95,,,,,,,,,,,,,,,,,,,0.5252198829984991,,,,,,,,,,,,,,,,,,,,,,,,,
,4975,16733.821840895,1778127164.9127693,95,,,,,,,,,,,,,,,,,,3.997993189841509e-06,,,,,,,,,,,,,,,,,,,,,,,,,,
,4976,16734.147897251,1778127165.239015,95,0.3258690549992025,,,,,,,,,,,,,,,,,,,,,,,,,,,,,,,,,,,,,,,,,,,
,4977,16734.302487125,1778127165.3934278,95,,,,,,,,,,,,,,,,,,,0.48044453100010287,,,,,,,,,,,,,,,,,,,,,,,,,
,4978,16735.339893203,1778127166.4310098,95,,,,,,,,,,,,,,,,,,3.60699777957052e-06,,,,,,,,,,,,,,,,,,,,,,,,,,
,4979,16735.685329975,1778127166.776537,95,0.3451423720107414,,,,,,,,,,,,,,,,,,,,,,,,,,,,,,,,,,,,,,,,,,,
,4980,16735.821179751,1778127166.9123032,95,,,,,,,,,,,,,,,,,,,0.481101914003375,,,,,,,,,,,,,,,,,,,,,,,,,
,4981,16736.854197978,1778127167.9452782,95,,,,,,,,,,,,,,,,,,3.483000909909606e-06,,,,,,,,,,,,,,,,,,,,,,,,,,
,4982,16737.216148041,1778127168.3073335,95,0.36158757799421437,,,,,,,,,,,,,,,,,,,,,,,,,,,,,,,,,,,,,,,,,,,
,4983,16737.384606197,1778127168.475667,95,,,,,,,,,,,,,,,,,,,0.5301474640000379,,,,,,,,,,,,,,,,,,,,,,,,,
,4984,16738.484446972,1778127169.5753782,95,,,,,,,,,,,,,,,,,,4.264991730451584e-06,,,,,,,,,,,,,,,,,,,,,,,,,,
,4985,16738.856135278,1778127169.9470248,95,0.3712472129991511,,,,,,,,,,,,,,,,,,,,,,,,,,,,,,,,,,,,,,,,,,,
,4986,16739.008282706,1778127170.0993629,95,,,,,,,,,,,,,,,,,,,0.5237900780048221,,,,,,,,,,,,,,,,,,,,,,,,,
,4987,16740.103016964,1778127171.194119,95,,,,,,,,,,,,,,,,,,3.5999983083456755e-06,,,,,,,,,,,,,,,,,,,,,,,,,,
,4988,16740.48440703,1778127171.57552,95,0.380920743002207,,,,,,,,,,,,,,,,,,,,,,,,,,,,,,,,,,,,,,,,,,,
,4989,16740.630483969,1778127171.721467,95,,,,,,,,,,,,,,,,,,,0.5271608539915178,,,,,,,,,,,,,,,,,,,,,,,,,
,4990,16741.725493551,1778127172.816604,95,,,,,,,,,,,,,,,,,,3.6609999369829893e-06,,,,,,,,,,,,,,,,,,,,,,,,,,
,4991,16742.056424243,1778127173.147411,95,0.3303511660051299,,,,,,,,,,,,,,,,,,,,,,,,,,,,,,,,,,,,,,,,,,,
,4992,16742.205812339,1778127173.2967715,95,,,,,,,,,,,,,,,,,,,0.4800168830115581,,,,,,,,,,,,,,,,,,,,,,,,,
,4993,16743.241454638,1778127174.3324342,95,,,,,,,,,,,,,,,,,,3.936002030968666e-06,,,,,,,,,,,,,,,,,,,,,,,,,,
,4994,16743.77182282,1778127174.8627362,95,0.5298288369958755,,,,,,,,,,,,,,,,,,,,,,,,,,,,,,,,,,,,,,,,,,,
,4995,16743.801787796,1778127174.8927703,95,,,,,,,,,,,,,,,,,,,0.5601740900019649,,,,,,,,,,,,,,,,,,,,,,,,,
,4996,16744.896519947,1778127175.9876096,95,,,,,,,,,,,,,,,,,,4.203000571578741e-06,,,,,,,,,,,,,,,,,,,,,,,,,,
,4997,16745.253251431,1778127176.3444502,95,0.35623563299304806,,,,,,,,,,,,,,,,,,,,,,,,,,,,,,,,,,,,,,,,,,,
,4998,16745.422342084,1778127176.513424,95,,,,,,,,,,,,,,,,,,,0.5256074750068365,,,,,,,,,,,,,,,,,,,,,,,,,
,4999,16746.517766945,1778127177.6088552,95,,,,,,,,,,,,,,,,,,4.06499020755291e-06,,,,,,,,,,,,,,,,,,,,,,,,,,
,5000,16746.85650108,1778127177.9477007,95,0.33837012900039554,,,,,,,,,,,,,,,,,,,,,,,,,,,,,,,,,,,,,,,,,,,
,5001,16746.99737958,1778127178.088471,95,,,,,,,,,,,,,,,,,,,0.4793721410096623,,,,,,,,,,,,,,,,,,,,,,,,,
,5002,16748.033415428,1778127179.1245282,95,,,,,,,,,,,,,,,,,,3.5059929359704256e-06,,,,,,,,,,,,,,,,,,,,,,,,,,
,5003,16748.363139561,1778127179.4541306,95,0.3291096320026554,,,,,,,,,,,,,,,,,,,,,,,,,,,,,,,,,,,,,,,,,,,
,5004,16748.514461653,1778127179.6054296,95,,,,,,,,,,,,,,,,,,,0.4806770459981635,,,,,,,,,,,,,,,,,,,,,,,,,
,5005,16749.547696063,1778127180.6386986,95,,,,,,,,,,,,,,,,,,3.5800039768218994e-06,,,,,,,,,,,,,,,,,,,,,,,,,,
,5006,16749.893332557,1778127180.9841673,95,0.3452266630047234,,,,,,,,,,,,,,,,,,,,,,,,,,,,,,,,,,,,,,,,,,,
,5007,16750.027469939,1778127181.1183488,95,,,,,,,,,,,,,,,,,,,0.47950297300121747,,,,,,,,,,,,,,,,,,,,,,,,,
,5008,16751.060450895,1778127182.1514235,95,,,,,,,,,,,,,,,,,,3.67801112588495e-06,,,,,,,,,,,,,,,,,,,,,,,,,,
,5009,16751.397052997,1778127182.4880886,95,0.336434871001984,,,,,,,,,,,,,,,,,,,,,,,,,,,,,,,,,,,,,,,,,,,
,5010,16751.541809093,1778127182.632902,95,,,,,,,,,,,,,,,,,,,0.4813257479981985,,,,,,,,,,,,,,,,,,,,,,,,,
141.41033661700203,5011,16894.025446053,1778127325.116487,95,,,,,,,,,,,,,,,,,,,,,,,,,,,,,,,,,,,,,,,,,,,,
,5012,16902.053616163,1778127333.1294801,95,7.968348403999698,,,,,,,,,,,,,,,,,,,,,,,,,,,,,,,,,,,,,,,,,,,
,5013,16902.422294733,1778127333.5133843,95,,0.0,0.0,0.0,0.0,0.0,0.0,0.0,0.2383275419997517,0.0007958214584418587,0.0,0.0,0.0,0.0,0.0,0.0,,,,,,,,,,,,,,,,,,,,,,,,,,,,
,5014,16902.422849282,1778127333.5137496,95,,,,,,,,,,,,,,,,,0.2387909819954075,,,,,,,,,,,,,,,,,,,,,,,,,,,
,5015,16902.424382772,1778127333.515529,95,,,,,,,,,,,,,,,,,,149.81157054299547,,,,,,,,,,,,,,,,,,,,,,,,,,
,5016,16902.774011644,1778127333.865113,95,0.3492589959932957,,,,,,,,,,,,,,,,,,,,,,,,,,,,,,,,,,,,,,,,,,,
,5017,16902.924324335,1778127334.0154178,95,,,,,,,,,,,,,,,,,,,0.4997010310034966,,,,,,,,,,,,,,,,,,,,,,,,,
,5018,16903.979972069,1778127335.0710862,95,,,,,,,,,,,,,,,,,,3.873996320180595e-06,,,,,,,,,,,,,,,,,,,,,,,,,,
,5019,16904.360915507,1778127335.451953,95,0.38043460599146783,,,,,,,,,,,,,,,,,,,,,,,,,,,,,,,,,,,,,,,,,,,
,5020,16904.513882337,1778127335.604873,95,,,,,,,,,,,,,,,,,,,0.5335850429983111,,,,,,,,,,,,,,,,,,,,,,,,,
,5021,16905.63502529,1778127336.7259192,95,,,,,,,,,,,,,,,,,,5.1240058382973075e-06,,,,,,,,,,,,,,,,,,,,,,,,,,
,5022,16905.971463539,1778127337.0626793,95,0.3360638299927814,,,,,,,,,,,,,,,,,,,,,,,,,,,,,,,,,,,,,,,,,,,
,5023,16906.129765366,1778127337.2205896,95,,,,,,,,,,,,,,,,,,,0.4943953460024204,,,,,,,,,,,,,,,,,,,,,,,,,
,5024,16907.195562153,1778127338.286669,95,,,,,,,,,,,,,,,,,,3.679000656120479e-06,,,,,,,,,,,,,,,,,,,,,,,,,,
,5025,16907.70451588,1778127338.7955272,95,0.5082499919953989,,,,,,,,,,,,,,,,,,,,,,,,,,,,,,,,,,,,,,,,,,,
,5026,16907.753648168,1778127338.8447037,95,,,,,,,,,,,,,,,,,,,0.5578041910048341,,,,,,,,,,,,,,,,,,,,,,,,,
,5027,16908.869670762,1778127339.9607387,95,,,,,,,,,,,,,,,,,,4.134999471716583e-06,,,,,,,,,,,,,,,,,,,,,,,,,,
,5028,16909.245359678,1778127340.3364272,95,0.3749830440065125,,,,,,,,,,,,,,,,,,,,,,,,,,,,,,,,,,,,,,,,,,,
,5029,16909.408764561,1778127340.49983,95,,,,,,,,,,,,,,,,,,,0.5388894269999582,,,,,,,,,,,,,,,,,,,,,,,,,
,5030,16910.532897791,1778127341.6239846,95,,,,,,,,,,,,,,,,,,4.260000423528254e-06,,,,,,,,,,,,,,,,,,,,,,,,,,
,5031,16910.922689885,1778127342.0138056,95,0.38912717999482993,,,,,,,,,,,,,,,,,,,,,,,,,,,,,,,,,,,,,,,,,,,
,5032,16911.072249592,1778127342.163161,95,,,,,,,,,,,,,,,,,,,0.5389903070026776,,,,,,,,,,,,,,,,,,,,,,,,,
,5033,16912.195283653,1778127343.2863805,95,,,,,,,,,,,,,,,,,,4.0330050978809595e-06,,,,,,,,,,,,,,,,,,,,,,,,,,
,5034,16912.536541106,1778127343.6276627,95,0.34072673399350606,,,,,,,,,,,,,,,,,,,,,,,,,,,,,,,,,,,,,,,,,,,
,5035,16912.684197859,1778127343.7753336,95,,,,,,,,,,,,,,,,,,,0.48878528499335516,,,,,,,,,,,,,,,,,,,,,,,,,
,5036,16913.743870346,1778127344.834962,95,,,,,,,,,,,,,,,,,,3.80899291485548e-06,,,,,,,,,,,,,,,,,,,,,,,,,,
,5037,16914.085419994,1778127345.176461,95,0.34093323300476186,,,,,,,,,,,,,,,,,,,,,,,,,,,,,,,,,,,,,,,,,,,
,5038,16914.238458148,1778127345.3295686,95,,,,,,,,,,,,,,,,,,,0.49439333099871874,,,,,,,,,,,,,,,,,,,,,,,,,
,5039,16915.303956472,1778127346.395009,95,,,,,,,,,,,,,,,,,,4.1199964471161366e-06,,,,,,,,,,,,,,,,,,,,,,,,,,
,5040,16915.63982607,1778127346.7309644,95,0.3355026540084509,,,,,,,,,,,,,,,,,,,,,,,,,,,,,,,,,,,,,,,,,,,
,5041,16915.7924029,1778127346.8834808,95,,,,,,,,,,,,,,,,,,,0.488293401998817,,,,,,,,,,,,,,,,,,,,,,,,,
,5042,16916.849532115,1778127347.9406054,95,,,,,,,,,,,,,,,,,,3.5179982660338283e-06,,,,,,,,,,,,,,,,,,,,,,,,,,
,5043,16917.238871373,1778127348.3299806,95,0.3887594569969224,,,,,,,,,,,,,,,,,,,,,,,,,,,,,,,,,,,,,,,,,,,
,5044,16917.388080803,1778127348.4790878,95,,,,,,,,,,,,,,,,,,,0.5383287169970572,,,,,,,,,,,,,,,,,,,,,,,,,
,5045,16918.508247847,1778127349.5992846,95,,,,,,,,,,,,,,,,,,3.720007953234017e-06,,,,,,,,,,,,,,,,,,,,,,,,,,
,5046,16918.881502339,1778127349.9725926,95,0.3727928980079014,,,,,,,,,,,,,,,,,,,,,,,,,,,,,,,,,,,,,,,,,,,
,5047,16919.043673456,1778127350.134667,95,,,,,,,,,,,,,,,,,,,0.5351672649994725,,,,,,,,,,,,,,,,,,,,,,,,,
,5048,16920.162745484,1778127351.2537243,95,,,,,,,,,,,,,,,,,,3.9669976104050875e-06,,,,,,,,,,,,,,,,,,,,,,,,,,
,5049,16920.495419803,1778127351.5865262,95,0.3322816559957573,,,,,,,,,,,,,,,,,,,,,,,,,,,,,,,,,,,,,,,,,,,
,5050,16920.652006739,1778127351.7431386,95,,,,,,,,,,,,,,,,,,,0.489196479000384,,,,,,,,,,,,,,,,,,,,,,,,,
,5051,16921.713467523,1778127352.80453,95,,,,,,,,,,,,,,,,,,3.825000021606684e-06,,,,,,,,,,,,,,,,,,,,,,,,,,
,5052,16922.191338323,1778127353.2824154,95,0.47723309000139125,,,,,,,,,,,,,,,,,,,,,,,,,,,,,,,,,,,,,,,,,,,
,5053,16922.234020028,1778127353.3251452,95,,,,,,,,,,,,,,,,,,,0.5204227729991544,,,,,,,,,,,,,,,,,,,,,,,,,
,5054,16923.298269757,1778127354.3893495,95,,,,,,,,,,,,,,,,,,3.975001163780689e-06,,,,,,,,,,,,,,,,,,,,,,,,,,
,5055,16923.68114482,1778127354.772084,95,0.38215183799911756,,,,,,,,,,,,,,,,,,,,,,,,,,,,,,,,,,,,,,,,,,,
,5056,16923.838042193,1778127354.9290674,95,,,,,,,,,,,,,,,,,,,0.5395478029968217,,,,,,,,,,,,,,,,,,,,,,,,,
,5057,16924.962039707,1778127356.0531335,95,,,,,,,,,,,,,,,,,,4.040004569105804e-06,,,,,,,,,,,,,,,,,,,,,,,,,,
,5058,16925.301825487,1778127356.3928967,95,0.33914535700751003,,,,,,,,,,,,,,,,,,,,,,,,,,,,,,,,,,,,,,,,,,,
,5059,16925.455383396,1778127356.5462685,95,,,,,,,,,,,,,,,,,,,0.49296796999988146,,,,,,,,,,,,,,,,,,,,,,,,,
,5060,16926.519189224,1778127357.6102235,95,,,,,,,,,,,,,,,,,,3.984008799307048e-06,,,,,,,,,,,,,,,,,,,,,,,,,,
,5061,16926.878999449,1778127357.970103,95,0.3592263769969577,,,,,,,,,,,,,,,,,,,,,,,,,,,,,,,,,,,,,,,,,,,
,5062,16927.05539748,1778127358.1464086,95,,,,,,,,,,,,,,,,,,,0.5360355909942882,,,,,,,,,,,,,,,,,,,,,,,,,
139.53240030200686,5063,17067.746487602,1778127498.8375564,95,,,,,,,,,,,,,,,,,,,,,,,,,,,,,,,,,,,,,,,,,,,,
,5064,17075.722419524,1778127506.803327,95,7.920778222993249,,,,,,,,,,,,,,,,,,,,,,,,,,,,,,,,,,,,,,,,,,,
,5065,17076.46036483,1778127507.5515468,95,,0.010517312440919246,0.0,0.0,0.0,0.1,0.0,0.02758651458664446,0.580427792010596,0.002818859245099953,0.0,0.075,0.125,0.0,0.024772498791026512,0.10497835497835498,,,,,,,,,,,,,,,,,,,,,,,,,,,,
,5066,17076.462053581,1778127507.5520759,95,,,,,,,,,,,,,,,,,0.5810801679908764,,,,,,,,,,,,,,,,,,,,,,,,,,,
,5067,17076.46285277,1778127507.5540748,95,,,,,,,,,,,,,,,,,,148.25108499699854,,,,,,,,,,,,,,,,,,,,,,,,,,
,5068,17076.79996816,1778127507.890951,95,0.3364917770086322,,,,,,,,,,,,,,,,,,,,,,,,,,,,,,,,,,,,,,,,,,,
,5069,17076.952041181,1778127508.0431335,95,,,,,,,,,,,,,,,,,,,0.4888782810012344,,,,,,,,,,,,,,,,,,,,,,,,,
,5070,17078.005975042,1778127509.0969322,95,,,,,,,,,,,,,,,,,,4.770990926772356e-06,,,,,,,,,,,,,,,,,,,,,,,,,,
,5071,17078.363922021,1778127509.4550283,95,0.35743569099577144,,,,,,,,,,,,,,,,,,,,,,,,,,,,,,,,,,,,,,,,,,,
,5072,17078.539558416,1778127509.6306217,95,,,,,,,,,,,,,,,,,,,0.5335060540091945,,,,,,,,,,,,,,,,,,,,,,,,,
,5073,17079.653007463,1778127510.7440135,95,,,,,,,,,,,,,,,,,,4.037996404804289e-06,,,,,,,,,,,,,,,,,,,,,,,,,,
,5074,17079.991706306,1778127511.0829408,95,0.3385553539992543,,,,,,,,,,,,,,,,,,,,,,,,,,,,,,,,,,,,,,,,,,,
,5075,17080.138516715,1778127511.2295818,95,,,,,,,,,,,,,,,,,,,0.4853975270088995,,,,,,,,,,,,,,,,,,,,,,,,,
,5076,17081.18995279,1778127512.2810044,95,,,,,,,,,,,,,,,,,,4.2239989852532744e-06,,,,,,,,,,,,,,,,,,,,,,,,,,
,5077,17081.547734335,1778127512.6389766,95,0.3576795069966465,,,,,,,,,,,,,,,,,,,,,,,,,,,,,,,,,,,,,,,,,,,
,5078,17081.721889882,1778127512.81291,95,,,,,,,,,,,,,,,,,,,0.5317288929945789,,,,,,,,,,,,,,,,,,,,,,,,,
,5079,17082.834690587,1778127513.9257157,95,,,,,,,,,,,,,,,,,,4.226007149554789e-06,,,,,,,,,,,,,,,,,,,,,,,,,,
,5080,17083.176696449,1778127514.2679229,95,0.34177353300037794,,,,,,,,,,,,,,,,,,,,,,,,,,,,,,,,,,,,,,,,,,,
,5081,17083.324477409,1778127514.4155502,95,,,,,,,,,,,,,,,,,,,0.48963824700331315,,,,,,,,,,,,,,,,,,,,,,,,,
,5082,17084.382250433,1778127515.4733903,95,,,,,,,,,,,,,,,,,,4.237997927702963e-06,,,,,,,,,,,,,,,,,,,,,,,,,,
,5083,17084.866921555,1778127515.9580808,95,0.48394708399428055,,,,,,,,,,,,,,,,,,,,,,,,,,,,,,,,,,,,,,,,,,,
,5084,17084.942730499,1778127516.0337784,95,,,,,,,,,,,,,,,,,,,0.560184827001649,,,,,,,,,,,,,,,,,,,,,,,,,
,5085,17086.063059495,1778127517.1540217,95,,,,,,,,,,,,,,,,,,4.440997145138681e-06,,,,,,,,,,,,,,,,,,,,,,,,,,
,5086,17086.426064055,1778127517.517171,95,0.3626998840045417,,,,,,,,,,,,,,,,,,,,,,,,,,,,,,,,,,,,,,,,,,,
,5087,17086.596267564,1778127517.68733,95,,,,,,,,,,,,,,,,,,,0.5331380689895013,,,,,,,,,,,,,,,,,,,,,,,,,
,5088,17087.712394733,1778127518.8035543,95,,,,,,,,,,,,,,,,,,3.626992111094296e-06,,,,,,,,,,,,,,,,,,,,,,,,,,
,5089,17088.060391649,1778127519.1515887,95,0.34758303601120133,,,,,,,,,,,,,,,,,,,,,,,,,,,,,,,,,,,,,,,,,,,
,5090,17088.203361727,1778127519.294446,95,,,,,,,,,,,,,,,,,,,0.4906989770097425,,,,,,,,,,,,,,,,,,,,,,,,,
,5091,17089.261259008,1778127520.3522217,95,,,,,,,,,,,,,,,,,,4.203000571578741e-06,,,,,,,,,,,,,,,,,,,,,,,,,,
,5092,17089.600404987,1778127520.6914809,95,0.33882005300256424,,,,,,,,,,,,,,,,,,,,,,,,,,,,,,,,,,,,,,,,,,,
,5093,17089.748720101,1778127520.8399377,95,,,,,,,,,,,,,,,,,,,0.4875156269990839,,,,,,,,,,,,,,,,,,,,,,,,,
,5094,17090.799390332,1778127521.8903472,95,,,,,,,,,,,,,,,,,,3.8090074667707086e-06,,,,,,,,,,,,,,,,,,,,,,,,,,
,5095,17091.128339444,1778127522.2194545,95,0.3286022009997396,,,,,,,,,,,,,,,,,,,,,,,,,,,,,,,,,,,,,,,,,,,
,5096,17091.288160899,1778127522.3791504,95,,,,,,,,,,,,,,,,,,,0.4886003229912603,,,,,,,,,,,,,,,,,,,,,,,,,
,5097,17092.343192349,1778127523.4342446,95,,,,,,,,,,,,,,,,,,4.041008651256561e-06,,,,,,,,,,,,,,,,,,,,,,,,,,
,5098,17092.692561258,1778127523.7837844,95,0.34900708599889185,,,,,,,,,,,,,,,,,,,,,,,,,,,,,,,,,,,,,,,,,,,
,5099,17092.834260111,1778127523.9252315,95,,,,,,,,,,,,,,,,,,,0.4908313170017209,,,,,,,,,,,,,,,,,,,,,,,,,
,5100,17093.89327498,1778127524.984218,95,,,,,,,,,,,,,,,,,,3.5709963412955403e-06,,,,,,,,,,,,,,,,,,,,,,,,,,
,5101,17094.231318436,1778127525.3224268,95,0.3377386549982475,,,,,,,,,,,,,,,,,,,,,,,,,,,,,,,,,,,,,,,,,,,
,5102,17094.383567448,1778127525.474523,95,,,,,,,,,,,,,,,,,,,0.49012021100497805,,,,,,,,,,,,,,,,,,,,,,,,,
,5103,17095.443307799,1778127526.5343387,95,,,,,,,,,,,,,,,,,,5.9250014601275325e-06,,,,,,,,,,,,,,,,,,,,,,,,,,
,5104,17095.831549487,1778127526.922527,95,0.3876631479943171,,,,,,,,,,,,,,,,,,,,,,,,,,,,,,,,,,,,,,,,,,,
,5105,17095.980276055,1778127527.07131,95,,,,,,,,,,,,,,,,,,,0.5367730099969776,,,,,,,,,,,,,,,,,,,,,,,,,
,5106,17097.100406462,1778127528.191382,95,,,,,,,,,,,,,,,,,,4.191999323666096e-06,,,,,,,,,,,,,,,,,,,,,,,,,,
,5107,17097.457732635,1778127528.5488389,95,0.3568396859918721,,,,,,,,,,,,,,,,,,,,,,,,,,,,,,,,,,,,,,,,,,,
,5108,17097.632079087,1778127528.7231314,95,,,,,,,,,,,,,,,,,,,0.5315558459988097,,,,,,,,,,,,,,,,,,,,,,,,,
,5109,17098.746334131,1778127529.837329,95,,,,,,,,,,,,,,,,,,4.3009931687265635e-06,,,,,,,,,,,,,,,,,,,,,,,,,,
,5110,17099.241443384,1778127530.332367,95,0.4945052709954325,,,,,,,,,,,,,,,,,,,,,,,,,,,,,,,,,,,,,,,,,,,
,5111,17099.311632798,1778127530.4024286,95,,,,,,,,,,,,,,,,,,,0.5649088670033962,,,,,,,,,,,,,,,,,,,,,,,,,
,5112,17100.426610551,1778127531.5174804,95,,,,,,,,,,,,,,,,,,4.089000867679715e-06,,,,,,,,,,,,,,,,,,,,,,,,,,
,5113,17100.806590589,1778127531.8976984,95,0.3795452889899025,,,,,,,,,,,,,,,,,,,,,,,,,,,,,,,,,,,,,,,,,,,
,5114,17100.95748335,1778127532.04842,95,,,,,,,,,,,,,,,,,,,0.5306077830027789,,,,,,,,,,,,,,,,,,,,,,,,,
138.69205464700644,5115,17240.802203575,1778127671.8930748,95,,,,,,,,,,,,,,,,,,,,,,,,,,,,,,,,,,,,,,,,,,,,
,5116,17248.659711555,1778127679.7354867,95,7.788082525003119,,,,,,,,,,,,,,,,,,,,,,,,,,,,,,,,,,,,,,,,,,,
,5117,17248.802533352,1778127679.893732,95,,0.0,0.0,0.0,0.0,0.0,0.0,0.0,0.0015031650109449401,0.0,0.0,0.0,0.0,0.0,0.0,0.0,,,,,,,,,,,,,,,,,,,,,,,,,,,,
,5118,17248.802811198,1778127679.8941667,95,,,,,,,,,,,,,,,,,0.0020428999996511266,,,,,,,,,,,,,,,,,,,,,,,,,,,
,5119,17248.804555157,1778127679.8958004,95,,,,,,,,,,,,,,,,,,146.69713723799214,,,,,,,,,,,,,,,,,,,,,,,,,,
,5120,17249.163147078,1778127680.2541819,95,0.35811654600547627,,,,,,,,,,,,,,,,,,,,,,,,,,,,,,,,,,,,,,,,,,,
,5121,17249.332871621,1778127680.4239333,95,,,,,,,,,,,,,,,,,,,0.5279656219936442,,,,,,,,,,,,,,,,,,,,,,,,,
,5122,17250.425497021,1778127681.5165863,95,,,,,,,,,,,,,,,,,,4.525994881987572e-06,,,,,,,,,,,,,,,,,,,,,,,,,,
,5123,17250.756819352,1778127681.8479786,95,0.33077584000420757,,,,,,,,,,,,,,,,,,,,,,,,,,,,,,,,,,,,,,,,,,,
,5124,17250.907214322,1778127681.998198,95,,,,,,,,,,,,,,,,,,,0.4814174740022281,,,,,,,,,,,,,,,,,,,,,,,,,
,5125,17251.932348687,1778127683.023521,95,,,,,,,,,,,,,,,,,,3.44999716617167e-06,,,,,,,,,,,,,,,,,,,,,,,,,,
,5126,17252.25693269,1778127683.3480227,95,0.3240233719989192,,,,,,,,,,,,,,,,,,,,,,,,,,,,,,,,,,,,,,,,,,,
,5127,17252.41461295,1778127683.5058033,95,,,,,,,,,,,,,,,,,,,0.48213413200573996,,,,,,,,,,,,,,,,,,,,,,,,,
,5128,17253.442694138,1778127684.5336945,95,,,,,,,,,,,,,,,,,,3.720007953234017e-06,,,,,,,,,,,,,,,,,,,,,,,,,,
,5129,17253.78972479,1778127684.880831,95,0.3468054239929188,,,,,,,,,,,,,,,,,,,,,,,,,,,,,,,,,,,,,,,,,,,
,5130,17253.925606823,1778127685.0167198,95,,,,,,,,,,,,,,,,,,,0.4828388269961579,,,,,,,,,,,,,,,,,,,,,,,,,
,5131,17254.95659961,1778127686.0477831,95,,,,,,,,,,,,,,,,,,3.94799280911684e-06,,,,,,,,,,,,,,,,,,,,,,,,,,
,5132,17255.328750895,1778127686.4199898,95,0.3718463640107075,,,,,,,,,,,,,,,,,,,,,,,,,,,,,,,,,,,,,,,,,,,
,5133,17255.482098429,1778127686.5732183,95,,,,,,,,,,,,,,,,,,,0.5252865129878046,,,,,,,,,,,,,,,,,,,,,,,,,
,5134,17256.567875974,1778127687.659025,95,,,,,,,,,,,,,,,,,,4.15899557992816e-06,,,,,,,,,,,,,,,,,,,,,,,,,,
,5135,17256.922310976,1778127688.0135367,95,0.35394079600519035,,,,,,,,,,,,,,,,,,,,,,,,,,,,,,,,,,,,,,,,,,,
,5136,17257.095658355,1778127688.186754,95,,,,,,,,,,,,,,,,,,,0.5275613779958803,,,,,,,,,,,,,,,,,,,,,,,,,
,5137,17258.182362524,1778127689.2734127,95,,,,,,,,,,,,,,,,,,4.169996827840805e-06,,,,,,,,,,,,,,,,,,,,,,,,,,
,5138,17258.521661966,1778127689.6127074,95,0.3387672009994276,,,,,,,,,,,,,,,,,,,,,,,,,,,,,,,,,,,,,,,,,,,
,5139,17258.6616646,1778127689.7526278,95,,,,,,,,,,,,,,,,,,,0.4790503279946279,,,,,,,,,,,,,,,,,,,,,,,,,
,5140,17259.684868664,1778127690.7758462,95,,,,,,,,,,,,,,,,,,4.439993062987924e-06,,,,,,,,,,,,,,,,,,,,,,,,,,
,5141,17260.080258349,1778127691.171296,95,0.39497171199764125,,,,,,,,,,,,,,,,,,,,,,,,,,,,,,,,,,,,,,,,,,,
,5142,17260.224508428,1778127691.3156106,95,,,,,,,,,,,,,,,,,,,0.5395604730001651,,,,,,,,,,,,,,,,,,,,,,,,,
,5143,17261.253144701,1778127692.34412,95,,,,,,,,,,,,,,,,,,4.722998710349202e-06,,,,,,,,,,,,,,,,,,,,,,,,,,
,5144,17261.581928566,1778127692.672912,95,0.32827298300981056,,,,,,,,,,,,,,,,,,,,,,,,,,,,,,,,,,,,,,,,,,,
,5145,17261.731171773,1778127692.8221524,95,,,,,,,,,,,,,,,,,,,0.4778225339978235,,,,,,,,,,,,,,,,,,,,,,,,,
,5146,17262.75331517,1778127693.8444123,95,,,,,,,,,,,,,,,,,,3.783992724493146e-06,,,,,,,,,,,,,,,,,,,,,,,,,,
,5147,17263.104755763,1778127694.1958604,95,0.35085066201281734,,,,,,,,,,,,,,,,,,,,,,,,,,,,,,,,,,,,,,,,,,,
,5148,17263.276183253,1778127694.3671749,95,,,,,,,,,,,,,,,,,,,0.5225776880106423,,,,,,,,,,,,,,,,,,,,,,,,,
,5149,17264.36344411,1778127695.4545593,95,,,,,,,,,,,,,,,,,,3.75900708604604e-06,,,,,,,,,,,,,,,,,,,,,,,,,,
,5150,17264.736664034,1778127695.8277662,95,0.3727867240086198,,,,,,,,,,,,,,,,,,,,,,,,,,,,,,,,,,,,,,,,,,,
,5151,17264.890784198,1778127695.9818711,95,,,,,,,,,,,,,,,,,,,0.5271347170055378,,,,,,,,,,,,,,,,,,,,,,,,,
,5152,17265.979464269,1778127697.07034,95,,,,,,,,,,,,,,,,,,3.659995854832232e-06,,,,,,,,,,,,,,,,,,,,,,,,,,
,5153,17266.31249416,1778127697.4037251,95,0.3329423359973589,,,,,,,,,,,,,,,,,,,,,,,,,,,,,,,,,,,,,,,,,,,
,5154,17266.462638473,1778127697.5538538,95,,,,,,,,,,,,,,,,,,,0.4833236769918585,,,,,,,,,,,,,,,,,,,,,,,,,
,5155,17267.490972619,1778127698.5821314,95,,,,,,,,,,,,,,,,,,4.0239974623546004e-06,,,,,,,,,,,,,,,,,,,,,,,,,,
,5156,17267.842473664,1778127698.9336972,95,0.35118793799483683,,,,,,,,,,,,,,,,,,,,,,,,,,,,,,,,,,,,,,,,,,,
,5157,17268.015095671,1778127699.1061542,95,,,,,,,,,,,,,,,,,,,0.5238452310004504,,,,,,,,,,,,,,,,,,,,,,,,,
,5158,17269.101237099,1778127700.192209,95,,,,,,,,,,,,,,,,,,4.065994289703667e-06,,,,,,,,,,,,,,,,,,,,,,,,,,
,5159,17269.470991174,1778127700.5622098,95,0.36952241699327715,,,,,,,,,,,,,,,,,,,,,,,,,,,,,,,,,,,,,,,,,,,
,5160,17269.626289461,1778127700.7172883,95,,,,,,,,,,,,,,,,,,,0.5248466839984758,,,,,,,,,,,,,,,,,,,,,,,,,
,5161,17270.709593054,1778127701.800759,95,,,,,,,,,,,,,,,,,,3.7170102586969733e-06,,,,,,,,,,,,,,,,,,,,,,,,,,
,5162,17271.062056349,1778127702.1531508,95,0.3520419300039066,,,,,,,,,,,,,,,,,,,,,,,,,,,,,,,,,,,,,,,,,,,
,5163,17271.233776623,1778127702.3248804,95,,,,,,,,,,,,,,,,,,,0.5239336919912603,,,,,,,,,,,,,,,,,,,,,,,,,
,5164,17272.265423138,1778127703.3565326,95,,,,,,,,,,,,,,,,,,3.7080026231706142e-06,,,,,,,,,,,,,,,,,,,,,,,,,,
,5165,17272.608453897,1778127703.6994085,95,0.3423656189988833,,,,,,,,,,,,,,,,,,,,,,,,,,,,,,,,,,,,,,,,,,,
,5166,17272.74857587,1778127703.8395374,95,,,,,,,,,,,,,,,,,,,0.4827907800063258,,,,,,,,,,,,,,,,,,,,,,,,,
139.1856923669984,5167,17413.001137761,1778127844.0921435,95,,,,,,,,,,,,,,,,,,,,,,,,,,,,,,,,,,,,,,,,,,,,
,5168,17420.883937646,1778127851.9599278,95,7.823634468993987,,,,,,,,,,,,,,,,,,,,,,,,,,,,,,,,,,,,,,,,,,,
,5169,17421.586410185,1778127852.6753755,95,,0.033607717121027995,0.0,0.0,0.0,0.05,0.0,0.03552156311786728,0.5512632900063181,0.0002733243833691062,0.0,0.038849999999999996,0.0625,0.0,0.02376562752862194,0.045454545454545456,,,,,,,,,,,,,,,,,,,,,,,,,,,,
,5170,17421.58645237,1778127852.6756902,95,,,,,,,,,,,,,,,,,0.5516833889996633,,,,,,,,,,,,,,,,,,,,,,,,,,,
,5171,17421.586516994,1778127852.6773283,95,,,,,,,,,,,,,,,,,,147.7729972320085,,,,,,,,,,,,,,,,,,,,,,,,,,
,5172,17422.040765137,1778127853.1319664,95,0.45431384998664726,,,,,,,,,,,,,,,,,,,,,,,,,,,,,,,,,,,,,,,,,,,
,5173,17422.146288558,1778127853.2374315,95,,,,,,,,,,,,,,,,,,,0.5599291479884414,,,,,,,,,,,,,,,,,,,,,,,,,
,5174,17423.234185665,1778127854.3253624,95,,,,,,,,,,,,,,,,,,4.636996891349554e-06,,,,,,,,,,,,,,,,,,,,,,,,,,
,5175,17423.581057448,1778127854.6722312,95,0.34635397300007753,,,,,,,,,,,,,,,,,,,,,,,,,,,,,,,,,,,,,,,,,,,
,5176,17423.717276075,1778127854.8083735,95,,,,,,,,,,,,,,,,,,,0.4828476300026523,,,,,,,,,,,,,,,,,,,,,,,,,
,5177,17424.752328147,1778127855.8434117,95,,,,,,,,,,,,,,,,,,4.159999662078917e-06,,,,,,,,,,,,,,,,,,,,,,,,,,
,5178,17425.119306755,1778127856.2105148,95,0.36668099599773996,,,,,,,,,,,,,,,,,,,,,,,,,,,,,,,,,,,,,,,,,,,
,5179,17425.276781355,1778127856.3679001,95,,,,,,,,,,,,,,,,,,,0.5243399939936353,,,,,,,,,,,,,,,,,,,,,,,,,
,5180,17426.365829611,1778127857.456829,95,,,,,,,,,,,,,,,,,,4.162997356615961e-06,,,,,,,,,,,,,,,,,,,,,,,,,,
,5181,17426.714248056,1778127857.8055146,95,0.34825239100609906,,,,,,,,,,,,,,,,,,,,,,,,,,,,,,,,,,,,,,,,,,,
,5182,17426.849925393,1778127857.940923,95,,,,,,,,,,,,,,,,,,,0.48388440199778415,,,,,,,,,,,,,,,,,,,,,,,,,
,5183,17427.888061471,1778127858.978681,95,,,,,,,,,,,,,,,,,,1.0668009053915739e-05,,,,,,,,,,,,,,,,,,,,,,,,,,
,5184,17428.261473303,1778127859.352733,95,0.373278332001064,,,,,,,,,,,,,,,,,,,,,,,,,,,,,,,,,,,,,,,,,,,
,5185,17428.42057812,1778127859.5116832,95,,,,,,,,,,,,,,,,,,,0.5326268409990007,,,,,,,,,,,,,,,,,,,,,,,,,
,5186,17429.515581474,1778127860.6066608,95,,,,,,,,,,,,,,,,,,3.8900034269317985e-06,,,,,,,,,,,,,,,,,,,,,,,,,,
,5187,17429.892917464,1778127860.9841452,95,0.3772124109964352,,,,,,,,,,,,,,,,,,,,,,,,,,,,,,,,,,,,,,,,,,,
,5188,17430.043710032,1778127861.1348224,95,,,,,,,,,,,,,,,,,,,0.5280119140079478,,,,,,,,,,,,,,,,,,,,,,,,,
,5189,17431.139900645,1778127862.2309842,95,,,,,,,,,,,,,,,,,,3.863999154418707e-06,,,,,,,,,,,,,,,,,,,,,,,,,,
,5190,17431.468922395,1778127862.5601754,95,0.328802308999002,,,,,,,,,,,,,,,,,,,,,,,,,,,,,,,,,,,,,,,,,,,
,5191,17431.62465119,1778127862.7156239,95,,,,,,,,,,,,,,,,,,,0.48449357799836434,,,,,,,,,,,,,,,,,,,,,,,,,
,5192,17432.664241661,1778127863.7550368,95,,,,,,,,,,,,,,,,,,4.689005436375737e-06,,,,,,,,,,,,,,,,,,,,,,,,,,
,5193,17433.038412165,1778127864.129657,95,0.374258516007103,,,,,,,,,,,,,,,,,,,,,,,,,,,,,,,,,,,,,,,,,,,
,5194,17433.192816484,1778127864.283602,95,,,,,,,,,,,,,,,,,,,0.5283742239989806,,,,,,,,,,,,,,,,,,,,,,,,,
,5195,17434.292270699,1778127865.3833,95,,,,,,,,,,,,,,,,,,4.029003321193159e-06,,,,,,,,,,,,,,,,,,,,,,,,,,
,5196,17434.618932434,1778127865.7100592,95,0.32639613799983636,,,,,,,,,,,,,,,,,,,,,,,,,,,,,,,,,,,,,,,,,,,
,5197,17434.772897041,1778127865.8638945,95,,,,,,,,,,,,,,,,,,,0.4804136659950018,,,,,,,,,,,,,,,,,,,,,,,,,
,5198,17435.808324798,1778127866.8995287,95,,,,,,,,,,,,,,,,,,3.7840072764083743e-06,,,,,,,,,,,,,,,,,,,,,,,,,,
,5199,17436.312960288,1778127867.4041665,95,0.5042634850105969,,,,,,,,,,,,,,,,,,,,,,,,,,,,,,,,,,,,,,,,,,,
,5200,17436.338518173,1778127867.429568,95,,,,,,,,,,,,,,,,,,,0.5298942319932394,,,,,,,,,,,,,,,,,,,,,,,,,
,5201,17437.371966143,1778127868.4631412,95,,,,,,,,,,,,,,,,,,4.304994945414364e-06,,,,,,,,,,,,,,,,,,,,,,,,,,
,5202,17437.705395336,1778127868.7966497,95,0.33313846300006844,,,,,,,,,,,,,,,,,,,,,,,,,,,,,,,,,,,,,,,,,,,
,5203,17437.852925776,1778127868.9440029,95,,,,,,,,,,,,,,,,,,,0.48069720499916,,,,,,,,,,,,,,,,,,,,,,,,,
,5204,17438.885076528,1778127869.9761672,95,,,,,,,,,,,,,,,,,,3.5249977372586727e-06,,,,,,,,,,,,,,,,,,,,,,,,,,
,5205,17439.211491275,1778127870.3026657,95,0.32602760099689476,,,,,,,,,,,,,,,,,,,,,,,,,,,,,,,,,,,,,,,,,,,
,5206,17439.368831834,1778127870.4599357,95,,,,,,,,,,,,,,,,,,,0.48357237500022165,,,,,,,,,,,,,,,,,,,,,,,,,
,5207,17440.406122548,1778127871.4971254,95,,,,,,,,,,,,,,,,,,4.1330058593302965e-06,,,,,,,,,,,,,,,,,,,,,,,,,,
,5208,17440.776016532,1778127871.8671293,95,0.36956332399859093,,,,,,,,,,,,,,,,,,,,,,,,,,,,,,,,,,,,,,,,,,,
,5209,17440.935632508,1778127872.0267327,95,,,,,,,,,,,,,,,,,,,0.5294638449995546,,,,,,,,,,,,,,,,,,,,,,,,,
,5210,17442.030663431,1778127873.1216774,95,,,,,,,,,,,,,,,,,,3.7059944588690996e-06,,,,,,,,,,,,,,,,,,,,,,,,,,
,5211,17442.411223755,1778127873.502346,95,0.3802234809991205,,,,,,,,,,,,,,,,,,,,,,,,,,,,,,,,,,,,,,,,,,,
,5212,17442.55995329,1778127873.6509297,95,,,,,,,,,,,,,,,,,,,0.5290268829994602,,,,,,,,,,,,,,,,,,,,,,,,,
,5213,17443.658192523,1778127874.7493424,95,,,,,,,,,,,,,,,,,,3.806999302469194e-06,,,,,,,,,,,,,,,,,,,,,,,,,,
,5214,17443.990411757,1778127875.081633,95,0.3319426719972398,,,,,,,,,,,,,,,,,,,,,,,,,,,,,,,,,,,,,,,,,,,
,5215,17444.140703007,1778127875.231759,95,,,,,,,,,,,,,,,,,,,0.4822690940054599,,,,,,,,,,,,,,,,,,,,,,,,,
,5216,17445.173277434,1778127876.2643275,95,,,,,,,,,,,,,,,,,,3.4700060496106744e-06,,,,,,,,,,,,,,,,,,,,,,,,,,
,5217,17445.55424578,1778127876.6455152,95,0.38079190101416316,,,,,,,,,,,,,,,,,,,,,,,,,,,,,,,,,,,,,,,,,,,
,5218,17445.702724725,1778127876.7938385,95,,,,,,,,,,,,,,,,,,,0.5293662460026098,,,,,,,,,,,,,,,,,,,,,,,,,
,5219,17446.815224585,1778127877.905638,100,,,,,,,,,,,,,,,,,,,,0.03689045567589346,0.0,0.6,0.041566337557742375,0.0,171.2593987326167,0.01256515610293718,2190778.0,279399.13870995154,0.6,11175.98828125,212582816.0,819.8,0.0,4.916500255042268e-07,0.0,1011.2375,0.01734906315058987,0.01256515610293718,0.4,0.6,0.9875,0.0,0.0415663330903044,1024.0
113.51809679898724,5220,17560.355212955,1778127991.4462469,100,,,,,,,,,,,,,,,,,,,,,,,,,,,,,,,,,,,,,,,,,,,,
,5221,17562.221576863,1778127993.3023815,100,1.8164033459906932,,,,,,,,,,,,,,,,,,,,,,,,,,,,,,,,,,,,,,,,,,,
,5222,17563.100578646,1778127994.1918845,100,,0.0,0.0,0.0,0.0,0.0,0.0,0.0,0.0011057910014642403,0.0,0.0,0.0,0.0,0.0,0.0,0.0,,,,,,,,,,,,,,,,,,,,,,,,,,,,
,5223,17563.101088887,1778127994.192401,100,,,,,,,,,,,,,,,,,0.0017023290129145607,,,,,,,,,,,,,,,,,,,,,,,,,,,
,5224,17563.1022487,1778127994.1934986,100,,,,,,,,,,,,,,,,,,116.26690399300423,,,,,,,,,,,,,,,,,,,,,,,,,,
,5225,17564.921110673,1778127996.0122323,100,1.8183276240015402,,,,,,,,,,,,,,,,,,,,,,,,,,,,,,,,,,,,,,,,,,,
,5226,17565.847700525,1778127996.9387445,100,,,,,,,,,,,,,,,,,,,2.7450827630091226,,,,,,,,,,,,,,,,,,,,,,,,,
113.33184516899928,5227,17679.183104934,1778128110.274091,100,,,,,,,,,,,,,,,,,,,,,,,,,,,,,,,,,,,,,,,,,,,,
,5228,17681.019138467,1778128112.0844247,100,1.7689518190018134,,,,,,,,,,,,,,,,,,,,,,,,,,,,,,,,,,,,,,,,,,,
,5229,17681.888890678,1778128112.9800587,100,,0.0,0.0,0.0,0.0,0.0,0.0,0.0,0.0010874979925574735,0.0,0.0,0.0,0.0,0.0,0.0,0.0,,,,,,,,,,,,,,,,,,,,,,,,,,,,
,5230,17681.889011723,1778128112.980381,100,,,,,,,,,,,,,,,,,0.0015055489930091426,,,,,,,,,,,,,,,,,,,,,,,,,,,
,5231,17681.890317823,1778128112.9814365,100,,,,,,,,,,,,,,,,,,116.0409265490016,,,,,,,,,,,,,,,,,,,,,,,,,,
,5232,17683.666673743,1778128114.7578788,100,1.776212457989459,,,,,,,,,,,,,,,,,,,,,,,,,,,,,,,,,,,,,,,,,,,
,5233,17684.575437103,1778128115.6666138,100,,,,,,,,,,,,,,,,,,,2.6850269949936774,,,,,,,,,,,,,,,,,,,,,,,,,
114.13417590099561,5234,17798.713280337,1778128229.8043137,100,,,,,,,,,,,,,,,,,,,,,,,,,,,,,,,,,,,,,,,,,,,,
,5235,17800.579352077,1778128231.6603158,100,1.816018259007251,,,,,,,,,,,,,,,,,,,,,,,,,,,,,,,,,,,,,,,,,,,
,5236,17802.047027232,1778128233.135384,100,,0.042069249763676986,0.0,0.0,0.0,0.25,0.0,0.07345328030996764,0.5849532189895399,0.0019266437706618703,0.0,0.2,0.25,0.0,0.08485589746137728,0.23809523809523808,,,,,,,,,,,,,,,,,,,,,,,,,,,,
,5237,17802.04708807,1778128233.1376848,100,,,,,,,,,,,,,,,,,0.5873465290060267,,,,,,,,,,,,,,,,,,,,,,,,,,,
,5238,17802.047969344,1778128233.1391864,100,,,,,,,,,,,,,,,,,,117.47072154800117,,,,,,,,,,,,,,,,,,,,,,,,,,
,5239,17803.871122884,1778128234.9619522,100,1.8224394370045047,,,,,,,,,,,,,,,,,,,,,,,,,,,,,,,,,,,,,,,,,,,
,5240,17804.797041772,1778128235.8882349,100,,,,,,,,,,,,,,,,,,,2.7488786710018758,,,,,,,,,,,,,,,,,,,,,,,,,
113.34010817199305,5241,17918.140873912,1778128349.2319007,100,,,,,,,,,,,,,,,,,,,,,,,,,,,,,,,,,,,,,,,,,,,,
,5242,17919.968657432,1778128351.0495646,100,1.7773219580121804,,,,,,,,,,,,,,,,,,,,,,,,,,,,,,,,,,,,,,,,,,,
,5243,17920.833007883,1778128351.9242897,100,,0.0,0.0,0.0,0.0,0.0,0.0,0.0,0.0011367500119376928,0.0,0.0,0.0,0.0,0.0,0.0,0.0,,,,,,,,,,,,,,,,,,,,,,,,,,,,
,5244,17920.833494631,1778128351.9248374,100,,,,,,,,,,,,,,,,,0.0017675330018391833,,,,,,,,,,,,,,,,,,,,,,,,,,,
,5245,17920.83460532,1778128351.9259005,100,,,,,,,,,,,,,,,,,,116.0358293629979,,,,,,,,,,,,,,,,,,,,,,,,,,
,5246,17922.619265644,1778128353.7102282,100,1.7840747199952602,,,,,,,,,,,,,,,,,,,,,,,,,,,,,,,,,,,,,,,,,,,
,5247,17923.532325672,1778128354.6234727,100,,,,,,,,,,,,,,,,,,,2.69743060899782,,,,,,,,,,,,,,,,,,,,,,,,,
112.4317993959994,5248,18035.968389686,1778128467.0593948,100,,,,,,,,,,,,,,,,,,,,,,,,,,,,,,,,,,,,,,,,,,,,
,5249,18037.819088294,1778128468.9000175,100,1.8003233670024201,,,,,,,,,,,,,,,,,,,,,,,,,,,,,,,,,,,,,,,,,,,
,5250,18038.692225745,1778128469.783315,100,,0.0,0.0,0.0,0.0,0.0,0.0,0.0,0.0012567170051624998,0.0,0.0,0.0,0.0,0.0,0.0,0.0,,,,,,,,,,,,,,,,,,,,,,,,,,,,
,5251,18038.692356304,1778128469.7837126,100,,,,,,,,,,,,,,,,,0.0017500999965704978,,,,,,,,,,,,,,,,,,,,,,,,,,,
,5252,18038.693518029,1778128469.7848022,100,,,,,,,,,,,,,,,,,,115.15945060999366,,,,,,,,,,,,,,,,,,,,,,,,,,
,5253,18040.49772095,1778128471.5887566,100,1.8036909779912094,,,,,,,,,,,,,,,,,,,,,,,,,,,,,,,,,,,,,,,,,,,
,5254,18041.417504028,1778128472.508574,100,,,,,,,,,,,,,,,,,,,2.723614977003308,,,,,,,,,,,,,,,,,,,,,,,,,
113.71688595600426,5255,18155.138065769,1778128586.229109,100,,,,,,,,,,,,,,,,,,,,,,,,,,,,,,,,,,,,,,,,,,,,
,5256,18157.162442661,1778128588.2433374,100,1.9742121109884465,,,,,,,,,,,,,,,,,,,,,,,,,,,,,,,,,,,,,,,,,,,
,5257,18158.172492205,1778128589.2638028,100,,0.0,0.0,0.0,0.0,0.0,0.0,0.0,0.001083265000488609,0.0,0.0,0.0,0.0,0.0,0.0,0.0,,,,,,,,,,,,,,,,,,,,,,,,,,,,
,5258,18158.17294879,1778128589.2642822,100,,,,,,,,,,,,,,,,,0.0016629000019747764,,,,,,,,,,,,,,,,,,,,,,,,,,,
,5259,18158.174013866,1778128589.2653048,100,,,,,,,,,,,,,,,,,,116.75491597499058,,,,,,,,,,,,,,,,,,,,,,,,,,
,5260,18160.160429354,1778128591.2514272,100,1.9859113929996965,,,,,,,,,,,,,,,,,,,,,,,,,,,,,,,,,,,,,,,,,,,
,5261,18161.217276873,1778128592.3083994,100,,,,,,,,,,,,,,,,,,,3.0429514720017323,,,,,,,,,,,,,,,,,,,,,,,,,
113.5036155859998,5262,18274.724566645,1778128705.8156276,100,,,,,,,,,,,,,,,,,,,,,,,,,,,,,,,,,,,,,,,,,,,,
,5263,18276.633288972,1778128707.714111,100,1.8456100699986564,,,,,,,,,,,,,,,,,,,,,,,,,,,,,,,,,,,,,,,,,,,
,5264,18277.932385275,1778128709.0235586,100,,0.0,0.0,0.0,0.0,0.0,0.0,0.0,0.43618139100726694,0.002064617924197749,0.0,0.0,0.0,0.0,0.0,0.0,,,,,,,,,,,,,,,,,,,,,,,,,,,,
,5265,18277.932902863,1778128709.023894,100,,,,,,,,,,,,,,,,,0.43660297799215186,,,,,,,,,,,,,,,,,,,,,,,,,,,
,5266,18277.933787698,1778128709.0250485,100,,,,,,,,,,,,,,,,,,116.71483835400431,,,,,,,,,,,,,,,,,,,,,,,,,,
,5267,18279.775666093,1778128710.8666365,100,1.841313299999456,,,,,,,,,,,,,,,,,,,,,,,,,,,,,,,,,,,,,,,,,,,
,5268,18280.69694249,1778128711.7879012,100,,,,,,,,,,,,,,,,,,,2.7626983860100154,,,,,,,,,,,,,,,,,,,,,,,,,
113.4311917390005,5269,18394.131537525,1778128825.2225952,100,,,,,,,,,,,,,,,,,,,,,,,,,,,,,,,,,,,,,,,,,,,,
,5270,18396.217645484,1778128827.298693,100,2.037082636001287,,,,,,,,,,,,,,,,,,,,,,,,,,,,,,,,,,,,,,,,,,,
,5271,18397.454427679,1778128828.545619,100,,0.0,0.0,0.0,0.0,0.0,0.0,0.0,0.26687336500617675,0.0017359085467270681,0.0,0.0,0.0,0.0,0.0,0.0,,,,,,,,,,,,,,,,,,,,,,,,,,,,
,5272,18397.455104105,1778128828.5460742,100,,,,,,,,,,,,,,,,,0.2674555569974473,,,,,,,,,,,,,,,,,,,,,,,,,,,
,5273,18397.456064564,1778128828.5472703,100,,,,,,,,,,,,,,,,,,116.75756303899107,,,,,,,,,,,,,,,,,,,,,,,,,,
,5274,18399.461078695,1778128830.552057,100,2.0045236770092743,,,,,,,,,,,,,,,,,,,,,,,,,,,,,,,,,,,,,,,,,,,
,5275,18400.51373055,1778128831.6047015,100,,,,,,,,,,,,,,,,,,,3.0572600019950187,,,,,,,,,,,,,,,,,,,,,,,,,
113.12374670199642,5276,18513.641568722,1778128944.7325919,100,,,,,,,,,,,,,,,,,,,,,,,,,,,,,,,,,,,,,,,,,,,,
,5277,18515.506808566,1778128946.5826783,100,1.8103360770037398,,,,,,,,,,,,,,,,,,,,,,,,,,,,,,,,,,,,,,,,,,,
,5278,18516.393111814,1778128947.4809551,100,,0.0,0.0,0.0,0.0,0.0,0.0,0.0,0.011999217997072265,0.0,0.0,0.12496105932223145,0.0,0.0,0.0,0.0,,,,,,,,,,,,,,,,,,,,,,,,,,,,
,5279,18516.393153776,1778128947.4835162,100,,,,,,,,,,,,,,,,,0.014672308010631241,,,,,,,,,,,,,,,,,,,,,,,,,,,
,5280,18516.393648516,1778128947.4846764,100,,,,,,,,,,,,,,,,,,115.8780457249959,,,,,,,,,,,,,,,,,,,,,,,,,,
,5281,18518.205926242,1778128949.2970555,100,1.812177004001569,,,,,,,,,,,,,,,,,,,,,,,,,,,,,,,,,,,,,,,,,,,
,5282,18519.131109247,1778128950.221499,100,,,,,,,,,,,,,,,,,,,2.736670986007084,,,,,,,,,,,,,,,,,,,,,,,,,
113.12084517900075,5283,18632.255218198,1778129063.3461335,100,,,,,,,,,,,,,,,,,,,,,,,,,,,,,,,,,,,,,,,,,,,,
,5284,18634.263301942,1778129065.3442726,100,1.9589971719979076,,,,,,,,,,,,,,,,,,,,,,,,,,,,,,,,,,,,,,,,,,,
,5285,18635.265993791,1778129066.357246,100,,0.0,0.0,0.0,0.0,0.0,0.0,0.0,0.0009581449994584545,0.0,0.0,0.0,0.0,0.0,0.0,0.0,,,,,,,,,,,,,,,,,,,,,,,,,,,,
,5286,18635.266300171,1778129066.3576462,100,,,,,,,,,,,,,,,,,0.00145099799556192,,,,,,,,,,,,,,,,,,,,,,,,,,,
,5287,18635.267478238,1778129066.3587716,100,,,,,,,,,,,,,,,,,,116.13537942699622,,,,,,,,,,,,,,,,,,,,,,,,,,
,5288,18637.235365036,1778129068.3264284,100,1.967399335000664,,,,,,,,,,,,,,,,,,,,,,,,,,,,,,,,,,,,,,,,,,,
,5289,18638.281513977,1778129069.3725007,100,,,,,,,,,,,,,,,,,,,3.0135844760079635,,,,,,,,,,,,,,,,,,,,,,,,,
113.43358862500463,5290,18751.718683432,1778129182.8096302,100,,,,,,,,,,,,,,,,,,,,,,,,,,,,,,,,,,,,,,,,,,,,
,5291,18753.566297424,1778129184.6421483,100,1.7918486169946846,,,,,,,,,,,,,,,,,,,,,,,,,,,,,,,,,,,,,,,,,,,
,5292,18754.429126362,1778129185.5204263,100,,0.0,0.0,0.0,0.0,0.0,0.0,0.0,0.0012792039924534038,0.0,0.0,0.0,0.0,0.0,0.0,0.0,,,,,,,,,,,,,,,,,,,,,,,,,,,,
,5293,18754.429602156,1778129185.5209584,100,,,,,,,,,,,,,,,,,0.001903844007756561,,,,,,,,,,,,,,,,,,,,,,,,,,,
,5294,18754.430762743,1778129185.5220475,100,,,,,,,,,,,,,,,,,,116.1478810270055,,,,,,,,,,,,,,,,,,,,,,,,,,
,5295,18756.229853881,1778129187.3209457,100,1.7986237930017523,,,,,,,,,,,,,,,,,,,,,,,,,,,,,,,,,,,,,,,,,,,
,5296,18757.149153266,1778129188.2401564,100,,,,,,,,,,,,,,,,,,,2.7179639039968606,,,,,,,,,,,,,,,,,,,,,,,,,
111.75995173500269,5297,18868.91266417,1778129300.0036988,100,,,,,,,,,,,,,,,,,,,,,,,,,,,,,,,,,,,,,,,,,,,,
,5298,18870.732762345,1778129301.818813,100,1.7750076800002716,,,,,,,,,,,,,,,,,,,,,,,,,,,,,,,,,,,,,,,,,,,
,5299,18871.600040762,1778129302.6913433,100,,0.0,0.0,0.0,0.0,0.0,0.0,0.0,0.0011704270000336692,0.0,0.0,0.0,0.0,0.0,0.0,0.0,,,,,,,,,,,,,,,,,,,,,,,,,,,,
,5300,18871.6006623,1778129302.6919918,100,,,,,,,,,,,,,,,,,0.0018998940067831427,,,,,,,,,,,,,,,,,,,,,,,,,,,
,5301,18871.601874034,1778129302.6931365,100,,,,,,,,,,,,,,,,,,114.4513362729922,,,,,,,,,,,,,,,,,,,,,,,,,,
,5302,18873.3841997,1778129304.4753354,100,1.7818192109989468,,,,,,,,,,,,,,,,,,,,,,,,,,,,,,,,,,,,,,,,,,,
,5303,18874.293159133,1778129305.3842642,100,,,,,,,,,,,,,,,,,,,2.690984512999421,,,,,,,,,,,,,,,,,,,,,,,,,
113.29136636300245,5304,18987.58780667,1778129418.6788356,100,,,,,,,,,,,,,,,,,,,,,,,,,,,,,,,,,,,,,,,,,,,,
,5305,18989.441239029,1778129420.517122,100,1.7984783919964684,,,,,,,,,,,,,,,,,,,,,,,,,,,,,,,,,,,,,,,,,,,
,5306,18990.308595347,1778129421.3998659,100,,0.0,0.0,0.0,0.0,0.0,0.0,0.0,0.0009670610015746206,0.0,0.0,0.0,0.0,0.0,0.0,0.0,,,,,,,,,,,,,,,,,,,,,,,,,,,,
,5307,18990.309181829,1778129421.4005327,100,,,,,,,,,,,,,,,,,0.0017184309981530532,,,,,,,,,,,,,,,,,,,,,,,,,,,
,5308,18990.310327952,1778129421.401567,100,,,,,,,,,,,,,,,,,,116.01576694899995,,,,,,,,,,,,,,,,,,,,,,,,,,
,5309,18992.11127082,1778129423.2023544,100,1.8005599609896308,,,,,,,,,,,,,,,,,,,,,,,,,,,,,,,,,,,,,,,,,,,
,5310,18993.030323774,1778129424.1215363,100,,,,,,,,,,,,,,,,,,,2.719802923995303,,,,,,,,,,,,,,,,,,,,,,,,,
114.52476283100259,5311,19107.558982365,1778129538.6499908,100,,,,,,,,,,,,,,,,,,,,,,,,,,,,,,,,,,,,,,,,,,,,
,5312,19109.439572401,1778129540.5202327,100,1.8287592889973894,,,,,,,,,,,,,,,,,,,,,,,,,,,,,,,,,,,,,,,,,,,
,5313,19110.640211419,1778129541.7307065,100,,0.021034624881838493,0.0,0.0,0.0,0.125,0.0,0.03672664015498382,0.3188539319962729,0.0009633243371128935,0.0,0.1,0.125,0.0,0.04242794873068864,0.11904761904761904,,,,,,,,,,,,,,,,,,,,,,,,,,,,
,5314,19110.640255334,1778129541.7310362,100,,,,,,,,,,,,,,,,,0.3192834130022675,,,,,,,,,,,,,,,,,,,,,,,,,,,
,5315,19110.641350619,1778129541.7323072,100,,,,,,,,,,,,,,,,,,117.60904169900459,,,,,,,,,,,,,,,,,,,,,,,,,,
,5316,19112.480044869,1778129543.571125,100,1.8378417200001422,,,,,,,,,,,,,,,,,,,,,,,,,,,,,,,,,,,,,,,,,,,
,5317,19113.41219323,1778129544.5032423,100,,,,,,,,,,,,,,,,,,,2.770762875006767,,,,,,,,,,,,,,,,,,,,,,,,,
113.61048896500142,5318,19227.02656866,1778129658.1176245,100,,,,,,,,,,,,,,,,,,,,,,,,,,,,,,,,,,,,,,,,,,,,
,5319,19228.872669075,1778129659.953576,100,1.7964961800025776,,,,,,,,,,,,,,,,,,,,,,,,,,,,,,,,,,,,,,,,,,,
,5320,19229.74214326,1778129660.8333762,100,,0.0,0.0,0.0,0.0,0.0,0.0,0.0,0.0010834779968718067,0.0,0.0,0.0,0.0,0.0,0.0,0.0,,,,,,,,,,,,,,,,,,,,,,,,,,,,
,5321,19229.74262029,1778129660.83395,100,,,,,,,,,,,,,,,,,0.0017414849862689152,,,,,,,,,,,,,,,,,,,,,,,,,,,
,5322,19229.743768798,1778129660.835025,100,,,,,,,,,,,,,,,,,,116.329973453001,,,,,,,,,,,,,,,,,,,,,,,,,,
,5323,19231.545252654,1778129662.6363487,100,1.8010425389948068,,,,,,,,,,,,,,,,,,,,,,,,,,,,,,,,,,,,,,,,,,,
,5324,19232.464166,1778129663.555361,100,,,,,,,,,,,,,,,,,,,2.720175269001629,,,,,,,,,,,,,,,,,,,,,,,,,
113.22258143300132,5325,19345.690720524,1778129776.7816978,100,,,,,,,,,,,,,,,,,,,,,,,,,,,,,,,,,,,,,,,,,,,,
,5326,19347.536996262,1778129778.6180506,100,1.7963054400024703,,,,,,,,,,,,,,,,,,,,,,,,,,,,,,,,,,,,,,,,,,,
,5327,19348.406191505,1778129779.4973323,100,,0.0,0.0,0.0,0.0,0.0,0.0,0.0,0.0013128509890520945,0.0,0.0,0.0,0.0,0.0,0.0,0.0,,,,,,,,,,,,,,,,,,,,,,,,,,,,
,5328,19348.40641887,1778129779.4977658,100,,,,,,,,,,,,,,,,,0.0018329169979551807,,,,,,,,,,,,,,,,,,,,,,,,,,,
,5329,19348.407576462,1778129779.49884,100,,,,,,,,,,,,,,,,,,115.94169306900585,,,,,,,,,,,,,,,,,,,,,,,,,,
,5330,19350.210608173,1778129781.3017042,100,1.802619529000367,,,,,,,,,,,,,,,,,,,,,,,,,,,,,,,,,,,,,,,,,,,
,5331,19351.12911884,1778129782.2202954,100,,,,,,,,,,,,,,,,,,,2.7212969529937254,,,,,,,,,,,,,,,,,,,,,,,,,
113.56691889000649,5332,19464.700193876,1778129895.7911265,100,,,,,,,,,,,,,,,,,,,,,,,,,,,,,,,,,,,,,,,,,,,,
,5333,19466.748331858,1778129897.8293169,100,2.000196053995751,,,,,,,,,,,,,,,,,,,,,,,,,,,,,,,,,,,,,,,,,,,
,5334,19467.771751178,1778129898.862911,100,,0.0,0.0,0.0,0.0,0.0,0.0,0.0,0.0011270890099694952,0.0,0.0,0.0,0.0,0.0,0.0,0.0,,,,,,,,,,,,,,,,,,,,,,,,,,,,
,5335,19467.771937215,1778129898.8632581,100,,,,,,,,,,,,,,,,,0.0015630319976480678,,,,,,,,,,,,,,,,,,,,,,,,,,,
,5336,19467.773186442,1778129898.8643315,100,,,,,,,,,,,,,,,,,,116.64213483600179,,,,,,,,,,,,,,,,,,,,,,,,,,
,5337,19469.783078566,1778129900.8742628,100,2.0095289349992527,,,,,,,,,,,,,,,,,,,,,,,,,,,,,,,,,,,,,,,,,,,
,5338,19470.847852811,1778129901.9391115,100,,,,,,,,,,,,,,,,,,,3.074525721996906,,,,,,,,,,,,,,,,,,,,,,,,,
112.77721534999728,5339,19583.628984493,1778130014.7199793,100,,,,,,,,,,,,,,,,,,,,,,,,,,,,,,,,,,,,,,,,,,,,
,5340,19585.679873431,1778130016.7608306,100,2.000809881996247,,,,,,,,,,,,,,,,,,,,,,,,,,,,,,,,,,,,,,,,,,,
,5341,19587.228295861,1778130018.3178325,100,,0.021034624881838493,0.0,0.0,0.0,0.125,0.0,0.03672664015498382,0.5246936339972308,0.004111456090323871,0.0,0.1,0.125,0.0,0.04242794873068864,0.11904761904761904,,,,,,,,,,,,,,,,,,,,,,,,,,,,
,5342,19587.228812615,1778130018.319923,100,,,,,,,,,,,,,,,,,0.5268759460013825,,,,,,,,,,,,,,,,,,,,,,,,,,,
,5343,19587.230179633,1778130018.3214016,100,,,,,,,,,,,,,,,,,,116.38052168898867,,,,,,,,,,,,,,,,,,,,,,,,,,
,5344,19589.238377134,1778130020.3296194,100,2.0079168869997375,,,,,,,,,,,,,,,,,,,,,,,,,,,,,,,,,,,,,,,,,,,
,5345,19590.304712428,1778130021.395951,100,,,,,,,,,,,,,,,,,,,3.074372945004143,,,,,,,,,,,,,,,,,,,,,,,,,
112.25070934099494,5346,19702.559395408,1778130133.6504264,100,,,,,,,,,,,,,,,,,,,,,,,,,,,,,,,,,,,,,,,,,,,,
,5347,19704.41853876,1778130135.4994938,100,1.809378760997788,,,,,,,,,,,,,,,,,,,,,,,,,,,,,,,,,,,,,,,,,,,
,5348,19705.295832377,1778130136.3869483,100,,0.0,0.0,0.0,0.0,0.0,0.0,0.0,0.0011745770025299862,0.0,0.0,0.0,0.0,0.0,0.0,0.0,,,,,,,,,,,,,,,,,,,,,,,,,,,,
,5349,19705.296044938,1778130136.3873818,100,,,,,,,,,,,,,,,,,0.001695940998615697,,,,,,,,,,,,,,,,,,,,,,,,,,,
,5350,19705.297227944,1778130136.3884425,100,,,,,,,,,,,,,,,,,,114.99064784598886,,,,,,,,,,,,,,,,,,,,,,,,,,
,5351,19707.109607691,1778130138.2007446,100,1.8119052830006694,,,,,,,,,,,,,,,,,,,,,,,,,,,,,,,,,,,,,,,,,,,
,5352,19708.033453672,1778130139.1246095,100,,,,,,,,,,,,,,,,,,,2.7359971450059675,,,,,,,,,,,,,,,,,,,,,,,,,
111.38792029699835,5353,19819.425656133,1778130250.516801,100,,,,,,,,,,,,,,,,,,,,,,,,,,,,,,,,,,,,,,,,,,,,
,5354,19821.262878163,1778130252.343825,100,1.7878313410037663,,,,,,,,,,,,,,,,,,,,,,,,,,,,,,,,,,,,,,,,,,,
,5355,19822.102453518,1778130253.1936631,100,,0.0,0.0,0.0,0.0,0.0,0.0,0.0,0.0011168079945491627,0.0,0.0,0.0,0.0,0.0,0.0,0.0,,,,,,,,,,,,,,,,,,,,,,,,,,,,
,5356,19822.102789908,1778130253.1941516,100,,,,,,,,,,,,,,,,,0.0016984989924822003,,,,,,,,,,,,,,,,,,,,,,,,,,,
,5357,19822.103929318,1778130253.1951747,100,,,,,,,,,,,,,,,,,,114.0683078590082,,,,,,,,,,,,,,,,,,,,,,,,,,
,5358,19823.890430732,1778130254.9814215,100,1.7858640030026436,,,,,,,,,,,,,,,,,,,,,,,,,,,,,,,,,,,,,,,,,,,
,5359,19824.786111492,1778130255.8772166,100,,,,,,,,,,,,,,,,,,,2.6818891920120222,,,,,,,,,,,,,,,,,,,,,,,,,
112.39296246699814,5360,19937.182605862,1778130368.2737007,100,,,,,,,,,,,,,,,,,,,,,,,,,,,,,,,,,,,,,,,,,,,,
,5361,19939.207641551,1778130370.2836444,100,1.971436669002287,,,,,,,,,,,,,,,,,,,,,,,,,,,,,,,,,,,,,,,,,,,
,5362,19940.210904904,1778130371.3021564,100,,0.0,0.0,0.0,0.0,0.0,0.0,0.0,0.000985179009148851,0.0,0.0,0.0,0.0,0.0,0.0,0.0,,,,,,,,,,,,,,,,,,,,,,,,,,,,
,5363,19940.211392213,1778130371.3026958,100,,,,,,,,,,,,,,,,,0.0016170329909073189,,,,,,,,,,,,,,,,,,,,,,,,,,,
,5364,19940.212424724,1778130371.3037288,100,,,,,,,,,,,,,,,,,,115.42475919300341,,,,,,,,,,,,,,,,,,,,,,,,,,
,5365,19942.196578624,1778130373.2877738,100,1.9838289909966988,,,,,,,,,,,,,,,,,,,,,,,,,,,,,,,,,,,,,,,,,,,
,5366,19943.2522971,1778130374.3433857,100,,,,,,,,,,,,,,,,,,,3.0395184039953165,,,,,,,,,,,,,,,,,,,,,,,,,
111.94596589099092,5367,20055.201883869,1778130486.2929602,100,,,,,,,,,,,,,,,,,,,,,,,,,,,,,,,,,,,,,,,,,,,,
,5368,20057.227565139,1778130488.3034568,100,1.971113288003835,,,,,,,,,,,,,,,,,,,,,,,,,,,,,,,,,,,,,,,,,,,
,5369,20058.232839219,1778130489.3241272,100,,0.0,0.0,0.0,0.0,0.0,0.0,0.0,0.0011820569925475866,0.0,0.0,0.0,0.0,0.0,0.0,0.0,,,,,,,,,,,,,,,,,,,,,,,,,,,,
,5370,20058.233371143,1778130489.3246934,100,,,,,,,,,,,,,,,,,0.0018375329964328557,,,,,,,,,,,,,,,,,,,,,,,,,,,
,5371,20058.234587606,1778130489.3258548,100,,,,,,,,,,,,,,,,,,114.98070872199605,,,,,,,,,,,,,,,,,,,,,,,,,,
,5372,20060.214990293,1778130491.3059797,100,1.9798488109954633,,,,,,,,,,,,,,,,,,,,,,,,,,,,,,,,,,,,,,,,,,,
,5373,20061.268114154,1778130492.359097,100,,,,,,,,,,,,,,,,,,,3.033084611990489,,,,,,,,,,,,,,,,,,,,,,,,,
112.47459221500321,5374,20173.746010591,1778130604.8369756,100,,,,,,,,,,,,,,,,,,,,,,,,,,,,,,,,,,,,,,,,,,,,
,5375,20175.601827049,1778130606.6827445,100,1.7993411339994054,,,,,,,,,,,,,,,,,,,,,,,,,,,,,,,,,,,,,,,,,,,
,5376,20176.474545347,1778130607.5657434,100,,0.0,0.0,0.0,0.0,0.0,0.0,0.0,0.001169735987787135,0.0,0.0,0.0,0.0,0.0,0.0,0.0,,,,,,,,,,,,,,,,,,,,,,,,,,,,
,5377,20176.474910787,1778130607.5661893,100,,,,,,,,,,,,,,,,,0.0017114390066126361,,,,,,,,,,,,,,,,,,,,,,,,,,,
,5378,20176.476016705,1778130607.5672853,100,,,,,,,,,,,,,,,,,,115.20651522799744,,,,,,,,,,,,,,,,,,,,,,,,,,
,5379,20178.279394278,1778130609.370451,100,1.8028969459992368,,,,,,,,,,,,,,,,,,,,,,,,,,,,,,,,,,,,,,,,,,,
,5380,20179.198546658,1778130610.2896235,100,,,,,,,,,,,,,,,,,,,2.722184689991991,,,,,,,,,,,,,,,,,,,,,,,,,
112.0790536400018,5381,20291.281373581,1778130722.3724384,100,,,,,,,,,,,,,,,,,,,,,,,,,,,,,,,,,,,,,,,,,,,,
,5382,20293.108398395,1778130724.1893573,100,1.7774365559889702,,,,,,,,,,,,,,,,,,,,,,,,,,,,,,,,,,,,,,,,,,,
,5383,20294.476330537,1778130725.567366,100,,0.0,0.0,0.0,0.0,0.075,0.0,0.0184463890183051,0.5046093200071482,0.00165315360622511,0.0,0.04999999999999999,0.125,0.0,0.007117048851364384,0.08653846153846154,,,,,,,,,,,,,,,,,,,,,,,,,,,,
,5384,20294.476671606,1778130725.5679488,100,,,,,,,,,,,,,,,,,0.5052800240082433,,,,,,,,,,,,,,,,,,,,,,,,,,,
,5385,20294.478117672,1778130725.5692427,100,,,,,,,,,,,,,,,,,,115.27765206199547,,,,,,,,,,,,,,,,,,,,,,,,,,
,5386,20296.26356467,1778130727.3547597,100,1.7852947970095556,,,,,,,,,,,,,,,,,,,,,,,,,,,,,,,,,,,,,,,,,,,
,5387,20297.174173098,1778130728.2653654,100,,,,,,,,,,,,,,,,,,,2.695981116994517,,,,,,,,,,,,,,,,,,,,,,,,,
112.37737582500267,5388,20409.555304714,1778130840.6463916,100,,,,,,,,,,,,,,,,,,,,,,,,,,,,,,,,,,,,,,,,,,,,
,5389,20411.405771819,1778130842.486896,100,1.8001578669936862,,,,,,,,,,,,,,,,,,,,,,,,,,,,,,,,,,,,,,,,,,,
,5390,20412.280327986,1778130843.3715136,100,,0.0,0.0,0.0,0.0,0.0,0.0,0.0,0.0011547550093382597,0.0,0.0,0.0,0.0,0.0,0.0,0.0,,,,,,,,,,,,,,,,,,,,,,,,,,,,
,5391,20412.280615612,1778130843.371952,100,,,,,,,,,,,,,,,,,0.0017046060092980042,,,,,,,,,,,,,,,,,,,,,,,,,,,
,5392,20412.281867049,1778130843.3730166,100,,,,,,,,,,,,,,,,,,115.10573293200287,,,,,,,,,,,,,,,,,,,,,,,,,,
,5393,20414.085883991,1778130845.177088,100,1.8038462340045953,,,,,,,,,,,,,,,,,,,,,,,,,,,,,,,,,,,,,,,,,,,
,5394,20415.005306834,1778130846.0963848,100,,,,,,,,,,,,,,,,,,,2.7232244689948857,,,,,,,,,,,,,,,,,,,,,,,,,
113.31657541700406,5395,20528.325598586,1778130959.416678,100,,,,,,,,,,,,,,,,,,,,,,,,,,,,,,,,,,,,,,,,,,,,
,5396,20530.237331763,1778130961.3133352,100,1.8572773839987349,,,,,,,,,,,,,,,,,,,,,,,,,,,,,,,,,,,,,,,,,,,
,5397,20531.101261345,1778130962.192534,100,,0.0,0.0,0.0,0.0,0.0,0.0,0.0,0.0010028649994637817,0.0,0.0,0.0,0.0,0.0,0.0,0.0,,,,,,,,,,,,,,,,,,,,,,,,,,,,
,5398,20531.101678191,1778130962.193023,100,,,,,,,,,,,,,,,,,0.001585185993462801,,,,,,,,,,,,,,,,,,,,,,,,,,,
,5399,20531.102997462,1778130962.194105,100,,,,,,,,,,,,,,,,,,116.0959824790043,,,,,,,,,,,,,,,,,,,,,,,,,,
,5400,20532.956134178,1778130964.0472817,100,1.8529428299952997,,,,,,,,,,,,,,,,,,,,,,,,,,,,,,,,,,,,,,,,,,,
,5401,20533.879380278,1778130964.9704766,100,,,,,,,,,,,,,,,,,,,2.776212520999252,,,,,,,,,,,,,,,,,,,,,,,,,
111.27204879600322,5402,20645.154993987,1778131076.2460637,100,,,,,,,,,,,,,,,,,,,,,,,,,,,,,,,,,,,,,,,,,,,,
,5403,20646.960047924,1778131078.041002,100,1.7550967959978152,,,,,,,,,,,,,,,,,,,,,,,,,,,,,,,,,,,,,,,,,,,
,5404,20647.812046601,1778131078.9031568,100,,0.0,0.0,0.0,0.0,0.0,0.0,0.0,0.0010216399969067425,0.0,0.0,0.0,0.0,0.0,0.0,0.0,,,,,,,,,,,,,,,,,,,,,,,,,,,,
,5405,20647.812261557,1778131078.9035985,100,,,,,,,,,,,,,,,,,0.0015506390045629814,,,,,,,,,,,,,,,,,,,,,,,,,,,
,5406,20647.813338056,1778131078.90463,100,,,,,,,,,,,,,,,,,,113.93242942300276,,,,,,,,,,,,,,,,,,,,,,,,,,
,5407,20649.577539515,1778131080.6685195,100,1.7636412580031902,,,,,,,,,,,,,,,,,,,,,,,,,,,,,,,,,,,,,,,,,,,
,5408,20650.481025388,1778131081.5717373,100,,,,,,,,,,,,,,,,,,,2.6668963939882815,,,,,,,,,,,,,,,,,,,,,,,,,
112.76846258000296,5409,20763.256213076,1778131194.3473566,100,,,,,,,,,,,,,,,,,,,,,,,,,,,,,,,,,,,,,,,,,,,,
,5410,20765.295476435,1778131196.3764052,100,1.9893899640010204,,,,,,,,,,,,,,,,,,,,,,,,,,,,,,,,,,,,,,,,,,,
,5411,20766.313916752,1778131197.4047172,100,,0.0,0.0,0.0,0.0,0.0,0.0,0.0,0.001178097998490557,0.0,0.0,0.0,0.0,0.0,0.0,0.0,,,,,,,,,,,,,,,,,,,,,,,,,,,,
,5412,20766.313953806,1778131197.4052665,100,,,,,,,,,,,,,,,,,0.0018224460072815418,,,,,,,,,,,,,,,,,,,,,,,,,,,
,5413,20766.315381474,1778131197.4064538,100,,,,,,,,,,,,,,,,,,115.83069629600504,,,,,,,,,,,,,,,,,,,,,,,,,,
,5414,20768.310637452,1778131199.4016218,100,1.9949082259990973,,,,,,,,,,,,,,,,,,,,,,,,,,,,,,,,,,,,,,,,,,,
,5415,20769.370925116,1778131200.4620354,100,,,,,,,,,,,,,,,,,,,3.0554244430095423,,,,,,,,,,,,,,,,,,,,,,,,,
113.18623978800315,5416,20882.560846003,1778131313.651813,100,,,,,,,,,,,,,,,,,,,,,,,,,,,,,,,,,,,,,,,,,,,,
,5417,20884.615295409,1778131315.6911705,100,1.9999755019962322,,,,,,,,,,,,,,,,,,,,,,,,,,,,,,,,,,,,,,,,,,,
,5418,20886.001224896,1778131317.092023,100,,0.021034624881838493,0.0,0.0,0.0,0.125,0.0,0.03672664015498382,0.3701071909890743,0.0009633243371128935,0.0,0.1,0.125,0.0,0.04242794873068864,0.11904761904761904,,,,,,,,,,,,,,,,,,,,,,,,,,,,
,5419,20886.001263033,1778131317.0923314,100,,,,,,,,,,,,,,,,,0.3705061329965247,,,,,,,,,,,,,,,,,,,,,,,,,,,
,5420,20886.008748799,1778131317.0962985,100,,,,,,,,,,,,,,,,,,116.63243330699333,,,,,,,,,,,,,,,,,,,,,,,,,,
,5421,20888.013092467,1778131319.1040456,100,2.0075157459941693,,,,,,,,,,,,,,,,,,,,,,,,,,,,,,,,,,,,,,,,,,,
,5422,20889.079876707,1778131320.1708062,100,,,,,,,,,,,,,,,,,,,3.074326183006633,,,,,,,,,,,,,,,,,,,,,,,,,
111.83038534499065,5423,21000.914213077,1778131432.0052981,100,,,,,,,,,,,,,,,,,,,,,,,,,,,,,,,,,,,,,,,,,,,,
,5424,21002.753072979,1778131433.8341084,100,1.7892042900057277,,,,,,,,,,,,,,,,,,,,,,,,,,,,,,,,,,,,,,,,,,,
,5425,21003.620818838,1778131434.7119112,100,,0.0,0.0,0.0,0.0,0.0,0.0,0.0,0.0011188029893673956,0.0,0.0,0.0,0.0,0.0,0.0,0.0,,,,,,,,,,,,,,,,,,,,,,,,,,,,
,5426,21003.621014167,1778131434.7123475,100,,,,,,,,,,,,,,,,,0.0016461210034321994,,,,,,,,,,,,,,,,,,,,,,,,,,,
,5427,21003.62218479,1778131434.7134545,100,,,,,,,,,,,,,,,,,,114.54066594399046,,,,,,,,,,,,,,,,,,,,,,,,,,
,5428,21005.418343587,1778131436.509557,100,1.7958616310061188,,,,,,,,,,,,,,,,,,,,,,,,,,,,,,,,,,,,,,,,,,,
,5429,21006.33446874,1778131437.4254491,100,,,,,,,,,,,,,,,,,,,2.711834508998436,,,,,,,,,,,,,,,,,,,,,,,,,
112.68846560300153,5430,21119.026498616,1778131550.1175487,100,,,,,,,,,,,,,,,,,,,,,,,,,,,,,,,,,,,,,,,,,,,,
,5431,21121.070436843,1778131552.1564484,100,1.9990907019964652,,,,,,,,,,,,,,,,,,,,,,,,,,,,,,,,,,,,,,,,,,,
,5432,21122.09793574,1778131553.1891177,100,,0.0,0.0,0.0,0.0,0.0,0.0,0.0,0.0012316430074861273,0.0,0.0,0.0,0.0,0.0,0.0,0.0,,,,,,,,,,,,,,,,,,,,,,,,,,,,
,5433,21122.098075888,1778131553.1894271,100,,,,,,,,,,,,,,,,,0.0016367409989470616,,,,,,,,,,,,,,,,,,,,,,,,,,,
,5434,21122.09919042,1778131553.1904635,100,,,,,,,,,,,,,,,,,,115.76326162100304,,,,,,,,,,,,,,,,,,,,,,,,,,
,5435,21124.106783796,1778131555.1977336,100,2.0070060180005385,,,,,,,,,,,,,,,,,,,,,,,,,,,,,,,,,,,,,,,,,,,
,5436,21125.172186568,1778131556.2630522,100,,,,,,,,,,,,,,,,,,,3.0724163760023657,,,,,,,,,,,,,,,,,,,,,,,,,
113.29925000001094,5437,21238.475534391,1778131669.5665324,100,,,,,,,,,,,,,,,,,,,,,,,,,,,,,,,,,,,,,,,,,,,,
,5438,21240.329222386,1778131671.4102137,100,1.8035298000031617,,,,,,,,,,,,,,,,,,,,,,,,,,,,,,,,,,,,,,,,,,,
,5439,21241.205662149,1778131672.296758,100,,0.0,0.0,0.0,0.0,0.0,0.0,0.0,0.001382392001687549,0.0,0.0,0.0,0.0,0.0,0.0,0.0,,,,,,,,,,,,,,,,,,,,,,,,,,,,
,5440,21241.205894045,1778131672.2972162,100,,,,,,,,,,,,,,,,,0.001955580009962432,,,,,,,,,,,,,,,,,,,,,,,,,,,
,5441,21241.207224096,1778131672.298455,100,,,,,,,,,,,,,,,,,,116.03338117900421,,,,,,,,,,,,,,,,,,,,,,,,,,
,5442,21243.013612603,1778131674.1046298,100,1.805881551001221,,,,,,,,,,,,,,,,,,,,,,,,,,,,,,,,,,,,,,,,,,,
,5443,21243.935461061,1778131675.0265455,100,,,,,,,,,,,,,,,,,,,2.727898641998763,,,,,,,,,,,,,,,,,,,,,,,,,
113.10064463599701,5444,21357.039951515,1778131788.1310103,100,,,,,,,,,,,,,,,,,,,,,,,,,,,,,,,,,,,,,,,,,,,,
,5445,21359.03499417,1778131790.1159596,100,1.9459501509991242,,,,,,,,,,,,,,,,,,,,,,,,,,,,,,,,,,,,,,,,,,,
,5446,21360.030375644,1778131791.1216404,100,,0.0,0.0,0.0,0.0,0.0,0.0,0.0,0.000926250999327749,0.0,0.0,0.0,0.0,0.0,0.0,0.0,,,,,,,,,,,,,,,,,,,,,,,,,,,,
,5447,21360.030956585,1778131791.1223013,100,,,,,,,,,,,,,,,,,0.0016781870072009042,,,,,,,,,,,,,,,,,,,,,,,,,,,
,5448,21360.032085978,1778131791.1233199,100,,,,,,,,,,,,,,,,,,116.0948835129966,,,,,,,,,,,,,,,,,,,,,,,,,,
,5449,21361.990295732,1778131793.081398,100,1.9577011009969283,,,,,,,,,,,,,,,,,,,,,,,,,,,,,,,,,,,,,,,,,,,
,5450,21363.031210235,1778131794.122321,100,,,,,,,,,,,,,,,,,,,2.9988563189981505,,,,,,,,,,,,,,,,,,,,,,,,,
112.28527683198627,5451,21475.320054491,1778131906.411096,100,,,,,,,,,,,,,,,,,,,,,,,,,,,,,,,,,,,,,,,,,,,,
,5452,21477.166823555,1778131908.2477686,100,1.7966617880010745,,,,,,,,,,,,,,,,,,,,,,,,,,,,,,,,,,,,,,,,,,,
,5453,21478.038363447,1778131909.1294558,100,,0.0,0.0,0.0,0.0,0.0,0.0,0.0,0.0012009519996354356,0.0,0.0,0.0,0.0,0.0,0.0,0.0,,,,,,,,,,,,,,,,,,,,,,,,,,,,
,5454,21478.038555636,1778131909.1298966,100,,,,,,,,,,,,,,,,,0.0017324410000583157,,,,,,,,,,,,,,,,,,,,,,,,,,,
,5455,21478.039713047,1778131909.1309595,100,,,,,,,,,,,,,,,,,,115.00687353100511,,,,,,,,,,,,,,,,,,,,,,,,,,
,5456,21479.843809094,1778131910.9348652,100,1.8036384619917953,,,,,,,,,,,,,,,,,,,,,,,,,,,,,,,,,,,,,,,,,,,
,5457,21480.765453261,1778131911.8565207,100,,,,,,,,,,,,,,,,,,,2.725400424998952,,,,,,,,,,,,,,,,,,,,,,,,,
112.93212952300382,5458,21593.701309284,1778132024.7923818,100,,,,,,,,,,,,,,,,,,,,,,,,,,,,,,,,,,,,,,,,,,,,
,5459,21595.572830388,1778132026.6538057,100,1.8213811269961298,,,,,,,,,,,,,,,,,,,,,,,,,,,,,,,,,,,,,,,,,,,
,5460,21597.079597821,1778132028.1708336,100,,0.0,0.0,0.0,0.0,0.0,0.0,0.0,0.6245060740038753,0.0025081212641978948,0.0,0.0,0.0,0.0,0.0,0.0,,,,,,,,,,,,,,,,,,,,,,,,,,,,
,5461,21597.080206071,1778132028.1711693,100,,,,,,,,,,,,,,,,,0.6249346770055126,,,,,,,,,,,,,,,,,,,,,,,,,,,
,5462,21597.081191555,1778132028.1723056,100,,,,,,,,,,,,,,,,,,116.31403266900452,,,,,,,,,,,,,,,,,,,,,,,,,,
,5463,21598.91474878,1778132030.0057232,100,1.8331967950070975,,,,,,,,,,,,,,,,,,,,,,,,,,,,,,,,,,,,,,,,,,,
,5464,21599.843802226,1778132030.9348695,100,,,,,,,,,,,,,,,,,,,2.7623990830034018,,,,,,,,,,,,,,,,,,,,,,,,,
112.34637240000302,5465,21712.193780331,1778132143.2848136,100,,,,,,,,,,,,,,,,,,,,,,,,,,,,,,,,,,,,,,,,,,,,
,5466,21714.051509332,1778132145.1275482,100,1.802684374008095,,,,,,,,,,,,,,,,,,,,,,,,,,,,,,,,,,,,,,,,,,,
,5467,21714.920638052,1778132146.0117586,100,,0.0,0.0,0.0,0.0,0.0,0.0,0.0,0.001126710994867608,0.0,0.0,0.0,0.0,0.0,0.0,0.0,,,,,,,,,,,,,,,,,,,,,,,,,,,,
,5468,21714.920890995,1778132146.0122237,100,,,,,,,,,,,,,,,,,0.0016795929986983538,,,,,,,,,,,,,,,,,,,,,,,,,,,
,5469,21714.922000886,1778132146.0132797,100,,,,,,,,,,,,,,,,,,115.07669042299676,,,,,,,,,,,,,,,,,,,,,,,,,,
,5470,21716.730290752,1778132147.8213644,100,1.8078459320095135,,,,,,,,,,,,,,,,,,,,,,,,,,,,,,,,,,,,,,,,,,,
,5471,21717.650308278,1778132148.741478,100,,,,,,,,,,,,,,,,,,,2.728057770000305,,,,,,,,,,,,,,,,,,,,,,,,,
113.54492297199613,5472,21831.199006965,1778132262.29019,100,,,,,,,,,,,,,,,,,,,,,,,,,,,,,,,,,,,,,,,,,,,,
,5473,21833.030775719,1778132264.116688,100,1.7866170560009778,,,,,,,,,,,,,,,,,,,,,,,,,,,,,,,,,,,,,,,,,,,
,5474,21833.903505199,1778132264.994807,100,,0.0,0.0,0.0,0.0,0.0,0.0,0.0,0.0011425820121075958,0.0,0.0,0.0,0.0,0.0,0.0,0.0,,,,,,,,,,,,,,,,,,,,,,,,,,,,
,5475,21833.903825102,1778132264.995169,100,,,,,,,,,,,,,,,,,0.0016027620004024357,,,,,,,,,,,,,,,,,,,,,,,,,,,
,5476,21833.905056502,1778132264.9963255,100,,,,,,,,,,,,,,,,,,116.25292292000086,,,,,,,,,,,,,,,,,,,,,,,,,,
,5477,21835.698768156,1778132266.7899997,100,1.793257134995656,,,,,,,,,,,,,,,,,,,,,,,,,,,,,,,,,,,,,,,,,,,
,5478,21836.614745522,1778132267.7058654,100,,,,,,,,,,,,,,,,,,,2.7093870629905723,,,,,,,,,,,,,,,,,,,,,,,,,
111.65211379200628,5479,21948.270380281,1778132379.3614998,100,,,,,,,,,,,,,,,,,,,,,,,,,,,,,,,,,,,,,,,,,,,,
,5480,21950.281478197,1778132381.3674734,100,1.9667992390022846,,,,,,,,,,,,,,,,,,,,,,,,,,,,,,,,,,,,,,,,,,,
,5481,21951.292846352,1778132382.3841822,100,,0.0,0.0,0.0,0.0,0.0,0.0,0.0,0.0009989630052587017,0.0,0.0,0.0,0.0,0.0,0.0,0.0,,,,,,,,,,,,,,,,,,,,,,,,,,,,
,5482,21951.293177998,1778132382.3845422,100,,,,,,,,,,,,,,,,,0.0014540200063493103,,,,,,,,,,,,,,,,,,,,,,,,,,,
,5483,21951.294321355,1778132382.3856072,100,,,,,,,,,,,,,,,,,,114.67795832100092,,,,,,,,,,,,,,,,,,,,,,,,,,
,5484,21953.269245918,1778132384.3603463,100,1.9744700139999622,,,,,,,,,,,,,,,,,,,,,,,,,,,,,,,,,,,,,,,,,,,
,5485,21954.323039128,1778132385.4140203,100,,,,,,,,,,,,,,,,,,,3.0282622119993903,,,,,,,,,,,,,,,,,,,,,,,,,
113.23062836901227,5486,22067.557056309,1778132498.6481009,100,,,,,,,,,,,,,,,,,,,,,,,,,,,,,,,,,,,,,,,,,,,,
,5487,22069.39625035,1778132500.4773045,100,1.7897330759878969,,,,,,,,,,,,,,,,,,,,,,,,,,,,,,,,,,,,,,,,,,,
,5488,22070.263974452,1778132501.3552206,100,,0.0,0.0,0.0,0.0,0.0,0.0,0.0,0.0009755089995451272,0.0,0.0,0.0,0.0,0.0,0.0,0.0,,,,,,,,,,,,,,,,,,,,,,,,,,,,
,5489,22070.264465344,1778132501.3557844,100,,,,,,,,,,,,,,,,,0.0016178789956029505,,,,,,,,,,,,,,,,,,,,,,,,,,,
,5490,22070.265653475,1778132501.356897,100,,,,,,,,,,,,,,,,,,115.9413325360074,,,,,,,,,,,,,,,,,,,,,,,,,,
,5491,22072.06061255,1778132503.1516716,100,1.79451909699128,,,,,,,,,,,,,,,,,,,,,,,,,,,,,,,,,,,,,,,,,,,
,5492,22072.978478744,1778132504.068868,100,,,,,,,,,,,,,,,,,,,2.711828403000254,,,,,,,,,,,,,,,,,,,,,,,,,
113.29652464500396,5493,22186.277984324,1778132617.3690727,100,,,,,,,,,,,,,,,,,,,,,,,,,,,,,,,,,,,,,,,,,,,,
,5494,22188.119313374,1778132619.2002776,100,1.7931636269931914,,,,,,,,,,,,,,,,,,,,,,,,,,,,,,,,,,,,,,,,,,,
,5495,22188.99018099,1778132620.0813632,100,,0.0,0.0,0.0,0.0,0.0,0.0,0.0,0.0010108730057254434,0.0,0.0,0.0,0.0,0.0,0.0,0.0,,,,,,,,,,,,,,,,,,,,,,,,,,,,
,5496,22188.990486331,1778132620.0818026,100,,,,,,,,,,,,,,,,,0.001541152989375405,,,,,,,,,,,,,,,,,,,,,,,,,,,
,5497,22188.991608041,1778132620.0828936,100,,,,,,,,,,,,,,,,,,116.01219325800776,,,,,,,,,,,,,,,,,,,,,,,,,,
,5498,22190.788438123,1778132621.8796093,100,1.7962702180084307,,,,,,,,,,,,,,,,,,,,,,,,,,,,,,,,,,,,,,,,,,,
,5499,22191.706314105,1778132622.7974184,100,,,,,,,,,,,,,,,,,,,2.7143844439997338,,,,,,,,,,,,,,,,,,,,,,,,,
112.81570355700387,5500,22304.525764669,1778132735.616806,100,,,,,,,,,,,,,,,,,,,,,,,,,,,,,,,,,,,,,,,,,,,,
,5501,22306.384703746,1778132737.46567,100,1.8086768339999253,,,,,,,,,,,,,,,,,,,,,,,,,,,,,,,,,,,,,,,,,,,
,5502,22307.259507243,1778132738.3507888,100,,0.0,0.0,0.0,0.0,0.0,0.0,0.0,0.0011484569986350834,0.0,0.0,0.0,0.0,0.0,0.0,0.0,,,,,,,,,,,,,,,,,,,,,,,,,,,,
,5503,22307.25998804,1778132738.3513403,100,,,,,,,,,,,,,,,,,0.0017937139928108081,,,,,,,,,,,,,,,,,,,,,,,,,,,
,5504,22307.261330776,1778132738.3524108,100,,,,,,,,,,,,,,,,,,115.55302988200856,,,,,,,,,,,,,,,,,,,,,,,,,,
,5505,22309.069604108,1778132740.1605785,100,1.8078985860047396,,,,,,,,,,,,,,,,,,,,,,,,,,,,,,,,,,,,,,,,,,,
,5506,22309.993929605,1778132741.0850356,100,,,,,,,,,,,,,,,,,,,2.7324620529980166,,,,,,,,,,,,,,,,,,,,,,,,,
113.11379166301049,5507,22423.111242794,1778132854.2023025,100,,,,,,,,,,,,,,,,,,,,,,,,,,,,,,,,,,,,,,,,,,,,
,5508,22425.162624353,1778132856.2435791,100,2.0018533510010457,,,,,,,,,,,,,,,,,,,,,,,,,,,,,,,,,,,,,,,,,,,
,5509,22426.680186325,1778132857.7682452,100,,0.021034624881838493,0.0,0.0,0.0,0.125,0.0,0.03672664015498382,0.49215100599394646,0.0009633243371128935,0.0,0.1,0.125,0.0,0.04242794873068864,0.11904761904761904,,,,,,,,,,,,,,,,,,,,,,,,,,,,
,5510,22426.680236355,1778132857.7696018,100,,,,,,,,,,,,,,,,,0.4935997540014796,,,,,,,,,,,,,,,,,,,,,,,,,,,
,5511,22426.680247334,1778132857.7706442,100,,,,,,,,,,,,,,,,,,116.68393040299998,,,,,,,,,,,,,,,,,,,,,,,,,,
,5512,22428.686147975,1778132859.7772334,100,2.006384911001078,,,,,,,,,,,,,,,,,,,,,,,,,,,,,,,,,,,,,,,,,,,
,5513,22429.753387872,1778132860.8443093,100,,,,,,,,,,,,,,,,,,,3.0735143199999584,,,,,,,,,,,,,,,,,,,,,,,,,
112.49908971300465,5514,22542.255719978,1778132973.346797,100,,,,,,,,,,,,,,,,,,,,,,,,,,,,,,,,,,,,,,,,,,,,
,5515,22544.120507092,1778132975.2014027,100,1.8150505689991405,,,,,,,,,,,,,,,,,,,,,,,,,,,,,,,,,,,,,,,,,,,
,5516,22545.282624322,1778132976.3728015,100,,0.021034624881838493,0.0,0.0,0.0,0.125,0.0,0.03672664015498382,0.28085323999403045,0.0009633243371128935,0.0,0.1,0.125,0.0,0.04242794873068864,0.11904761904761904,,,,,,,,,,,,,,,,,,,,,,,,,,,,
,5517,22545.282718216,1778132976.3731186,100,,,,,,,,,,,,,,,,,0.2812578820012277,,,,,,,,,,,,,,,,,,,,,,,,,,,
,5518,22545.285558971,1778132976.3757374,100,,,,,,,,,,,,,,,,,,115.52977649099194,,,,,,,,,,,,,,,,,,,,,,,,,,
,5519,22547.106221285,1778132978.197465,100,1.8215180010010954,,,,,,,,,,,,,,,,,,,,,,,,,,,,,,,,,,,,,,,,,,,
,5520,22548.033680397,1778132979.1249306,100,,,,,,,,,,,,,,,,,,,2.7490370489977067,,,,,,,,,,,,,,,,,,,,,,,,,
112.20483612798853,5521,22660.242498755,1778133091.3335261,100,,,,,,,,,,,,,,,,,,,,,,,,,,,,,,,,,,,,,,,,,,,,
,5522,22662.109563904,1778133093.1855843,100,1.8117331410030602,,,,,,,,,,,,,,,,,,,,,,,,,,,,,,,,,,,,,,,,,,,
,5523,22663.394487173,1778133094.485641,100,,0.11332783144574608,0.0,0.0,0.0,0.125,0.0,0.0389015485119346,0.41185890599444974,0.0004117229101017701,0.0,0.1171375,0.125,0.0,0.07480121425926232,0.07661290322580645,,,,,,,,,,,,,,,,,,,,,,,,,,,,
,5524,22663.397345073,1778133094.4886951,100,,,,,,,,,,,,,,,,,0.4150021389941685,,,,,,,,,,,,,,,,,,,,,,,,,,,
,5525,22663.398915542,1778133094.4898403,100,,,,,,,,,,,,,,,,,,115.36293376999674,,,,,,,,,,,,,,,,,,,,,,,,,,
,5526,22665.211993499,1778133096.3032105,100,1.8131610790005652,,,,,,,,,,,,,,,,,,,,,,,,,,,,,,,,,,,,,,,,,,,
,5527,22666.140084148,1778133097.2311745,100,,,,,,,,,,,,,,,,,,,2.7411853630037513,,,,,,,,,,,,,,,,,,,,,,,,,
112.68626499699894,5528,22778.830095538,1778133209.9211264,100,,,,,,,,,,,,,,,,,,,,,,,,,,,,,,,,,,,,,,,,,,,,
,5529,22780.713559743,1778133211.7946336,100,1.833235569007229,,,,,,,,,,,,,,,,,,,,,,,,,,,,,,,,,,,,,,,,,,,
,5530,22781.945678767,1778133213.0369182,100,,0.042069249763676986,0.0,0.0,0.0,0.25,0.0,0.07345328030996764,0.3714264910086058,0.0019266437706618703,0.0,0.2,0.25,0.0,0.08485589746137728,0.23809523809523808,,,,,,,,,,,,,,,,,,,,,,,,,,,,
,5531,22781.94893083,1778133213.0373645,100,,,,,,,,,,,,,,,,,0.37196612800471485,,,,,,,,,,,,,,,,,,,,,,,,,,,
,5532,22781.949046459,1778133213.038684,100,,,,,,,,,,,,,,,,,,115.80553217299166,,,,,,,,,,,,,,,,,,,,,,,,,,
,5533,22783.778997575,1778133214.8701954,100,1.8312544660002459,,,,,,,,,,,,,,,,,,,,,,,,,,,,,,,,,,,,,,,,,,,
,5534,22784.694639703,1778133215.7858343,100,,,,,,,,,,,,,,,,,,,2.746972683002241,,,,,,,,,,,,,,,,,,,,,,,,,
112.95013665799343,5535,22897.648890906,1778133328.7399523,100,,,,,,,,,,,,,,,,,,,,,,,,,,,,,,,,,,,,,,,,,,,,
,5536,22899.530929263,1778133330.6069393,100,1.8268269410036737,,,,,,,,,,,,,,,,,,,,,,,,,,,,,,,,,,,,,,,,,,,
,5537,22900.8699821,1778133331.9612966,100,,0.2232715162938484,0.0,0.0,0.0,0.21250000000000002,0.0,0.08199120159970215,0.4604809199954616,0.000762427390310237,0.0,0.24668333333333334,0.25,0.0,0.1473458569065783,0.10425347222222223,,,,,,,,,,,,,,,,,,,,,,,,,,,,
,5538,22900.872313964,1778133331.9636617,100,,,,,,,,,,,,,,,,,0.4629551339894533,,,,,,,,,,,,,,,,,,,,,,,,,,,
,5539,22900.874047666,1778133331.965021,100,,,,,,,,,,,,,,,,,,116.17709927799297,,,,,,,,,,,,,,,,,,,,,,,,,,
,5540,22902.703433671,1778133333.7946627,100,1.8293948430073215,,,,,,,,,,,,,,,,,,,,,,,,,,,,,,,,,,,,,,,,,,,
,5541,22903.635185527,1778133334.7261245,100,,,,,,,,,,,,,,,,,,,2.7609278409945546,,,,,,,,,,,,,,,,,,,,,,,,,
111.82602042400686,5542,23015.464574425,1778133446.5556357,100,,,,,,,,,,,,,,,,,,,,,,,,,,,,,,,,,,,,,,,,,,,,
,5543,23017.305846833,1778133448.3869357,100,1.791020224991371,,,,,,,,,,,,,,,,,,,,,,,,,,,,,,,,,,,,,,,,,,,
,5544,23018.174657419,1778133449.2659738,100,,0.0,0.0,0.0,0.0,0.0,0.0,0.0,0.0014640830049756914,0.0,0.0,0.0,0.0,0.0,0.0,0.0,,,,,,,,,,,,,,,,,,,,,,,,,,,,
,5545,23018.175725018,1778133449.266493,100,,,,,,,,,,,,,,,,,0.0020679820008808747,,,,,,,,,,,,,,,,,,,,,,,,,,,
,5546,23018.176273774,1778133449.2675354,100,,,,,,,,,,,,,,,,,,114.53980013100954,,,,,,,,,,,,,,,,,,,,,,,,,,
,5547,23019.977014379,1778133451.068069,100,1.8003008980012964,,,,,,,,,,,,,,,,,,,,,,,,,,,,,,,,,,,,,,,,,,,
,5548,23020.8930599,1778133451.9841504,100,,,,,,,,,,,,,,,,,,,2.7164653900108533,,,,,,,,,,,,,,,,,,,,,,,,,
116.26016920800612,5549,23137.156631586,1778133568.2476752,100,,,,,,,,,,,,,,,,,,,,,,,,,,,,,,,,,,,,,,,,,,,,
,5550,23139.069810159,1778133570.1457636,100,1.8584132620017044,,,,,,,,,,,,,,,,,,,,,,,,,,,,,,,,,,,,,,,,,,,
,5551,23139.933693506,1778133571.0249093,100,,0.0,0.0,0.0,0.0,0.0,0.0,0.0,0.001014798996038735,0.0,0.0,0.0,0.0,0.0,0.0,0.0,,,,,,,,,,,,,,,,,,,,,,,,,,,,
,5552,23139.934298141,1778133571.0255983,100,,,,,,,,,,,,,,,,,0.0018014609959209338,,,,,,,,,,,,,,,,,,,,,,,,,,,
,5553,23139.935435839,1778133571.0266666,100,,,,,,,,,,,,,,,,,,119.0407653870061,,,,,,,,,,,,,,,,,,,,,,,,,,
,5554,23141.790475749,1778133572.8816319,100,1.8545870240050135,,,,,,,,,,,,,,,,,,,,,,,,,,,,,,,,,,,,,,,,,,,
,5555,23142.716977963,1778133573.8081942,100,,,,,,,,,,,,,,,,,,,2.781384161004098,,,,,,,,,,,,,,,,,,,,,,,,,
112.27775841399853,5556,23254.99855074,1778133686.0895994,100,,,,,,,,,,,,,,,,,,,,,,,,,,,,,,,,,,,,,,,,,,,,
,5557,23257.018074818,1778133688.0990338,100,1.9690261319919955,,,,,,,,,,,,,,,,,,,,,,,,,,,,,,,,,,,,,,,,,,,
,5558,23258.029125773,1778133689.1203756,100,,0.0,0.0,0.0,0.0,0.0,0.0,0.0,0.0011685409990604967,0.0,0.0,0.0,0.0,0.0,0.0,0.0,,,,,,,,,,,,,,,,,,,,,,,,,,,,
,5559,23258.029600621,1778133689.1209183,100,,,,,,,,,,,,,,,,,0.001801156991859898,,,,,,,,,,,,,,,,,,,,,,,,,,,
,5560,23258.030711874,1778133689.1219866,100,,,,,,,,,,,,,,,,,,115.31201030001102,,,,,,,,,,,,,,,,,,,,,,,,,,
,5561,23260.008982586,1778133691.1000874,100,1.977832592005143,,,,,,,,,,,,,,,,,,,,,,,,,,,,,,,,,,,,,,,,,,,
,5562,23261.062060997,1778133692.1531549,100,,,,,,,,,,,,,,,,,,,3.031007821991807,,,,,,,,,,,,,,,,,,,,,,,,,
112.7478848460014,5563,23373.813204499,1778133804.9041872,100,,,,,,,,,,,,,,,,,,,,,,,,,,,,,,,,,,,,,,,,,,,,
,5564,23375.662923585,1778133806.7439754,100,1.79977964500722,,,,,,,,,,,,,,,,,,,,,,,,,,,,,,,,,,,,,,,,,,,
,5565,23376.976166694,1778133808.0673661,100,,0.11730321473303748,0.0,0.0,0.0,0.1125,0.0,0.037097096837909016,0.44134755799314007,0.0006521103535024879,0.0,0.08001249999999999,0.125,0.0,0.06448670686688854,0.0777027027027027,,,,,,,,,,,,,,,,,,,,,,,,,,,,
,5566,23376.978305266,1778133808.0696309,100,,,,,,,,,,,,,,,,,0.4437003279890632,,,,,,,,,,,,,,,,,,,,,,,,,,,
,5567,23376.979722513,1778133808.0707595,100,,,,,,,,,,,,,,,,,,115.9159554479993,,,,,,,,,,,,,,,,,,,,,,,,,,
,5568,23378.780834189,1778133809.87193,100,1.8009460829925956,,,,,,,,,,,,,,,,,,,,,,,,,,,,,,,,,,,,,,,,,,,
,5569,23379.699898245,1778133810.7909966,100,,,,,,,,,,,,,,,,,,,2.7200656619970687,,,,,,,,,,,,,,,,,,,,,,,,,
112.88315970600524,5570,23492.586649446,1778133923.677654,100,,,,,,,,,,,,,,,,,,,,,,,,,,,,,,,,,,,,,,,,,,,,
,5571,23494.469060697,1778133925.544911,100,1.8271198120055487,,,,,,,,,,,,,,,,,,,,,,,,,,,,,,,,,,,,,,,,,,,
,5572,23495.552888583,1778133926.6440077,100,,0.0,0.0,0.0,0.0,0.0,0.0,0.0,0.23406138700374868,0.0022958300716514907,0.0,0.0,0.0,0.0,0.0,0.0,,,,,,,,,,,,,,,,,,,,,,,,,,,,
,5573,23495.577275357,1778133926.6651208,100,,,,,,,,,,,,,,,,,0.25523953400261234,,,,,,,,,,,,,,,,,,,,,,,,,,,
,5574,23495.577295683,1778133926.6663408,100,,,,,,,,,,,,,,,,,,115.87354166300793,,,,,,,,,,,,,,,,,,,,,,,,,,
,5575,23497.402641557,1778133928.4939106,100,1.8273385580105241,,,,,,,,,,,,,,,,,,,,,,,,,,,,,,,,,,,,,,,,,,,
,5576,23498.314803071,1778133929.4060776,100,,,,,,,,,,,,,,,,,,,2.7395875910006,,,,,,,,,,,,,,,,,,,,,,,,,
112.61035531299422,5577,23610.929364296,1778134042.0203316,100,,,,,,,,,,,,,,,,,,,,,,,,,,,,,,,,,,,,,,,,,,,,
,5578,23612.928906195,1778134044.0099814,100,1.9503532050002832,,,,,,,,,,,,,,,,,,,,,,,,,,,,,,,,,,,,,,,,,,,
,5579,23613.928661394,1778134045.019973,100,,0.0,0.0,0.0,0.0,0.0,0.0,0.0,0.001109704011469148,0.0,0.0,0.0,0.0,0.0,0.0,0.0,,,,,,,,,,,,,,,,,,,,,,,,,,,,
,5580,23613.929119632,1778134045.020464,100,,,,,,,,,,,,,,,,,0.0016908429970499128,,,,,,,,,,,,,,,,,,,,,,,,,,,
,5581,23613.93031057,1778134045.0214517,100,,,,,,,,,,,,,,,,,,115.6134038149903,,,,,,,,,,,,,,,,,,,,,,,,,,
,5582,23615.890553637,1778134046.98164,100,1.9599738710094243,,,,,,,,,,,,,,,,,,,,,,,,,,,,,,,,,,,,,,,,,,,
,5583,23616.935274659,1778134048.0264294,100,,,,,,,,,,,,,,,,,,,3.0048199400043814,,,,,,,,,,,,,,,,,,,,,,,,,
113.57122624501062,5584,23730.510241145,1778134161.6012557,100,,,,,,,,,,,,,,,,,,,,,,,,,,,,,,,,,,,,,,,,,,,,
,5585,23732.381158574,1778134163.4570682,100,1.8162587479891954,,,,,,,,,,,,,,,,,,,,,,,,,,,,,,,,,,,,,,,,,,,
,5586,23733.533233261,1778134164.6216903,100,,0.021034624881838493,0.0,0.0,0.0,0.125,0.0,0.03672664015498382,0.2736363540025195,0.0009633243371128935,0.0,0.1,0.125,0.0,0.04242794873068864,0.11904761904761904,,,,,,,,,,,,,,,,,,,,,,,,,,,,
,5587,23733.533347922,1778134164.6220064,100,,,,,,,,,,,,,,,,,0.2740534960030345,,,,,,,,,,,,,,,,,,,,,,,,,,,
,5588,23733.533372278,1778134164.6230907,100,,,,,,,,,,,,,,,,,,116.59486387300421,,,,,,,,,,,,,,,,,,,,,,,,,,
,5589,23735.357055666,1778134166.4481483,100,1.824857522995444,,,,,,,,,,,,,,,,,,,,,,,,,,,,,,,,,,,,,,,,,,,
,5590,23736.284281637,1778134167.3755162,100,,,,,,,,,,,,,,,,,,,2.7522688939934596,,,,,,,,,,,,,,,,,,,,,,,,,
112.99519085499924,5591,23849.2831333,1778134280.374159,100,,,,,,,,,,,,,,,,,,,,,,,,,,,,,,,,,,,,,,,,,,,,
,5592,23851.152094614,1778134282.238128,100,1.823886198006221,,,,,,,,,,,,,,,,,,,,,,,,,,,,,,,,,,,,,,,,,,,
,5593,23852.041260838,1778134283.1325502,100,,0.0,0.0,0.0,0.0,0.0,0.0,0.0,0.0013000979961361736,0.0,0.0,0.0,0.0,0.0,0.0,0.0,,,,,,,,,,,,,,,,,,,,,,,,,,,,
,5594,23852.041764477,1778134283.1330724,100,,,,,,,,,,,,,,,,,0.001913857995532453,,,,,,,,,,,,,,,,,,,,,,,,,,,
,5595,23852.042985329,1778134283.134249,100,,,,,,,,,,,,,,,,,,115.75711332200444,,,,,,,,,,,,,,,,,,,,,,,,,,
,5596,23853.874015029,1778134284.9651148,100,1.8306319459952647,,,,,,,,,,,,,,,,,,,,,,,,,,,,,,,,,,,,,,,,,,,
,5597,23854.805336996,1778134285.8962994,100,,,,,,,,,,,,,,,,,,,2.761893524992047,,,,,,,,,,,,,,,,,,,,,,,,,
112.84598556999117,5598,23967.654716492,1778134398.745747,100,,,,,,,,,,,,,,,,,,,,,,,,,,,,,,,,,,,,,,,,,,,,
,5599,23969.54536043,1778134400.6212275,100,1.8351803080004174,,,,,,,,,,,,,,,,,,,,,,,,,,,,,,,,,,,,,,,,,,,
,5600,23970.683679922,1778134401.7749906,100,,0.021034624881838493,0.0,0.0,0.0,0.125,0.0,0.03672664015498382,0.28526747299474664,0.0009633243371128935,0.0,0.1,0.125,0.0,0.04242794873068864,0.11904761904761904,,,,,,,,,,,,,,,,,,,,,,,,,,,,
,5601,23970.684004621,1778134401.775347,100,,,,,,,,,,,,,,,,,0.2857409819989698,,,,,,,,,,,,,,,,,,,,,,,,,,,
,5602,23970.685597407,1778134401.776869,100,,,,,,,,,,,,,,,,,,115.87891323199437,,,,,,,,,,,,,,,,,,,,,,,,,,
,5603,23972.517691266,1778134403.608907,100,1.828317869003513,,,,,,,,,,,,,,,,,,,,,,,,,,,,,,,,,,,,,,,,,,,
,5604,23973.430898648,1778134404.522115,100,,,,,,,,,,,,,,,,,,,2.745082913999795,,,,,,,,,,,,,,,,,,,,,,,,,
112.81415537899011,5605,24086.249053548,1778134517.34009,100,,,,,,,,,,,,,,,,,,,,,,,,,,,,,,,,,,,,,,,,,,,,
,5606,24088.131981325,1778134519.213069,100,1.8327788789902115,,,,,,,,,,,,,,,,,,,,,,,,,,,,,,,,,,,,,,,,,,,
,5607,24089.400975347,1778134520.4910734,100,,0.042069249763676986,0.0,0.0,0.0,0.25,0.0,0.07345328030996764,0.3802431799995247,0.005448622196284817,0.0,0.2,0.25,0.0,0.08485589746137728,0.23809523809523808,,,,,,,,,,,,,,,,,,,,,,,,,,,,
,5608,24089.401471694,1778134520.4926603,100,,,,,,,,,,,,,,,,,0.3818459219910437,,,,,,,,,,,,,,,,,,,,,,,,,,,
,5609,24089.403210285,1778134520.4943984,100,,,,,,,,,,,,,,,,,,115.97030957900279,,,,,,,,,,,,,,,,,,,,,,,,,,
,5610,24091.240662821,1778134522.3318706,100,1.8356738069996936,,,,,,,,,,,,,,,,,,,,,,,,,,,,,,,,,,,,,,,,,,,
,5611,24092.176308109,1778134523.2674544,100,,,,,,,,,,,,,,,,,,,2.772862954006996,,,,,,,,,,,,,,,,,,,,,,,,,
112.96667663399421,5612,24205.14663832,1778134636.2376978,100,,,,,,,,,,,,,,,,,,,,,,,,,,,,,,,,,,,,,,,,,,,,
,5613,24207.149759361,1778134638.230775,100,1.9514547230064636,,,,,,,,,,,,,,,,,,,,,,,,,,,,,,,,,,,,,,,,,,,
,5614,24208.149451966,1778134639.240601,100,,0.0,0.0,0.0,0.0,0.0,0.0,0.0,0.0010235219961032271,0.0,0.0,0.0,0.0,0.0,0.0,0.0,,,,,,,,,,,,,,,,,,,,,,,,,,,,
,5615,24208.149635757,1778134639.2409425,100,,,,,,,,,,,,,,,,,0.0014637450076406822,,,,,,,,,,,,,,,,,,,,,,,,,,,
,5616,24208.150732401,1778134639.242008,100,,,,,,,,,,,,,,,,,,115.97273304000555,,,,,,,,,,,,,,,,,,,,,,,,,,
,5617,24210.113931772,1778134641.2051046,100,1.9628592609951738,,,,,,,,,,,,,,,,,,,,,,,,,,,,,,,,,,,,,,,,,,,
,5618,24211.159118225,1778134642.250086,100,,,,,,,,,,,,,,,,,,,3.00793501699809,,,,,,,,,,,,,,,,,,,,,,,,,
113.12040600299952,5619,24324.283142955,1778134755.3740315,100,,,,,,,,,,,,,,,,,,,,,,,,,,,,,,,,,,,,,,,,,,,,
,5620,24326.110062981,1778134757.1858842,100,1.7729969170031836,,,,,,,,,,,,,,,,,,,,,,,,,,,,,,,,,,,,,,,,,,,
,5621,24327.210398315,1778134758.3014073,100,,0.0,0.0,0.0,0.0,0.0,0.0,0.0,0.24508924699330237,0.0022958300716514907,0.0,0.0,0.0,0.0,0.0,0.0,,,,,,,,,,,,,,,,,,,,,,,,,,,,
,5622,24327.210929706,1778134758.302194,100,,,,,,,,,,,,,,,,,0.24597083100525197,,,,,,,,,,,,,,,,,,,,,,,,,,,
,5623,24327.212756952,1778134758.3037758,100,,,,,,,,,,,,,,,,,,116.05187679099618,,,,,,,,,,,,,,,,,,,,,,,,,,
,5624,24329.002020956,1778134760.0930605,100,1.7890223809954477,,,,,,,,,,,,,,,,,,,,,,,,,,,,,,,,,,,,,,,,,,,
,5625,24329.907796504,1778134760.9987955,100,,,,,,,,,,,,,,,,,,,2.694828253996093,,,,,,,,,,,,,,,,,,,,,,,,,
124.54350916700787,5626,24454.455147029,1778134885.5459476,100,,,,,,,,,,,,,,,,,,,,,,,,,,,,,,,,,,,,,,,,,,,,
,5627,24456.312160644,1778134887.3982008,100,1.8040074049931718,,,,,,,,,,,,,,,,,,,,,,,,,,,,,,,,,,,,,,,,,,,
,5628,24457.192047144,1778134888.2833493,100,,0.0,0.0,0.0,0.0,0.0,0.0,0.0,0.0013475830055540428,0.0,0.0,0.0,0.0,0.0,0.0,0.0,,,,,,,,,,,,,,,,,,,,,,,,,,,,
,5629,24457.192596576,1778134888.2838922,100,,,,,,,,,,,,,,,,,0.0019916669989470392,,,,,,,,,,,,,,,,,,,,,,,,,,,
,5630,24457.194477877,1778134888.2851624,100,,,,,,,,,,,,,,,,,,127.28445517999353,,,,,,,,,,,,,,,,,,,,,,,,,,
,5631,24459.003043797,1778134890.0941463,100,1.8086926649993984,,,,,,,,,,,,,,,,,,,,,,,,,,,,,,,,,,,,,,,,,,,
,5632,24459.922899112,1778134891.0133445,100,,,,,,,,,,,,,,,,,,,2.728016301000025,,,,,,,,,,,,,,,,,,,,,,,,,
115.3572624970111,5633,24575.28385721,1778135006.3748555,100,,,,,,,,,,,,,,,,,,,,,,,,,,,,,,,,,,,,,,,,,,,,
,5634,24577.307449273,1778135008.3883984,100,1.9735882499953732,,,,,,,,,,,,,,,,,,,,,,,,,,,,,,,,,,,,,,,,,,,
,5635,24578.626096069,1778135009.7172377,100,,0.0,0.0,0.0,0.0,0.0,0.0,0.0,0.3093656439887127,0.002066342391232436,0.0,0.0,0.0,0.0,0.0,0.0,,,,,,,,,,,,,,,,,,,,,,,,,,,,
,5636,24578.626751039,1778135009.717754,100,,,,,,,,,,,,,,,,,0.3099838549969718,,,,,,,,,,,,,,,,,,,,,,,,,,,
,5637,24578.627946568,1778135009.7191486,100,,,,,,,,,,,,,,,,,,118.70382399599475,,,,,,,,,,,,,,,,,,,,,,,,,,
,5638,24580.612261829,1778135011.7033696,100,1.9839159080001991,,,,,,,,,,,,,,,,,,,,,,,,,,,,,,,,,,,,,,,,,,,
,5639,24581.665709717,1778135012.7567604,100,,,,,,,,,,,,,,,,,,,3.0374334329972044,,,,,,,,,,,,,,,,,,,,,,,,,
113.98495296000328,5640,24695.654167364,1778135126.7451437,100,,,,,,,,,,,,,,,,,,,,,,,,,,,,,,,,,,,,,,,,,,,,
,5641,24697.49309565,1778135128.5689268,100,1.7838506129919551,,,,,,,,,,,,,,,,,,,,,,,,,,,,,,,,,,,,,,,,,,,
,5642,24698.354900523,1778135129.446026,100,,0.0,0.0,0.0,0.0,0.0,0.0,0.0,0.0011525820009410381,0.0,0.0,0.0,0.0,0.0,0.0,0.0,,,,,,,,,,,,,,,,,,,,,,,,,,,,
,5643,24698.355144387,1778135129.4464521,100,,,,,,,,,,,,,,,,,0.001663674003793858,,,,,,,,,,,,,,,,,,,,,,,,,,,
,5644,24698.356195697,1778135129.4474685,100,,,,,,,,,,,,,,,,,,116.68887546600308,,,,,,,,,,,,,,,,,,,,,,,,,,
,5645,24700.148763568,1778135131.239889,100,1.7921448009874439,,,,,,,,,,,,,,,,,,,,,,,,,,,,,,,,,,,,,,,,,,,
,5646,24701.064112698,1778135132.1552036,100,,,,,,,,,,,,,,,,,,,2.707579957001144,,,,,,,,,,,,,,,,,,,,,,,,,
112.84154517900606,5647,24813.90923561,1778135245.0002537,100,,,,,,,,,,,,,,,,,,,,,,,,,,,,,,,,,,,,,,,,,,,,
,5648,24815.740046125,1778135246.8209505,100,1.7809630550036673,,,,,,,,,,,,,,,,,,,,,,,,,,,,,,,,,,,,,,,,,,,
,5649,24816.89606832,1778135247.9872856,100,,0.0,0.0,0.0,0.0,0.0,0.0,0.0,0.29337799800850917,0.0034486082048070616,0.0,0.0,0.0,0.0,0.0,0.0,,,,,,,,,,,,,,,,,,,,,,,,,,,,
,5650,24816.898456934,1778135247.9879684,100,,,,,,,,,,,,,,,,,0.2941428089980036,,,,,,,,,,,,,,,,,,,,,,,,,,,
,5651,24816.898480392,1778135247.9894247,100,,,,,,,,,,,,,,,,,,115.83258155600925,,,,,,,,,,,,,,,,,,,,,,,,,,
,5652,24818.686013037,1778135249.777087,100,1.787379970002803,,,,,,,,,,,,,,,,,,,,,,,,,,,,,,,,,,,,,,,,,,,
,5653,24819.596019308,1778135250.687121,100,,,,,,,,,,,,,,,,,,,2.6974898439948447,,,,,,,,,,,,,,,,,,,,,,,,,
114.11978526599705,5654,24933.71919123,1778135364.810206,100,,,,,,,,,,,,,,,,,,,,,,,,,,,,,,,,,,,,,,,,,,,,
,5655,24935.573609847,1778135366.6545465,100,1.8037439489999088,,,,,,,,,,,,,,,,,,,,,,,,,,,,,,,,,,,,,,,,,,,
,5656,24936.44743386,1778135367.5387125,100,,0.0,0.0,0.0,0.0,0.0,0.0,0.0,0.0012016950058750808,0.0,0.0,0.0,0.0,0.0,0.0,0.0,,,,,,,,,,,,,,,,,,,,,,,,,,,,
,5657,24936.447730262,1778135367.5390682,100,,,,,,,,,,,,,,,,,0.0016611140017630532,,,,,,,,,,,,,,,,,,,,,,,,,,,
,5658,24936.449048085,1778135367.5402794,100,,,,,,,,,,,,,,,,,,116.85147114600113,,,,,,,,,,,,,,,,,,,,,,,,,,
,5659,24938.257615047,1778135369.3485956,100,1.8080598749947967,,,,,,,,,,,,,,,,,,,,,,,,,,,,,,,,,,,,,,,,,,,
,5660,24939.180551996,1778135370.2710006,100,,,,,,,,,,,,,,,,,,,2.7305498640052974,,,,,,,,,,,,,,,,,,,,,,,,,
114.01732128398726,5661,25053.200615487,1778135484.2916632,100,,,,,,,,,,,,,,,,,,,,,,,,,,,,,,,,,,,,,,,,,,,,
,5662,25055.275753762,1778135486.3567061,100,2.0246079310018104,,,,,,,,,,,,,,,,,,,,,,,,,,,,,,,,,,,,,,,,,,,
,5663,25056.3120493,1778135487.4033363,100,,0.0,0.0,0.0,0.0,0.0,0.0,0.0,0.001076604996342212,0.0,0.0,0.0,0.0,0.0,0.0,0.0,,,,,,,,,,,,,,,,,,,,,,,,,,,,
,5664,25056.312677489,1778135487.4039922,100,,,,,,,,,,,,,,,,,0.001815327996155247,,,,,,,,,,,,,,,,,,,,,,,,,,,
,5665,25056.313887148,1778135487.4051704,100,,,,,,,,,,,,,,,,,,117.13261330699606,,,,,,,,,,,,,,,,,,,,,,,,,,
,5666,25058.346819388,1778135489.4378507,100,2.0324656610027887,,,,,,,,,,,,,,,,,,,,,,,,,,,,,,,,,,,,,,,,,,,
,5667,25059.426701698,1778135490.5177653,100,,,,,,,,,,,,,,,,,,,3.1124463489977643,,,,,,,,,,,,,,,,,,,,,,,,,
113.82058861300175,5668,25173.250768898,1778135604.3418078,100,,,,,,,,,,,,,,,,,,,,,,,,,,,,,,,,,,,,,,,,,,,,
,5669,25175.113568266,1778135606.194451,100,1.81391342500865,,,,,,,,,,,,,,,,,,,,,,,,,,,,,,,,,,,,,,,,,,,
,5670,25176.536957559,1778135607.6253264,100,,0.11691913469860997,0.0,0.0,0.0,0.1125,0.0,0.039008984897310375,0.5418967570003588,0.0032126975610614317,0.0,0.11271499999999998,0.125,0.0,0.0763813883712688,0.001826433978977745,,,,,,,,,,,,,,,,,,,,,,,,,,,,
,5671,25176.537390558,1778135607.6284935,100,,,,,,,,,,,,,,,,,0.5451504859956913,,,,,,,,,,,,,,,,,,,,,,,,,,,
,5672,25176.539112191,1778135607.6301053,100,,,,,,,,,,,,,,,,,,117.1104647690081,,,,,,,,,,,,,,,,,,,,,,,,,,
,5673,25178.355922292,1778135609.4470296,100,1.8165728029998718,,,,,,,,,,,,,,,,,,,,,,,,,,,,,,,,,,,,,,,,,,,
,5674,25179.282697149,1778135610.3736315,100,,,,,,,,,,,,,,,,,,,2.743346481001936,,,,,,,,,,,,,,,,,,,,,,,,,
112.62141633199644,5675,25291.91207988,1778135723.0031633,100,,,,,,,,,,,,,,,,,,,,,,,,,,,,,,,,,,,,,,,,,,,,
,5676,25293.760554666,1778135724.8365355,100,1.7942041229980532,,,,,,,,,,,,,,,,,,,,,,,,,,,,,,,,,,,,,,,,,,,
,5677,25294.624502844,1778135725.7157512,100,,0.0,0.0,0.0,0.0,0.0,0.0,0.0,0.0009908300125971437,0.0,0.0,0.0,0.0,0.0,0.0,0.0,,,,,,,,,,,,,,,,,,,,,,,,,,,,
,5678,25294.624957456,1778135725.716303,100,,,,,,,,,,,,,,,,,0.0016252700006589293,,,,,,,,,,,,,,,,,,,,,,,,,,,
,5679,25294.626154224,1778135725.7173774,100,,,,,,,,,,,,,,,,,,115.33944884799712,,,,,,,,,,,,,,,,,,,,,,,,,,
,5680,25296.420927028,1778135727.5120332,100,1.7942968129937071,,,,,,,,,,,,,,,,,,,,,,,,,,,,,,,,,,,,,,,,,,,
,5681,25297.339146779,1778135728.430228,100,,,,,,,,,,,,,,,,,,,2.7127085819956847,,,,,,,,,,,,,,,,,,,,,,,,,
113.58323884000129,5682,25410.925608024,1778135842.0167356,100,,,,,,,,,,,,,,,,,,,,,,,,,,,,,,,,,,,,,,,,,,,,
,5683,25412.779206538,1778135843.8601568,100,1.8031960490043275,,,,,,,,,,,,,,,,,,,,,,,,,,,,,,,,,,,,,,,,,,,
,5684,25414.060219127,1778135845.150136,100,,0.021034624881838493,0.0,0.0,0.0,0.125,0.0,0.03672664015498382,0.4071020139963366,0.0029469338613801787,0.0,0.1,0.125,0.0,0.04242794873068864,0.11904761904761904,,,,,,,,,,,,,,,,,,,,,,,,,,,,
,5685,25414.060382043,1778135845.1517167,100,,,,,,,,,,,,,,,,,0.4087769010075135,,,,,,,,,,,,,,,,,,,,,,,,,,,
,5686,25414.062282469,1778135845.1532364,100,,,,,,,,,,,,,,,,,,116.72131485199498,,,,,,,,,,,,,,,,,,,,,,,,,,
,5687,25415.868524156,1778135846.9595213,100,1.8060161269968376,,,,,,,,,,,,,,,,,,,,,,,,,,,,,,,,,,,,,,,,,,,
,5688,25416.789350757,1778135847.8802986,100,,,,,,,,,,,,,,,,,,,2.7268746080080746,,,,,,,,,,,,,,,,,,,,,,,,,
112.33837768499507,5689,25529.131231127,1778135960.2222161,100,,,,,,,,,,,,,,,,,,,,,,,,,,,,,,,,,,,,,,,,,,,,
,5690,25531.002044811,1778135962.0829794,100,1.8206843490042957,,,,,,,,,,,,,,,,,,,,,,,,,,,,,,,,,,,,,,,,,,,
,5691,25532.152820245,1778135963.2436237,100,,0.0,0.0,0.0,0.0,0.0,0.0,0.0,0.2699343679996673,0.0018307176362645987,0.0,0.0,0.0,0.0,0.0,0.0,,,,,,,,,,,,,,,,,,,,,,,,,,,,
,5692,25532.153041244,1778135963.2443178,100,,,,,,,,,,,,,,,,,0.2707253109983867,,,,,,,,,,,,,,,,,,,,,,,,,,,
,5693,25532.154339193,1778135963.2456288,100,,,,,,,,,,,,,,,,,,115.3637764770101,,,,,,,,,,,,,,,,,,,,,,,,,,
,5694,25533.984208381,1778135965.0751588,100,1.8281138629972702,,,,,,,,,,,,,,,,,,,,,,,,,,,,,,,,,,,,,,,,,,,
,5695,25534.912297505,1778135966.0033698,100,,,,,,,,,,,,,,,,,,,2.7575831610010937,,,,,,,,,,,,,,,,,,,,,,,,,
112.56992105899553,5696,25647.485622085,1778136078.5766618,100,,,,,,,,,,,,,,,,,,,,,,,,,,,,,,,,,,,,,,,,,,,,
,5697,25649.339363247,1778136080.4151776,100,1.798330542005715,,,,,,,,,,,,,,,,,,,,,,,,,,,,,,,,,,,,,,,,,,,
,5698,25650.205700995,1778136081.2969806,100,,0.0,0.0,0.0,0.0,0.0,0.0,0.0,0.0012004919990431517,0.0,0.0,0.0,0.0,0.0,0.0,0.0,,,,,,,,,,,,,,,,,,,,,,,,,,,,
,5699,25650.20614513,1778136081.2974997,100,,,,,,,,,,,,,,,,,0.0018055359978461638,,,,,,,,,,,,,,,,,,,,,,,,,,,
,5700,25650.20743321,1778136081.2985296,100,,,,,,,,,,,,,,,,,,115.29347121300816,,,,,,,,,,,,,,,,,,,,,,,,,,
,5701,25652.005238718,1778136083.0963104,100,1.7975312030030182,,,,,,,,,,,,,,,,,,,,,,,,,,,,,,,,,,,,,,,,,,,
,5702,25652.922905451,1778136084.0140631,100,,,,,,,,,,,,,,,,,,,2.7153814299963415,,,,,,,,,,,,,,,,,,,,,,,,,
112.27328693500021,5703,25765.200046328,1778136196.2910738,100,,,,,,,,,,,,,,,,,,,,,,,,,,,,,,,,,,,,,,,,,,,,
,5704,25767.050442711,1778136198.1313949,100,1.7887002380011836,,,,,,,,,,,,,,,,,,,,,,,,,,,,,,,,,,,,,,,,,,,
,5705,25768.363710321,1778136199.452227,100,,0.021034624881838493,0.0,0.0,0.0,0.125,0.0,0.03672664015498382,0.4428261730063241,0.0009633243371128935,0.0,0.1,0.125,0.0,0.04242794873068864,0.11904761904761904,,,,,,,,,,,,,,,,,,,,,,,,,,,,
,5706,25768.364104357,1778136199.455235,100,,,,,,,,,,,,,,,,,0.44592707099218387,,,,,,,,,,,,,,,,,,,,,,,,,,,
,5707,25768.365237883,1778136199.4564495,100,,,,,,,,,,,,,,,,,,115.44053590399562,,,,,,,,,,,,,,,,,,,,,,,,,,
,5708,25770.158973118,1778136201.2500672,100,1.7933407859964063,,,,,,,,,,,,,,,,,,,,,,,,,,,,,,,,,,,,,,,,,,,
,5709,25771.07576311,1778136202.166871,100,,,,,,,,,,,,,,,,,,,2.7102605539985234,,,,,,,,,,,,,,,,,,,,,,,,,
113.741514000998,5710,25884.820739298,1778136315.9117937,100,,,,,,,,,,,,,,,,,,,,,,,,,,,,,,,,,,,,,,,,,,,,
,5711,25886.675911959,1778136317.7517514,100,1.7996914319955977,,,,,,,,,,,,,,,,,,,,,,,,,,,,,,,,,,,,,,,,,,,
,5712,25887.545637873,1778136318.6368055,100,,0.0,0.0,0.0,0.0,0.0,0.0,0.0,0.0010466399980941787,0.0,0.0,0.0,0.0,0.0,0.0,0.0,,,,,,,,,,,,,,,,,,,,,,,,,,,,
,5713,25887.545936307,1778136318.6372387,100,,,,,,,,,,,,,,,,,0.0015687980048824102,,,,,,,,,,,,,,,,,,,,,,,,,,,
,5714,25887.547066796,1778136318.6383433,100,,,,,,,,,,,,,,,,,,116.46969665300276,,,,,,,,,,,,,,,,,,,,,,,,,,
,5715,25889.350619017,1778136320.4416988,100,1.802985599002568,,,,,,,,,,,,,,,,,,,,,,,,,,,,,,,,,,,,,,,,,,,
,5716,25890.27075757,1778136321.3619277,100,,,,,,,,,,,,,,,,,,,2.7234357109991834,,,,,,,,,,,,,,,,,,,,,,,,,
112.63264253099624,5717,26002.907455024,1778136433.9985757,100,,,,,,,,,,,,,,,,,,,,,,,,,,,,,,,,,,,,,,,,,,,,
,5718,26004.732553512,1778136435.8134694,100,1.7716075429925695,,,,,,,,,,,,,,,,,,,,,,,,,,,,,,,,,,,,,,,,,,,
,5719,26005.592711754,1778136436.683941,100,,0.0,0.0,0.0,0.0,0.0,0.0,0.0,0.00100910100445617,0.0,0.0,0.0,0.0,0.0,0.0,0.0,,,,,,,,,,,,,,,,,,,,,,,,,,,,
,5720,26005.593164109,1778136436.6844842,100,,,,,,,,,,,,,,,,,0.0016337479901267216,,,,,,,,,,,,,,,,,,,,,,,,,,,
,5721,26005.594302794,1778136436.6855638,100,,,,,,,,,,,,,,,,,,115.321720663007,,,,,,,,,,,,,,,,,,,,,,,,,,
,5722,26007.375220842,1778136438.4662912,100,1.7804887359961867,,,,,,,,,,,,,,,,,,,,,,,,,,,,,,,,,,,,,,,,,,,
,5723,26008.285412672,1778136439.376023,100,,,,,,,,,,,,,,,,,,,2.6903217179933563,,,,,,,,,,,,,,,,,,,,,,,,,
113.68673612100247,5724,26121.975055355,1778136553.0660806,100,,,,,,,,,,,,,,,,,,,,,,,,,,,,,,,,,,,,,,,,,,,,
,5725,26123.878218909,1778136554.9591248,100,1.8531222219899064,,,,,,,,,,,,,,,,,,,,,,,,,,,,,,,,,,,,,,,,,,,
,5726,26125.118258803,1778136556.207403,100,,0.021034624881838493,0.0,0.0,0.0,0.125,0.0,0.03672664015498382,0.34169349700096063,0.0009633243371128935,0.0,0.1,0.125,0.0,0.04242794873068864,0.11904761904761904,,,,,,,,,,,,,,,,,,,,,,,,,,,,
,5727,26125.118297697,1778136556.207742,100,,,,,,,,,,,,,,,,,0.342125794995809,,,,,,,,,,,,,,,,,,,,,,,,,,,
,5728,26125.120904043,1778136556.2121344,100,,,,,,,,,,,,,,,,,,116.83439372800058,,,,,,,,,,,,,,,,,,,,,,,,,,
,5729,26126.984644913,1778136558.0757105,100,1.8627649130066857,,,,,,,,,,,,,,,,,,,,,,,,,,,,,,,,,,,,,,,,,,,
,5730,26127.929245953,1778136559.02041,100,,,,,,,,,,,,,,,,,,,2.8081005940039176,,,,,,,,,,,,,,,,,,,,,,,,,
113.76091354699747,5731,26241.694097964,1778136672.7850423,100,,,,,,,,,,,,,,,,,,,,,,,,,,,,,,,,,,,,,,,,,,,,
,5732,26243.830917222,1778136674.9067838,100,2.0823859949887265,,,,,,,,,,,,,,,,,,,,,,,,,,,,,,,,,,,,,,,,,,,
,5733,26245.169598303,1778136676.2587948,100,,0.1033482266836175,0.0,0.0,0.0,0.125,0.0,0.06262616092795568,0.34881270000187214,0.0030847319837602276,0.0,0.1063625,0.125,0.0,0.10867351281031871,0.078125,,,,,,,,,,,,,,,,,,,,,,,,,,,,
,5734,26245.169653893,1778136676.2591727,100,,,,,,,,,,,,,,,,,0.3492943449964514,,,,,,,,,,,,,,,,,,,,,,,,,,,
,5735,26245.169664407,1778136676.2605162,100,,,,,,,,,,,,,,,,,,117.23821239400422,,,,,,,,,,,,,,,,,,,,,,,,,,
,5736,26247.227811357,1778136678.3187346,100,2.0579585319937905,,,,,,,,,,,,,,,,,,,,,,,,,,,,,,,,,,,,,,,,,,,
,5737,26248.306225554,1778136679.3970075,100,,,,,,,,,,,,,,,,,,,3.136285589003819,,,,,,,,,,,,,,,,,,,,,,,,,
112.2668597180018,5738,26360.578656402,1778136791.6695905,100,,,,,,,,,,,,,,,,,,,,,,,,,,,,,,,,,,,,,,,,,,,,
,5739,26362.596543873,1778136793.6775331,100,1.9689957889931975,,,,,,,,,,,,,,,,,,,,,,,,,,,,,,,,,,,,,,,,,,,
,5740,26363.616801932,1778136794.7053773,100,,0.0,0.0,0.0,0.0,0.0,0.0,0.0,0.010080731997732073,0.0,0.0,0.12406750075751916,0.0,0.0,0.0,0.0,,,,,,,,,,,,,,,,,,,,,,,,,,,,
,5741,26363.616839731,1778136794.7056847,100,,,,,,,,,,,,,,,,,0.010475147006218322,,,,,,,,,,,,,,,,,,,,,,,,,,,
,5742,26363.616849083,1778136794.706745,100,,,,,,,,,,,,,,,,,,115.30667625399656,,,,,,,,,,,,,,,,,,,,,,,,,,
,5743,26365.593791179,1778136796.6848774,100,1.977934317998006,,,,,,,,,,,,,,,,,,,,,,,,,,,,,,,,,,,,,,,,,,,
,5744,26366.648086223,1778136797.7392023,100,,,,,,,,,,,,,,,,,,,3.0323122889967635,,,,,,,,,,,,,,,,,,,,,,,,,
113.19288571599463,5745,26479.844730631,1778136910.9356859,100,,,,,,,,,,,,,,,,,,,,,,,,,,,,,,,,,,,,,,,,,,,,
,5746,26481.693836409,1778136912.7746484,100,1.7992739009932848,,,,,,,,,,,,,,,,,,,,,,,,,,,,,,,,,,,,,,,,,,,
,5747,26482.960181513,1778136914.0504937,100,,0.0,0.0,0.0,0.0,0.012499999999999994,0.0,0.03693700310410254,0.39561014900391456,0.001759347481667196,0.0,0.04999999999999999,0.125,0.0,0.004211527710652385,0.09615384615384615,,,,,,,,,,,,,,,,,,,,,,,,,,,,
,5748,26482.960279372,1778136914.0508316,100,,,,,,,,,,,,,,,,,0.39603875399916433,,,,,,,,,,,,,,,,,,,,,,,,,,,
,5749,26482.960846043,1778136914.0521157,100,,,,,,,,,,,,,,,,,,116.31102256299346,,,,,,,,,,,,,,,,,,,,,,,,,,
,5750,26484.768653711,1778136915.8597698,100,1.807410287001403,,,,,,,,,,,,,,,,,,,,,,,,,,,,,,,,,,,,,,,,,,,
,5751,26485.688185581,1778136916.7791455,100,,,,,,,,,,,,,,,,,,,2.726856314999168,,,,,,,,,,,,,,,,,,,,,,,,,
113.2925282560027,5752,26598.984134787,1778137030.0751097,100,,,,,,,,,,,,,,,,,,,,,,,,,,,,,,,,,,,,,,,,,,,,
,5753,26600.865156471,1778137031.9459994,100,1.8306362629955402,,,,,,,,,,,,,,,,,,,,,,,,,,,,,,,,,,,,,,,,,,,
,5754,26602.449602742,1778137033.5384378,100,,0.021034624881838493,0.0,0.0,0.0,0.125,0.0,0.03672664015498382,0.6937029429973336,0.004485300310953882,0.0,0.1,0.125,0.0,0.04242794873068864,0.11904761904761904,,,,,,,,,,,,,,,,,,,,,,,,,,,,
,5755,26602.449648247,1778137033.540734,100,,,,,,,,,,,,,,,,,0.6960893060022499,,,,,,,,,,,,,,,,,,,,,,,,,,,
,5756,26602.451209101,1778137033.5422587,100,,,,,,,,,,,,,,,,,,116.76155638700584,,,,,,,,,,,,,,,,,,,,,,,,,,
,5757,26604.285081576,1778137035.3762639,100,1.8334209979948355,,,,,,,,,,,,,,,,,,,,,,,,,,,,,,,,,,,,,,,,,,,
,5758,26605.221221452,1778137036.3122878,100,,,,,,,,,,,,,,,,,,,2.769847670002491,,,,,,,,,,,,,,,,,,,,,,,,,
112.01364140099031,5759,26717.238538669,1778137148.3296237,100,,,,,,,,,,,,,,,,,,,,,,,,,,,,,,,,,,,,,,,,,,,,
,5760,26719.260625076,1778137150.3417227,100,1.9638774399936665,,,,,,,,,,,,,,,,,,,,,,,,,,,,,,,,,,,,,,,,,,,
,5761,26720.642996042,1778137151.7343001,100,,0.0,0.0,0.0,0.0,0.0875,0.0,0.03672664015498382,0.37820866399852093,0.0020569672665548744,0.0,0.04999999999999999,0.125,0.0,0.026516869777626007,0.11458333333333333,,,,,,,,,,,,,,,,,,,,,,,,,,,,
,5762,26720.643324708,1778137151.7346816,100,,,,,,,,,,,,,,,,,0.3786848690069746,,,,,,,,,,,,,,,,,,,,,,,,,,,
,5763,26720.646719446,1778137151.7380118,100,,,,,,,,,,,,,,,,,,115.4239152999944,,,,,,,,,,,,,,,,,,,,,,,,,,
,5764,26722.620842437,1778137153.7119136,100,1.9736780219973298,,,,,,,,,,,,,,,,,,,,,,,,,,,,,,,,,,,,,,,,,,,
,5765,26723.670770913,1778137154.7619774,100,,,,,,,,,,,,,,,,,,,3.02381448399683,,,,,,,,,,,,,,,,,,,,,,,,,
112.91061199399701,5766,26836.585246036,1778137267.6763792,100,,,,,,,,,,,,,,,,,,,,,,,,,,,,,,,,,,,,,,,,,,,,
,5767,26838.440812056,1778137269.516723,100,1.800234927010024,,,,,,,,,,,,,,,,,,,,,,,,,,,,,,,,,,,,,,,,,,,
,5768,26839.69458728,1778137270.7857172,100,,0.0,0.0,0.0,0.0,0.0,0.0,0.0,0.38904818300215993,0.0015637165330957682,0.0,0.0,0.0,0.0,0.0,0.0,,,,,,,,,,,,,,,,,,,,,,,,,,,,
,5769,26839.694860032,1778137270.786164,100,,,,,,,,,,,,,,,,,0.38958345499122515,,,,,,,,,,,,,,,,,,,,,,,,,,,
,5770,26839.696090454,1778137270.7873445,100,,,,,,,,,,,,,,,,,,116.02354162599659,,,,,,,,,,,,,,,,,,,,,,,,,,
,5771,26841.503833611,1778137272.5948713,100,1.8072511570062488,,,,,,,,,,,,,,,,,,,,,,,,,,,,,,,,,,,,,,,,,,,
,5772,26842.42300199,1778137273.5142188,100,,,,,,,,,,,,,,,,,,,2.7267137029994046,,,,,,,,,,,,,,,,,,,,,,,,,
112.35026427300181,5773,26954.777006035,1778137385.868096,100,,,,,,,,,,,,,,,,,,,,,,,,,,,,,,,,,,,,,,,,,,,,
,5774,26956.621965382,1778137387.7029407,100,1.7954176799976267,,,,,,,,,,,,,,,,,,,,,,,,,,,,,,,,,,,,,,,,,,,
,5775,26957.492776826,1778137388.5839183,100,,0.0,0.0,0.0,0.0,0.0,0.0,0.0,0.0010421370097901672,0.0,0.0,0.0,0.0,0.0,0.0,0.0,,,,,,,,,,,,,,,,,,,,,,,,,,,,
,5776,26957.493011412,1778137388.5843465,100,,,,,,,,,,,,,,,,,0.001556792005430907,,,,,,,,,,,,,,,,,,,,,,,,,,,
,5777,26957.494111958,1778137388.5853596,100,,,,,,,,,,,,,,,,,,115.06926760400529,,,,,,,,,,,,,,,,,,,,,,,,,,
,5778,26959.294911818,1778137390.3860378,100,1.8003422820038395,,,,,,,,,,,,,,,,,,,,,,,,,,,,,,,,,,,,,,,,,,,
,5779,26960.214454092,1778137391.3055727,100,,,,,,,,,,,,,,,,,,,2.720076983998297,,,,,,,,,,,,,,,,,,,,,,,,,
113.05086905500502,5780,27073.269057284,1778137504.360067,100,,,,,,,,,,,,,,,,,,,,,,,,,,,,,,,,,,,,,,,,,,,,
,5781,27075.124973907,1778137506.2110999,100,1.8110085470107151,,,,,,,,,,,,,,,,,,,,,,,,,,,,,,,,,,,,,,,,,,,
,5782,27076.99745268,1778137508.0887563,100,,0.0,0.0,0.0,0.0,0.075,0.0,0.0184463890183051,0.9914858199917944,0.001586364933842409,0.0,0.04999999999999999,0.125,0.0,0.007117048851364384,0.09090909090909091,,,,,,,,,,,,,,,,,,,,,,,,,,,,
,5783,27076.997775444,1778137508.0891228,100,,,,,,,,,,,,,,,,,0.9919481399992947,,,,,,,,,,,,,,,,,,,,,,,,,,,
,5784,27076.999201257,1778137508.0902712,100,,,,,,,,,,,,,,,,,,116.78287116000138,,,,,,,,,,,,,,,,,,,,,,,,,,
,5785,27078.810617417,1778137509.9017234,100,1.8112094329990214,,,,,,,,,,,,,,,,,,,,,,,,,,,,,,,,,,,,,,,,,,,
,5786,27079.734827538,1778137510.825915,100,,,,,,,,,,,,,,,,,,,2.735475667010178,,,,,,,,,,,,,,,,,,,,,,,,,
112.7212544290087,5787,27192.462425254,1778137623.5533805,100,,,,,,,,,,,,,,,,,,,,,,,,,,,,,,,,,,,,,,,,,,,,
,5788,27194.312808038,1778137625.3937757,100,1.800271189000341,,,,,,,,,,,,,,,,,,,,,,,,,,,,,,,,,,,,,,,,,,,
,5789,27195.4149396,1778137626.505593,100,,0.0,0.0,0.0,0.0,0.0,0.0,0.0,0.23076386499451473,0.002213071299617745,0.0,0.0,0.0,0.0,0.0,0.0,,,,,,,,,,,,,,,,,,,,,,,,,,,,
,5790,27195.414975562,1778137626.5059526,100,,,,,,,,,,,,,,,,,0.23121340401121415,,,,,,,,,,,,,,,,,,,,,,,,,,,
,5791,27195.416097956,1778137626.507165,100,,,,,,,,,,,,,,,,,,115.67907024199667,,,,,,,,,,,,,,,,,,,,,,,,,,
,5792,27197.226428416,1778137628.3175344,100,1.810129663994303,,,,,,,,,,,,,,,,,,,,,,,,,,,,,,,,,,,,,,,,,,,
,5793,27198.146769501,1778137629.2378464,100,,,,,,,,,,,,,,,,,,,2.730521873992984,,,,,,,,,,,,,,,,,,,,,,,,,
111.47645476600155,5794,27309.62663255,1778137740.7176957,100,,,,,,,,,,,,,,,,,,,,,,,,,,,,,,,,,,,,,,,,,,,,
,5795,27311.449076611,1778137742.5349789,100,1.7771624400047585,,,,,,,,,,,,,,,,,,,,,,,,,,,,,,,,,,,,,,,,,,,
,5796,27312.318981398,1778137743.4102073,100,,0.0,0.0,0.0,0.0,0.0,0.0,0.0,0.0010236119996989146,0.0,0.0,0.0,0.0,0.0,0.0,0.0,,,,,,,,,,,,,,,,,,,,,,,,,,,,
,5797,27312.319463675,1778137743.410737,100,,,,,,,,,,,,,,,,,0.0016413289995398372,,,,,,,,,,,,,,,,,,,,,,,,,,,
,5798,27312.320706188,1778137743.411849,100,,,,,,,,,,,,,,,,,,114.17242052899383,,,,,,,,,,,,,,,,,,,,,,,,,,
,5799,27314.107050541,1778137745.1980412,100,1.7858250730059808,,,,,,,,,,,,,,,,,,,,,,,,,,,,,,,,,,,,,,,,,,,
,5800,27315.020126692,1778137746.1112194,100,,,,,,,,,,,,,,,,,,,2.6991195250011515,,,,,,,,,,,,,,,,,,,,,,,,,
112.98009197499778,5801,27428.003752366,1778137859.094792,100,,,,,,,,,,,,,,,,,,,,,,,,,,,,,,,,,,,,,,,,,,,,
,5802,27429.883497177,1778137860.9643934,100,1.8291502659994876,,,,,,,,,,,,,,,,,,,,,,,,,,,,,,,,,,,,,,,,,,,
,5803,27431.027650763,1778137862.1188498,100,,0.0,0.0,0.0,0.0,0.0,0.0,0.0,0.2582754670002032,0.0016705858614451728,0.0,0.0,0.0,0.0,0.0,0.0,,,,,,,,,,,,,,,,,,,,,,,,,,,,
,5804,27431.027892399,1778137862.1191792,100,,,,,,,,,,,,,,,,,0.2587094379996415,,,,,,,,,,,,,,,,,,,,,,,,,,,
,5805,27431.029259282,1778137862.1203415,100,,,,,,,,,,,,,,,,,,116.00740193999081,,,,,,,,,,,,,,,,,,,,,,,,,,
,5806,27432.874686504,1778137863.9656682,100,1.8450778490077937,,,,,,,,,,,,,,,,,,,,,,,,,,,,,,,,,,,,,,,,,,,
,5807,27433.809562374,1778137864.9005477,100,,,,,,,,,,,,,,,,,,,2.7800384319998557,,,,,,,,,,,,,,,,,,,,,,,,,
112.70133912398887,5808,27546.514269025,1778137977.6051116,100,,,,,,,,,,,,,,,,,,,,,,,,,,,,,,,,,,,,,,,,,,,,
,5809,27548.544466727,1778137979.6204057,100,1.9726959630061174,,,,,,,,,,,,,,,,,,,,,,,,,,,,,,,,,,,,,,,,,,,
,5810,27549.820322408,1778137980.9106183,100,,0.021034624881838493,0.0,0.0,0.0,0.125,0.0,0.03672664015498382,0.2722242329909932,0.0009633243371128935,0.0,0.1,0.125,0.0,0.04242794873068864,0.11904761904761904,,,,,,,,,,,,,,,,,,,,,,,,,,,,
,5811,27549.820366702,1778137980.910989,100,,,,,,,,,,,,,,,,,0.2726910960045643,,,,,,,,,,,,,,,,,,,,,,,,,,,
,5812,27549.821186106,1778137980.9123647,100,,,,,,,,,,,,,,,,,,116.01023839600384,,,,,,,,,,,,,,,,,,,,,,,,,,
,5813,27551.8126591,1778137982.9037259,100,1.9902255610068096,,,,,,,,,,,,,,,,,,,,,,,,,,,,,,,,,,,,,,,,,,,
,5814,27552.869050471,1778137983.9601288,100,,,,,,,,,,,,,,,,,,,3.047561814004439,,,,,,,,,,,,,,,,,,,,,,,,,
113.46440195699688,5815,27666.33729832,1778138097.4283073,100,,,,,,,,,,,,,,,,,,,,,,,,,,,,,,,,,,,,,,,,,,,,
,5816,27668.207736039,1778138099.2834957,100,1.8153456129948609,,,,,,,,,,,,,,,,,,,,,,,,,,,,,,,,,,,,,,,,,,,
,5817,27669.514177041,1778138100.6044457,100,,0.19558073368681722,0.0,0.0,0.0,0.325,0.0875,0.1612609678151592,0.4307059249986196,0.00391721365193538,0.0,0.27934899999999996,0.375,0.0,0.15496162030918992,0.29056776556776553,,,,,,,,,,,,,,,,,,,,,,,,,,,,
,5818,27669.514248735,1778138100.6048176,100,,,,,,,,,,,,,,,,,0.43118303299706895,,,,,,,,,,,,,,,,,,,,,,,,,,,
,5819,27669.51504894,1778138100.6062863,100,,,,,,,,,,,,,,,,,,116.64451724900573,,,,,,,,,,,,,,,,,,,,,,,,,,
,5820,27671.331835932,1778138102.4228995,100,1.816293299998506,,,,,,,,,,,,,,,,,,,,,,,,,,,,,,,,,,,,,,,,,,,
,5821,27672.258955125,1778138103.3498278,100,,,,,,,,,,,,,,,,,,,2.7433577250048984,,,,,,,,,,,,,,,,,,,,,,,,,
112.12137777899625,5822,27784.383660819,1778138215.4746852,100,,,,,,,,,,,,,,,,,,,,,,,,,,,,,,,,,,,,,,,,,,,,
,5823,27786.228523081,1778138217.3094823,100,1.79546764800034,,,,,,,,,,,,,,,,,,,,,,,,,,,,,,,,,,,,,,,,,,,
,5824,27787.099045194,1778138218.190168,100,,0.0,0.0,0.0,0.0,0.0,0.0,0.0,0.0010136519995285198,0.0,0.0,0.0,0.0,0.0,0.0,0.0,,,,,,,,,,,,,,,,,,,,,,,,,,,,
,5825,27787.099245206,1778138218.1905997,100,,,,,,,,,,,,,,,,,0.001532124006189406,,,,,,,,,,,,,,,,,,,,,,,,,,,
,5826,27787.100574919,1778138218.1916711,100,,,,,,,,,,,,,,,,,,114.84026316399104,,,,,,,,,,,,,,,,,,,,,,,,,,
,5827,27788.901116936,1778138219.9921997,100,1.8003085990058025,,,,,,,,,,,,,,,,,,,,,,,,,,,,,,,,,,,,,,,,,,,
,5828,27789.8195476,1778138220.9106665,100,,,,,,,,,,,,,,,,,,,2.718832818005467,,,,,,,,,,,,,,,,,,,,,,,,,
112.99474796198774,5829,27902.817609462,1778138333.9086514,100,,,,,,,,,,,,,,,,,,,,,,,,,,,,,,,,,,,,,,,,,,,,
,5830,27904.687893206,1778138335.7689404,100,1.8203430420107907,,,,,,,,,,,,,,,,,,,,,,,,,,,,,,,,,,,,,,,,,,,
,5831,27905.902909298,1778138336.9940553,100,,0.0,0.0,0.0,0.0,0.0,0.0,0.0,0.3332595649990253,0.0035219638789258127,0.0,0.0,0.0,0.0,0.0,0.0,,,,,,,,,,,,,,,,,,,,,,,,,,,,
,5832,27905.903580556,1778138336.9944806,100,,,,,,,,,,,,,,,,,0.3337733329972252,,,,,,,,,,,,,,,,,,,,,,,,,,,
,5833,27905.904394975,1778138336.9956563,100,,,,,,,,,,,,,,,,,,116.08334425400244,,,,,,,,,,,,,,,,,,,,,,,,,,
,5834,27907.733750936,1778138338.8247414,100,1.8288080810016254,,,,,,,,,,,,,,,,,,,,,,,,,,,,,,,,,,,,,,,,,,,
,5835,27908.662363443,1778138339.7532966,100,,,,,,,,,,,,,,,,,,,2.7574748280021595,,,,,,,,,,,,,,,,,,,,,,,,,
112.4961783720064,5836,28021.161942718,1778138452.2529323,100,,,,,,,,,,,,,,,,,,,,,,,,,,,,,,,,,,,,,,,,,,,,
,5837,28023.164439372,1778138454.2455013,100,1.953315217004274,,,,,,,,,,,,,,,,,,,,,,,,,,,,,,,,,,,,,,,,,,,
,5838,28024.165213111,1778138455.2563684,100,,0.0,0.0,0.0,0.0,0.0,0.0,0.0,0.0012203459918964654,0.0,0.0,0.0,0.0,0.0,0.0,0.0,,,,,,,,,,,,,,,,,,,,,,,,,,,,
,5839,28024.165709951,1778138455.2570214,100,,,,,,,,,,,,,,,,,0.001954842999111861,,,,,,,,,,,,,,,,,,,,,,,,,,,
,5840,28024.167053471,1778138455.2582812,100,,,,,,,,,,,,,,,,,,115.5033596939902,,,,,,,,,,,,,,,,,,,,,,,,,,
,5841,28026.12988208,1778138457.2208862,100,1.9623248370044166,,,,,,,,,,,,,,,,,,,,,,,,,,,,,,,,,,,,,,,,,,,
,5842,28027.172650918,1778138458.263648,100,,,,,,,,,,,,,,,,,,,3.005208708011196,,,,,,,,,,,,,,,,,,,,,,,,,
114.04349287299556,5843,28141.219747209,1778138572.31065,100,,,,,,,,,,,,,,,,,,,,,,,,,,,,,,,,,,,,,,,,,,,,
,5844,28143.090445954,1778138574.171257,100,1.820934085000772,,,,,,,,,,,,,,,,,,,,,,,,,,,,,,,,,,,,,,,,,,,
,5845,28143.973016563,1778138575.0642846,100,,0.0,0.0,0.0,0.0,0.0,0.0,0.0,0.001150020005297847,0.0,0.0,0.0,0.0,0.0,0.0,0.0,,,,,,,,,,,,,,,,,,,,,,,,,,,,
,5846,28143.973390689,1778138575.0647306,100,,,,,,,,,,,,,,,,,0.0016822050092741847,,,,,,,,,,,,,,,,,,,,,,,,,,,
,5847,28143.974572777,1778138575.0658233,100,,,,,,,,,,,,,,,,,,116.80057795500034,,,,,,,,,,,,,,,,,,,,,,,,,,
,5848,28145.799075702,1778138576.8899963,100,1.8237995999952545,,,,,,,,,,,,,,,,,,,,,,,,,,,,,,,,,,,,,,,,,,,
,5849,28146.729684338,1778138577.8208768,100,,,,,,,,,,,,,,,,,,,2.7549069529923145,,,,,,,,,,,,,,,,,,,,,,,,,
112.8875659119949,5850,28259.620943299,1778138690.7120059,100,,,,,,,,,,,,,,,,,,,,,,,,,,,,,,,,,,,,,,,,,,,,
,5851,28261.623210756,1778138692.6990678,100,1.9483200149988988,,,,,,,,,,,,,,,,,,,,,,,,,,,,,,,,,,,,,,,,,,,
,5852,28262.617382397,1778138693.7085693,100,,0.0,0.0,0.0,0.0,0.0,0.0,0.0,0.0010594460036372766,0.0,0.0,0.0,0.0,0.0,0.0,0.0,,,,,,,,,,,,,,,,,,,,,,,,,,,,
,5853,28262.617568034,1778138693.7088726,100,,,,,,,,,,,,,,,,,0.0014842660020804033,,,,,,,,,,,,,,,,,,,,,,,,,,,
,5854,28262.618698197,1778138693.7099397,100,,,,,,,,,,,,,,,,,,115.88730333000422,,,,,,,,,,,,,,,,,,,,,,,,,,
,5855,28264.576519202,1778138695.6675377,100,1.9572467529942514,,,,,,,,,,,,,,,,,,,,,,,,,,,,,,,,,,,,,,,,,,,
,5856,28265.621090542,1778138696.7121603,100,,,,,,,,,,,,,,,,,,,3.0020840110082645,,,,,,,,,,,,,,,,,,,,,,,,,
112.77678090699192,5857,28378.401540892,1778138809.4925451,100,,,,,,,,,,,,,,,,,,,,,,,,,,,,,,,,,,,,,,,,,,,,
,5858,28380.386827595,1778138811.4627225,100,1.9299148080026498,,,,,,,,,,,,,,,,,,,,,,,,,,,,,,,,,,,,,,,,,,,
,5859,28381.738228709,1778138812.8294847,100,,0.021034624881838493,0.0,0.0,0.0,0.125,0.0,0.03672664015498382,0.3721327069943072,0.0009633243371128935,0.0,0.1,0.125,0.0,0.04242794873068864,0.11904761904761904,,,,,,,,,,,,,,,,,,,,,,,,,,,,
,5860,28381.738638414,1778138812.8298295,100,,,,,,,,,,,,,,,,,0.3725700029899599,,,,,,,,,,,,,,,,,,,,,,,,,,,
,5861,28381.740517236,1778138812.8316214,100,,,,,,,,,,,,,,,,,,116.11781206500018,,,,,,,,,,,,,,,,,,,,,,,,,,
,5862,28383.682447068,1778138814.7734313,100,1.9415826269978425,,,,,,,,,,,,,,,,,,,,,,,,,,,,,,,,,,,,,,,,,,,
,5863,28384.712565109,1778138815.803534,100,,,,,,,,,,,,,,,,,,,2.9717255239957012,,,,,,,,,,,,,,,,,,,,,,,,,
112.37281349900877,5864,28497.088668324,1778138928.1797295,100,,,,,,,,,,,,,,,,,,,,,,,,,,,,,,,,,,,,,,,,,,,,
,5865,28498.941265284,1778138930.0221848,100,1.802461734987446,,,,,,,,,,,,,,,,,,,,,,,,,,,,,,,,,,,,,,,,,,,
,5866,28499.814570911,1778138930.9058828,100,,0.0,0.0,0.0,0.0,0.0,0.0,0.0,0.0010917659965343773,0.0,0.0,0.0,0.0,0.0,0.0,0.0,,,,,,,,,,,,,,,,,,,,,,,,,,,,
,5867,28499.815070674,1778138930.9063857,100,,,,,,,,,,,,,,,,,0.0016720600106054917,,,,,,,,,,,,,,,,,,,,,,,,,,,
,5868,28499.816173387,1778138930.907449,100,,,,,,,,,,,,,,,,,,115.1023094439879,,,,,,,,,,,,,,,,,,,,,,,,,,
,5869,28501.617697498,1778138932.7087998,100,1.8011162140028318,,,,,,,,,,,,,,,,,,,,,,,,,,,,,,,,,,,,,,,,,,,
,5870,28502.538920031,1778138933.6298974,100,,,,,,,,,,,,,,,,,,,2.7222767710045446,,,,,,,,,,,,,,,,,,,,,,,,,
112.58526271399751,5871,28615.127472909,1778139046.218503,100,,,,,,,,,,,,,,,,,,,,,,,,,,,,,,,,,,,,,,,,,,,,
,5872,28616.995492307,1778139048.081415,100,1.815523202996701,,,,,,,,,,,,,,,,,,,,,,,,,,,,,,,,,,,,,,,,,,,
,5873,28617.879605572,1778139048.9707165,100,,0.0,0.0,0.0,0.0,0.0,0.0,0.0,0.0010370289965067059,0.0,0.0,0.0,0.0,0.0,0.0,0.0,,,,,,,,,,,,,,,,,,,,,,,,,,,,
,5874,28617.879775389,1778139048.9710846,100,,,,,,,,,,,,,,,,,0.001493229006882757,,,,,,,,,,,,,,,,,,,,,,,,,,,
,5875,28617.881037448,1778139048.972271,100,,,,,,,,,,,,,,,,,,115.34064984500583,,,,,,,,,,,,,,,,,,,,,,,,,,
,5876,28619.69717132,1778139050.78815,100,1.815528164996067,,,,,,,,,,,,,,,,,,,,,,,,,,,,,,,,,,,,,,,,,,,
,5877,28620.624621732,1778139051.7156053,100,,,,,,,,,,,,,,,,,,,2.743180516990833,,,,,,,,,,,,,,,,,,,,,,,,,
112.13180281700625,5878,28732.759792792,1778139163.850875,100,,,,,,,,,,,,,,,,,,,,,,,,,,,,,,,,,,,,,,,,,,,,
,5879,28734.773202678,1778139165.8487918,100,1.9572616249934072,,,,,,,,,,,,,,,,,,,,,,,,,,,,,,,,,,,,,,,,,,,
,5880,28735.768592139,1778139166.8598018,100,,0.0,0.0,0.0,0.0,0.0,0.0,0.0,0.0010166550055146217,0.0,0.0,0.0,0.0,0.0,0.0,0.0,,,,,,,,,,,,,,,,,,,,,,,,,,,,
,5881,28735.768937745,1778139166.8602655,100,,,,,,,,,,,,,,,,,0.0015612719871569425,,,,,,,,,,,,,,,,,,,,,,,,,,,
,5882,28735.770043285,1778139166.8613396,100,,,,,,,,,,,,,,,,,,115.14384242599772,,,,,,,,,,,,,,,,,,,,,,,,,,
,5883,28737.735884906,1778139168.8268652,100,1.9652803349890746,,,,,,,,,,,,,,,,,,,,,,,,,,,,,,,,,,,,,,,,,,,
,5884,28738.785560639,1778139169.8766503,100,,,,,,,,,,,,,,,,,,,3.0151754490070743,,,,,,,,,,,,,,,,,,,,,,,,,
112.22383910699864,5885,28851.012744746,1778139282.103792,100,,,,,,,,,,,,,,,,,,,,,,,,,,,,,,,,,,,,,,,,,,,,
,5886,28852.844852612,1778139283.9256847,100,1.7824612039985368,,,,,,,,,,,,,,,,,,,,,,,,,,,,,,,,,,,,,,,,,,,
,5887,28854.291764479,1778139285.3830154,100,,0.0,0.0,0.0,0.0,0.09999999999999999,0.0,0.07366364325908636,0.5825043259974336,0.0038163137425532368,0.0,0.09999999999999998,0.25,0.0,0.03072839748827839,0.21073717948717946,,,,,,,,,,,,,,,,,,,,,,,,,,,,
,5888,28854.292577708,1778139285.383644,100,,,,,,,,,,,,,,,,,0.5832122729916591,,,,,,,,,,,,,,,,,,,,,,,,,,,
,5889,28854.294078068,1778139285.385099,100,,,,,,,,,,,,,,,,,,115.50690177601064,,,,,,,,,,,,,,,,,,,,,,,,,,
,5890,28856.083845522,1778139287.174946,100,1.7896109359862749,,,,,,,,,,,,,,,,,,,,,,,,,,,,,,,,,,,,,,,,,,,
,5891,28856.998503985,1778139288.0895576,100,,,,,,,,,,,,,,,,,,,2.7042840130015975,,,,,,,,,,,,,,,,,,,,,,,,,
113.39010595300351,5892,28970.392240819,1778139401.483215,100,,,,,,,,,,,,,,,,,,,,,,,,,,,,,,,,,,,,,,,,,,,,
,5893,28972.395430077,1778139403.4713337,100,1.948535000992706,,,,,,,,,,,,,,,,,,,,,,,,,,,,,,,,,,,,,,,,,,,
,5894,28973.386312729,1778139404.4775133,100,,0.0,0.0,0.0,0.0,0.0,0.0,0.0,0.0010167140135308728,0.0,0.0,0.0,0.0,0.0,0.0,0.0,,,,,,,,,,,,,,,,,,,,,,,,,,,,
,5895,28973.386521998,1778139404.4778473,100,,,,,,,,,,,,,,,,,0.0014487959997495636,,,,,,,,,,,,,,,,,,,,,,,,,,,
,5896,28973.387731745,1778139404.4788804,100,,,,,,,,,,,,,,,,,,116.3874272940011,,,,,,,,,,,,,,,,,,,,,,,,,,
,5897,28975.347129152,1778139406.4381187,100,1.9590244379942305,,,,,,,,,,,,,,,,,,,,,,,,,,,,,,,,,,,,,,,,,,,
,5898,28976.391473539,1778139407.4819837,100,,,,,,,,,,,,,,,,,,,3.002961404999951,,,,,,,,,,,,,,,,,,,,,,,,,
111.52500884899928,5899,29087.919303988,1778139519.0102332,100,,,,,,,,,,,,,,,,,,,,,,,,,,,,,,,,,,,,,,,,,,,,
,5900,29089.720894879,1778139520.8018413,100,1.7511056029907195,,,,,,,,,,,,,,,,,,,,,,,,,,,,,,,,,,,,,,,,,,,
,5901,29090.570691988,1778139521.6618266,100,,0.0,0.0,0.0,0.0,0.0,0.0,0.0,0.0010990750015480444,0.0,0.0,0.0,0.0,0.0,0.0,0.0,,,,,,,,,,,,,,,,,,,,,,,,,,,,
,5902,29090.570825723,1778139521.662178,100,,,,,,,,,,,,,,,,,0.0015389550098916516,,,,,,,,,,,,,,,,,,,,,,,,,,,
,5903,29090.571928419,1778139521.663223,100,,,,,,,,,,,,,,,,,,114.17955297800654,,,,,,,,,,,,,,,,,,,,,,,,,,
,5904,29092.329622868,1778139523.4206276,100,1.7571388280048268,,,,,,,,,,,,,,,,,,,,,,,,,,,,,,,,,,,,,,,,,,,
,5905,29093.230202858,1778139524.3212698,100,,,,,,,,,,,,,,,,,,,2.657899195997743,,,,,,,,,,,,,,,,,,,,,,,,,
113.88311423700361,5906,29207.117169652,1778139638.208139,100,,,,,,,,,,,,,,,,,,,,,,,,,,,,,,,,,,,,,,,,,,,,
,5907,29208.999984465,1778139640.080955,100,1.8326181349984836,,,,,,,,,,,,,,,,,,,,,,,,,,,,,,,,,,,,,,,,,,,
,5908,29210.35236226,1778139641.4425251,100,,0.11216160466036872,0.0,0.0,0.0,0.125,0.0,0.057190779818604334,0.46696059199166484,0.003941029096821762,0.0,0.125,0.125,0.0,0.10574320506459468,0.037212456597222214,,,,,,,,,,,,,,,,,,,,,,,,,,,,
,5909,29210.352542595,1778139641.4428744,100,,,,,,,,,,,,,,,,,0.4674216299899854,,,,,,,,,,,,,,,,,,,,,,,,,,,
,5910,29210.355245587,1778139641.4463913,100,,,,,,,,,,,,,,,,,,117.12335954800074,,,,,,,,,,,,,,,,,,,,,,,,,,
,5911,29212.192035946,1778139643.2832477,100,1.835753820996615,,,,,,,,,,,,,,,,,,,,,,,,,,,,,,,,,,,,,,,,,,,
,5912,29213.125278348,1778139644.216389,100,,,,,,,,,,,,,,,,,,,2.769792320992565,,,,,,,,,,,,,,,,,,,,,,,,,
113.13277571600338,5913,29326.262049608,1778139757.3530781,100,,,,,,,,,,,,,,,,,,,,,,,,,,,,,,,,,,,,,,,,,,,,
,5914,29328.118750668,1778139759.1998692,100,1.8066904580045957,,,,,,,,,,,,,,,,,,,,,,,,,,,,,,,,,,,,,,,,,,,
,5915,29328.995833678,1778139760.087117,100,,0.0,0.0,0.0,0.0,0.0,0.0,0.0,0.001132737990701571,0.0,0.0,0.0,0.0,0.0,0.0,0.0,,,,,,,,,,,,,,,,,,,,,,,,,,,,
,5916,29329.011717025,1778139760.087497,100,,,,,,,,,,,,,,,,,0.0016022969939513132,,,,,,,,,,,,,,,,,,,,,,,,,,,
,5917,29329.014754994,1778139760.1056492,100,,,,,,,,,,,,,,,,,,115.88756844699674,,,,,,,,,,,,,,,,,,,,,,,,,,
,5918,29330.824778713,1778139761.915991,100,1.8095136439951602,,,,,,,,,,,,,,,,,,,,,,,,,,,,,,,,,,,,,,,,,,,
,5919,29331.748334698,1778139762.839576,100,,,,,,,,,,,,,,,,,,,2.7335808310017455,,,,,,,,,,,,,,,,,,,,,,,,,
113.08126470800198,5920,29444.832960401,1778139875.9240289,100,,,,,,,,,,,,,,,,,,,,,,,,,,,,,,,,,,,,,,,,,,,,
,5921,29446.662900106,1778139877.7439792,100,1.7657686319871573,,,,,,,,,,,,,,,,,,,,,,,,,,,,,,,,,,,,,,,,,,,
,5922,29447.519301942,1778139878.6106248,100,,0.0,0.0,0.0,0.0,0.0,0.0,0.0,0.00116049699136056,0.0,0.0,0.0,0.0,0.0,0.0,0.0,,,,,,,,,,,,,,,,,,,,,,,,,,,,
,5923,29447.519626299,1778139878.6109788,100,,,,,,,,,,,,,,,,,0.0016086200048448518,,,,,,,,,,,,,,,,,,,,,,,,,,,
,5924,29447.520783025,1778139878.612068,100,,,,,,,,,,,,,,,,,,115.77098336399649,,,,,,,,,,,,,,,,,,,,,,,,,,
,5925,29449.294440259,1778139880.3856683,100,1.7733460340095917,,,,,,,,,,,,,,,,,,,,,,,,,,,,,,,,,,,,,,,,,,,
,5926,29450.200983491,1778139881.2922254,100,,,,,,,,,,,,,,,,,,,2.680009991003317,,,,,,,,,,,,,,,,,,,,,,,,,
113.14808591899055,5927,29563.352867833,1778139994.4438667,100,,,,,,,,,,,,,,,,,,,,,,,,,,,,,,,,,,,,,,,,,,,,
,5928,29565.196025882,1778139996.2768865,100,1.7926969910040498,,,,,,,,,,,,,,,,,,,,,,,,,,,,,,,,,,,,,,,,,,,
,5929,29566.401376366,1778139997.4912376,100,,0.021034624881838493,0.0,0.0,0.0,0.125,0.0,0.03672664015498382,0.3363627200014889,0.0009633243371128935,0.0,0.1,0.125,0.0,0.04242794873068864,0.11904761904761904,,,,,,,,,,,,,,,,,,,,,,,,,,,,
,5930,29566.401419272,1778139997.4915605,100,,,,,,,,,,,,,,,,,0.33678563601279166,,,,,,,,,,,,,,,,,,,,,,,,,,,
,5931,29566.401629971,1778139997.4928613,100,,,,,,,,,,,,,,,,,,116.19896308600437,,,,,,,,,,,,,,,,,,,,,,,,,,
,5932,29568.216185945,1778139999.3071647,100,1.8120680610009003,,,,,,,,,,,,,,,,,,,,,,,,,,,,,,,,,,,,,,,,,,,
,5933,29569.136142405,1778140000.2272098,100,,,,,,,,,,,,,,,,,,,2.7341795649990672,,,,,,,,,,,,,,,,,,,,,,,,,
113.1810146880016,5934,29682.320878893,1778140113.4119544,100,,,,,,,,,,,,,,,,,,,,,,,,,,,,,,,,,,,,,,,,,,,,
,5935,29684.216812586,1778140115.2977648,100,1.8314920330012683,,,,,,,,,,,,,,,,,,,,,,,,,,,,,,,,,,,,,,,,,,,
,5936,29685.500412335,1778140116.588741,100,,0.042069249763676986,0.0,0.0,0.0,0.25,0.0,0.07345328030996764,0.4238703729934059,0.0019266437706618703,0.0,0.2,0.25,0.0,0.08485589746137728,0.23809523809523808,,,,,,,,,,,,,,,,,,,,,,,,,,,,
,5937,29685.500742858,1778140116.592022,100,,,,,,,,,,,,,,,,,0.42708439599664416,,,,,,,,,,,,,,,,,,,,,,,,,,,
,5938,29685.502635218,1778140116.5936532,100,,,,,,,,,,,,,,,,,,116.3646406869957,,,,,,,,,,,,,,,,,,,,,,,,,,
,5939,29687.325960914,1778140118.4170823,100,1.8230593999905977,,,,,,,,,,,,,,,,,,,,,,,,,,,,,,,,,,,,,,,,,,,
,5940,29688.237628013,1778140119.3287153,100,,,,,,,,,,,,,,,,,,,2.734876232992974,,,,,,,,,,,,,,,,,,,,,,,,,
112.46256735100178,5941,29800.704065719,1778140231.7950423,100,,,,,,,,,,,,,,,,,,,,,,,,,,,,,,,,,,,,,,,,,,,,
,5942,29802.545479218,1778140233.6213152,100,1.786480278999079,,,,,,,,,,,,,,,,,,,,,,,,,,,,,,,,,,,,,,,,,,,
,5943,29803.380367563,1778140234.4714608,100,,0.0,0.0,0.0,0.0,0.0,0.0,0.0,0.0010329879878554493,0.0,0.0,0.0,0.0,0.0,0.0,0.0,,,,,,,,,,,,,,,,,,,,,,,,,,,,
,5944,29803.380574964,1778140234.4719005,100,,,,,,,,,,,,,,,,,0.0015562939952360466,,,,,,,,,,,,,,,,,,,,,,,,,,,
,5945,29803.381940704,1778140234.4729357,100,,,,,,,,,,,,,,,,,,115.14233120299468,,,,,,,,,,,,,,,,,,,,,,,,,,
,5946,29805.168810517,1778140236.2599018,100,1.7867745060066227,,,,,,,,,,,,,,,,,,,,,,,,,,,,,,,,,,,,,,,,,,,
,5947,29806.064416254,1778140237.1554859,100,,,,,,,,,,,,,,,,,,,2.6824128400039626,,,,,,,,,,,,,,,,,,,,,,,,,
114.05219210300129,5948,29920.12056213,1778140351.211602,100,,,,,,,,,,,,,,,,,,,,,,,,,,,,,,,,,,,,,,,,,,,,
,5949,29922.017106571,1778140353.0980575,100,1.8458568089990877,,,,,,,,,,,,,,,,,,,,,,,,,,,,,,,,,,,,,,,,,,,
,5950,29923.181706488,1778140354.2726984,100,,0.0,0.0,0.0,0.0,0.0,0.0,0.0,0.2733473249973031,0.002918580423668095,0.0,0.0,0.0,0.0,0.0,0.0,,,,,,,,,,,,,,,,,,,,,,,,,,,,
,5951,29923.181817405,1778140354.2731023,100,,,,,,,,,,,,,,,,,0.2738420250097988,,,,,,,,,,,,,,,,,,,,,,,,,,,
,5952,29923.183221865,1778140354.274312,100,,,,,,,,,,,,,,,,,,117.11711333799758,,,,,,,,,,,,,,,,,,,,,,,,,,
,5953,29925.041613233,1778140356.1326573,100,1.8580690660019172,,,,,,,,,,,,,,,,,,,,,,,,,,,,,,,,,,,,,,,,,,,
,5954,29925.982206494,1778140357.073326,100,,,,,,,,,,,,,,,,,,,2.798840653995285,,,,,,,,,,,,,,,,,,,,,,,,,
112.9496389739943,5955,30038.935675502,1778140470.0267222,100,,,,,,,,,,,,,,,,,,,,,,,,,,,,,,,,,,,,,,,,,,,,
,5956,30040.933453608,1778140472.0145156,100,1.9488576209987514,,,,,,,,,,,,,,,,,,,,,,,,,,,,,,,,,,,,,,,,,,,
,5957,30041.931408687,1778140473.0225687,100,,0.0,0.0,0.0,0.0,0.0,0.0,0.0,0.0011241860047448426,0.0,0.0,0.0,0.0,0.0,0.0,0.0,,,,,,,,,,,,,,,,,,,,,,,,,,,,
,5958,30041.931585117,1778140473.0228956,100,,,,,,,,,,,,,,,,,0.0015429310005856678,,,,,,,,,,,,,,,,,,,,,,,,,,,
,5959,30041.932668741,1778140473.0239425,100,,,,,,,,,,,,,,,,,,115.94901632300753,,,,,,,,,,,,,,,,,,,,,,,,,,
,5960,30043.890256703,1778140474.9814215,100,1.9572469929989893,,,,,,,,,,,,,,,,,,,,,,,,,,,,,,,,,,,,,,,,,,,
,5961,30044.932889446,1778140476.023998,100,,,,,,,,,,,,,,,,,,,2.999904363998212,,,,,,,,,,,,,,,,,,,,,,,,,
114.39444998999534,5962,30159.331087898,1778140590.4220278,100,,,,,,,,,,,,,,,,,,,,,,,,,,,,,,,,,,,,,,,,,,,,
,5963,30161.190781904,1778140592.271885,100,1.8097123940096935,,,,,,,,,,,,,,,,,,,,,,,,,,,,,,,,,,,,,,,,,,,
,5964,30162.068207726,1778140593.1592932,100,,0.0,0.0,0.0,0.0,0.0,0.0,0.0,0.001144624999142252,0.0,0.0,0.0,0.0,0.0,0.0,0.0,,,,,,,,,,,,,,,,,,,,,,,,,,,,
,5965,30162.068545513,1778140593.159725,100,,,,,,,,,,,,,,,,,0.0016648449964122847,,,,,,,,,,,,,,,,,,,,,,,,,,,
,5966,30162.0698667,1778140593.161119,100,,,,,,,,,,,,,,,,,,117.13520789999166,,,,,,,,,,,,,,,,,,,,,,,,,,
,5967,30163.883830409,1778140594.9748147,100,1.8133953799988376,,,,,,,,,,,,,,,,,,,,,,,,,,,,,,,,,,,,,,,,,,,
,5968,30164.808425084,1778140595.8993657,100,,,,,,,,,,,,,,,,,,,2.7380921769945417,,,,,,,,,,,,,,,,,,,,,,,,,
113.49658142600674,5969,30278.30886332,1778140709.3998485,100,,,,,,,,,,,,,,,,,,,,,,,,,,,,,,,,,,,,,,,,,,,,
,5970,30280.328957822,1778140711.409995,100,1.9704816930025117,,,,,,,,,,,,,,,,,,,,,,,,,,,,,,,,,,,,,,,,,,,
,5971,30281.337627893,1778140712.4287245,100,,0.0,0.0,0.0,0.0,0.0,0.0,0.0,0.0011660089949145913,0.0,0.0,0.0,0.0,0.0,0.0,0.0,,,,,,,,,,,,,,,,,,,,,,,,,,,,
,5972,30281.337900214,1778140712.429183,100,,,,,,,,,,,,,,,,,0.0017229069926543161,,,,,,,,,,,,,,,,,,,,,,,,,,,
,5973,30281.3389618,1778140712.4302452,100,,,,,,,,,,,,,,,,,,116.52907030000642,,,,,,,,,,,,,,,,,,,,,,,,,,
,5974,30283.320757517,1778140714.4118195,100,1.9813262160023442,,,,,,,,,,,,,,,,,,,,,,,,,,,,,,,,,,,,,,,,,,,
,5975,30284.37471313,1778140715.465253,100,,,,,,,,,,,,,,,,,,,3.034868162998464,,,,,,,,,,,,,,,,,,,,,,,,,
112.7534171550069,5976,30397.130969228,1778140828.222031,100,,,,,,,,,,,,,,,,,,,,,,,,,,,,,,,,,,,,,,,,,,,,
,5977,30398.989649999,1778140830.0656736,100,1.8034752550011035,,,,,,,,,,,,,,,,,,,,,,,,,,,,,,,,,,,,,,,,,,,
,5978,30400.208356679,1778140831.2967074,100,,0.08827520983469299,0.0,0.0,0.0,0.07500000000000001,0.0,0.010676913703514257,0.3477670959982788,0.0022534297065935284,0.0,0.09732816666666663,0.125,0.0,0.07080268675683558,0.09558823529411764,,,,,,,,,,,,,,,,,,,,,,,,,,,,
,5979,30400.208492957,1778140831.2970455,100,,,,,,,,,,,,,,,,,0.34819992700067814,,,,,,,,,,,,,,,,,,,,,,,,,,,
,5980,30400.208504365,1778140831.2982275,100,,,,,,,,,,,,,,,,,,115.83115882000129,,,,,,,,,,,,,,,,,,,,,,,,,,
,5981,30402.02168755,1778140833.1128411,100,1.8143832219939213,,,,,,,,,,,,,,,,,,,,,,,,,,,,,,,,,,,,,,,,,,,
,5982,30402.947004251,1778140834.0374653,100,,,,,,,,,,,,,,,,,,,2.739072224998381,,,,,,,,,,,,,,,,,,,,,,,,,
113.16683869599365,5983,30516.117247885,1778140947.2083077,100,,,,,,,,,,,,,,,,,,,,,,,,,,,,,,,,,,,,,,,,,,,,
,5984,30518.136019113,1778140949.2169526,100,1.9694843999895966,,,,,,,,,,,,,,,,,,,,,,,,,,,,,,,,,,,,,,,,,,,
,5985,30519.146275327,1778140950.2348647,100,,0.0,0.0,0.0,0.0,0.0,0.0,0.0,0.002005223010201007,0.0,0.0,0.11556246783584356,0.0,0.0,0.0,0.0,,,,,,,,,,,,,,,,,,,,,,,,,,,,
,5986,30519.146781411,1778140950.238063,100,,,,,,,,,,,,,,,,,0.005279039993183687,,,,,,,,,,,,,,,,,,,,,,,,,,,
,5987,30519.148022765,1778140950.2392433,100,,,,,,,,,,,,,,,,,,116.20023775099253,,,,,,,,,,,,,,,,,,,,,,,,,,
,5988,30521.127333585,1778140952.2186418,100,1.9789964920055354,,,,,,,,,,,,,,,,,,,,,,,,,,,,,,,,,,,,,,,,,,,
,5989,30522.179115567,1778140953.2702036,100,,,,,,,,,,,,,,,,,,,3.0308015619957587,,,,,,,,,,,,,,,,,,,,,,,,,
112.74361305699858,5990,30634.926305803,1778141066.0173447,100,,,,,,,,,,,,,,,,,,,,,,,,,,,,,,,,,,,,,,,,,,,,
,5991,30636.776764772,1778141067.8578458,100,1.7868387729977258,,,,,,,,,,,,,,,,,,,,,,,,,,,,,,,,,,,,,,,,,,,
,5992,30637.643717039,1778141068.7349808,100,,0.0,0.0,0.0,0.0,0.0,0.0,0.0,0.0011801329965237528,0.0,0.0,0.0,0.0,0.0,0.0,0.0,,,,,,,,,,,,,,,,,,,,,,,,,,,,
,5993,30637.644090066,1778141068.7353947,100,,,,,,,,,,,,,,,,,0.0016829050000524148,,,,,,,,,,,,,,,,,,,,,,,,,,,
,5994,30637.645302595,1778141068.7365844,100,,,,,,,,,,,,,,,,,,115.46480655300547,,,,,,,,,,,,,,,,,,,,,,,,,,
,5995,30639.438342401,1778141070.52943,100,1.7925890750047984,,,,,,,,,,,,,,,,,,,,,,,,,,,,,,,,,,,,,,,,,,,
,5996,30640.35026889,1778141071.4413505,100,,,,,,,,,,,,,,,,,,,2.704617170995334,,,,,,,,,,,,,,,,,,,,,,,,,
113.69138749099511,5997,30754.045185909,1778141185.1361318,100,,,,,,,,,,,,,,,,,,,,,,,,,,,,,,,,,,,,,,,,,,,,
,5998,30755.867772708,1778141186.948874,100,1.7731134959904011,,,,,,,,,,,,,,,,,,,,,,,,,,,,,,,,,,,,,,,,,,,
,5999,30756.728724214,1778141187.8198767,100,,0.0,0.0,0.0,0.0,0.0,0.0,0.0,0.001215698997839354,0.0,0.0,0.0,0.0,0.0,0.0,0.0,,,,,,,,,,,,,,,,,,,,,,,,,,,,
,6000,30756.72897179,1778141187.8203218,100,,,,,,,,,,,,,,,,,0.001744085006066598,,,,,,,,,,,,,,,,,,,,,,,,,,,
,6001,30756.730195826,1778141187.821348,100,,,,,,,,,,,,,,,,,,116.37845175000257,,,,,,,,,,,,,,,,,,,,,,,,,,
,6002,30758.50869905,1778141189.599729,100,1.7781650940014515,,,,,,,,,,,,,,,,,,,,,,,,,,,,,,,,,,,,,,,,,,,
,6003,30759.420732463,1778141190.5110562,100,,,,,,,,,,,,,,,,,,,2.689562138999463,,,,,,,,,,,,,,,,,,,,,,,,,
113.08103361800022,6004,30872.504275374,1778141303.5953481,100,,,,,,,,,,,,,,,,,,,,,,,,,,,,,,,,,,,,,,,,,,,,
,6005,30874.359265884,1778141305.4351685,100,1.7876369669975247,,,,,,,,,,,,,,,,,,,,,,,,,,,,,,,,,,,,,,,,,,,
,6006,30875.22086039,1778141306.3121367,100,,0.0,0.0,0.0,0.0,0.0,0.0,0.0,0.0010559579968685284,0.0,0.0,0.0,0.0,0.0,0.0,0.0,,,,,,,,,,,,,,,,,,,,,,,,,,,,
,6007,30875.221366257,1778141306.3126922,100,,,,,,,,,,,,,,,,,0.001694937003776431,,,,,,,,,,,,,,,,,,,,,,,,,,,
,6008,30875.222573001,1778141306.313845,100,,,,,,,,,,,,,,,,,,115.80124745699868,,,,,,,,,,,,,,,,,,,,,,,,,,
,6009,30877.017482657,1778141308.1085422,100,1.794411945011234,,,,,,,,,,,,,,,,,,,,,,,,,,,,,,,,,,,,,,,,,,,
,6010,30877.933281462,1778141309.0242884,100,,,,,,,,,,,,,,,,,,,2.7102943569916533,,,,,,,,,,,,,,,,,,,,,,,,,
113.087351907001,6011,30991.023848543,1778141422.1149278,100,,,,,,,,,,,,,,,,,,,,,,,,,,,,,,,,,,,,,,,,,,,,
,6012,30992.853217607,1778141423.9341638,100,1.7793057079979917,,,,,,,,,,,,,,,,,,,,,,,,,,,,,,,,,,,,,,,,,,,
,6013,30993.716948968,1778141424.8081686,100,,0.0,0.0,0.0,0.0,0.0,0.0,0.0,0.0010178350057685748,0.0,0.0,0.0,0.0,0.0,0.0,0.0,,,,,,,,,,,,,,,,,,,,,,,,,,,,
,6014,30993.717285688,1778141424.8086302,100,,,,,,,,,,,,,,,,,0.0015648769913241267,,,,,,,,,,,,,,,,,,,,,,,,,,,
,6015,30993.718450025,1778141424.8097255,100,,,,,,,,,,,,,,,,,,115.78390568000032,,,,,,,,,,,,,,,,,,,,,,,,,,
,6016,30995.505388078,1778141426.5964057,100,1.7864143029873958,,,,,,,,,,,,,,,,,,,,,,,,,,,,,,,,,,,,,,,,,,,
,6017,30996.416495686,1778141427.5074556,100,,,,,,,,,,,,,,,,,,,2.6975784249952994,,,,,,,,,,,,,,,,,,,,,,,,,
114.57075889500265,6018,31110.990516875,1778141542.0816965,100,,,,,,,,,,,,,,,,,,,,,,,,,,,,,,,,,,,,,,,,,,,,
,6019,31113.033216065,1778141544.114276,100,1.9926471159997163,,,,,,,,,,,,,,,,,,,,,,,,,,,,,,,,,,,,,,,,,,,
,6020,31114.054265981,1778141545.1453936,100,,0.0,0.0,0.0,0.0,0.0,0.0,0.0,0.0011514049983816221,0.0,0.0,0.0,0.0,0.0,0.0,0.0,,,,,,,,,,,,,,,,,,,,,,,,,,,,
,6021,31114.054581355,1778141545.1458714,100,,,,,,,,,,,,,,,,,0.0017356210009893402,,,,,,,,,,,,,,,,,,,,,,,,,,,
,6022,31114.055854379,1778141545.147045,100,,,,,,,,,,,,,,,,,,117.63806789400405,,,,,,,,,,,,,,,,,,,,,,,,,,
,6023,31116.057432236,1778141547.148602,100,2.0011223449982936,,,,,,,,,,,,,,,,,,,,,,,,,,,,,,,,,,,,,,,,,,,
,6024,31117.121267253,1778141548.212493,100,,,,,,,,,,,,,,,,,,,3.065279352988,,,,,,,,,,,,,,,,,,,,,,,,,
113.89085823400819,6025,31231.016194479,1778141662.107165,100,,,,,,,,,,,,,,,,,,,,,,,,,,,,,,,,,,,,,,,,,,,,
,6026,31233.091537113,1778141664.1726258,100,2.0255951290018857,,,,,,,,,,,,,,,,,,,,,,,,,,,,,,,,,,,,,,,,,,,
,6027,31234.440908473,1778141665.532042,100,,0.0,0.0,0.0,0.0,0.0,0.0,0.0,0.3144555110047804,0.004887129248179833,0.0,0.0,0.0,0.0,0.0,0.0,,,,,,,,,,,,,,,,,,,,,,,,,,,,
,6028,31234.441177686,1778141665.5323606,100,,,,,,,,,,,,,,,,,0.3148789150000084,,,,,,,,,,,,,,,,,,,,,,,,,,,
,6029,31234.442415988,1778141665.5334754,100,,,,,,,,,,,,,,,,,,117.31924853599048,,,,,,,,,,,,,,,,,,,,,,,,,,
,6030,31236.484579682,1778141667.575661,100,2.0419581520109205,,,,,,,,,,,,,,,,,,,,,,,,,,,,,,,,,,,,,,,,,,,
,6031,31237.563399403,1778141668.6546202,100,,,,,,,,,,,,,,,,,,,3.1209688850067323,,,,,,,,,,,,,,,,,,,,,,,,,
113.74898695400043,6032,31351.316344456,1778141782.4073029,100,,,,,,,,,,,,,,,,,,,,,,,,,,,,,,,,,,,,,,,,,,,,
,6033,31353.313828043,1778141784.39477,100,1.9481019629893126,,,,,,,,,,,,,,,,,,,,,,,,,,,,,,,,,,,,,,,,,,,
,6034,31354.654884739,1778141785.7460186,100,,0.0,0.0,0.0,0.0,0.0,0.0,0.0,0.3443540880107321,0.0035219638789258127,0.0,0.0,0.0,0.0,0.0,0.0,,,,,,,,,,,,,,,,,,,,,,,,,,,,
,6035,31354.655202477,1778141785.7463803,100,,,,,,,,,,,,,,,,,0.34481568000046536,,,,,,,,,,,,,,,,,,,,,,,,,,,
,6036,31354.656277436,1778141785.7475598,100,,,,,,,,,,,,,,,,,,117.09111603700148,,,,,,,,,,,,,,,,,,,,,,,,,,
,6037,31356.612261368,1778141787.7032025,100,1.9553576570033329,,,,,,,,,,,,,,,,,,,,,,,,,,,,,,,,,,,,,,,,,,,
,6038,31357.655329479,1778141788.746417,100,,,,,,,,,,,,,,,,,,,2.998692380002467,,,,,,,,,,,,,,,,,,,,,,,,,
113.27178817799722,6039,31470.930977368,1778141902.0220287,100,,,,,,,,,,,,,,,,,,,,,,,,,,,,,,,,,,,,,,,,,,,,
,6040,31472.987084591,1778141904.0681074,100,2.0025878970045596,,,,,,,,,,,,,,,,,,,,,,,,,,,,,,,,,,,,,,,,,,,
,6041,31474.009153081,1778141905.1004782,100,,0.0,0.0,0.0,0.0,0.0,0.0,0.0,0.0011315580049995333,0.0,0.0,0.0,0.0,0.0,0.0,0.0,,,,,,,,,,,,,,,,,,,,,,,,,,,,
,6042,31474.00965175,1778141905.1009936,100,,,,,,,,,,,,,,,,,0.0017376269970554858,,,,,,,,,,,,,,,,,,,,,,,,,,,
,6043,31474.010807701,1778141905.1020622,100,,,,,,,,,,,,,,,,,,116.35368815799302,,,,,,,,,,,,,,,,,,,,,,,,,,
,6044,31476.017881651,1778141907.1091082,100,2.006696620999719,,,,,,,,,,,,,,,,,,,,,,,,,,,,,,,,,,,,,,,,,,,
,6045,31477.083715841,1778141908.174716,100,,,,,,,,,,,,,,,,,,,3.0725078390096314,,,,,,,,,,,,,,,,,,,,,,,,,
112.34545631700894,6046,31589.432730353,1778142020.5237317,100,,,,,,,,,,,,,,,,,,,,,,,,,,,,,,,,,,,,,,,,,,,,
,6047,31591.293075466,1778142022.3740485,100,1.8100359410018427,,,,,,,,,,,,,,,,,,,,,,,,,,,,,,,,,,,,,,,,,,,
,6048,31592.17077308,1778142023.262096,100,,0.0,0.0,0.0,0.0,0.0,0.0,0.0,0.0011947679886361584,0.0,0.0,0.0,0.0,0.0,0.0,0.0,,,,,,,,,,,,,,,,,,,,,,,,,,,,
,6049,31592.171289492,1778142023.2625966,100,,,,,,,,,,,,,,,,,0.0017838060011854395,,,,,,,,,,,,,,,,,,,,,,,,,,,
,6050,31592.17253046,1778142023.2637944,100,,,,,,,,,,,,,,,,,,115.08738368000195,,,,,,,,,,,,,,,,,,,,,,,,,,
,6051,31593.984926102,1778142025.076041,100,1.8119725400028983,,,,,,,,,,,,,,,,,,,,,,,,,,,,,,,,,,,,,,,,,,,
,6052,31594.910403802,1778142026.001383,100,,,,,,,,,,,,,,,,,,,2.737434871000005,,,,,,,,,,,,,,,,,,,,,,,,,
114.82982140900276,6053,31709.743593026,1778142140.8345888,100,,,,,,,,,,,,,,,,,,,,,,,,,,,,,,,,,,,,,,,,,,,,
,6054,31711.79093447,1778142142.8668044,100,1.9932064570020884,,,,,,,,,,,,,,,,,,,,,,,,,,,,,,,,,,,,,,,,,,,
,6055,31712.806970374,1778142143.8981607,100,,0.0,0.0,0.0,0.0,0.0,0.0,0.0,0.0013016709999646991,0.0,0.0,0.0,0.0,0.0,0.0,0.0,,,,,,,,,,,,,,,,,,,,,,,,,,,,
,6056,31712.807258865,1778142143.8985662,100,,,,,,,,,,,,,,,,,0.001810876012314111,,,,,,,,,,,,,,,,,,,,,,,,,,,
,6057,31712.808580016,1778142143.899784,100,,,,,,,,,,,,,,,,,,117.89683752099518,,,,,,,,,,,,,,,,,,,,,,,,,,
,6058,31714.810514228,1778142145.9015107,100,2.0013912949943915,,,,,,,,,,,,,,,,,,,,,,,,,,,,,,,,,,,,,,,,,,,
,6059,31715.873356028,1778142146.9638104,100,,,,,,,,,,,,,,,,,,,3.063826026991592,,,,,,,,,,,,,,,,,,,,,,,,,
113.37800370399782,6060,31829.254325483,1778142260.34537,100,,,,,,,,,,,,,,,,,,,,,,,,,,,,,,,,,,,,,,,,,,,,
,6061,31831.058210036,1778142262.1443863,100,1.7587750560051063,,,,,,,,,,,,,,,,,,,,,,,,,,,,,,,,,,,,,,,,,,,
,6062,31831.916997386,1778142263.0081966,100,,0.0,0.0,0.0,0.0,0.0,0.0,0.0,0.0010218910028925166,0.0,0.0,0.0,0.0,0.0,0.0,0.0,,,,,,,,,,,,,,,,,,,,,,,,,,,,
,6063,31831.917285871,1778142263.008638,100,,,,,,,,,,,,,,,,,0.0015540910098934546,,,,,,,,,,,,,,,,,,,,,,,,,,,
,6064,31831.91851291,1778142263.0097485,100,,,,,,,,,,,,,,,,,,116.0441928809887,,,,,,,,,,,,,,,,,,,,,,,,,,
,6065,31833.686924948,1778142264.77795,100,1.767826700990554,,,,,,,,,,,,,,,,,,,,,,,,,,,,,,,,,,,,,,,,,,,
,6066,31834.590606067,1778142265.6816912,100,,,,,,,,,,,,,,,,,,,2.6717867419938557,,,,,,,,,,,,,,,,,,,,,,,,,
113.85111107501143,6067,31948.44544841,1778142379.536464,100,,,,,,,,,,,,,,,,,,,,,,,,,,,,,,,,,,,,,,,,,,,,
,6068,31950.336191937,1778142381.4120507,100,1.8354229539982043,,,,,,,,,,,,,,,,,,,,,,,,,,,,,,,,,,,,,,,,,,,
,6069,31951.191603207,1778142382.2829092,100,,0.0,0.0,0.0,0.0,0.0,0.0,0.0,0.0010924280068138614,0.0,0.0,0.0,0.0,0.0,0.0,0.0,,,,,,,,,,,,,,,,,,,,,,,,,,,,
,6070,31951.192052634,1778142382.2834077,100,,,,,,,,,,,,,,,,,0.0016831959947012365,,,,,,,,,,,,,,,,,,,,,,,,,,,
,6071,31951.193216655,1778142382.2844906,100,,,,,,,,,,,,,,,,,,116.60085844699643,,,,,,,,,,,,,,,,,,,,,,,,,,
,6072,31953.022411822,1778142384.1133292,100,1.8285709579940885,,,,,,,,,,,,,,,,,,,,,,,,,,,,,,,,,,,,,,,,,,,
,6073,31953.936716885,1778142385.0276856,100,,,,,,,,,,,,,,,,,,,2.743019361005281,,,,,,,,,,,,,,,,,,,,,,,,,
114.19541547801055,6074,32068.135501439,1778142499.22647,100,,,,,,,,,,,,,,,,,,,,,,,,,,,,,,,,,,,,,,,,,,,,
,6075,32070.039297837,1778142501.1175475,100,1.850625981009216,,,,,,,,,,,,,,,,,,,,,,,,,,,,,,,,,,,,,,,,,,,
,6076,32070.933163584,1778142502.024503,100,,0.0,0.0,0.0,0.0,0.0,0.0,0.0,0.0014067040028749034,0.0,0.0,0.0,0.0,0.0,0.0,0.0,,,,,,,,,,,,,,,,,,,,,,,,,,,,
,6077,32070.93366029,1778142502.025002,100,,,,,,,,,,,,,,,,,0.001998608000576496,,,,,,,,,,,,,,,,,,,,,,,,,,,
,6078,32070.934853169,1778142502.0260992,100,,,,,,,,,,,,,,,,,,116.99679062399082,,,,,,,,,,,,,,,,,,,,,,,,,,
,6079,32072.7916396,1778142503.8828046,100,1.8563536569999997,,,,,,,,,,,,,,,,,,,,,,,,,,,,,,,,,,,,,,,,,,,
,6080,32073.733942297,1778142504.8250232,100,,,,,,,,,,,,,,,,,,,2.7987611980061047,,,,,,,,,,,,,,,,,,,,,,,,,
113.86280560500745,6081,32187.60093126,1778142618.691988,100,,,,,,,,,,,,,,,,,,,,,,,,,,,,,,,,,,,,,,,,,,,,
,6082,32189.469849252,1778142620.5508764,100,1.818374740993022,,,,,,,,,,,,,,,,,,,,,,,,,,,,,,,,,,,,,,,,,,,
,6083,32190.352083722,1778142621.443364,100,,0.0,0.0,0.0,0.0,0.0,0.0,0.0,0.0012649459968088195,0.0,0.0,0.0,0.0,0.0,0.0,0.0,,,,,,,,,,,,,,,,,,,,,,,,,,,,
,6084,32190.352428605,1778142621.443754,100,,,,,,,,,,,,,,,,,0.0017625150067033246,,,,,,,,,,,,,,,,,,,,,,,,,,,
,6085,32190.353825863,1778142621.4449198,100,,,,,,,,,,,,,,,,,,116.61790059899795,,,,,,,,,,,,,,,,,,,,,,,,,,
,6086,32192.175216354,1778142623.2663863,100,1.8212209990015253,,,,,,,,,,,,,,,,,,,,,,,,,,,,,,,,,,,,,,,,,,,
,6087,32193.102843417,1778142624.1940374,100,,,,,,,,,,,,,,,,,,,2.7489424029918155,,,,,,,,,,,,,,,,,,,,,,,,,
114.1400336719962,6088,32307.246856217,1778142738.3379047,100,,,,,,,,,,,,,,,,,,,,,,,,,,,,,,,,,,,,,,,,,,,,
,6089,32309.2654774,1778142740.3464565,100,1.9705644469941035,,,,,,,,,,,,,,,,,,,,,,,,,,,,,,,,,,,,,,,,,,,
,6090,32310.276717205,1778142741.3656046,100,,0.0,0.0,0.0,0.0,0.0,0.0,0.0,0.0023380689963232726,0.0,0.0,0.12233306025154889,0.0,0.0,0.0,0.0,,,,,,,,,,,,,,,,,,,,,,,,,,,,
,6091,32310.276900025,1778142741.368248,100,,,,,,,,,,,,,,,,,0.005068635000498034,,,,,,,,,,,,,,,,,,,,,,,,,,,
,6092,32310.278185206,1778142741.3694232,100,,,,,,,,,,,,,,,,,,117.1734375100059,,,,,,,,,,,,,,,,,,,,,,,,,,
,6093,32312.260528641,1778142743.3516216,100,1.981896245997632,,,,,,,,,,,,,,,,,,,,,,,,,,,,,,,,,,,,,,,,,,,
,6094,32313.314594845,1778142744.4057317,100,,,,,,,,,,,,,,,,,,,3.0361190659896238,,,,,,,,,,,,,,,,,,,,,,,,,
114.31897857500007,6095,32427.637985421,1778142858.7289872,100,,,,,,,,,,,,,,,,,,,,,,,,,,,,,,,,,,,,,,,,,,,,
,6096,32429.673699675,1778142860.754708,100,1.9862645699904533,,,,,,,,,,,,,,,,,,,,,,,,,,,,,,,,,,,,,,,,,,,
,6097,32431.096204398,1778142862.1845849,100,,0.021034624881838493,0.0,0.0,0.0,0.125,0.0,0.03672664015498382,0.40395503300533164,0.0009633243371128935,0.0,0.1,0.125,0.0,0.04242794873068864,0.11904761904761904,,,,,,,,,,,,,,,,,,,,,,,,,,,,
,6098,32431.09629131,1778142862.184911,100,,,,,,,,,,,,,,,,,0.4043783889937913,,,,,,,,,,,,,,,,,,,,,,,,,,,
,6099,32431.096319397,1778142862.1859949,100,,,,,,,,,,,,,,,,,,117.7780634160008,,,,,,,,,,,,,,,,,,,,,,,,,,
,6100,32433.091973201,1778142864.1831563,100,1.9969571960100438,,,,,,,,,,,,,,,,,,,,,,,,,,,,,,,,,,,,,,,,,,,
,6101,32434.151058461,1778142865.2421253,100,,,,,,,,,,,,,,,,,,,3.055978630989557,,,,,,,,,,,,,,,,,,,,,,,,,
112.97985482100921,6102,32547.134907869,1778142978.2259572,100,,,,,,,,,,,,,,,,,,,,,,,,,,,,,,,,,,,,,,,,,,,,
,6103,32549.041685818,1778142980.1226208,100,1.8558839940087637,,,,,,,,,,,,,,,,,,,,,,,,,,,,,,,,,,,,,,,,,,,
,6104,32550.671562533,1778142981.7602057,100,,0.13478356829189986,0.0,0.0,0.0,0.2375,0.0,0.05242519583923139,0.7552335630025482,0.001357197147105945,0.0,0.20777816666666665,0.25,0.0,0.1367524085824948,0.17539622911523736,,,,,,,,,,,,,,,,,,,,,,,,,,,,
,6105,32550.671656081,1778142981.7629514,100,,,,,,,,,,,,,,,,,0.7581195590028074,,,,,,,,,,,,,,,,,,,,,,,,,,,
,6106,32550.673311822,1778142981.764501,100,,,,,,,,,,,,,,,,,,116.52040147301159,,,,,,,,,,,,,,,,,,,,,,,,,,
,6107,32552.523517555,1778142983.6147351,100,1.8498986220074585,,,,,,,,,,,,,,,,,,,,,,,,,,,,,,,,,,,,,,,,,,,
,6108,32553.447827108,1778142984.5389118,100,,,,,,,,,,,,,,,,,,,2.774198225000873,,,,,,,,,,,,,,,,,,,,,,,,,
113.58414429800177,6109,32667.035474912,1778143098.126545,100,,,,,,,,,,,,,,,,,,,,,,,,,,,,,,,,,,,,,,,,,,,,
,6110,32669.103710475,1778143100.184775,100,2.016337838009349,,,,,,,,,,,,,,,,,,,,,,,,,,,,,,,,,,,,,,,,,,,
,6111,32670.347141504,1778143101.4382122,100,,0.0,0.0,0.0,0.0,0.0,0.0,0.0,0.30649920500582084,0.0035219638789258127,0.0,0.0,0.0,0.0,0.0,0.0,,,,,,,,,,,,,,,,,,,,,,,,,,,,
,6112,32670.351780765,1778143101.4428537,100,,,,,,,,,,,,,,,,,0.3112070569914067,,,,,,,,,,,,,,,,,,,,,,,,,,,
,6113,32670.352957166,1778143101.4442203,100,,,,,,,,,,,,,,,,,,116.90369481900416,,,,,,,,,,,,,,,,,,,,,,,,,,
,6114,32672.372276779,1778143103.463379,100,2.0127167660102714,,,,,,,,,,,,,,,,,,,,,,,,,,,,,,,,,,,,,,,,,,,
,6115,32673.367839866,1778143104.45882,100,,,,,,,,,,,,,,,,,,,3.0144248430005973,,,,,,,,,,,,,,,,,,,,,,,,,
115.89968877298816,6116,32789.271222459,1778143220.3623385,100,,,,,,,,,,,,,,,,,,,,,,,,,,,,,,,,,,,,,,,,,,,,
,6117,32791.121704181,1778143222.202771,100,1.800542041004519,,,,,,,,,,,,,,,,,,,,,,,,,,,,,,,,,,,,,,,,,,,
,6118,32792.552349386,1778143223.641249,100,,0.0944987949524381,0.0,0.0,0.0,0.2,0.0,0.08998514169099316,0.5560327369894367,0.002464772211938871,0.0,0.175,0.25,0.0,0.06990797835027578,0.15278368035461676,,,,,,,,,,,,,,,,,,,,,,,,,,,,
,6119,32792.55250187,1778143223.6436162,100,,,,,,,,,,,,,,,,,0.5584955130034359,,,,,,,,,,,,,,,,,,,,,,,,,,,
,6120,32792.554111382,1778143223.645259,100,,,,,,,,,,,,,,,,,,119.18460745800985,,,,,,,,,,,,,,,,,,,,,,,,,,
,6121,32794.355717224,1778143225.4466667,100,1.800905413008877,,,,,,,,,,,,,,,,,,,,,,,,,,,,,,,,,,,,,,,,,,,
,6122,32795.276445885,1778143226.3674977,100,,,,,,,,,,,,,,,,,,,2.7220531640050467,,,,,,,,,,,,,,,,,,,,,,,,,
113.16408935299842,6123,32908.444738339,1778143339.5357916,100,,,,,,,,,,,,,,,,,,,,,,,,,,,,,,,,,,,,,,,,,,,,
,6124,32910.45165904,1778143341.5325966,100,1.9518058739922708,,,,,,,,,,,,,,,,,,,,,,,,,,,,,,,,,,,,,,,,,,,
,6125,32911.450560418,1778143342.5418987,100,,0.0,0.0,0.0,0.0,0.0,0.0,0.0,0.0011056280054617673,0.0,0.0,0.0,0.0,0.0,0.0,0.0,,,,,,,,,,,,,,,,,,,,,,,,,,,,
,6126,32911.451071466,1778143342.5423625,100,,,,,,,,,,,,,,,,,0.001664857001742348,,,,,,,,,,,,,,,,,,,,,,,,,,,
,6127,32911.452508417,1778143342.54367,100,,,,,,,,,,,,,,,,,,116.17419590200006,,,,,,,,,,,,,,,,,,,,,,,,,,
,6128,32913.414491774,1778143344.5056996,100,1.9616106530011166,,,,,,,,,,,,,,,,,,,,,,,,,,,,,,,,,,,,,,,,,,,
,6129,32914.457821253,1778143345.5489156,100,,,,,,,,,,,,,,,,,,,3.0049967840022873,,,,,,,,,,,,,,,,,,,,,,,,,
113.90025324499584,6130,33028.361894287,1778143459.4529347,100,,,,,,,,,,,,,,,,,,,,,,,,,,,,,,,,,,,,,,,,,,,,
,6131,33030.227436686,1778143461.3083777,100,1.8156850160012254,,,,,,,,,,,,,,,,,,,,,,,,,,,,,,,,,,,,,,,,,,,
,6132,33031.106205041,1778143462.1973577,100,,0.0,0.0,0.0,0.0,0.0,0.0,0.0,0.0010719290003180504,0.0,0.0,0.0,0.0,0.0,0.0,0.0,,,,,,,,,,,,,,,,,,,,,,,,,,,,
,6133,33031.106447463,1778143462.1977923,100,,,,,,,,,,,,,,,,,0.0015942729951348156,,,,,,,,,,,,,,,,,,,,,,,,,,,
,6134,33031.107553604,1778143462.1988525,100,,,,,,,,,,,,,,,,,,116.6481053489988,,,,,,,,,,,,,,,,,,,,,,,,,,
,6135,33032.925488383,1778143464.0166879,100,1.8175963000103366,,,,,,,,,,,,,,,,,,,,,,,,,,,,,,,,,,,,,,,,,,,
,6136,33033.854100136,1778143464.9451141,100,,,,,,,,,,,,,,,,,,,2.746093287001713,,,,,,,,,,,,,,,,,,,,,,,,,
113.1226955359889,6137,33146.982713899,1778143578.0737681,100,,,,,,,,,,,,,,,,,,,,,,,,,,,,,,,,,,,,,,,,,,,,
,6138,33148.837215986,1778143579.91823,100,1.804348856996512,,,,,,,,,,,,,,,,,,,,,,,,,,,,,,,,,,,,,,,,,,,
,6139,33149.710593308,1778143580.8017514,100,,0.0,0.0,0.0,0.0,0.0,0.0,0.0,0.0011464379931567237,0.0,0.0,0.0,0.0,0.0,0.0,0.0,,,,,,,,,,,,,,,,,,,,,,,,,,,,
,6140,33149.710869508,1778143580.8022225,100,,,,,,,,,,,,,,,,,0.0017136990063590929,,,,,,,,,,,,,,,,,,,,,,,,,,,
,6141,33149.712092868,1778143580.803326,100,,,,,,,,,,,,,,,,,,115.85517567300121,,,,,,,,,,,,,,,,,,,,,,,,,,
,6142,33151.514874073,1778143582.606067,100,1.8023644909990253,,,,,,,,,,,,,,,,,,,,,,,,,,,,,,,,,,,,,,,,,,,
,6143,33152.434941378,1778143583.5261343,100,,,,,,,,,,,,,,,,,,,2.7226565410092007,,,,,,,,,,,,,,,,,,,,,,,,,
113.66011348599568,6144,33266.099070651,1778143697.1900892,100,,,,,,,,,,,,,,,,,,,,,,,,,,,,,,,,,,,,,,,,,,,,
,6145,33268.097025439,1778143699.1779792,100,1.9488276500051143,,,,,,,,,,,,,,,,,,,,,,,,,,,,,,,,,,,,,,,,,,,
,6146,33269.09464477,1778143700.1859033,100,,0.0,0.0,0.0,0.0,0.0,0.0,0.0,0.0009902000019792467,0.0,0.0,0.0,0.0,0.0,0.0,0.0,,,,,,,,,,,,,,,,,,,,,,,,,,,,
,6147,33269.095305021,1778143700.1866133,100,,,,,,,,,,,,,,,,,0.0017779649933800101,,,,,,,,,,,,,,,,,,,,,,,,,,,
,6148,33269.096457263,1778143700.1877198,100,,,,,,,,,,,,,,,,,,116.65989014899242,,,,,,,,,,,,,,,,,,,,,,,,,,
,6149,33271.057901353,1778143702.1488824,100,1.9609138990053907,,,,,,,,,,,,,,,,,,,,,,,,,,,,,,,,,,,,,,,,,,,
,6150,33272.100420228,1778143703.1914177,100,,,,,,,,,,,,,,,,,,,3.0035522429971024,,,,,,,,,,,,,,,,,,,,,,,,,
114.93415900599211,6151,33387.038262083,1778143818.1293123,100,,,,,,,,,,,,,,,,,,,,,,,,,,,,,,,,,,,,,,,,,,,,
,6152,33388.887303534,1778143819.9683454,100,1.7983287800016114,,,,,,,,,,,,,,,,,,,,,,,,,,,,,,,,,,,,,,,,,,,
,6153,33389.761467406,1778143820.8527184,100,,0.0,0.0,0.0,0.0,0.0,0.0,0.0,0.0011363259982317686,0.0,0.0,0.0,0.0,0.0,0.0,0.0,,,,,,,,,,,,,,,,,,,,,,,,,,,,
,6154,33389.761895542,1778143820.8532343,100,,,,,,,,,,,,,,,,,0.0017465729906689376,,,,,,,,,,,,,,,,,,,,,,,,,,,
,6155,33389.763155634,1778143820.8543766,100,,,,,,,,,,,,,,,,,,117.66123725500074,,,,,,,,,,,,,,,,,,,,,,,,,,
,6156,33391.56577134,1778143822.6568947,100,1.8022175859950949,,,,,,,,,,,,,,,,,,,,,,,,,,,,,,,,,,,,,,,,,,,
,6157,33392.488050622,1778143823.5790994,100,,,,,,,,,,,,,,,,,,,2.7245605119969696,,,,,,,,,,,,,,,,,,,,,,,,,
114.02671830500185,6158,33506.518563422,1778143937.6095417,100,,,,,,,,,,,,,,,,,,,,,,,,,,,,,,,,,,,,,,,,,,,,
,6159,33508.366303481,1778143939.442302,100,1.7930130340100732,,,,,,,,,,,,,,,,,,,,,,,,,,,,,,,,,,,,,,,,,,,
,6160,33509.230596757,1778143940.321903,100,,0.0,0.0,0.0,0.0,0.0,0.0,0.0,0.0010044869995908812,0.0,0.0,0.0,0.0,0.0,0.0,0.0,,,,,,,,,,,,,,,,,,,,,,,,,,,,
,6161,33509.231108096,1778143940.3224158,100,,,,,,,,,,,,,,,,,0.001593353008502163,,,,,,,,,,,,,,,,,,,,,,,,,,,
,6162,33509.233086142,1778143940.323525,100,,,,,,,,,,,,,,,,,,116.74259921300109,,,,,,,,,,,,,,,,,,,,,,,,,,
,6163,33511.029266674,1778143942.1203418,100,1.7965631999977631,,,,,,,,,,,,,,,,,,,,,,,,,,,,,,,,,,,,,,,,,,,
,6164,33511.94763657,1778143943.03885,100,,,,,,,,,,,,,,,,,,,2.7151716299995314,,,,,,,,,,,,,,,,,,,,,,,,,
113.00773517700145,6165,33624.959039366,1778144056.0501223,100,,,,,,,,,,,,,,,,,,,,,,,,,,,,,,,,,,,,,,,,,,,,
,6166,33626.803601504,1778144057.8796191,100,1.7851326140080346,,,,,,,,,,,,,,,,,,,,,,,,,,,,,,,,,,,,,,,,,,,
,6167,33627.664077528,1778144058.755357,100,,0.0,0.0,0.0,0.0,0.0,0.0,0.0,0.0010275829990860075,0.0,0.0,0.0,0.0,0.0,0.0,0.0,,,,,,,,,,,,,,,,,,,,,,,,,,,,
,6168,33627.664706228,1778144058.7560298,100,,,,,,,,,,,,,,,,,0.0017773639992810786,,,,,,,,,,,,,,,,,,,,,,,,,,,
,6169,33627.665977549,1778144058.7571447,100,,,,,,,,,,,,,,,,,,115.71662028900755,,,,,,,,,,,,,,,,,,,,,,,,,,
,6170,33629.458678965,1778144060.5498548,100,1.7921922509995056,,,,,,,,,,,,,,,,,,,,,,,,,,,,,,,,,,,,,,,,,,,
,6171,33630.373990278,1778144061.4651628,100,,,,,,,,,,,,,,,,,,,2.707772849011235,,,,,,,,,,,,,,,,,,,,,,,,,
112.74543301000085,6172,33743.12333324,1778144174.2142577,100,,,,,,,,,,,,,,,,,,,,,,,,,,,,,,,,,,,,,,,,,,,,
,6173,33745.170712678,1778144176.251628,100,1.9972574139974313,,,,,,,,,,,,,,,,,,,,,,,,,,,,,,,,,,,,,,,,,,,
,6174,33746.586865712,1778144177.6746726,100,,0.021034624881838493,0.0,0.0,0.0,0.125,0.0,0.03672664015498382,0.45757917800801806,0.0009633243371128935,0.0,0.1,0.125,0.0,0.04242794873068864,0.11904761904761904,,,,,,,,,,,,,,,,,,,,,,,,,,,,
,6175,33746.586919462,1778144177.6777155,100,,,,,,,,,,,,,,,,,0.4607108799973503,,,,,,,,,,,,,,,,,,,,,,,,,,,
,6176,33746.588226908,1778144177.6792626,100,,,,,,,,,,,,,,,,,,116.21217594800692,,,,,,,,,,,,,,,,,,,,,,,,,,
,6177,33748.557353965,1778144179.6484547,100,1.9689960410032654,,,,,,,,,,,,,,,,,,,,,,,,,,,,,,,,,,,,,,,,,,,
,6178,33749.593489904,1778144180.6843407,100,,,,,,,,,,,,,,,,,,,3.004914471996017,,,,,,,,,,,,,,,,,,,,,,,,,
113.13327716800268,6179,33862.730747439,1778144293.8218184,100,,,,,,,,,,,,,,,,,,,,,,,,,,,,,,,,,,,,,,,,,,,,
,6180,33864.576127779,1778144295.6570413,100,1.790246021002531,,,,,,,,,,,,,,,,,,,,,,,,,,,,,,,,,,,,,,,,,,,
,6181,33865.444978108,1778144296.5361037,100,,0.0,0.0,0.0,0.0,0.0,0.0,0.0,0.001277921997825615,0.0,0.0,0.0,0.0,0.0,0.0,0.0,,,,,,,,,,,,,,,,,,,,,,,,,,,,
,6182,33865.445188885,1778144296.5364735,100,,,,,,,,,,,,,,,,,0.0017459330119891092,,,,,,,,,,,,,,,,,,,,,,,,,,,
,6183,33865.446458156,1778144296.5376706,100,,,,,,,,,,,,,,,,,,115.85128353399341,,,,,,,,,,,,,,,,,,,,,,,,,,
,6184,33867.239639718,1778144298.3307118,100,1.7927460409991909,,,,,,,,,,,,,,,,,,,,,,,,,,,,,,,,,,,,,,,,,,,
,6185,33868.158851129,1778144299.2492962,100,,,,,,,,,,,,,,,,,,,2.711469180008862,,,,,,,,,,,,,,,,,,,,,,,,,
113.12877838900022,6186,33981.290927254,1778144412.3819172,100,,,,,,,,,,,,,,,,,,,,,,,,,,,,,,,,,,,,,,,,,,,,
,6187,33983.338721342,1778144414.4195356,100,1.998254748992622,,,,,,,,,,,,,,,,,,,,,,,,,,,,,,,,,,,,,,,,,,,
,6188,33984.358888895,1778144415.450114,100,,0.0,0.0,0.0,0.0,0.0,0.0,0.0,0.0010724769963417202,0.0,0.0,0.0,0.0,0.0,0.0,0.0,,,,,,,,,,,,,,,,,,,,,,,,,,,,
,6189,33984.35931022,1778144415.450641,100,,,,,,,,,,,,,,,,,0.0016897550085559487,,,,,,,,,,,,,,,,,,,,,,,,,,,
,6190,33984.360481728,1778144415.4517376,100,,,,,,,,,,,,,,,,,,116.20073687100376,,,,,,,,,,,,,,,,,,,,,,,,,,
,6191,33986.366203356,1778144417.4571857,100,2.0051858829974663,,,,,,,,,,,,,,,,,,,,,,,,,,,,,,,,,,,,,,,,,,,
,6192,33987.431222843,1778144418.5221663,100,,,,,,,,,,,,,,,,,,,3.070278628001688,,,,,,,,,,,,,,,,,,,,,,,,,
113.42090879099851,6193,34100.855711503,1778144531.9468079,100,,,,,,,,,,,,,,,,,,,,,,,,,,,,,,,,,,,,,,,,,,,,
,6194,34102.692270842,1778144533.7680361,100,1.7811453639878891,,,,,,,,,,,,,,,,,,,,,,,,,,,,,,,,,,,,,,,,,,,
,6195,34103.551618492,1778144534.6427226,100,,0.0,0.0,0.0,0.0,0.0,0.0,0.0,0.001061179005773738,0.0,0.0,0.0,0.0,0.0,0.0,0.0,,,,,,,,,,,,,,,,,,,,,,,,,,,,
,6196,34103.551827093,1778144534.6431558,100,,,,,,,,,,,,,,,,,0.0015831220080144703,,,,,,,,,,,,,,,,,,,,,,,,,,,
,6197,34103.553140606,1778144534.6442568,100,,,,,,,,,,,,,,,,,,116.12052660399058,,,,,,,,,,,,,,,,,,,,,,,,,,
,6198,34105.341315987,1778144536.432486,100,1.7880081970070023,,,,,,,,,,,,,,,,,,,,,,,,,,,,,,,,,,,,,,,,,,,
,6199,34106.253281732,1778144537.3444638,100,,,,,,,,,,,,,,,,,,,2.700053962995298,,,,,,,,,,,,,,,,,,,,,,,,,
114.10411984199891,6200,34220.361556737,1778144651.4525554,100,,,,,,,,,,,,,,,,,,,,,,,,,,,,,,,,,,,,,,,,,,,,
,6201,34222.208549729,1778144653.28454,100,1.7917330159980338,,,,,,,,,,,,,,,,,,,,,,,,,,,,,,,,,,,,,,,,,,,
,6202,34223.072243672,1778144654.1635392,100,,0.0,0.0,0.0,0.0,0.0,0.0,0.0,0.0011254850105615333,0.0,0.0,0.0,0.0,0.0,0.0,0.0,,,,,,,,,,,,,,,,,,,,,,,,,,,,
,6203,34223.072686843,1778144654.164028,100,,,,,,,,,,,,,,,,,0.0017014600016409531,,,,,,,,,,,,,,,,,,,,,,,,,,,
,6204,34223.073882138,1778144654.1651177,100,,,,,,,,,,,,,,,,,,116.81863368699851,,,,,,,,,,,,,,,,,,,,,,,,,,
,6205,34224.874783058,1778144655.9659574,100,1.8004647380003007,,,,,,,,,,,,,,,,,,,,,,,,,,,,,,,,,,,,,,,,,,,
,6206,34225.791482651,1778144656.8825848,100,,,,,,,,,,,,,,,,,,,2.717300072006765,,,,,,,,,,,,,,,,,,,,,,,,,
113.76872427300259,6207,34339.563674068,1778144770.6547256,100,,,,,,,,,,,,,,,,,,,,,,,,,,,,,,,,,,,,,,,,,,,,
,6208,34341.375933151,1778144772.4569063,100,1.758225665995269,,,,,,,,,,,,,,,,,,,,,,,,,,,,,,,,,,,,,,,,,,,
,6209,34342.692223892,1778144773.7828052,100,,0.021034624881838493,0.0,0.0,0.0,0.125,0.0,0.03672664015498382,0.4635522439930355,0.0009633243371128935,0.0,0.1,0.125,0.0,0.04242794873068864,0.11904761904761904,,,,,,,,,,,,,,,,,,,,,,,,,,,,
,6210,34342.695605574,1778144773.7866404,100,,,,,,,,,,,,,,,,,0.46746940599405207,,,,,,,,,,,,,,,,,,,,,,,,,,,
,6211,34342.697074188,1778144773.7880304,100,,,,,,,,,,,,,,,,,,116.903827171991,,,,,,,,,,,,,,,,,,,,,,,,,,
,6212,34344.460011674,1778144775.5509892,100,1.7625770270096837,,,,,,,,,,,,,,,,,,,,,,,,,,,,,,,,,,,,,,,,,,,
,6213,34345.361975809,1778144776.453163,100,,,,,,,,,,,,,,,,,,,2.6648480739968363,,,,,,,,,,,,,,,,,,,,,,,,,
113.46636861900333,6214,34458.832115095,1778144889.9231155,100,,,,,,,,,,,,,,,,,,,,,,,,,,,,,,,,,,,,,,,,,,,,
,6215,34460.66470608,1778144891.7456458,100,1.7824587729992345,,,,,,,,,,,,,,,,,,,,,,,,,,,,,,,,,,,,,,,,,,,
,6216,34461.530355513,1778144892.6216676,100,,0.0,0.0,0.0,0.0,0.0,0.0,0.0,0.001377749998937361,0.0,0.0,0.0,0.0,0.0,0.0,0.0,,,,,,,,,,,,,,,,,,,,,,,,,,,,
,6217,34461.531168788,1778144892.6221542,100,,,,,,,,,,,,,,,,,0.0019724099984159693,,,,,,,,,,,,,,,,,,,,,,,,,,,
,6218,34461.532135936,1778144892.6233604,100,,,,,,,,,,,,,,,,,,116.16843702799815,,,,,,,,,,,,,,,,,,,,,,,,,,
,6219,34463.321234231,1778144894.412199,100,1.7884447629912756,,,,,,,,,,,,,,,,,,,,,,,,,,,,,,,,,,,,,,,,,,,
,6220,34464.235972832,1778144895.3264236,100,,,,,,,,,,,,,,,,,,,2.702899202995468,,,,,,,,,,,,,,,,,,,,,,,,,
114.41171250600019,6221,34578.650707704,1778145009.7416716,100,,,,,,,,,,,,,,,,,,,,,,,,,,,,,,,,,,,,,,,,,,,,
,6222,34580.541773679,1778145011.6177368,100,1.833072915993398,,,,,,,,,,,,,,,,,,,,,,,,,,,,,,,,,,,,,,,,,,,
,6223,34581.394379624,1778145012.4856813,100,,0.0,0.0,0.0,0.0,0.0,0.0,0.0,0.0010033699945779517,0.0,0.0,0.0,0.0,0.0,0.0,0.0,,,,,,,,,,,,,,,,,,,,,,,,,,,,
,6224,34581.394854861,1778145012.4862,100,,,,,,,,,,,,,,,,,0.0016153979959199205,,,,,,,,,,,,,,,,,,,,,,,,,,,
,6225,34581.396075084,1778145012.4873147,100,,,,,,,,,,,,,,,,,,117.15914591299952,,,,,,,,,,,,,,,,,,,,,,,,,,
,6226,34583.22421363,1778145014.315412,100,1.827821425991715,,,,,,,,,,,,,,,,,,,,,,,,,,,,,,,,,,,,,,,,,,,
,6227,34584.13747358,1778145015.2285733,100,,,,,,,,,,,,,,,,,,,2.741105195993441,,,,,,,,,,,,,,,,,,,,,,,,,
113.32314595700882,6228,34697.464221913,1778145128.5552983,100,,,,,,,,,,,,,,,,,,,,,,,,,,,,,,,,,,,,,,,,,,,,
,6229,34699.467683244,1778145130.5436792,100,1.950937524001347,,,,,,,,,,,,,,,,,,,,,,,,,,,,,,,,,,,,,,,,,,,
,6230,34700.462730241,1778145131.553802,100,,0.0,0.0,0.0,0.0,0.0,0.0,0.0,0.0010409450042061508,0.0,0.0,0.0,0.0,0.0,0.0,0.0,,,,,,,,,,,,,,,,,,,,,,,,,,,,
,6231,34700.462874623,1778145131.5542018,100,,,,,,,,,,,,,,,,,0.0015295880002668127,,,,,,,,,,,,,,,,,,,,,,,,,,,
,6232,34700.464233731,1778145131.5553412,100,,,,,,,,,,,,,,,,,,116.32520429400029,,,,,,,,,,,,,,,,,,,,,,,,,,
,6233,34702.425195335,1778145133.5162468,100,1.9607088639895665,,,,,,,,,,,,,,,,,,,,,,,,,,,,,,,,,,,,,,,,,,,
,6234,34703.47011163,1778145134.5613146,100,,,,,,,,,,,,,,,,,,,3.0058374010113766,,,,,,,,,,,,,,,,,,,,,,,,,
114.11138810501143,6235,34817.585400686,1778145248.676366,100,,,,,,,,,,,,,,,,,,,,,,,,,,,,,,,,,,,,,,,,,,,,
,6236,34819.404937006,1778145250.4857824,100,1.7689596580021316,,,,,,,,,,,,,,,,,,,,,,,,,,,,,,,,,,,,,,,,,,,
,6237,34820.263646739,1778145251.3548918,100,,0.0,0.0,0.0,0.0,0.0,0.0,0.0,0.0011905389983439818,0.0,0.0,0.0,0.0,0.0,0.0,0.0,,,,,,,,,,,,,,,,,,,,,,,,,,,,
,6238,34820.264258848,1778145251.3555815,100,,,,,,,,,,,,,,,,,0.001963260001502931,,,,,,,,,,,,,,,,,,,,,,,,,,,
,6239,34820.265485875,1778145251.356746,100,,,,,,,,,,,,,,,,,,116.79359131699312,,,,,,,,,,,,,,,,,,,,,,,,,,
,6240,34822.040202342,1778145253.1312842,100,1.774289251989103,,,,,,,,,,,,,,,,,,,,,,,,,,,,,,,,,,,,,,,,,,,
,6241,34822.948197847,1778145254.0392675,100,,,,,,,,,,,,,,,,,,,2.682379764999496,,,,,,,,,,,,,,,,,,,,,,,,,
116.1688794560032,6242,34939.120824452,1778145370.2118416,100,,,,,,,,,,,,,,,,,,,,,,,,,,,,,,,,,,,,,,,,,,,,
,6243,34940.974098077,1778145372.0550077,100,1.7975839249993442,,,,,,,,,,,,,,,,,,,,,,,,,,,,,,,,,,,,,,,,,,,
,6244,34941.846921765,1778145372.9382327,100,,0.0,0.0,0.0,0.0,0.0,0.0,0.0,0.0011420009977882728,0.0,0.0,0.0,0.0,0.0,0.0,0.0,,,,,,,,,,,,,,,,,,,,,,,,,,,,
,6245,34941.847517773,1778145372.9387293,100,,,,,,,,,,,,,,,,,0.001735785001073964,,,,,,,,,,,,,,,,,,,,,,,,,,,
,6246,34941.84851077,1778145372.9397802,100,,,,,,,,,,,,,,,,,,118.89871847099857,,,,,,,,,,,,,,,,,,,,,,,,,,
,6247,34943.651741971,1778145374.742822,100,1.8027680850063916,,,,,,,,,,,,,,,,,,,,,,,,,,,,,,,,,,,,,,,,,,,
,6248,34944.569897623,1778145375.661009,100,,,,,,,,,,,,,,,,,,,2.7210714040120365,,,,,,,,,,,,,,,,,,,,,,,,,
114.26172231799865,6249,35058.835636806,1778145489.926583,100,,,,,,,,,,,,,,,,,,,,,,,,,,,,,,,,,,,,,,,,,,,,
,6250,35060.715474363,1778145491.8014622,100,1.8341197569970973,,,,,,,,,,,,,,,,,,,,,,,,,,,,,,,,,,,,,,,,,,,
,6251,35061.582496731,1778145492.6737258,100,,0.0,0.0,0.0,0.0,0.0,0.0,0.0,0.0014382219960680231,0.0,0.0,0.0,0.0,0.0,0.0,0.0,,,,,,,,,,,,,,,,,,,,,,,,,,,,
,6252,35061.582973442,1778145492.6742966,100,,,,,,,,,,,,,,,,,0.002089882007567212,,,,,,,,,,,,,,,,,,,,,,,,,,,
,6253,35061.584237814,1778145492.6754909,100,,,,,,,,,,,,,,,,,,117.01285231100337,,,,,,,,,,,,,,,,,,,,,,,,,,
,6254,35063.413324776,1778145494.50442,100,1.828640246996656,,,,,,,,,,,,,,,,,,,,,,,,,,,,,,,,,,,,,,,,,,,
,6255,35064.330208201,1778145495.4213634,100,,,,,,,,,,,,,,,,,,,2.745695968013024,,,,,,,,,,,,,,,,,,,,,,,,,
112.00000092400296,6256,35176.333968099,1778145607.4249346,100,,,,,,,,,,,,,,,,,,,,,,,,,,,,,,,,,,,,,,,,,,,,
,6257,35178.404748908,1778145609.4806182,100,2.015609551992384,,,,,,,,,,,,,,,,,,,,,,,,,,,,,,,,,,,,,,,,,,,
,6258,35179.747927598,1778145610.839141,100,,0.0,0.0,0.0,0.0,0.0,0.0,0.0,0.3863864070008276,0.0033339181914746035,0.0,0.0,0.0,0.0,0.0,0.0,,,,,,,,,,,,,,,,,,,,,,,,,,,,
,6259,35179.7482213,1778145610.839499,100,,,,,,,,,,,,,,,,,0.38685081899166107,,,,,,,,,,,,,,,,,,,,,,,,,,,
,6260,35179.749455297,1778145610.8406026,100,,,,,,,,,,,,,,,,,,115.41738844099746,,,,,,,,,,,,,,,,,,,,,,,,,,
,6261,35181.74052225,1778145612.831489,100,1.990672309009824,,,,,,,,,,,,,,,,,,,,,,,,,,,,,,,,,,,,,,,,,,,
,6262,35182.783919277,1778145613.8742616,100,,,,,,,,,,,,,,,,,,,3.033516387004056,,,,,,,,,,,,,,,,,,,,,,,,,
112.77706873198622,6263,35295.564041251,1778145726.6551135,100,,,,,,,,,,,,,,,,,,,,,,,,,,,,,,,,,,,,,,,,,,,,
,6264,35297.589461932,1778145728.6705458,100,1.9761562289932044,,,,,,,,,,,,,,,,,,,,,,,,,,,,,,,,,,,,,,,,,,,
,6265,35298.600665638,1778145729.6919463,100,,0.0,0.0,0.0,0.0,0.0,0.0,0.0,0.0010272799991071224,0.0,0.0,0.0,0.0,0.0,0.0,0.0,,,,,,,,,,,,,,,,,,,,,,,,,,,,
,6266,35298.601133794,1778145729.6924772,100,,,,,,,,,,,,,,,,,0.0016501100035384297,,,,,,,,,,,,,,,,,,,,,,,,,,,
,6267,35298.602313943,1778145729.6935298,100,,,,,,,,,,,,,,,,,,115.81768749799812,,,,,,,,,,,,,,,,,,,,,,,,,,
,6268,35300.589089635,1778145731.6800623,100,1.9862748919986188,,,,,,,,,,,,,,,,,,,,,,,,,,,,,,,,,,,,,,,,,,,
,6269,35301.647102384,1778145732.738293,100,,,,,,,,,,,,,,,,,,,3.044611047997023,,,,,,,,,,,,,,,,,,,,,,,,,
112.59659340699727,6270,35414.247409489,1778145845.338493,100,,,,,,,,,,,,,,,,,,,,,,,,,,,,,,,,,,,,,,,,,,,,
,6271,35416.096212194,1778145847.1823866,100,1.8044115279917605,,,,,,,,,,,,,,,,,,,,,,,,,,,,,,,,,,,,,,,,,,,
,6272,35416.976258712,1778145848.0675402,100,,0.0,0.0,0.0,0.0,0.0,0.0,0.0,0.0012409150076564401,0.0,0.0,0.0,0.0,0.0,0.0,0.0,,,,,,,,,,,,,,,,,,,,,,,,,,,,
,6273,35416.976710112,1778145848.0680606,100,,,,,,,,,,,,,,,,,0.0018811660120263696,,,,,,,,,,,,,,,,,,,,,,,,,,,
,6274,35416.977863237,1778145848.069146,100,,,,,,,,,,,,,,,,,,115.32899718500266,,,,,,,,,,,,,,,,,,,,,,,,,,
,6275,35418.784211564,1778145849.8753545,100,1.805937494005775,,,,,,,,,,,,,,,,,,,,,,,,,,,,,,,,,,,,,,,,,,,
,6276,35419.705763517,1778145850.7969716,100,,,,,,,,,,,,,,,,,,,2.7276713220053352,,,,,,,,,,,,,,,,,,,,,,,,,
113.4705383410037,6277,35533.18043281,1778145964.2715032,100,,,,,,,,,,,,,,,,,,,,,,,,,,,,,,,,,,,,,,,,,,,,
,6278,35535.035265525,1778145966.1214013,100,1.8092336199915735,,,,,,,,,,,,,,,,,,,,,,,,,,,,,,,,,,,,,,,,,,,
,6279,35535.918275234,1778145967.0095375,100,,0.0,0.0,0.0,0.0,0.0,0.0,0.0,0.0010746829939307645,0.0,0.0,0.0,0.0,0.0,0.0,0.0,,,,,,,,,,,,,,,,,,,,,,,,,,,,
,6280,35535.918718849,1778145967.0100186,100,,,,,,,,,,,,,,,,,0.0016530200082343072,,,,,,,,,,,,,,,,,,,,,,,,,,,
,6281,35535.920025361,1778145967.0111327,100,,,,,,,,,,,,,,,,,,116.21251199799008,,,,,,,,,,,,,,,,,,,,,,,,,,
,6282,35537.730187687,1778145968.8214211,100,1.8100637779862154,,,,,,,,,,,,,,,,,,,,,,,,,,,,,,,,,,,,,,,,,,,
,6283,35538.656465569,1778145969.747576,100,,,,,,,,,,,,,,,,,,,2.7362846249889117,,,,,,,,,,,,,,,,,,,,,,,,,
113.90990141600196,6284,35652.570088109,1778146083.6611686,100,,,,,,,,,,,,,,,,,,,,,,,,,,,,,,,,,,,,,,,,,,,,
,6285,35654.46033384,1778146085.5362847,100,1.83494998900278,,,,,,,,,,,,,,,,,,,,,,,,,,,,,,,,,,,,,,,,,,,
,6286,35655.61179796,1778146086.7030525,100,,0.0,0.0,0.0,0.0,0.0,0.0,0.0,0.2977119830029551,0.0016052198633018282,0.0,0.0,0.0,0.0,0.0,0.0,,,,,,,,,,,,,,,,,,,,,,,,,,,,
,6287,35655.612731321,1778146086.7035303,100,,,,,,,,,,,,,,,,,0.29827953700441867,,,,,,,,,,,,,,,,,,,,,,,,,,,
,6288,35655.613632879,1778146086.7047489,100,,,,,,,,,,,,,,,,,,116.9556411000085,,,,,,,,,,,,,,,,,,,,,,,,,,
,6289,35657.458933359,1778146088.55015,100,1.8451717830030248,,,,,,,,,,,,,,,,,,,,,,,,,,,,,,,,,,,,,,,,,,,
,6290,35658.373867364,1778146089.465054,100,,,,,,,,,,,,,,,,,,,2.760142920000362,,,,,,,,,,,,,,,,,,,,,,,,,
113.92327556200325,6291,35772.300743317,1778146203.3918943,100,,,,,,,,,,,,,,,,,,,,,,,,,,,,,,,,,,,,,,,,,,,,
,6292,35774.126957894,1778146205.2079897,100,1.7766209750116104,,,,,,,,,,,,,,,,,,,,,,,,,,,,,,,,,,,,,,,,,,,
,6293,35775.315814292,1778146206.4069195,100,,0.0,0.0,0.0,0.0,0.0,0.0,0.0,0.32684113198774867,0.0036236986707140185,0.0,0.0,0.0,0.0,0.0,0.0,,,,,,,,,,,,,,,,,,,,,,,,,,,,
,6294,35775.316113852,1778146206.4073303,100,,,,,,,,,,,,,,,,,0.3273705049941782,,,,,,,,,,,,,,,,,,,,,,,,,,,
,6295,35775.317450741,1778146206.4086528,100,,,,,,,,,,,,,,,,,,116.9420555280085,,,,,,,,,,,,,,,,,,,,,,,,,,
,6296,35777.111332781,1778146208.20257,100,1.7935315040085698,,,,,,,,,,,,,,,,,,,,,,,,,,,,,,,,,,,,,,,,,,,
,6297,35778.023185534,1778146209.1142464,100,,,,,,,,,,,,,,,,,,,2.70544405200053,,,,,,,,,,,,,,,,,,,,,,,,,
112.93480175899458,6298,35890.961374535,1778146322.0523498,100,,,,,,,,,,,,,,,,,,,,,,,,,,,,,,,,,,,,,,,,,,,,
,6299,35892.943242363,1778146324.029348,100,1.933118963992456,,,,,,,,,,,,,,,,,,,,,,,,,,,,,,,,,,,,,,,,,,,
,6300,35893.937744718,1778146325.0290265,100,,0.0,0.0,0.0,0.0,0.0,0.0,0.0,0.0010640969994710758,0.0,0.0,0.0,0.0,0.0,0.0,0.0,,,,,,,,,,,,,,,,,,,,,,,,,,,,
,6301,35893.938773531,1778146325.0295525,100,,,,,,,,,,,,,,,,,0.0016700559935998172,,,,,,,,,,,,,,,,,,,,,,,,,,,
,6302,35893.939482452,1778146325.030635,100,,,,,,,,,,,,,,,,,,115.9148397599929,,,,,,,,,,,,,,,,,,,,,,,,,,
,6303,35895.882842445,1778146326.9739184,100,1.9430645700049354,,,,,,,,,,,,,,,,,,,,,,,,,,,,,,,,,,,,,,,,,,,
,6304,35896.915921231,1778146328.0069993,100,,,,,,,,,,,,,,,,,,,2.976219332005712,,,,,,,,,,,,,,,,,,,,,,,,,
113.15302626299672,6305,36010.072282932,1778146441.1632926,100,,,,,,,,,,,,,,,,,,,,,,,,,,,,,,,,,,,,,,,,,,,,
,6306,36012.101933186,1778146443.1828856,100,1.9800445959990611,,,,,,,,,,,,,,,,,,,,,,,,,,,,,,,,,,,,,,,,,,,
,6307,36013.385057366,1778146444.475973,100,,0.0,0.0,0.0,0.0,0.0,0.0,0.0,0.2711312190076569,0.0028417939491480687,0.0,0.0,0.0,0.0,0.0,0.0,,,,,,,,,,,,,,,,,,,,,,,,,,,,
,6308,36013.385095262,1778146444.476305,100,,,,,,,,,,,,,,,,,0.27155891999427695,,,,,,,,,,,,,,,,,,,,,,,,,,,
,6309,36013.386359916,1778146444.4774883,100,,,,,,,,,,,,,,,,,,116.468923198001,,,,,,,,,,,,,,,,,,,,,,,,,,
,6310,36015.375969311,1778146446.4671717,100,1.9894485950062517,,,,,,,,,,,,,,,,,,,,,,,,,,,,,,,,,,,,,,,,,,,
,6311,36016.431761239,1778146447.5228662,100,,,,,,,,,,,,,,,,,,,3.04521470599866,,,,,,,,,,,,,,,,,,,,,,,,,
114.35827821699786,6312,36130.793797008,1778146561.8847375,100,,,,,,,,,,,,,,,,,,,,,,,,,,,,,,,,,,,,,,,,,,,,
,6313,36132.703703773,1778146563.7797036,100,1.8549903820094187,,,,,,,,,,,,,,,,,,,,,,,,,,,,,,,,,,,,,,,,,,,
,6314,36133.816915078,1778146564.9080985,100,,0.0,0.0,0.0,0.0,0.0,0.0,0.0,0.25096827700326685,0.002058227842943422,0.0,0.0,0.0,0.0,0.0,0.0,,,,,,,,,,,,,,,,,,,,,,,,,,,,
,6315,36133.817375557,1778146564.9085684,100,,,,,,,,,,,,,,,,,0.2515186469972832,,,,,,,,,,,,,,,,,,,,,,,,,,,
,6316,36133.818802525,1778146564.909807,100,,,,,,,,,,,,,,,,,,117.3852919159981,,,,,,,,,,,,,,,,,,,,,,,,,,
,6317,36135.678971581,1778146566.7701292,100,1.8600974609871628,,,,,,,,,,,,,,,,,,,,,,,,,,,,,,,,,,,,,,,,,,,
,6318,36136.603879566,1778146567.6950614,100,,,,,,,,,,,,,,,,,,,2.785081991009065,,,,,,,,,,,,,,,,,,,,,,,,,
114.0667744280072,6319,36250.674471403,1778146681.765521,100,,,,,,,,,,,,,,,,,,,,,,,,,,,,,,,,,,,,,,,,,,,,
,6320,36252.526002658,1778146683.6070714,100,1.8017170289967908,,,,,,,,,,,,,,,,,,,,,,,,,,,,,,,,,,,,,,,,,,,
,6321,36253.692200769,1778146684.783284,100,,0.11267816139790233,0.0,0.0,0.0,0.1125,0.0,0.07387353272627521,0.29057639399252366,0.00042026517725785083,0.0,0.10132516666666663,0.125,0.0,0.10225030635546509,0.06269805393459543,,,,,,,,,,,,,,,,,,,,,,,,,,,,
,6322,36253.69241051,1778146684.7835956,100,,,,,,,,,,,,,,,,,0.29097805300261825,,,,,,,,,,,,,,,,,,,,,,,,,,,
,6323,36253.69711819,1778146684.7879765,100,,,,,,,,,,,,,,,,,,117.09092680700996,,,,,,,,,,,,,,,,,,,,,,,,,,
,6324,36255.507256281,1778146686.5984054,100,1.8102243040048052,,,,,,,,,,,,,,,,,,,,,,,,,,,,,,,,,,,,,,,,,,,
,6325,36256.429372417,1778146687.5204592,100,,,,,,,,,,,,,,,,,,,2.7323377020074986,,,,,,,,,,,,,,,,,,,,,,,,,
113.15519545800635,6326,36369.58836036,1778146800.6793785,100,,,,,,,,,,,,,,,,,,,,,,,,,,,,,,,,,,,,,,,,,,,,
,6327,36371.593729017,1778146802.6696246,100,1.951100084988866,,,,,,,,,,,,,,,,,,,,,,,,,,,,,,,,,,,,,,,,,,,
,6328,36372.588084564,1778146803.6793253,100,,0.0,0.0,0.0,0.0,0.0,0.0,0.0,0.0009384469885844737,0.0,0.0,0.0,0.0,0.0,0.0,0.0,,,,,,,,,,,,,,,,,,,,,,,,,,,,
,6329,36372.588563793,1778146803.6798956,100,,,,,,,,,,,,,,,,,0.0015916500124149024,,,,,,,,,,,,,,,,,,,,,,,,,,,
,6330,36372.589699647,1778146803.6809692,100,,,,,,,,,,,,,,,,,,116.15877495799214,,,,,,,,,,,,,,,,,,,,,,,,,,
,6331,36374.55008244,1778146805.6411464,100,1.9599234930064995,,,,,,,,,,,,,,,,,,,,,,,,,,,,,,,,,,,,,,,,,,,
,6332,36375.593724431,1778146806.6849186,100,,,,,,,,,,,,,,,,,,,3.003795804994297,,,,,,,,,,,,,,,,,,,,,,,,,
113.12868836701091,6333,36488.726706164,1778146919.8177803,100,,,,,,,,,,,,,,,,,,,,,,,,,,,,,,,,,,,,,,,,,,,,
,6334,36490.551107015,1778146921.6321793,100,1.774439742002869,,,,,,,,,,,,,,,,,,,,,,,,,,,,,,,,,,,,,,,,,,,
,6335,36491.821560182,1778146922.912784,100,,0.0,0.0,0.0,0.0,0.0,0.0,0.0,0.4105283280077856,0.0035219638789258127,0.0,0.0,0.0,0.0,0.0,0.0,,,,,,,,,,,,,,,,,,,,,,,,,,,,
,6336,36491.822398061,1778146922.9131973,100,,,,,,,,,,,,,,,,,0.41103197300981265,,,,,,,,,,,,,,,,,,,,,,,,,,,
,6337,36491.823179041,1778146922.9143834,100,,,,,,,,,,,,,,,,,,116.22761684800207,,,,,,,,,,,,,,,,,,,,,,,,,,
,6338,36493.615905352,1778146924.70705,100,1.7922548740025377,,,,,,,,,,,,,,,,,,,,,,,,,,,,,,,,,,,,,,,,,,,
,6339,36494.525664455,1778146925.6168308,100,,,,,,,,,,,,,,,,,,,2.7022734450001735,,,,,,,,,,,,,,,,,,,,,,,,,
113.3163018799969,6340,36607.845729488,1778147038.9367073,100,,,,,,,,,,,,,,,,,,,,,,,,,,,,,,,,,,,,,,,,,,,,
,6341,36609.696629182,1778147040.777573,100,1.7900523760035867,,,,,,,,,,,,,,,,,,,,,,,,,,,,,,,,,,,,,,,,,,,
,6342,36610.92196393,1778147042.0124252,100,,0.0,0.0,0.0,0.0,0.0,0.0,0.0,0.3568842240056256,0.0035219638789258127,0.0,0.0,0.0,0.0,0.0,0.0,,,,,,,,,,,,,,,,,,,,,,,,,,,,
,6343,36610.922005951,1778147042.0127785,100,,,,,,,,,,,,,,,,,0.3573343960015336,,,,,,,,,,,,,,,,,,,,,,,,,,,
,6344,36610.923043644,1778147042.0141015,100,,,,,,,,,,,,,,,,,,116.39550462900661,,,,,,,,,,,,,,,,,,,,,,,,,,
,6345,36612.72927724,1778147043.8204093,100,1.8060522960004164,,,,,,,,,,,,,,,,,,,,,,,,,,,,,,,,,,,,,,,,,,,
,6346,36613.646589481,1778147044.7377722,100,,,,,,,,,,,,,,,,,,,2.7235012460005237,,,,,,,,,,,,,,,,,,,,,,,,,
113.33970498100098,6347,36726.990516019,1778147158.0815344,100,,,,,,,,,,,,,,,,,,,,,,,,,,,,,,,,,,,,,,,,,,,,
,6348,36728.859408128,1778147159.9404786,100,1.8187829270027578,,,,,,,,,,,,,,,,,,,,,,,,,,,,,,,,,,,,,,,,,,,
,6349,36729.74150336,1778147160.8327396,100,,0.0,0.0,0.0,0.0,0.0,0.0,0.0,0.0011319030018057674,0.0,0.0,0.0,0.0,0.0,0.0,0.0,,,,,,,,,,,,,,,,,,,,,,,,,,,,
,6350,36729.741810295,1778147160.8331394,100,,,,,,,,,,,,,,,,,0.0016146230045706034,,,,,,,,,,,,,,,,,,,,,,,,,,,
,6351,36729.742930945,1778147160.8342118,100,,,,,,,,,,,,,,,,,,116.09451193299901,,,,,,,,,,,,,,,,,,,,,,,,,,
,6352,36731.566384616,1778147162.6574886,100,1.8230264049925609,,,,,,,,,,,,,,,,,,,,,,,,,,,,,,,,,,,,,,,,,,,
,6353,36732.496379269,1778147163.5874734,100,,,,,,,,,,,,,,,,,,,2.7531133229931584,,,,,,,,,,,,,,,,,,,,,,,,,
113.4033980940003,6354,36845.903165916,1778147276.9941068,100,,,,,,,,,,,,,,,,,,,,,,,,,,,,,,,,,,,,,,,,,,,,
,6355,36847.786733148,1778147278.8675528,100,1.833411265994073,,,,,,,,,,,,,,,,,,,,,,,,,,,,,,,,,,,,,,,,,,,
,6356,36848.64709539,1778147279.738004,100,,0.0,0.0,0.0,0.0,0.0,0.0,0.0,0.002275607010233216,0.0,0.0,0.0,0.0,0.0,0.0,0.0,,,,,,,,,,,,,,,,,,,,,,,,,,,,
,6357,36848.647134539,1778147279.7384462,100,,,,,,,,,,,,,,,,,0.0028007009968860075,,,,,,,,,,,,,,,,,,,,,,,,,,,
,6358,36848.648420426,1778147279.7396622,100,,,,,,,,,,,,,,,,,,116.15068961199722,,,,,,,,,,,,,,,,,,,,,,,,,,
,6359,36850.476656023,1778147281.567837,100,1.8278317980002612,,,,,,,,,,,,,,,,,,,,,,,,,,,,,,,,,,,,,,,,,,,
,6360,36851.389897454,1778147282.4809923,100,,,,,,,,,,,,,,,,,,,2.7411675699986517,,,,,,,,,,,,,,,,,,,,,,,,,
113.68447789699712,6361,36965.078049256,1778147396.1691074,100,,,,,,,,,,,,,,,,,,,,,,,,,,,,,,,,,,,,,,,,,,,,
,6362,36966.910883143,1778147397.991943,100,1.7831315319926944,,,,,,,,,,,,,,,,,,,,,,,,,,,,,,,,,,,,,,,,,,,
,6363,36968.109802067,1778147399.2009027,100,,0.021034624881838493,0.0,0.0,0.0,0.125,0.0,0.03672664015498382,0.33369286700326484,0.0029882155107841006,0.0,0.1,0.125,0.0,0.04242794873068864,0.11904761904761904,,,,,,,,,,,,,,,,,,,,,,,,,,,,
,6364,36968.116305043,1778147399.2043858,100,,,,,,,,,,,,,,,,,0.33727600499696564,,,,,,,,,,,,,,,,,,,,,,,,,,,
,6365,36968.116316073,1778147399.205667,100,,,,,,,,,,,,,,,,,,116.72280223500275,,,,,,,,,,,,,,,,,,,,,,,,,,
,6366,36969.911849305,1778147401.0030403,100,1.7971245720109437,,,,,,,,,,,,,,,,,,,,,,,,,,,,,,,,,,,,,,,,,,,
,6367,36970.825511108,1778147401.9165883,100,,,,,,,,,,,,,,,,,,,2.7107461389969103,,,,,,,,,,,,,,,,,,,,,,,,,
113.35777417200734,6368,37084.187227628,1778147515.278252,100,,,,,,,,,,,,,,,,,,,,,,,,,,,,,,,,,,,,,,,,,,,,
,6369,37086.222445074,1778147517.3033917,100,1.984194281991222,,,,,,,,,,,,,,,,,,,,,,,,,,,,,,,,,,,,,,,,,,,
,6370,37087.565156975,1778147518.6539931,100,,0.11332783144574608,0.0,0.0,0.0,0.125,0.0,0.0389015485119346,0.32641874501132406,0.0027959052920734783,0.0,0.1171375,0.125,0.0,0.07480121425926232,0.07661290322580645,,,,,,,,,,,,,,,,,,,,,,,,,,,,
,6371,37087.56528676,1778147518.654342,100,,,,,,,,,,,,,,,,,0.3268749709968688,,,,,,,,,,,,,,,,,,,,,,,,,,,
,6372,37087.565295535,1778147518.6555903,100,,,,,,,,,,,,,,,,,,116.73715955599619,,,,,,,,,,,,,,,,,,,,,,,,,,
,6373,37089.564940293,1778147520.6559868,100,2.000146479011164,,,,,,,,,,,,,,,,,,,,,,,,,,,,,,,,,,,,,,,,,,,
,6374,37090.622153442,1778147521.712601,100,,,,,,,,,,,,,,,,,,,3.056838792996132,,,,,,,,,,,,,,,,,,,,,,,,,
113.0608385779924,6375,37203.686042354,1778147634.7771,100,,,,,,,,,,,,,,,,,,,,,,,,,,,,,,,,,,,,,,,,,,,,
,6376,37205.507802437,1778147636.588757,100,1.7724597720080055,,,,,,,,,,,,,,,,,,,,,,,,,,,,,,,,,,,,,,,,,,,
,6377,37206.367789686,1778147637.4590786,100,,0.0,0.0,0.0,0.0,0.0,0.0,0.0,0.0012581229966599494,0.0,0.0,0.0,0.0,0.0,0.0,0.0,,,,,,,,,,,,,,,,,,,,,,,,,,,,
,6378,37206.368174706,1778147637.4594839,100,,,,,,,,,,,,,,,,,0.0017647469940129668,,,,,,,,,,,,,,,,,,,,,,,,,,,
,6379,37206.369247053,1778147637.460545,100,,,,,,,,,,,,,,,,,,115.74616860800597,,,,,,,,,,,,,,,,,,,,,,,,,,
,6380,37208.14994811,1778147639.2411563,100,1.7803674140013754,,,,,,,,,,,,,,,,,,,,,,,,,,,,,,,,,,,,,,,,,,,
,6381,37209.059976236,1778147640.150467,100,,,,,,,,,,,,,,,,,,,2.6897768229973735,,,,,,,,,,,,,,,,,,,,,,,,,
113.44152009900426,6382,37322.504147377,1778147753.5952141,100,,,,,,,,,,,,,,,,,,,,,,,,,,,,,,,,,,,,,,,,,,,,
,6383,37324.34364171,1778147755.4246035,100,1.7894553689984605,,,,,,,,,,,,,,,,,,,,,,,,,,,,,,,,,,,,,,,,,,,
,6384,37325.2111588,1778147756.3022563,100,,0.0,0.0,0.0,0.0,0.0,0.0,0.0,0.0010635689977789298,0.0,0.0,0.0,0.0,0.0,0.0,0.0,,,,,,,,,,,,,,,,,,,,,,,,,,,,
,6385,37325.211321927,1778147756.3026607,100,,,,,,,,,,,,,,,,,0.0015583839995088056,,,,,,,,,,,,,,,,,,,,,,,,,,,
,6386,37325.212664924,1778147756.3037448,100,,,,,,,,,,,,,,,,,,116.1517643739935,,,,,,,,,,,,,,,,,,,,,,,,,,
,6387,37327.009302652,1778147758.1002715,100,1.7962633519928204,,,,,,,,,,,,,,,,,,,,,,,,,,,,,,,,,,,,,,,,,,,
,6388,37327.92572141,1778147759.0167265,100,,,,,,,,,,,,,,,,,,,2.712826330011012,,,,,,,,,,,,,,,,,,,,,,,,,
114.14049583100132,6389,37442.069972005,1778147873.1609728,100,,,,,,,,,,,,,,,,,,,,,,,,,,,,,,,,,,,,,,,,,,,,
,6390,37443.974306275,1778147875.0553741,100,1.8534915459895274,,,,,,,,,,,,,,,,,,,,,,,,,,,,,,,,,,,,,,,,,,,
,6391,37444.84525874,1778147875.9363618,100,,0.0,0.0,0.0,0.0,0.0,0.0,0.0,0.0026577279932098463,0.0,0.0,0.0,0.0,0.0,0.0,0.0,,,,,,,,,,,,,,,,,,,,,,,,,,,,
,6392,37444.845537239,1778147875.936755,100,,,,,,,,,,,,,,,,,0.0031387749913847074,,,,,,,,,,,,,,,,,,,,,,,,,,,
,6393,37444.846669582,1778147875.9378982,100,,,,,,,,,,,,,,,,,,116.91945073200623,,,,,,,,,,,,,,,,,,,,,,,,,,
,6394,37446.700274056,1778147877.791341,100,1.8529968469956657,,,,,,,,,,,,,,,,,,,,,,,,,,,,,,,,,,,,,,,,,,,
,6395,37447.623640818,1778147878.714693,100,,,,,,,,,,,,,,,,,,,2.7766472340008477,,,,,,,,,,,,,,,,,,,,,,,,,
113.91100404200552,6396,37561.538421428,1778147992.6295419,100,,,,,,,,,,,,,,,,,,,,,,,,,,,,,,,,,,,,,,,,,,,,
,6397,37563.396856249,1778147994.4829059,100,1.813769707994652,,,,,,,,,,,,,,,,,,,,,,,,,,,,,,,,,,,,,,,,,,,
,6398,37564.281458631,1778147995.3727093,100,,0.0,0.0,0.0,0.0,0.0,0.0,0.0,0.0012137129961047322,0.0,0.0,0.0,0.0,0.0,0.0,0.0,,,,,,,,,,,,,,,,,,,,,,,,,,,,
,6399,37564.281908293,1778147995.3732405,100,,,,,,,,,,,,,,,,,0.0018251790024805814,,,,,,,,,,,,,,,,,,,,,,,,,,,
,6400,37564.28307684,1778147995.374352,100,,,,,,,,,,,,,,,,,,116.6578645970003,,,,,,,,,,,,,,,,,,,,,,,,,,
,6401,37566.098694675,1778147997.1897836,100,1.8151893540052697,,,,,,,,,,,,,,,,,,,,,,,,,,,,,,,,,,,,,,,,,,,
,6402,37567.023805079,1778147998.114913,100,,,,,,,,,,,,,,,,,,,2.740421743001207,,,,,,,,,,,,,,,,,,,,,,,,,
112.42998575199454,6403,37679.457122314,1778148110.5481496,100,,,,,,,,,,,,,,,,,,,,,,,,,,,,,,,,,,,,,,,,,,,,
,6404,37681.300949326,1778148112.3868496,100,1.7988604760030285,,,,,,,,,,,,,,,,,,,,,,,,,,,,,,,,,,,,,,,,,,,
,6405,37682.177256331,1778148113.2685544,100,,0.0,0.0,0.0,0.0,0.0,0.0,0.0,0.0011075700022047386,0.0,0.0,0.0,0.0,0.0,0.0,0.0,,,,,,,,,,,,,,,,,,,,,,,,,,,,
,6406,37682.177739573,1778148113.2690635,100,,,,,,,,,,,,,,,,,0.0016971479926723987,,,,,,,,,,,,,,,,,,,,,,,,,,,
,6407,37682.179017788,1778148113.2701535,100,,,,,,,,,,,,,,,,,,115.15369215399551,,,,,,,,,,,,,,,,,,,,,,,,,,
,6408,37683.982404188,1778148115.0735795,100,1.8032140389987035,,,,,,,,,,,,,,,,,,,,,,,,,,,,,,,,,,,,,,,,,,,
,6409,37684.901904907,1778148115.992958,100,,,,,,,,,,,,,,,,,,,2.7226663939945865,,,,,,,,,,,,,,,,,,,,,,,,,
112.81998620298691,6410,37797.725348388,1778148228.816369,100,,,,,,,,,,,,,,,,,,,,,,,,,,,,,,,,,,,,,,,,,,,,
,6411,37799.565053181,1778148230.6459644,100,1.7899943340016762,,,,,,,,,,,,,,,,,,,,,,,,,,,,,,,,,,,,,,,,,,,
,6412,37800.431473363,1778148231.5227325,100,,0.0,0.0,0.0,0.0,0.0,0.0,0.0,0.0010036360035883263,0.0,0.0,0.0,0.0,0.0,0.0,0.0,,,,,,,,,,,,,,,,,,,,,,,,,,,,
,6413,37800.431980017,1778148231.5233057,100,,,,,,,,,,,,,,,,,0.00165953699615784,,,,,,,,,,,,,,,,,,,,,,,,,,,
,6414,37800.433387372,1778148231.5245602,100,,,,,,,,,,,,,,,,,,115.5299033659976,,,,,,,,,,,,,,,,,,,,,,,,,,
,6415,37802.229284554,1778148233.3202636,100,1.7952802079962566,,,,,,,,,,,,,,,,,,,,,,,,,,,,,,,,,,,,,,,,,,,
,6416,37803.144347902,1778148234.23543,100,,,,,,,,,,,,,,,,,,,2.710608751993277,,,,,,,,,,,,,,,,,,,,,,,,,
113.83902365500398,6417,37916.986907665,1778148348.0778723,100,,,,,,,,,,,,,,,,,,,,,,,,,,,,,,,,,,,,,,,,,,,,
,6418,37918.997340046,1778148350.0833893,100,1.9666021240118425,,,,,,,,,,,,,,,,,,,,,,,,,,,,,,,,,,,,,,,,,,,
,6419,37920.010599033,1778148351.1018865,100,,0.0,0.0,0.0,0.0,0.0,0.0,0.0,0.000895702003617771,0.0,0.0,0.0,0.0,0.0,0.0,0.0,,,,,,,,,,,,,,,,,,,,,,,,,,,,
,6420,37920.01104956,1778148351.1023896,100,,,,,,,,,,,,,,,,,0.0014846659905742854,,,,,,,,,,,,,,,,,,,,,,,,,,,
,6421,37920.012222486,1778148351.1034799,100,,,,,,,,,,,,,,,,,,116.86640157199872,,,,,,,,,,,,,,,,,,,,,,,,,,
,6422,37921.990284317,1778148353.0813978,100,1.977649898006348,,,,,,,,,,,,,,,,,,,,,,,,,,,,,,,,,,,,,,,,,,,
,6423,37923.042804135,1778148354.1337976,100,,,,,,,,,,,,,,,,,,,3.030149732992868,,,,,,,,,,,,,,,,,,,,,,,,,
112.35449740299373,6424,38035.400865232,1778148466.4918778,100,,,,,,,,,,,,,,,,,,,,,,,,,,,,,,,,,,,,,,,,,,,,
,6425,38037.244341532,1778148468.3202322,100,1.7877808110060869,,,,,,,,,,,,,,,,,,,,,,,,,,,,,,,,,,,,,,,,,,,
,6426,38038.608493887,1778148469.6996822,100,,0.088966482416705,0.0,0.0,0.0,0.125,0.03125,0.0954609683017857,0.5030941739969421,0.002394290841597968,0.0,0.12400416666666667,0.125,0.0,0.06669486248251236,0.08928571428571429,,,,,,,,,,,,,,,,,,,,,,,,,,,,
,6427,38038.611009821,1778148469.7001824,100,,,,,,,,,,,,,,,,,0.5036992940003984,,,,,,,,,,,,,,,,,,,,,,,,,,,
,6428,38038.611082452,1778148469.7015212,100,,,,,,,,,,,,,,,,,,115.56602028799534,,,,,,,,,,,,,,,,,,,,,,,,,,
,6429,38040.401189839,1778148471.4922745,100,1.7904882870061556,,,,,,,,,,,,,,,,,,,,,,,,,,,,,,,,,,,,,,,,,,,
,6430,38041.315974896,1778148472.4070668,100,,,,,,,,,,,,,,,,,,,2.7053697539959103,,,,,,,,,,,,,,,,,,,,,,,,,
114.10963342800096,6431,38155.429193086,1778148586.5202208,100,,,,,,,,,,,,,,,,,,,,,,,,,,,,,,,,,,,,,,,,,,,,
,6432,38157.298989316,1778148588.374942,100,1.8146356969955377,,,,,,,,,,,,,,,,,,,,,,,,,,,,,,,,,,,,,,,,,,,
,6433,38158.173357777,1778148589.2645233,100,,0.0,0.0,0.0,0.0,0.0,0.0,0.0,0.0011476219951873645,0.0,0.0,0.0,0.0,0.0,0.0,0.0,,,,,,,,,,,,,,,,,,,,,,,,,,,,
,6434,38158.173533381,1778148589.2648559,100,,,,,,,,,,,,,,,,,0.0015785139985382557,,,,,,,,,,,,,,,,,,,,,,,,,,,
,6435,38158.174680355,1778148589.2659097,100,,,,,,,,,,,,,,,,,,116.85732583899517,,,,,,,,,,,,,,,,,,,,,,,,,,
,6436,38159.996153228,1778148591.0870824,100,1.8208135430031689,,,,,,,,,,,,,,,,,,,,,,,,,,,,,,,,,,,,,,,,,,,
,6437,38160.92356501,1778148592.0146704,100,,,,,,,,,,,,,,,,,,,2.7486049010040006,,,,,,,,,,,,,,,,,,,,,,,,,
112.67505963600706,6438,38273.602002372,1778148704.6930778,100,,,,,,,,,,,,,,,,,,,,,,,,,,,,,,,,,,,,,,,,,,,,
,6439,38275.401739925,1778148706.4826183,100,1.7490367980062729,,,,,,,,,,,,,,,,,,,,,,,,,,,,,,,,,,,,,,,,,,,
,6440,38276.515117341,1778148707.6058936,100,,0.021034624881838493,0.0,0.0,0.0,0.125,0.0,0.03672664015498382,0.2633938809885876,0.0009633243371128935,0.0,0.1,0.125,0.0,0.04242794873068864,0.11904761904761904,,,,,,,,,,,,,,,,,,,,,,,,,,,,
,6441,38276.515154137,1778148707.6062045,100,,,,,,,,,,,,,,,,,0.2637979470018763,,,,,,,,,,,,,,,,,,,,,,,,,,,
,6442,38276.520445233,1778148707.6103992,100,,,,,,,,,,,,,,,,,,115.594106620003,,,,,,,,,,,,,,,,,,,,,,,,,,
,6443,38278.286183634,1778148709.3771663,100,1.7665348469890887,,,,,,,,,,,,,,,,,,,,,,,,,,,,,,,,,,,,,,,,,,,
,6444,38279.185286892,1778148710.276246,100,,,,,,,,,,,,,,,,,,,2.665674700998352,,,,,,,,,,,,,,,,,,,,,,,,,
113.29085458500776,6445,38392.479609825,1778148823.570755,100,,,,,,,,,,,,,,,,,,,,,,,,,,,,,,,,,,,,,,,,,,,,
,6446,38394.316970763,1778148825.3929565,100,1.7823493380128639,,,,,,,,,,,,,,,,,,,,,,,,,,,,,,,,,,,,,,,,,,,
,6447,38395.449205283,1778148826.5399208,100,,0.021034624881838493,0.0,0.0,0.0,0.125,0.0,0.03672664015498382,0.2726994450058555,0.0009633243371128935,0.0,0.1,0.125,0.0,0.04242794873068864,0.11904761904761904,,,,,,,,,,,,,,,,,,,,,,,,,,,,
,6448,38395.449326774,1778148826.5402305,100,,,,,,,,,,,,,,,,,0.27310104299976956,,,,,,,,,,,,,,,,,,,,,,,,,,,
,6449,38395.450489923,1778148826.5415642,100,,,,,,,,,,,,,,,,,,116.26371218799613,,,,,,,,,,,,,,,,,,,,,,,,,,
,6450,38397.247090966,1778148828.3381526,100,1.7963456669967854,,,,,,,,,,,,,,,,,,,,,,,,,,,,,,,,,,,,,,,,,,,
,6451,38398.161024187,1778148829.2522204,100,,,,,,,,,,,,,,,,,,,2.710493351012701,,,,,,,,,,,,,,,,,,,,,,,,,
113.88361237400386,6452,38512.04846037,1778148943.1396089,100,,,,,,,,,,,,,,,,,,,,,,,,,,,,,,,,,,,,,,,,,,,,
,6453,38513.886998324,1778148944.9679518,100,1.7886455749976449,,,,,,,,,,,,,,,,,,,,,,,,,,,,,,,,,,,,,,,,,,,
,6454,38514.728354155,1778148945.8196757,100,,0.0,0.0,0.0,0.0,0.0,0.0,0.0,0.0012372760102152824,0.0,0.0,0.0,0.0,0.0,0.0,0.0,,,,,,,,,,,,,,,,,,,,,,,,,,,,
,6455,38514.728865026,1778148945.8201811,100,,,,,,,,,,,,,,,,,0.001833960006479174,,,,,,,,,,,,,,,,,,,,,,,,,,,
,6456,38514.730117072,1778148945.8213363,100,,,,,,,,,,,,,,,,,,116.56727386899001,,,,,,,,,,,,,,,,,,,,,,,,,,
,6457,38516.518773028,1778148947.6099029,100,1.7882877880037995,,,,,,,,,,,,,,,,,,,,,,,,,,,,,,,,,,,,,,,,,,,
,6458,38517.413394317,1778148948.5044515,100,,,,,,,,,,,,,,,,,,,2.682956695003668,,,,,,,,,,,,,,,,,,,,,,,,,
114.89900799198949,6459,38632.316119878,1778149063.407088,100,,,,,,,,,,,,,,,,,,,,,,,,,,,,,,,,,,,,,,,,,,,,
,6460,38634.162390152,1778149065.238311,100,1.7917176699993433,,,,,,,,,,,,,,,,,,,,,,,,,,,,,,,,,,,,,,,,,,,
,6461,38635.026499471,1778149066.117779,100,,0.0,0.0,0.0,0.0,0.0,0.0,0.0,0.0010618419910315424,0.0,0.0,0.0,0.0,0.0,0.0,0.0,,,,,,,,,,,,,,,,,,,,,,,,,,,,
,6462,38635.026977576,1778149066.1182904,100,,,,,,,,,,,,,,,,,0.001669690987910144,,,,,,,,,,,,,,,,,,,,,,,,,,,
,6463,38635.028263676,1778149066.1194232,100,,,,,,,,,,,,,,,,,,117.61331049099681,,,,,,,,,,,,,,,,,,,,,,,,,,
,6464,38636.823074874,1778149067.9141304,100,1.7943344910017913,,,,,,,,,,,,,,,,,,,,,,,,,,,,,,,,,,,,,,,,,,,
,6465,38637.74051162,1778149068.8309212,100,,,,,,,,,,,,,,,,,,,2.711243819008814,,,,,,,,,,,,,,,,,,,,,,,,,
113.95771785700344,6466,38751.701297088,1778149182.7922473,100,,,,,,,,,,,,,,,,,,,,,,,,,,,,,,,,,,,,,,,,,,,,
,6467,38753.741021572,1778149184.8169239,100,1.9860553110047476,,,,,,,,,,,,,,,,,,,,,,,,,,,,,,,,,,,,,,,,,,,
,6468,38754.752680121,1778149185.8437908,100,,0.0,0.0,0.0,0.0,0.0,0.0,0.0,0.0009664750105002895,0.0,0.0,0.0,0.0,0.0,0.0,0.0,,,,,,,,,,,,,,,,,,,,,,,,,,,,
,6469,38754.752866679,1778149185.8442204,100,,,,,,,,,,,,,,,,,0.0014848620048724115,,,,,,,,,,,,,,,,,,,,,,,,,,,
,6470,38754.754054,1778149185.8452892,100,,,,,,,,,,,,,,,,,,117.01264937099768,,,,,,,,,,,,,,,,,,,,,,,,,,
,6471,38756.748847261,1778149187.8398962,100,1.9942326010059332,,,,,,,,,,,,,,,,,,,,,,,,,,,,,,,,,,,,,,,,,,,
,6472,38757.808879411,1778149188.8993464,100,,,,,,,,,,,,,,,,,,,3.0539185279922094,,,,,,,,,,,,,,,,,,,,,,,,,
112.09909485299431,6473,38869.910964351,1778149301.0018928,100,,,,,,,,,,,,,,,,,,,,,,,,,,,,,,,,,,,,,,,,,,,,
,6474,38871.960804287,1778149303.0418804,100,2.000763199001085,,,,,,,,,,,,,,,,,,,,,,,,,,,,,,,,,,,,,,,,,,,
,6475,38873.408205818,1778149304.498335,100,,0.10610058741503384,0.0,0.0,0.0,0.125,0.0,0.05363187924126127,0.42272865401173476,0.0017715647244276776,0.0,0.11552916666666667,0.125,0.0,0.09698134756658901,0.07653061224489796,,,,,,,,,,,,,,,,,,,,,,,,,,,,
,6476,38873.408258957,1778149304.4986906,100,,,,,,,,,,,,,,,,,0.4231840650027152,,,,,,,,,,,,,,,,,,,,,,,,,,,
,6477,38873.411366581,1778149304.5026212,100,,,,,,,,,,,,,,,,,,115.60158694600977,,,,,,,,,,,,,,,,,,,,,,,,,,
,6478,38875.424438357,1778149306.515302,100,2.012379931999021,,,,,,,,,,,,,,,,,,,,,,,,,,,,,,,,,,,,,,,,,,,
,6479,38876.491318344,1778149307.5823565,100,,,,,,,,,,,,,,,,,,,3.0795530040049925,,,,,,,,,,,,,,,,,,,,,,,,,
113.31825009098975,6480,38989.813197267,1778149420.9042492,100,,,,,,,,,,,,,,,,,,,,,,,,,,,,,,,,,,,,,,,,,,,,
,6481,38991.72669551,1778149422.807521,100,1.8610908720002044,,,,,,,,,,,,,,,,,,,,,,,,,,,,,,,,,,,,,,,,,,,
,6482,38992.597982301,1778149423.6892357,100,,0.0,0.0,0.0,0.0,0.0,0.0,0.0,0.0031807990017114207,0.0,0.0,0.0,0.0,0.0,0.0,0.0,,,,,,,,,,,,,,,,,,,,,,,,,,,,
,6483,38992.598488104,1778149423.689788,100,,,,,,,,,,,,,,,,,0.003809440997429192,,,,,,,,,,,,,,,,,,,,,,,,,,,
,6484,38992.599600345,1778149423.6908493,100,,,,,,,,,,,,,,,,,,116.1068620599981,,,,,,,,,,,,,,,,,,,,,,,,,,
,6485,38994.4558309,1778149425.5468087,100,1.8557418300042627,,,,,,,,,,,,,,,,,,,,,,,,,,,,,,,,,,,,,,,,,,,
,6486,38995.383076239,1778149426.4740384,100,,,,,,,,,,,,,,,,,,,2.78304313600529,,,,,,,,,,,,,,,,,,,,,,,,,
112.78129309600627,6487,39108.167761628,1778149539.2587228,100,,,,,,,,,,,,,,,,,,,,,,,,,,,,,,,,,,,,,,,,,,,,
,6488,39109.966090571,1778149541.0469356,100,1.7478060410066973,,,,,,,,,,,,,,,,,,,,,,,,,,,,,,,,,,,,,,,,,,,
,6489,39110.814513119,1778149541.905713,100,,0.0,0.0,0.0,0.0,0.0,0.0,0.0,0.0010613170015858486,0.0,0.0,0.0,0.0,0.0,0.0,0.0,,,,,,,,,,,,,,,,,,,,,,,,,,,,
,6490,39110.814804171,1778149541.9061372,100,,,,,,,,,,,,,,,,,0.001575361005961895,,,,,,,,,,,,,,,,,,,,,,,,,,,
,6491,39110.8158966,1778149541.9071813,100,,,,,,,,,,,,,,,,,,115.43149977500434,,,,,,,,,,,,,,,,,,,,,,,,,,
,6492,39112.572381468,1778149543.6633904,100,1.755957215995295,,,,,,,,,,,,,,,,,,,,,,,,,,,,,,,,,,,,,,,,,,,
,6493,39113.472928972,1778149544.5641177,100,,,,,,,,,,,,,,,,,,,2.656782984005986,,,,,,,,,,,,,,,,,,,,,,,,,
112.78062325199426,6494,39226.257431197,1778149657.3485863,100,,,,,,,,,,,,,,,,,,,,,,,,,,,,,,,,,,,,,,,,,,,,
,6495,39228.104257429,1778149659.1904254,100,1.8018403349997243,,,,,,,,,,,,,,,,,,,,,,,,,,,,,,,,,,,,,,,,,,,
,6496,39228.983910339,1778149660.075076,100,,0.0,0.0,0.0,0.0,0.0,0.0,0.0,0.0010470590059412643,0.0,0.0,0.0,0.0,0.0,0.0,0.0,,,,,,,,,,,,,,,,,,,,,,,,,,,,
,6497,39228.984087001,1778149660.075393,100,,,,,,,,,,,,,,,,,0.001449297007638961,,,,,,,,,,,,,,,,,,,,,,,,,,,
,6498,39228.98518098,1778149660.0764267,100,,,,,,,,,,,,,,,,,,115.51050592398678,,,,,,,,,,,,,,,,,,,,,,,,,,
,6499,39230.788845082,1778149661.8799493,100,1.803255420003552,,,,,,,,,,,,,,,,,,,,,,,,,,,,,,,,,,,,,,,,,,,
,6500,39231.711001671,1778149662.802127,100,,,,,,,,,,,,,,,,,,,2.725544887012802,,,,,,,,,,,,,,,,,,,,,,,,,
111.94185894400289,6501,39343.656367767,1778149774.747453,100,,,,,,,,,,,,,,,,,,,,,,,,,,,,,,,,,,,,,,,,,,,,
,6502,39345.493313147,1778149776.5742157,100,1.7865708909957903,,,,,,,,,,,,,,,,,,,,,,,,,,,,,,,,,,,,,,,,,,,
,6503,39346.3604497,1778149777.4516563,100,,0.0,0.0,0.0,0.0,0.0,0.0,0.0,0.0010329830111004412,0.0,0.0,0.0,0.0,0.0,0.0,0.0,,,,,,,,,,,,,,,,,,,,,,,,,,,,
,6504,39346.360630322,1778149777.4519784,100,,,,,,,,,,,,,,,,,0.0014408900024136528,,,,,,,,,,,,,,,,,,,,,,,,,,,
,6505,39346.361760056,1778149777.4530308,100,,,,,,,,,,,,,,,,,,114.6493403170025,,,,,,,,,,,,,,,,,,,,,,,,,,
,6506,39348.158500928,1778149779.2497268,100,1.7964318110025488,,,,,,,,,,,,,,,,,,,,,,,,,,,,,,,,,,,,,,,,,,,
,6507,39349.076750662,1778149780.1678462,100,,,,,,,,,,,,,,,,,,,2.714657851989614,,,,,,,,,,,,,,,,,,,,,,,,,
112.67328321700916,6508,39461.753657921,1778149892.8446934,100,,,,,,,,,,,,,,,,,,,,,,,,,,,,,,,,,,,,,,,,,,,,
,6509,39463.753751196,1778149894.8346653,100,1.9501655920030316,,,,,,,,,,,,,,,,,,,,,,,,,,,,,,,,,,,,,,,,,,,
,6510,39464.754003139,1778149895.8452346,100,,0.0,0.0,0.0,0.0,0.0,0.0,0.0,0.0010170050081796944,0.0,0.0,0.0,0.0,0.0,0.0,0.0,,,,,,,,,,,,,,,,,,,,,,,,,,,,
,6511,39464.754423717,1778149895.8457527,100,,,,,,,,,,,,,,,,,0.0016209930035984144,,,,,,,,,,,,,,,,,,,,,,,,,,,
,6512,39464.755657978,1778149895.8468158,100,,,,,,,,,,,,,,,,,,115.67719800399209,,,,,,,,,,,,,,,,,,,,,,,,,,
,6513,39466.714445217,1778149897.805635,100,1.9586028319899924,,,,,,,,,,,,,,,,,,,,,,,,,,,,,,,,,,,,,,,,,,,
,6514,39467.760026785,1778149898.8511035,100,,,,,,,,,,,,,,,,,,,3.004151656990871,,,,,,,,,,,,,,,,,,,,,,,,,
113.34522284400009,6515,39581.109100725,1778150012.2001126,100,,,,,,,,,,,,,,,,,,,,,,,,,,,,,,,,,,,,,,,,,,,,
,6516,39583.020065138,1778150014.0959382,100,1.8549920579971513,,,,,,,,,,,,,,,,,,,,,,,,,,,,,,,,,,,,,,,,,,,
,6517,39584.470095897,1778150015.5579603,100,,0.021034624881838493,0.0,0.0,0.0,0.125,0.0,0.03672664015498382,0.5547909519955283,0.0009633243371128935,0.0,0.1,0.125,0.0,0.04242794873068864,0.11904761904761904,,,,,,,,,,,,,,,,,,,,,,,,,,,,
,6518,39584.470200301,1778150015.5614262,100,,,,,,,,,,,,,,,,,0.5583470020064851,,,,,,,,,,,,,,,,,,,,,,,,,,,
,6519,39584.471833217,1778150015.562727,100,,,,,,,,,,,,,,,,,,116.70974839599512,,,,,,,,,,,,,,,,,,,,,,,,,,
,6520,39586.327217732,1778150017.418412,100,1.8554671720048646,,,,,,,,,,,,,,,,,,,,,,,,,,,,,,,,,,,,,,,,,,,
,6521,39587.271872655,1778150018.3628862,100,,,,,,,,,,,,,,,,,,,2.8000075699965237,,,,,,,,,,,,,,,,,,,,,,,,,
113.32970430099522,6522,39700.604976406,1778150131.6959608,100,,,,,,,,,,,,,,,,,,,,,,,,,,,,,,,,,,,,,,,,,,,,
,6523,39702.457300116,1778150133.538272,100,1.8017361060046824,,,,,,,,,,,,,,,,,,,,,,,,,,,,,,,,,,,,,,,,,,,
,6524,39703.331003438,1778150134.422321,100,,0.0,0.0,0.0,0.0,0.0,0.0,0.0,0.0011716150038409978,0.0,0.0,0.0,0.0,0.0,0.0,0.0,,,,,,,,,,,,,,,,,,,,,,,,,,,,
,6525,39703.331593864,1778150134.4229414,100,,,,,,,,,,,,,,,,,0.0018794019997585565,,,,,,,,,,,,,,,,,,,,,,,,,,,
,6526,39703.33274748,1778150134.424,100,,,,,,,,,,,,,,,,,,116.05939600600686,,,,,,,,,,,,,,,,,,,,,,,,,,
,6527,39705.137896544,1778150136.2290754,100,1.804858499992406,,,,,,,,,,,,,,,,,,,,,,,,,,,,,,,,,,,,,,,,,,,
,6528,39706.059339808,1778150137.1504278,100,,,,,,,,,,,,,,,,,,,2.7262886550015537,,,,,,,,,,,,,,,,,,,,,,,,,
112.97751222799707,6529,39819.040528332,1778150250.1315677,100,,,,,,,,,,,,,,,,,,,,,,,,,,,,,,,,,,,,,,,,,,,,
,6530,39821.09628096,1778150252.1721501,100,2.0010008240060415,,,,,,,,,,,,,,,,,,,,,,,,,,,,,,,,,,,,,,,,,,,
,6531,39822.114926874,1778150253.2062283,100,,0.0,0.0,0.0,0.0,0.0,0.0,0.0,0.0010262889991281554,0.0,0.0,0.0,0.0,0.0,0.0,0.0,,,,,,,,,,,,,,,,,,,,,,,,,,,,
,6532,39822.115589837,1778150253.2068985,100,,,,,,,,,,,,,,,,,0.0017849889991339296,,,,,,,,,,,,,,,,,,,,,,,,,,,
,6533,39822.116712224,1778150253.207948,100,,,,,,,,,,,,,,,,,,116.05579008600034,,,,,,,,,,,,,,,,,,,,,,,,,,
,6534,39824.125674157,1778150255.2168105,100,2.0084973070042906,,,,,,,,,,,,,,,,,,,,,,,,,,,,,,,,,,,,,,,,,,,
,6535,39825.191285078,1778150256.282516,100,,,,,,,,,,,,,,,,,,,3.0744182670023292,,,,,,,,,,,,,,,,,,,,,,,,,
112.2590197600075,6536,39937.453974242,1778150368.5450275,100,,,,,,,,,,,,,,,,,,,,,,,,,,,,,,,,,,,,,,,,,,,,
,6537,39939.308239587,1778150370.3891766,100,1.8048962559987558,,,,,,,,,,,,,,,,,,,,,,,,,,,,,,,,,,,,,,,,,,,
,6538,39940.626840802,1778150371.717949,100,,0.0,0.0,0.0,0.0,0.0,0.0,0.0,0.44436372599739116,0.002560476696465654,0.0,0.0,0.0,0.0,0.0,0.0,,,,,,,,,,,,,,,,,,,,,,,,,,,,
,6539,39940.627676868,1778150371.7182832,100,,,,,,,,,,,,,,,,,0.44481251800607424,,,,,,,,,,,,,,,,,,,,,,,,,,,
,6540,39940.628185814,1778150371.719434,100,,,,,,,,,,,,,,,,,,115.43516342800285,,,,,,,,,,,,,,,,,,,,,,,,,,
,6541,39942.451282162,1778150373.542116,100,1.8223793579963967,,,,,,,,,,,,,,,,,,,,,,,,,,,,,,,,,,,,,,,,,,,
,6542,39943.369349577,1778150374.4603333,100,,,,,,,,,,,,,,,,,,,2.740729925004416,,,,,,,,,,,,,,,,,,,,,,,,,
112.67289584799437,6543,40056.045614814,1778150487.136737,100,,,,,,,,,,,,,,,,,,,,,,,,,,,,,,,,,,,,,,,,,,,,
,6544,40057.872113552,1778150488.953154,100,1.776745299997856,,,,,,,,,,,,,,,,,,,,,,,,,,,,,,,,,,,,,,,,,,,
,6545,40058.735553625,1778150489.826737,100,,0.0,0.0,0.0,0.0,0.0,0.0,0.0,0.0012014609965262935,0.0,0.0,0.0,0.0,0.0,0.0,0.0,,,,,,,,,,,,,,,,,,,,,,,,,,,,
,6546,40058.735860797,1778150489.8271642,100,,,,,,,,,,,,,,,,,0.0017233660037163645,,,,,,,,,,,,,,,,,,,,,,,,,,,
,6547,40058.737003118,1778150489.8282342,100,,,,,,,,,,,,,,,,,,115.36631851299899,,,,,,,,,,,,,,,,,,,,,,,,,,
,6548,40060.52372543,1778150491.6147559,100,1.786126338003669,,,,,,,,,,,,,,,,,,,,,,,,,,,,,,,,,,,,,,,,,,,
,6549,40061.434611602,1778150492.525804,100,,,,,,,,,,,,,,,,,,,2.697363311992376,,,,,,,,,,,,,,,,,,,,,,,,,
114.36281154000608,6550,40175.801389892,1778150606.8923953,100,,,,,,,,,,,,,,,,,,,,,,,,,,,,,,,,,,,,,,,,,,,,
,6551,40177.675166496,1778150608.7561255,100,1.823179743005312,,,,,,,,,,,,,,,,,,,,,,,,,,,,,,,,,,,,,,,,,,,
,6552,40178.833318013,1778150609.9245014,100,,0.0,0.0,0.0,0.0,0.0,0.0,0.0,0.2757555459975265,0.0022340647237700318,0.0,0.0,0.0,0.0,0.0,0.0,,,,,,,,,,,,,,,,,,,,,,,,,,,,
,6553,40178.8338806,1778150609.924962,100,,,,,,,,,,,,,,,,,0.27631273001316004,,,,,,,,,,,,,,,,,,,,,,,,,,,
,6554,40178.834961272,1778150609.9261796,100,,,,,,,,,,,,,,,,,,117.3985182220058,,,,,,,,,,,,,,,,,,,,,,,,,,
,6555,40180.661459786,1778150611.752408,100,1.8259676890011178,,,,,,,,,,,,,,,,,,,,,,,,,,,,,,,,,,,,,,,,,,,
,6556,40181.591256534,1778150612.681746,100,,,,,,,,,,,,,,,,,,,2.755408532000729,,,,,,,,,,,,,,,,,,,,,,,,,
112.30742532899603,6557,40293.901571497,1778150724.9926445,100,,,,,,,,,,,,,,,,,,,,,,,,,,,,,,,,,,,,,,,,,,,,
,6558,40295.779755874,1778150726.8607204,100,1.8278685469995253,,,,,,,,,,,,,,,,,,,,,,,,,,,,,,,,,,,,,,,,,,,
,6559,40296.665114282,1778150727.7563856,100,,0.0,0.0,0.0,0.0,0.0,0.0,0.0,0.001101516987546347,0.0,0.0,0.0,0.0,0.0,0.0,0.0,,,,,,,,,,,,,,,,,,,,,,,,,,,,
,6560,40296.665452628,1778150727.75679,100,,,,,,,,,,,,,,,,,0.0015934480034047738,,,,,,,,,,,,,,,,,,,,,,,,,,,
,6561,40296.666586832,1778150727.7578714,100,,,,,,,,,,,,,,,,,,115.07450349999999,,,,,,,,,,,,,,,,,,,,,,,,,,
,6562,40298.504122453,1778150729.5950747,100,1.836924662013189,,,,,,,,,,,,,,,,,,,,,,,,,,,,,,,,,,,,,,,,,,,
,6563,40299.431429575,1778150730.522491,100,,,,,,,,,,,,,,,,,,,2.7644725290010683,,,,,,,,,,,,,,,,,,,,,,,,,
111.29289373700158,6564,40410.727706602,1778150841.8187451,100,,,,,,,,,,,,,,,,,,,,,,,,,,,,,,,,,,,,,,,,,,,,
,6565,40412.680480451,1778150843.7614884,100,1.9029986999958055,,,,,,,,,,,,,,,,,,,,,,,,,,,,,,,,,,,,,,,,,,,
,6566,40414.137324888,1778150845.2281625,100,,0.021034624881838493,0.0,0.0,0.0,0.125,0.0,0.03672664015498382,0.483107744003064,0.0009633243371128935,0.0,0.1,0.125,0.0,0.04242794873068864,0.11904761904761904,,,,,,,,,,,,,,,,,,,,,,,,,,,,
,6567,40414.137463398,1778150845.228477,100,,,,,,,,,,,,,,,,,0.4835235560021829,,,,,,,,,,,,,,,,,,,,,,,,,,,
,6568,40414.138626185,1778150845.2297304,100,,,,,,,,,,,,,,,,,,114.7056396320113,,,,,,,,,,,,,,,,,,,,,,,,,,
,6569,40416.053201265,1778150847.1443157,100,1.9143289380008355,,,,,,,,,,,,,,,,,,,,,,,,,,,,,,,,,,,,,,,,,,,
,6570,40417.074090433,1778150848.1652756,100,,,,,,,,,,,,,,,,,,,2.935385826000129,,,,,,,,,,,,,,,,,,,,,,,,,
112.3282540950022,6571,40529.406428981,1778150960.4974582,100,,,,,,,,,,,,,,,,,,,,,,,,,,,,,,,,,,,,,,,,,,,,
,6572,40531.265380295,1778150962.3514237,100,1.8143673890008358,,,,,,,,,,,,,,,,,,,,,,,,,,,,,,,,,,,,,,,,,,,
,6573,40532.149381453,1778150963.2405028,100,,0.0,0.0,0.0,0.0,0.0,0.0,0.0,0.0010993949981639162,0.0,0.0,0.0,0.0,0.0,0.0,0.0,,,,,,,,,,,,,,,,,,,,,,,,,,,,
,6574,40532.149552378,1778150963.2408853,100,,,,,,,,,,,,,,,,,0.0015726279962109402,,,,,,,,,,,,,,,,,,,,,,,,,,,
,6575,40532.150692861,1778150963.241964,100,,,,,,,,,,,,,,,,,,115.0750179119932,,,,,,,,,,,,,,,,,,,,,,,,,,
,6576,40533.966663595,1778150965.0577312,100,1.8155078010022407,,,,,,,,,,,,,,,,,,,,,,,,,,,,,,,,,,,,,,,,,,,
,6577,40534.894702575,1778150965.9857657,100,,,,,,,,,,,,,,,,,,,2.7436586810072185,,,,,,,,,,,,,,,,,,,,,,,,,
112.46256384601293,6578,40647.361387643,1778151078.4523668,100,,,,,,,,,,,,,,,,,,,,,,,,,,,,,,,,,,,,,,,,,,,,
,6579,40649.378183485,1778151080.4591215,100,1.9678945009945892,,,,,,,,,,,,,,,,,,,,,,,,,,,,,,,,,,,,,,,,,,,
,6580,40650.689247685,1778151081.7785838,100,,0.042069249763676986,0.0,0.0,0.0,0.25,0.0,0.07345328030996764,0.3021517209999729,0.0019266437706618703,0.0,0.2,0.25,0.0,0.08485589746137728,0.23809523809523808,,,,,,,,,,,,,,,,,,,,,,,,,,,,
,6581,40650.689344462,1778151081.7806418,100,,,,,,,,,,,,,,,,,0.3043016430019634,,,,,,,,,,,,,,,,,,,,,,,,,,,
,6582,40650.690681873,1778151081.7819664,100,,,,,,,,,,,,,,,,,,115.79442149099486,,,,,,,,,,,,,,,,,,,,,,,,,,
,6583,40652.675658012,1778151083.7668355,100,1.984595318994252,,,,,,,,,,,,,,,,,,,,,,,,,,,,,,,,,,,,,,,,,,,
,6584,40653.727590449,1778151084.8186553,100,,,,,,,,,,,,,,,,,,,3.0365207430004375,,,,,,,,,,,,,,,,,,,,,,,,,
113.88991317199543,6585,40767.621103636,1778151198.7121377,100,,,,,,,,,,,,,,,,,,,,,,,,,,,,,,,,,,,,,,,,,,,,
,6586,40769.490402157,1778151200.5713654,100,1.8195743810065323,,,,,,,,,,,,,,,,,,,,,,,,,,,,,,,,,,,,,,,,,,,
,6587,40770.371824542,1778151201.4630754,100,,0.0,0.0,0.0,0.0,0.0,0.0,0.0,0.0009581199992680922,0.0,0.0,0.0,0.0,0.0,0.0,0.0,,,,,,,,,,,,,,,,,,,,,,,,,,,,
,6588,40770.372293837,1778151201.463624,100,,,,,,,,,,,,,,,,,0.0015812729980098084,,,,,,,,,,,,,,,,,,,,,,,,,,,
,6589,40770.373472985,1778151201.4647512,100,,,,,,,,,,,,,,,,,,116.64444224598992,,,,,,,,,,,,,,,,,,,,,,,,,,
,6590,40772.195174251,1778151203.2862475,100,1.821235372000956,,,,,,,,,,,,,,,,,,,,,,,,,,,,,,,,,,,,,,,,,,,
,6591,40773.123267179,1778151204.2143605,100,,,,,,,,,,,,,,,,,,,2.749455137993209,,,,,,,,,,,,,,,,,,,,,,,,,
112.59678253700258,6592,40885.723281468,1778151316.8143413,100,,,,,,,,,,,,,,,,,,,,,,,,,,,,,,,,,,,,,,,,,,,,
,6593,40887.699048665,1778151318.7799823,100,1.9251224799954798,,,,,,,,,,,,,,,,,,,,,,,,,,,,,,,,,,,,,,,,,,,
,6594,40888.684209871,1778151319.7755291,100,,0.0,0.0,0.0,0.0,0.0,0.0,0.0,0.0011629869986791164,0.0,0.0,0.0,0.0,0.0,0.0,0.0,,,,,,,,,,,,,,,,,,,,,,,,,,,,
,6595,40888.68471659,1778151319.7760527,100,,,,,,,,,,,,,,,,,0.0017774239968275651,,,,,,,,,,,,,,,,,,,,,,,,,,,
,6596,40888.685859904,1778151319.7771444,100,,,,,,,,,,,,,,,,,,115.56118857300316,,,,,,,,,,,,,,,,,,,,,,,,,,
,6597,40890.621011389,1778151321.7119865,100,1.9345945270033553,,,,,,,,,,,,,,,,,,,,,,,,,,,,,,,,,,,,,,,,,,,
,6598,40891.649901038,1778151322.7408109,100,,,,,,,,,,,,,,,,,,,2.963518493997981,,,,,,,,,,,,,,,,,,,,,,,,,
111.8241491469962,6599,41003.477185699,1778151434.568233,100,,,,,,,,,,,,,,,,,,,,,,,,,,,,,,,,,,,,,,,,,,,,
,6600,41005.481981578,1778151436.5578568,100,1.9516350889898604,,,,,,,,,,,,,,,,,,,,,,,,,,,,,,,,,,,,,,,,,,,
,6601,41006.47815624,1778151437.5694726,100,,0.0,0.0,0.0,0.0,0.0,0.0,0.0,0.0010954460012726486,0.0,0.0,0.0,0.0,0.0,0.0,0.0,,,,,,,,,,,,,,,,,,,,,,,,,,,,
,6602,41006.490217996,1778151437.5698717,100,,,,,,,,,,,,,,,,,0.0015917339915176854,,,,,,,,,,,,,,,,,,,,,,,,,,,
,6603,41006.494929486,1778151437.5862007,100,,,,,,,,,,,,,,,,,,114.84374766300607,,,,,,,,,,,,,,,,,,,,,,,,,,
,6604,41008.455776394,1778151439.546733,100,1.96026003100269,,,,,,,,,,,,,,,,,,,,,,,,,,,,,,,,,,,,,,,,,,,
,6605,41009.501654544,1778151440.5920901,100,,,,,,,,,,,,,,,,,,,3.0057434440095676,,,,,,,,,,,,,,,,,,,,,,,,,
112.17740404099459,6606,41121.68183358,1778151552.7728062,100,,,,,,,,,,,,,,,,,,,,,,,,,,,,,,,,,,,,,,,,,,,,
,6607,41123.552880319,1778151554.6338294,100,1.8211756380042061,,,,,,,,,,,,,,,,,,,,,,,,,,,,,,,,,,,,,,,,,,,
,6608,41124.435128673,1778151555.5263884,100,,0.0,0.0,0.0,0.0,0.0,0.0,0.0,0.0010789500083774328,0.0,0.0,0.0,0.0,0.0,0.0,0.0,,,,,,,,,,,,,,,,,,,,,,,,,,,,
,6609,41124.435631766,1778151555.5269504,100,,,,,,,,,,,,,,,,,0.0017176399996969849,,,,,,,,,,,,,,,,,,,,,,,,,,,
,6610,41124.436839767,1778151555.5281243,100,,,,,,,,,,,,,,,,,,114.93443218700122,,,,,,,,,,,,,,,,,,,,,,,,,,
,6611,41126.258007409,1778151557.349094,100,1.8207240610063309,,,,,,,,,,,,,,,,,,,,,,,,,,,,,,,,,,,,,,,,,,,
,6612,41127.186884894,1778151558.2779367,100,,,,,,,,,,,,,,,,,,,2.749667749987566,,,,,,,,,,,,,,,,,,,,,,,,,
112.59309833400766,6613,41239.783602803,1778151670.8746407,100,,,,,,,,,,,,,,,,,,,,,,,,,,,,,,,,,,,,,,,,,,,,
,6614,41241.603318205,1778151672.6895208,100,1.7746707379992586,,,,,,,,,,,,,,,,,,,,,,,,,,,,,,,,,,,,,,,,,,,
,6615,41242.894948841,1778151673.985955,100,,0.0,0.0,0.0,0.0,0.0,0.0,0.0,0.4259093289874727,0.004891491772283812,0.0,0.0,0.0,0.0,0.0,0.0,,,,,,,,,,,,,,,,,,,,,,,,,,,,
,6616,41242.896963296,1778151673.9879494,100,,,,,,,,,,,,,,,,,0.4279622600006405,,,,,,,,,,,,,,,,,,,,,,,,,,,
,6617,41242.898604004,1778151673.9897802,100,,,,,,,,,,,,,,,,,,115.70994125500147,,,,,,,,,,,,,,,,,,,,,,,,,,
,6618,41244.68675559,1778151675.7779377,100,1.787855934991967,,,,,,,,,,,,,,,,,,,,,,,,,,,,,,,,,,,,,,,,,,,
,6619,41245.597082499,1778151676.6881623,100,,,,,,,,,,,,,,,,,,,2.69820204199641,,,,,,,,,,,,,,,,,,,,,,,,,
112.04066069499822,6620,41357.641756697,1778151788.7327912,100,,,,,,,,,,,,,,,,,,,,,,,,,,,,,,,,,,,,,,,,,,,,
,6621,41359.48895667,1778151790.569882,100,1.7980018100060988,,,,,,,,,,,,,,,,,,,,,,,,,,,,,,,,,,,,,,,,,,,
,6622,41360.360965772,1778151791.45224,100,,0.0,0.0,0.0,0.0,0.0,0.0,0.0,0.001034661996527575,0.0,0.0,0.0,0.0,0.0,0.0,0.0,,,,,,,,,,,,,,,,,,,,,,,,,,,,
,6623,41360.361443832,1778151791.452784,100,,,,,,,,,,,,,,,,,0.0016539350035600364,,,,,,,,,,,,,,,,,,,,,,,,,,,
,6624,41360.362574949,1778151791.4538565,100,,,,,,,,,,,,,,,,,,114.76393321801152,,,,,,,,,,,,,,,,,,,,,,,,,,
,6625,41362.16340581,1778151793.2545123,100,1.8004110519977985,,,,,,,,,,,,,,,,,,,,,,,,,,,,,,,,,,,,,,,,,,,
,6626,41363.082485668,1778151794.1737201,100,,,,,,,,,,,,,,,,,,,2.719732268000371,,,,,,,,,,,,,,,,,,,,,,,,,
111.35412322000775,6627,41474.440426577,1778151905.531474,100,,,,,,,,,,,,,,,,,,,,,,,,,,,,,,,,,,,,,,,,,,,,
,6628,41476.442059346,1778151907.5179179,100,1.947297716003959,,,,,,,,,,,,,,,,,,,,,,,,,,,,,,,,,,,,,,,,,,,
,6629,41477.436227637,1778151908.5274022,100,,0.0,0.0,0.0,0.0,0.0,0.0,0.0,0.0010674920049495995,0.0,0.0,0.0,0.0,0.0,0.0,0.0,,,,,,,,,,,,,,,,,,,,,,,,,,,,
,6630,41477.436522818,1778151908.5278702,100,,,,,,,,,,,,,,,,,0.0016241409903159365,,,,,,,,,,,,,,,,,,,,,,,,,,,
,6631,41477.437674917,1778151908.5289216,100,,,,,,,,,,,,,,,,,,114.35342697199667,,,,,,,,,,,,,,,,,,,,,,,,,,
,6632,41479.399755178,1778151910.49082,100,1.9615486609982327,,,,,,,,,,,,,,,,,,,,,,,,,,,,,,,,,,,,,,,,,,,
,6633,41480.441254419,1778151911.5323205,100,,,,,,,,,,,,,,,,,,,3.00324780200026,,,,,,,,,,,,,,,,,,,,,,,,,
113.25018246300169,6634,41593.695444852,1778152024.7864902,100,,,,,,,,,,,,,,,,,,,,,,,,,,,,,,,,,,,,,,,,,,,,
,6635,41595.57634947,1778152026.6523623,100,1.8264290929946583,,,,,,,,,,,,,,,,,,,,,,,,,,,,,,,,,,,,,,,,,,,
,6636,41596.45645094,1778152027.5477707,100,,0.0,0.0,0.0,0.0,0.0,0.0,0.0,0.0012357749947113916,0.0,0.0,0.0,0.0,0.0,0.0,0.0,,,,,,,,,,,,,,,,,,,,,,,,,,,,
,6637,41596.45707979,1778152027.5483894,100,,,,,,,,,,,,,,,,,0.0019481579947751015,,,,,,,,,,,,,,,,,,,,,,,,,,,
,6638,41596.458475867,1778152027.5496194,100,,,,,,,,,,,,,,,,,,116.01559248499689,,,,,,,,,,,,,,,,,,,,,,,,,,
,6639,41598.288428415,1778152029.3795373,100,1.8297025140054757,,,,,,,,,,,,,,,,,,,,,,,,,,,,,,,,,,,,,,,,,,,
,6640,41599.21979414,1778152030.3108792,100,,,,,,,,,,,,,,,,,,,2.7611093879968394,,,,,,,,,,,,,,,,,,,,,,,,,
113.446629810991,6641,41712.669812488,1778152143.7609122,100,,,,,,,,,,,,,,,,,,,,,,,,,,,,,,,,,,,,,,,,,,,,
,6642,41714.521789966,1778152145.5977905,100,1.7948359900037758,,,,,,,,,,,,,,,,,,,,,,,,,,,,,,,,,,,,,,,,,,,
,6643,41715.387946083,1778152146.4790347,100,,0.0,0.0,0.0,0.0,0.0,0.0,0.0,0.0009637290058890358,0.0,0.0,0.0,0.0,0.0,0.0,0.0,,,,,,,,,,,,,,,,,,,,,,,,,,,,
,6644,41715.38818137,1778152146.4794695,100,,,,,,,,,,,,,,,,,0.0014877669891575351,,,,,,,,,,,,,,,,,,,,,,,,,,,
,6645,41715.389439713,1778152146.4806006,100,,,,,,,,,,,,,,,,,,116.1680049909919,,,,,,,,,,,,,,,,,,,,,,,,,,
,6646,41717.188364203,1778152148.2794333,100,1.798609192002914,,,,,,,,,,,,,,,,,,,,,,,,,,,,,,,,,,,,,,,,,,,
,6647,41718.106471903,1778152149.197552,100,,,,,,,,,,,,,,,,,,,2.7168021879915614,,,,,,,,,,,,,,,,,,,,,,,,,
113.62017996099894,6648,41831.730430353,1778152262.8214736,100,,,,,,,,,,,,,,,,,,,,,,,,,,,,,,,,,,,,,,,,,,,,
,6649,41833.557363711,1778152264.6434999,100,1.7820712870015996,,,,,,,,,,,,,,,,,,,,,,,,,,,,,,,,,,,,,,,,,,,
,6650,41834.909239175,1778152265.9988816,100,,0.021034624881838493,0.0,0.0,0.0,0.125,0.0,0.03672664015498382,0.482398287000251,0.0036834281626898693,0.0,0.1,0.125,0.0,0.04242794873068864,0.11904761904761904,,,,,,,,,,,,,,,,,,,,,,,,,,,,
,6651,41834.910796548,1778152266.0020897,100,,,,,,,,,,,,,,,,,0.48569556199072395,,,,,,,,,,,,,,,,,,,,,,,,,,,
,6652,41834.912598176,1778152266.0035174,100,,,,,,,,,,,,,,,,,,116.80409202400187,,,,,,,,,,,,,,,,,,,,,,,,,,
,6653,41836.698109189,1778152267.7892327,100,1.7854611549992114,,,,,,,,,,,,,,,,,,,,,,,,,,,,,,,,,,,,,,,,,,,
,6654,41837.610701366,1778152268.7019567,100,,,,,,,,,,,,,,,,,,,2.6982774149946636,,,,,,,,,,,,,,,,,,,,,,,,,
111.67605852200359,6655,41949.29040094,1778152380.3814359,100,,,,,,,,,,,,,,,,,,,,,,,,,,,,,,,,,,,,,,,,,,,,
,6656,41951.125432915,1778152382.2063787,100,1.785272613997222,,,,,,,,,,,,,,,,,,,,,,,,,,,,,,,,,,,,,,,,,,,
,6657,41951.991057586,1778152383.0823326,100,,0.0,0.0,0.0,0.0,0.0,0.0,0.0,0.0010550949955359101,0.0,0.0,0.0,0.0,0.0,0.0,0.0,,,,,,,,,,,,,,,,,,,,,,,,,,,,
,6658,41951.991848073,1778152383.083128,100,,,,,,,,,,,,,,,,,0.0019288930052425712,,,,,,,,,,,,,,,,,,,,,,,,,,,
,6659,41951.992972114,1778152383.0842156,100,,,,,,,,,,,,,,,,,,114.38056496799982,,,,,,,,,,,,,,,,,,,,,,,,,,
,6660,41953.787352357,1778152384.8783455,100,1.7938599429908209,,,,,,,,,,,,,,,,,,,,,,,,,,,,,,,,,,,,,,,,,,,
,6661,41954.703910114,1778152385.7942445,100,,,,,,,,,,,,,,,,,,,2.7098824860004243,,,,,,,,,,,,,,,,,,,,,,,,,
112.6169468559965,6662,42067.323532292,1778152498.414572,100,,,,,,,,,,,,,,,,,,,,,,,,,,,,,,,,,,,,,,,,,,,,
,6663,42069.341091538,1778152500.4219916,100,1.9685005670035025,,,,,,,,,,,,,,,,,,,,,,,,,,,,,,,,,,,,,,,,,,,
,6664,42070.349102941,1778152501.4402764,100,,0.0,0.0,0.0,0.0,0.0,0.0,0.0,0.0012705929984804243,0.0,0.0,0.0,0.0,0.0,0.0,0.0,,,,,,,,,,,,,,,,,,,,,,,,,,,,
,6665,42070.349606629,1778152501.4409595,100,,,,,,,,,,,,,,,,,0.0020374099985929206,,,,,,,,,,,,,,,,,,,,,,,,,,,
,6666,42070.350684144,1778152501.4419622,100,,,,,,,,,,,,,,,,,,115.64616730100533,,,,,,,,,,,,,,,,,,,,,,,,,,
,6667,42072.327470654,1778152503.4184723,100,1.9762789459928172,,,,,,,,,,,,,,,,,,,,,,,,,,,,,,,,,,,,,,,,,,,
,6668,42073.380049105,1778152504.4712317,100,,,,,,,,,,,,,,,,,,,3.029139418998966,,,,,,,,,,,,,,,,,,,,,,,,,
114.13441445698845,6669,42187.518600627,1778152618.6096926,100,,,,,,,,,,,,,,,,,,,,,,,,,,,,,,,,,,,,,,,,,,,,
,6670,42189.369526037,1778152620.4506373,100,1.801096259005135,,,,,,,,,,,,,,,,,,,,,,,,,,,,,,,,,,,,,,,,,,,
,6671,42190.804217339,1778152621.8952997,100,,0.0,0.0,0.0,0.0,0.0875,0.0,0.03672664015498382,0.5612552340026014,0.0020569672665548744,0.0,0.04999999999999999,0.125,0.0,0.026516869777626007,0.11458333333333333,,,,,,,,,,,,,,,,,,,,,,,,,,,,
,6672,42190.80652315,1778152621.897574,100,,,,,,,,,,,,,,,,,0.5636179580033058,,,,,,,,,,,,,,,,,,,,,,,,,,,
,6673,42190.807644751,1778152621.8987143,100,,,,,,,,,,,,,,,,,,117.42540065800131,,,,,,,,,,,,,,,,,,,,,,,,,,
,6674,42192.612114264,1778152623.7033322,100,1.8044127019966254,,,,,,,,,,,,,,,,,,,,,,,,,,,,,,,,,,,,,,,,,,,
,6675,42193.532831397,1778152624.6240382,100,,,,,,,,,,,,,,,,,,,2.7251760229992215,,,,,,,,,,,,,,,,,,,,,,,,,
114.02901131199906,6676,42307.565645507,1778152738.6566916,100,,,,,,,,,,,,,,,,,,,,,,,,,,,,,,,,,,,,,,,,,,,,
,6677,42309.452869452,1778152740.5337658,100,1.8326170960062882,,,,,,,,,,,,,,,,,,,,,,,,,,,,,,,,,,,,,,,,,,,
,6678,42310.583824795,1778152741.6750317,100,,0.0,0.0,0.0,0.0,0.0,0.0,0.0,0.2733300079999026,0.002668724384955027,0.0,0.0,0.0,0.0,0.0,0.0,,,,,,,,,,,,,,,,,,,,,,,,,,,,
,6679,42310.5843031,1778152741.675569,100,,,,,,,,,,,,,,,,,0.2739646200061543,,,,,,,,,,,,,,,,,,,,,,,,,,,
,6680,42310.585887508,1778152741.6771162,100,,,,,,,,,,,,,,,,,,117.05120096600149,,,,,,,,,,,,,,,,,,,,,,,,,,
,6681,42312.42139495,1778152743.5126166,100,1.8340557999908924,,,,,,,,,,,,,,,,,,,,,,,,,,,,,,,,,,,,,,,,,,,
,6682,42313.336662874,1778152744.427874,100,,,,,,,,,,,,,,,,,,,2.7505997640109854,,,,,,,,,,,,,,,,,,,,,,,,,
112.39949584400165,6683,42425.740119573,1778152856.8311517,100,,,,,,,,,,,,,,,,,,,,,,,,,,,,,,,,,,,,,,,,,,,,
,6684,42427.578072401,1778152858.6591458,100,1.7878910810104571,,,,,,,,,,,,,,,,,,,,,,,,,,,,,,,,,,,,,,,,,,,
,6685,42428.447326834,1778152859.5384016,100,,0.0,0.0,0.0,0.0,0.0,0.0,0.0,0.0010487099934834987,0.0,0.0,0.0,0.0,0.0,0.0,0.0,,,,,,,,,,,,,,,,,,,,,,,,,,,,
,6686,42428.447461504,1778152859.5388212,100,,,,,,,,,,,,,,,,,0.0015498170105274767,,,,,,,,,,,,,,,,,,,,,,,,,,,
,6687,42428.44855368,1778152859.5398767,100,,,,,,,,,,,,,,,,,,115.11004541099828,,,,,,,,,,,,,,,,,,,,,,,,,,
,6688,42430.243574623,1778152861.334688,100,1.794533742009662,,,,,,,,,,,,,,,,,,,,,,,,,,,,,,,,,,,,,,,,,,,
,6689,42431.161227183,1778152862.2523818,100,,,,,,,,,,,,,,,,,,,2.7122863859985955,,,,,,,,,,,,,,,,,,,,,,,,,
112.39062001499406,6690,42543.555821879,1778152974.6467977,100,,,,,,,,,,,,,,,,,,,,,,,,,,,,,,,,,,,,,,,,,,,,
,6691,42545.399605532,1778152976.4754665,100,1.7889039069996215,,,,,,,,,,,,,,,,,,,,,,,,,,,,,,,,,,,,,,,,,,,
,6692,42546.621174655,1778152977.7123148,100,,0.10745308672342922,0.0,0.0,0.0,0.125,0.0,0.039739072717578205,0.35957000400230754,0.0004884228000162349,0.0,0.125,0.125,0.0,0.08491415194345904,0.037212456597222214,,,,,,,,,,,,,,,,,,,,,,,,,,,,
,6693,42546.621312065,1778152977.7126637,100,,,,,,,,,,,,,,,,,0.3600182920054067,,,,,,,,,,,,,,,,,,,,,,,,,,,
,6694,42546.624218798,1778152977.7138484,100,,,,,,,,,,,,,,,,,,115.45925314899068,,,,,,,,,,,,,,,,,,,,,,,,,,
,6695,42548.416102851,1778152979.5072753,100,1.7932158680050634,,,,,,,,,,,,,,,,,,,,,,,,,,,,,,,,,,,,,,,,,,,
,6696,42549.331717536,1778152980.4228365,100,,,,,,,,,,,,,,,,,,,2.708830043004127,,,,,,,,,,,,,,,,,,,,,,,,,
113.65123038299498,6697,42662.98665043,1778153094.0777266,100,,,,,,,,,,,,,,,,,,,,,,,,,,,,,,,,,,,,,,,,,,,,
,6698,42664.993870575,1778153096.07494,100,1.957125419008662,,,,,,,,,,,,,,,,,,,,,,,,,,,,,,,,,,,,,,,,,,,
,6699,42665.995286423,1778153097.0865245,100,,0.0,0.0,0.0,0.0,0.0,0.0,0.0,0.0009995370055548847,0.0,0.0,0.0,0.0,0.0,0.0,0.0,,,,,,,,,,,,,,,,,,,,,,,,,,,,
,6700,42665.995741196,1778153097.0870893,100,,,,,,,,,,,,,,,,,0.0016640919930068776,,,,,,,,,,,,,,,,,,,,,,,,,,,
,6701,42665.997047469,1778153097.0881715,100,,,,,,,,,,,,,,,,,,116.66338551300578,,,,,,,,,,,,,,,,,,,,,,,,,,
,6702,42667.966635187,1778153099.0575736,100,1.96918012999231,,,,,,,,,,,,,,,,,,,,,,,,,,,,,,,,,,,,,,,,,,,
,6703,42669.01335919,1778153100.10446,100,,,,,,,,,,,,,,,,,,,3.016142894004588,,,,,,,,,,,,,,,,,,,,,,,,,
113.78691981000884,6704,42782.80365412,1778153213.894755,100,,,,,,,,,,,,,,,,,,,,,,,,,,,,,,,,,,,,,,,,,,,,
,6705,42784.655602668,1778153215.7366369,100,1.7996685550024267,,,,,,,,,,,,,,,,,,,,,,,,,,,,,,,,,,,,,,,,,,,
,6706,42785.529844461,1778153216.6210008,100,,0.0,0.0,0.0,0.0,0.0,0.0,0.0,0.0010351889941375703,0.0,0.0,0.0,0.0,0.0,0.0,0.0,,,,,,,,,,,,,,,,,,,,,,,,,,,,
,6707,42785.530114838,1778153216.6214375,100,,,,,,,,,,,,,,,,,0.001565777012729086,,,,,,,,,,,,,,,,,,,,,,,,,,,
,6708,42785.53127735,1778153216.622492,100,,,,,,,,,,,,,,,,,,116.51639174899901,,,,,,,,,,,,,,,,,,,,,,,,,,
,6709,42787.335164902,1778153218.4262693,100,1.8034878699982073,,,,,,,,,,,,,,,,,,,,,,,,,,,,,,,,,,,,,,,,,,,
,6710,42788.25645272,1778153219.347664,100,,,,,,,,,,,,,,,,,,,2.7249961830093525,,,,,,,,,,,,,,,,,,,,,,,,,
112.76151655000285,6711,42901.021754186,1778153332.1126971,100,,,,,,,,,,,,,,,,,,,,,,,,,,,,,,,,,,,,,,,,,,,,
,6712,42902.842187505,1778153333.9232461,100,1.7702096550056012,,,,,,,,,,,,,,,,,,,,,,,,,,,,,,,,,,,,,,,,,,,
,6713,42903.700438242,1778153334.7916174,100,,0.0,0.0,0.0,0.0,0.0,0.0,0.0,0.0010356510028941557,0.0,0.0,0.0,0.0,0.0,0.0,0.0,,,,,,,,,,,,,,,,,,,,,,,,,,,,
,6714,42903.700605861,1778153334.7919211,100,,,,,,,,,,,,,,,,,0.001439700004993938,,,,,,,,,,,,,,,,,,,,,,,,,,,
,6715,42903.70184354,1778153334.792973,100,,,,,,,,,,,,,,,,,,115.44348049699329,,,,,,,,,,,,,,,,,,,,,,,,,,
,6716,42905.477753194,1778153336.5688372,100,1.7756585009919945,,,,,,,,,,,,,,,,,,,,,,,,,,,,,,,,,,,,,,,,,,,
,6717,42906.384791533,1778153337.475888,100,,,,,,,,,,,,,,,,,,,2.682775829001912,,,,,,,,,,,,,,,,,,,,,,,,,
112.35023335900041,6718,43018.738614875,1778153449.8296027,100,,,,,,,,,,,,,,,,,,,,,,,,,,,,,,,,,,,,,,,,,,,,
,6719,43020.587684602,1778153451.6635225,100,1.7939639340038411,,,,,,,,,,,,,,,,,,,,,,,,,,,,,,,,,,,,,,,,,,,
,6720,43021.718975444,1778153452.8102329,100,,0.0,0.0,0.0,0.0,0.0,0.0,0.0,0.2952489430026617,0.00284663805268173,0.0,0.0,0.0,0.0,0.0,0.0,,,,,,,,,,,,,,,,,,,,,,,,,,,,
,6721,43021.719301212,1778153452.8106034,100,,,,,,,,,,,,,,,,,0.29571682700770907,,,,,,,,,,,,,,,,,,,,,,,,,,,
,6722,43021.720479106,1778153452.811759,100,,,,,,,,,,,,,,,,,,115.33414297700801,,,,,,,,,,,,,,,,,,,,,,,,,,
,6723,43023.509738272,1778153454.6008003,100,1.7888052359921858,,,,,,,,,,,,,,,,,,,,,,,,,,,,,,,,,,,,,,,,,,,
,6724,43024.407971265,1778153455.4984343,100,,,,,,,,,,,,,,,,,,,2.686511659005191,,,,,,,,,,,,,,,,,,,,,,,,,
111.86844085800112,6725,43136.279147657,1778153567.3702116,100,,,,,,,,,,,,,,,,,,,,,,,,,,,,,,,,,,,,,,,,,,,,
,6726,43138.127407794,1778153569.2083364,100,1.7988974299951224,,,,,,,,,,,,,,,,,,,,,,,,,,,,,,,,,,,,,,,,,,,
,6727,43138.998351703,1778153570.0894763,100,,0.0,0.0,0.0,0.0,0.0,0.0,0.0,0.0011095450026914477,0.0,0.0,0.0,0.0,0.0,0.0,0.0,,,,,,,,,,,,,,,,,,,,,,,,,,,,
,6728,43138.998582573,1778153570.0899146,100,,,,,,,,,,,,,,,,,0.001631861989153549,,,,,,,,,,,,,,,,,,,,,,,,,,,
,6729,43138.99965001,1778153570.0909436,100,,,,,,,,,,,,,,,,,,114.59098038100637,,,,,,,,,,,,,,,,,,,,,,,,,,
,6730,43140.800563609,1778153571.8914795,100,1.8003054339933442,,,,,,,,,,,,,,,,,,,,,,,,,,,,,,,,,,,,,,,,,,,
,6731,43141.716554373,1778153572.8077712,100,,,,,,,,,,,,,,,,,,,2.716685909006628,,,,,,,,,,,,,,,,,,,,,,,,,
112.97012934900704,6732,43254.690667717,1778153685.7816722,100,,,,,,,,,,,,,,,,,,,,,,,,,,,,,,,,,,,,,,,,,,,,
,6733,43256.570402326,1778153687.6462746,100,1.8246021780068986,,,,,,,,,,,,,,,,,,,,,,,,,,,,,,,,,,,,,,,,,,,
,6734,43257.843277747,1778153688.9328623,100,,0.11182087740282383,0.0,0.0,0.0,0.125,0.0,0.014637721295388331,0.42019213498861063,0.0004661196743482296,0.0,0.11095833333333333,0.125,0.0,0.09077220269320686,0.047469259475687385,,,,,,,,,,,,,,,,,,,,,,,,,,,,
,6735,43257.844348124,1778153688.935663,100,,,,,,,,,,,,,,,,,0.4230761279904982,,,,,,,,,,,,,,,,,,,,,,,,,,,
,6736,43257.8460069,1778153688.936909,100,,,,,,,,,,,,,,,,,,116.12721838000289,,,,,,,,,,,,,,,,,,,,,,,,,,
,6737,43259.663676368,1778153690.7547357,100,1.8176173379906686,,,,,,,,,,,,,,,,,,,,,,,,,,,,,,,,,,,,,,,,,,,
,6738,43260.574307704,1778153691.6655,100,,,,,,,,,,,,,,,,,,,2.728435821001767,,,,,,,,,,,,,,,,,,,,,,,,,
113.79861026299477,6739,43374.37681227,1778153805.4678538,100,,,,,,,,,,,,,,,,,,,,,,,,,,,,,,,,,,,,,,,,,,,,
,6740,43376.256297241,1778153807.337314,100,1.8296771890018135,,,,,,,,,,,,,,,,,,,,,,,,,,,,,,,,,,,,,,,,,,,
,6741,43377.116162056,1778153808.2072978,100,,0.0,0.0,0.0,0.0,0.0,0.0,0.0,0.0010409930255264044,0.0,0.0,0.0,0.0,0.0,0.0,0.0,,,,,,,,,,,,,,,,,,,,,,,,,,,,
,6742,43377.116374976,1778153808.2076454,100,,,,,,,,,,,,,,,,,0.00148100801743567,,,,,,,,,,,,,,,,,,,,,,,,,,,
,6743,43377.117575981,1778153808.208822,100,,,,,,,,,,,,,,,,,,116.54130666000128,,,,,,,,,,,,,,,,,,,,,,,,,,
,6744,43378.941473663,1778153810.0325181,100,1.8234214349940885,,,,,,,,,,,,,,,,,,,,,,,,,,,,,,,,,,,,,,,,,,,
,6745,43379.854108379,1778153810.9451861,100,,,,,,,,,,,,,,,,,,,2.736188380018575,,,,,,,,,,,,,,,,,,,,,,,,,
112.57846498300205,6746,43492.435984504,1778153923.527098,100,,,,,,,,,,,,,,,,,,,,,,,,,,,,,,,,,,,,,,,,,,,,
,6747,43494.27920536,1778153925.360238,100,1.7933647710015066,,,,,,,,,,,,,,,,,,,,,,,,,,,,,,,,,,,,,,,,,,,
,6748,43495.148670409,1778153926.2398605,100,,0.0,0.0,0.0,0.0,0.0,0.0,0.0,0.0010724379972089082,0.0,0.0,0.0,0.0,0.0,0.0,0.0,,,,,,,,,,,,,,,,,,,,,,,,,,,,
,6749,43495.148796661,1778153926.2401652,100,,,,,,,,,,,,,,,,,0.0014678380102850497,,,,,,,,,,,,,,,,,,,,,,,,,,,
,6750,43495.14999661,1778153926.2412496,100,,,,,,,,,,,,,,,,,,115.29431942699011,,,,,,,,,,,,,,,,,,,,,,,,,,
,6751,43496.947422337,1778153928.0386102,100,1.7970972459879704,,,,,,,,,,,,,,,,,,,,,,,,,,,,,,,,,,,,,,,,,,,
,6752,43497.865823981,1778153928.9569287,100,,,,,,,,,,,,,,,,,,,2.7155210209893994,,,,,,,,,,,,,,,,,,,,,,,,,
112.55555047601229,6753,43610.424971537,1778154041.516062,100,,,,,,,,,,,,,,,,,,,,,,,,,,,,,,,,,,,,,,,,,,,,
,6754,43612.45616163,1778154043.532073,100,1.9764903789910022,,,,,,,,,,,,,,,,,,,,,,,,,,,,,,,,,,,,,,,,,,,
,6755,43613.461750666,1778154044.5530322,100,,0.0,0.0,0.0,0.0,0.0,0.0,0.0,0.0011938259995076805,0.0,0.0,0.0,0.0,0.0,0.0,0.0,,,,,,,,,,,,,,,,,,,,,,,,,,,,
,6756,43613.462117012,1778154044.5534284,100,,,,,,,,,,,,,,,,,0.0016826289938762784,,,,,,,,,,,,,,,,,,,,,,,,,,,
,6757,43613.463343978,1778154044.5546184,100,,,,,,,,,,,,,,,,,,115.59579517602106,,,,,,,,,,,,,,,,,,,,,,,,,,
,6758,43615.448238977,1778154046.5392153,100,1.9843461499840487,,,,,,,,,,,,,,,,,,,,,,,,,,,,,,,,,,,,,,,,,,,
,6759,43616.503833127,1778154047.5948288,100,,,,,,,,,,,,,,,,,,,3.040055368997855,,,,,,,,,,,,,,,,,,,,,,,,,
112.44843489699997,6760,43728.955723992,1778154160.0466452,100,,,,,,,,,,,,,,,,,,,,,,,,,,,,,,,,,,,,,,,,,,,,
,6761,43730.780348329,1778154161.8662503,100,1.7803120040043723,,,,,,,,,,,,,,,,,,,,,,,,,,,,,,,,,,,,,,,,,,,
,6762,43732.21625787,1778154163.3058848,100,,0.0,0.0,0.0,0.0,0.0875,0.0,0.03672664015498382,0.5663021490036044,0.0020569672665548744,0.0,0.04999999999999999,0.125,0.0,0.026516869777626007,0.11458333333333333,,,,,,,,,,,,,,,,,,,,,,,,,,,,
,6763,43732.216710025,1778154163.3080137,100,,,,,,,,,,,,,,,,,0.5685241549799684,,,,,,,,,,,,,,,,,,,,,,,,,,,
,6764,43732.218153818,1778154163.3092115,100,,,,,,,,,,,,,,,,,,115.71273133798968,,,,,,,,,,,,,,,,,,,,,,,,,,
,6765,43734.002786814,1778154165.0939026,100,1.784486332006054,,,,,,,,,,,,,,,,,,,,,,,,,,,,,,,,,,,,,,,,,,,
,6766,43734.917012441,1778154166.0081053,100,,,,,,,,,,,,,,,,,,,2.698739533982007,,,,,,,,,,,,,,,,,,,,,,,,,
112.71723487699637,6767,43847.637758547,1778154278.728666,100,,,,,,,,,,,,,,,,,,,,,,,,,,,,,,,,,,,,,,,,,,,,
,6768,43849.656764432,1778154280.737753,100,1.970201341988286,,,,,,,,,,,,,,,,,,,,,,,,,,,,,,,,,,,,,,,,,,,
,6769,43850.665002832,1778154281.7563224,100,,0.0,0.0,0.0,0.0,0.0,0.0,0.0,0.0010033019934780896,0.0,0.0,0.0,0.0,0.0,0.0,0.0,,,,,,,,,,,,,,,,,,,,,,,,,,,,
,6770,43850.665449993,1778154281.7568054,100,,,,,,,,,,,,,,,,,0.001574691996211186,,,,,,,,,,,,,,,,,,,,,,,,,,,
,6771,43850.6667224,1778154281.7578342,100,,,,,,,,,,,,,,,,,,115.74817609699676,,,,,,,,,,,,,,,,,,,,,,,,,,
,6772,43852.647237817,1778154283.738413,100,1.9803765090182424,,,,,,,,,,,,,,,,,,,,,,,,,,,,,,,,,,,,,,,,,,,
,6773,43853.701130501,1778154284.7921028,100,,,,,,,,,,,,,,,,,,,3.03412868900341,,,,,,,,,,,,,,,,,,,,,,,,,
113.02630449901335,6774,43966.730948393,1778154397.822057,100,,,,,,,,,,,,,,,,,,,,,,,,,,,,,,,,,,,,,,,,,,,,
,6775,43968.757947041,1778154399.8439574,100,1.9826943240186665,,,,,,,,,,,,,,,,,,,,,,,,,,,,,,,,,,,,,,,,,,,
,6776,43969.777382581,1778154400.868669,100,,0.0,0.0,0.0,0.0,0.0,0.0,0.0,0.0010353779944125563,0.0,0.0,0.0,0.0,0.0,0.0,0.0,,,,,,,,,,,,,,,,,,,,,,,,,,,,
,6777,43969.777679469,1778154400.869034,100,,,,,,,,,,,,,,,,,0.0014911199978087097,,,,,,,,,,,,,,,,,,,,,,,,,,,
,6778,43969.778754881,1778154400.8700397,100,,,,,,,,,,,,,,,,,,116.07628657200257,,,,,,,,,,,,,,,,,,,,,,,,,,
,6779,43971.766543381,1778154402.8576546,100,1.9873701820033602,,,,,,,,,,,,,,,,,,,,,,,,,,,,,,,,,,,,,,,,,,,
,6780,43972.823560849,1778154403.9146624,100,,,,,,,,,,,,,,,,,,,3.0444764500134625,,,,,,,,,,,,,,,,,,,,,,,,,
111.61814814101672,6781,44084.445246618,1778154515.5362813,100,,,,,,,,,,,,,,,,,,,,,,,,,,,,,,,,,,,,,,,,,,,,
,6782,44086.286208578,1778154517.3672476,100,1.7908101729990449,,,,,,,,,,,,,,,,,,,,,,,,,,,,,,,,,,,,,,,,,,,
,6783,44087.153931415,1778154518.2451096,100,,0.0,0.0,0.0,0.0,0.0,0.0,0.0,0.001196665019961074,0.0,0.0,0.0,0.0,0.0,0.0,0.0,,,,,,,,,,,,,,,,,,,,,,,,,,,,
,6784,44087.154224489,1778154518.2455542,100,,,,,,,,,,,,,,,,,0.0017367589753121138,,,,,,,,,,,,,,,,,,,,,,,,,,,
,6785,44087.155388583,1778154518.2466457,100,,,,,,,,,,,,,,,,,,114.33027843598393,,,,,,,,,,,,,,,,,,,,,,,,,,
,6786,44088.956813897,1778154520.0478115,100,1.8008998849836644,,,,,,,,,,,,,,,,,,,,,,,,,,,,,,,,,,,,,,,,,,,
,6787,44089.875056017,1778154520.9654715,100,,,,,,,,,,,,,,,,,,,2.7186769880063366,,,,,,,,,,,,,,,,,,,,,,,,,
112.84220965299755,6788,44202.720056978,1778154633.8111756,100,,,,,,,,,,,,,,,,,,,,,,,,,,,,,,,,,,,,,,,,,,,,
,6789,44204.556887176,1778154635.6378572,100,1.7872540659736842,,,,,,,,,,,,,,,,,,,,,,,,,,,,,,,,,,,,,,,,,,,
,6790,44205.995225301,1778154637.0853908,100,,0.0,0.0,0.0,0.0,0.0875,0.0,0.03672664015498382,0.5696938960172702,0.0020569672665548744,0.0,0.04999999999999999,0.125,0.0,0.026516869777626007,0.11458333333333333,,,,,,,,,,,,,,,,,,,,,,,,,,,,
,6791,44205.996336462,1778154637.087662,100,,,,,,,,,,,,,,,,,0.5720705629792064,,,,,,,,,,,,,,,,,,,,,,,,,,,
,6792,44205.997885077,1778154637.0888214,100,,,,,,,,,,,,,,,,,,116.12174243602203,,,,,,,,,,,,,,,,,,,,,,,,,,
,6793,44207.790304138,1778154638.881363,100,1.7923395609832369,,,,,,,,,,,,,,,,,,,,,,,,,,,,,,,,,,,,,,,,,,,
,6794,44208.705890086,1778154639.796999,100,,,,,,,,,,,,,,,,,,,2.7080418310069945,,,,,,,,,,,,,,,,,,,,,,,,,
113.03895806398941,6795,44321.748182817,1778154752.839231,100,,,,,,,,,,,,,,,,,,,,,,,,,,,,,,,,,,,,,,,,,,,,
,6796,44323.550748384,1778154754.6317146,100,1.7529565499862656,,,,,,,,,,,,,,,,,,,,,,,,,,,,,,,,,,,,,,,,,,,
,6797,44324.96548845,1778154756.056588,100,,0.021034624881838493,0.0,0.0,0.0,0.125,0.0,0.03672664015498382,0.5612035939993802,0.0009633243371128935,0.0,0.1,0.125,0.0,0.04242794873068864,0.11904761904761904,,,,,,,,,,,,,,,,,,,,,,,,,,,,
,6798,44324.966053612,1778154756.0571349,100,,,,,,,,,,,,,,,,,0.5618366120033897,,,,,,,,,,,,,,,,,,,,,,,,,,,
,6799,44324.967294954,1778154756.0583968,100,,,,,,,,,,,,,,,,,,116.25981700999546,,,,,,,,,,,,,,,,,,,,,,,,,,
,6800,44326.726650863,1778154757.817733,100,1.7591095289972145,,,,,,,,,,,,,,,,,,,,,,,,,,,,,,,,,,,,,,,,,,,
,6801,44327.627225709,1778154758.7184207,100,,,,,,,,,,,,,,,,,,,2.6598494030185975,,,,,,,,,,,,,,,,,,,,,,,,,
114.20757383501041,6802,44441.838737793,1778154872.9297633,100,,,,,,,,,,,,,,,,,,,,,,,,,,,,,,,,,,,,,,,,,,,,
,6803,44443.724708683,1778154874.810647,100,1.830714968004031,,,,,,,,,,,,,,,,,,,,,,,,,,,,,,,,,,,,,,,,,,,
,6804,44444.588097683,1778154875.6793716,100,,0.0,0.0,0.0,0.0,0.0,0.0,0.0,0.0011742329807020724,0.0,0.0,0.0,0.0,0.0,0.0,0.0,,,,,,,,,,,,,,,,,,,,,,,,,,,,
,6805,44444.588577419,1778154875.6798892,100,,,,,,,,,,,,,,,,,0.001779819984221831,,,,,,,,,,,,,,,,,,,,,,,,,,,
,6806,44444.589716673,1778154875.6809654,100,,,,,,,,,,,,,,,,,,116.96061677098623,,,,,,,,,,,,,,,,,,,,,,,,,,
,6807,44446.414574786,1778154877.5056806,100,1.824357237026561,,,,,,,,,,,,,,,,,,,,,,,,,,,,,,,,,,,,,,,,,,,
,6808,44447.328665382,1778154878.419655,100,,,,,,,,,,,,,,,,,,,2.7385420050122775,,,,,,,,,,,,,,,,,,,,,,,,,
113.45957347602234,6809,44560.791605967,1778154991.8826199,100,,,,,,,,,,,,,,,,,,,,,,,,,,,,,,,,,,,,,,,,,,,,
,6810,44562.625922453,1778154993.7018337,100,1.7797114250133745,,,,,,,,,,,,,,,,,,,,,,,,,,,,,,,,,,,,,,,,,,,
,6811,44564.040662452,1778154995.1291416,100,,0.042069249763676986,0.0,0.0,0.0,0.25,0.0,0.07345328030996764,0.5542333839985076,0.004353990489314882,0.0,0.2,0.25,0.0,0.08485589746137728,0.23809523809523808,,,,,,,,,,,,,,,,,,,,,,,,,,,,
,6812,44564.040708048,1778154995.1306643,100,,,,,,,,,,,,,,,,,0.555856216000393,,,,,,,,,,,,,,,,,,,,,,,,,,,
,6813,44564.041245796,1778154995.1322005,100,,,,,,,,,,,,,,,,,,116.71099713799777,,,,,,,,,,,,,,,,,,,,,,,,,,
,6814,44565.823877252,1778154996.914974,100,1.7825253090122715,,,,,,,,,,,,,,,,,,,,,,,,,,,,,,,,,,,,,,,,,,,
,6815,44566.734272447,1778154997.8252425,100,,,,,,,,,,,,,,,,,,,2.6928675230010413,,,,,,,,,,,,,,,,,,,,,,,,,
113.8776430519938,6816,44680.615325146,1778155111.7063556,100,,,,,,,,,,,,,,,,,,,,,,,,,,,,,,,,,,,,,,,,,,,,
,6817,44682.640893648,1778155113.7217977,100,1.9760334260063246,,,,,,,,,,,,,,,,,,,,,,,,,,,,,,,,,,,,,,,,,,,
,6818,44683.651264005,1778155114.74241,100,,0.0,0.0,0.0,0.0,0.0,0.0,0.0,0.0010475130111444741,0.0,0.0,0.0,0.0,0.0,0.0,0.0,,,,,,,,,,,,,,,,,,,,,,,,,,,,
,6819,44683.651455405,1778155114.7427578,100,,,,,,,,,,,,,,,,,0.0014890330203343183,,,,,,,,,,,,,,,,,,,,,,,,,,,
,6820,44683.652827939,1778155114.74395,100,,,,,,,,,,,,,,,,,,116.91702602498117,,,,,,,,,,,,,,,,,,,,,,,,,,
,6821,44685.634511445,1778155116.7257152,100,1.9815508559986483,,,,,,,,,,,,,,,,,,,,,,,,,,,,,,,,,,,,,,,,,,,
,6822,44686.688718125,1778155117.7799456,100,,,,,,,,,,,,,,,,,,,3.0358427190221846,,,,,,,,,,,,,,,,,,,,,,,,,
114.5415443009988,6823,44801.234161971,1778155232.3251572,100,,,,,,,,,,,,,,,,,,,,,,,,,,,,,,,,,,,,,,,,,,,,
,6824,44803.098853537,1778155234.1847477,100,1.8200886050180998,,,,,,,,,,,,,,,,,,,,,,,,,,,,,,,,,,,,,,,,,,,
,6825,44804.49256254,1778155235.5822783,100,,0.021034624881838493,0.0,0.0,0.0,0.125,0.0,0.03672664015498382,0.5104746540018823,0.003694532455377566,0.0,0.1,0.125,0.0,0.04242794873068864,0.11904761904761904,,,,,,,,,,,,,,,,,,,,,,,,,,,,
,6826,44804.492843278,1778155235.5840929,100,,,,,,,,,,,,,,,,,0.5123772340011783,,,,,,,,,,,,,,,,,,,,,,,,,,,
,6827,44804.494334509,1778155235.5855293,100,,,,,,,,,,,,,,,,,,117.80376943698502,,,,,,,,,,,,,,,,,,,,,,,,,,
,6828,44806.314485485,1778155237.405583,100,1.81972964599845,,,,,,,,,,,,,,,,,,,,,,,,,,,,,,,,,,,,,,,,,,,
,6829,44807.24171417,1778155238.3328075,100,,,,,,,,,,,,,,,,,,,2.747080786997685,,,,,,,,,,,,,,,,,,,,,,,,,
113.84873027200229,6830,44921.093992669,1778155352.1850054,100,,,,,,,,,,,,,,,,,,,,,,,,,,,,,,,,,,,,,,,,,,,,
,6831,44922.91352037,1778155353.9893894,100,1.7641804750019219,,,,,,,,,,,,,,,,,,,,,,,,,,,,,,,,,,,,,,,,,,,
,6832,44924.10082647,1778155355.1919463,100,,0.0,0.0,0.0,0.0,0.0,0.0,0.0,0.33570094700553454,0.004672237087044832,0.0,0.0,0.0,0.0,0.0,0.0,,,,,,,,,,,,,,,,,,,,,,,,,,,,
,6833,44924.101178486,1778155355.1923296,100,,,,,,,,,,,,,,,,,0.33618144001229666,,,,,,,,,,,,,,,,,,,,,,,,,,,
,6834,44924.1022179,1778155355.1934693,100,,,,,,,,,,,,,,,,,,116.85892680098186,,,,,,,,,,,,,,,,,,,,,,,,,,
,6835,44925.875262352,1778155356.9663413,100,1.7725781999761239,,,,,,,,,,,,,,,,,,,,,,,,,,,,,,,,,,,,,,,,,,,
,6836,44926.779299829,1778155357.870462,100,,,,,,,,,,,,,,,,,,,2.67681024200283,,,,,,,,,,,,,,,,,,,,,,,,,
114.05378770001698,6837,45040.837144852,1778155471.9281492,100,,,,,,,,,,,,,,,,,,,,,,,,,,,,,,,,,,,,,,,,,,,,
,6838,45042.898445221,1778155473.9845757,100,2.0129625400004443,,,,,,,,,,,,,,,,,,,,,,,,,,,,,,,,,,,,,,,,,,,
,6839,45044.278577109,1778155475.3697112,100,,0.0,0.0,0.0,0.0,0.1,0.0,0.03672664015498382,0.41212485800497234,0.0017879999992297078,0.0,0.04999999999999999,0.125,0.0,0.028346331819115875,0.11458333333333333,,,,,,,,,,,,,,,,,,,,,,,,,,,,
,6840,45044.278890301,1778155475.3700826,100,,,,,,,,,,,,,,,,,0.41259344399441034,,,,,,,,,,,,,,,,,,,,,,,,,,,
,6841,45044.28391716,1778155475.373814,100,,,,,,,,,,,,,,,,,,117.50140212199767,,,,,,,,,,,,,,,,,,,,,,,,,,
,6842,45046.27345751,1778155477.3645988,100,1.9905653570021968,,,,,,,,,,,,,,,,,,,,,,,,,,,,,,,,,,,,,,,,,,,
,6843,45047.315629209,1778155478.4066887,100,,,,,,,,,,,,,,,,,,,3.032712423009798,,,,,,,,,,,,,,,,,,,,,,,,,
113.38406114501413,6844,45160.703481513,1778155591.7944672,100,,,,,,,,,,,,,,,,,,,,,,,,,,,,,,,,,,,,,,,,,,,,
,6845,45162.539575691,1778155593.6204753,100,1.7729752930172253,,,,,,,,,,,,,,,,,,,,,,,,,,,,,,,,,,,,,,,,,,,
,6846,45163.400756481,1778155594.4918537,100,,0.0,0.0,0.0,0.0,0.0,0.0,0.0,0.0012403329892549664,0.0,0.0,0.0,0.0,0.0,0.0,0.0,,,,,,,,,,,,,,,,,,,,,,,,,,,,
,6847,45163.40092686,1778155594.492238,100,,,,,,,,,,,,,,,,,0.0017207310011144727,,,,,,,,,,,,,,,,,,,,,,,,,,,
,6848,45163.40240223,1778155594.4934914,100,,,,,,,,,,,,,,,,,,116.08517278599902,,,,,,,,,,,,,,,,,,,,,,,,,,
,6849,45165.182308792,1778155596.2733953,100,1.77965740399668,,,,,,,,,,,,,,,,,,,,,,,,,,,,,,,,,,,,,,,,,,,
,6850,45166.094397733,1778155597.1848986,100,,,,,,,,,,,,,,,,,,,2.691238739003893,,,,,,,,,,,,,,,,,,,,,,,,,
113.26203975800308,6851,45279.359230886,1778155710.4502428,100,,,,,,,,,,,,,,,,,,,,,,,,,,,,,,,,,,,,,,,,,,,,
,6852,45281.19360019,1778155712.2746513,100,1.784442336007487,,,,,,,,,,,,,,,,,,,,,,,,,,,,,,,,,,,,,,,,,,,
,6853,45282.059919299,1778155713.151215,100,,0.0,0.0,0.0,0.0,0.0,0.0,0.0,0.0011811250005848706,0.0,0.0,0.0,0.0,0.0,0.0,0.0,,,,,,,,,,,,,,,,,,,,,,,,,,,,
,6854,45282.060225922,1778155713.1515627,100,,,,,,,,,,,,,,,,,0.0016158529906533659,,,,,,,,,,,,,,,,,,,,,,,,,,,
,6855,45282.061339499,1778155713.1525977,100,,,,,,,,,,,,,,,,,,115.96620712400181,,,,,,,,,,,,,,,,,,,,,,,,,,
,6856,45283.85376162,1778155714.9447715,100,1.7918326760118362,,,,,,,,,,,,,,,,,,,,,,,,,,,,,,,,,,,,,,,,,,,
,6857,45284.766279043,1778155715.8573685,100,,,,,,,,,,,,,,,,,,,2.704630756023107,,,,,,,,,,,,,,,,,,,,,,,,,
113.52852911900845,6858,45398.298564577,1778155829.3895957,100,,,,,,,,,,,,,,,,,,,,,,,,,,,,,,,,,,,,,,,,,,,,
,6859,45400.35339534,1778155831.4293323,100,2.000149935018271,,,,,,,,,,,,,,,,,,,,,,,,,,,,,,,,,,,,,,,,,,,
,6860,45401.371048206,1778155832.4621449,100,,0.0,0.0,0.0,0.0,0.0,0.0,0.0,0.0010712800140026957,0.0,0.0,0.0,0.0,0.0,0.0,0.0,,,,,,,,,,,,,,,,,,,,,,,,,,,,
,6861,45401.371191714,1778155832.4625204,100,,,,,,,,,,,,,,,,,0.0015276070043910295,,,,,,,,,,,,,,,,,,,,,,,,,,,
,6862,45401.372406582,1778155832.4636815,100,,,,,,,,,,,,,,,,,,116.60436786100036,,,,,,,,,,,,,,,,,,,,,,,,,,
,6863,45403.376235971,1778155834.4673047,100,2.0033973129757214,,,,,,,,,,,,,,,,,,,,,,,,,,,,,,,,,,,,,,,,,,,
,6864,45404.44101864,1778155835.5321038,100,,,,,,,,,,,,,,,,,,,3.0682813730090857,,,,,,,,,,,,,,,,,,,,,,,,,
113.07975447698846,6865,45517.524409651,1778155948.6154623,100,,,,,,,,,,,,,,,,,,,,,,,,,,,,,,,,,,,,,,,,,,,,
,6866,45519.411495195,1778155950.4925494,100,1.834787914995104,,,,,,,,,,,,,,,,,,,,,,,,,,,,,,,,,,,,,,,,,,,
,6867,45520.665557329,1778155951.7566948,100,,0.0,0.0,0.0,0.0,0.0,0.0,0.0,0.367687799007399,0.0025029718954787373,0.0,0.0,0.0,0.0,0.0,0.0,,,,,,,,,,,,,,,,,,,,,,,,,,,,
,6868,45520.66606744,1778155951.7572482,100,,,,,,,,,,,,,,,,,0.3683881890028715,,,,,,,,,,,,,,,,,,,,,,,,,,,
,6869,45520.667337434,1778155951.758432,100,,,,,,,,,,,,,,,,,,116.22464911901625,,,,,,,,,,,,,,,,,,,,,,,,,,
,6870,45522.516056977,1778155953.6071522,100,1.8484635020140558,,,,,,,,,,,,,,,,,,,,,,,,,,,,,,,,,,,,,,,,,,,
,6871,45523.452086313,1778155954.5425658,100,,,,,,,,,,,,,,,,,,,2.7839575959951617,,,,,,,,,,,,,,,,,,,,,,,,,
113.4058201959997,6872,45636.860607537,1778156067.951671,100,,,,,,,,,,,,,,,,,,,,,,,,,,,,,,,,,,,,,,,,,,,,
,6873,45638.745341683,1778156069.8263352,100,1.8350604299921542,,,,,,,,,,,,,,,,,,,,,,,,,,,,,,,,,,,,,,,,,,,
,6874,45639.606543559,1778156070.6977782,100,,0.0,0.0,0.0,0.0,0.0,0.0,0.0,0.000974451977526769,0.0,0.0,0.0,0.0,0.0,0.0,0.0,,,,,,,,,,,,,,,,,,,,,,,,,,,,
,6875,45639.606986543,1778156070.6983235,100,,,,,,,,,,,,,,,,,0.0016088160045910627,,,,,,,,,,,,,,,,,,,,,,,,,,,
,6876,45639.608284853,1778156070.6994243,100,,,,,,,,,,,,,,,,,,116.155238242005,,,,,,,,,,,,,,,,,,,,,,,,,,
,6877,45641.439774403,1778156072.530881,100,1.8310598059906624,,,,,,,,,,,,,,,,,,,,,,,,,,,,,,,,,,,,,,,,,,,
,6878,45642.354424685,1778156073.4455159,100,,,,,,,,,,,,,,,,,,,2.7458128000143915,,,,,,,,,,,,,,,,,,,,,,,,,
114.0824447129853,6879,45756.440599864,1778156187.531578,100,,,,,,,,,,,,,,,,,,,,,,,,,,,,,,,,,,,,,,,,,,,,
,6880,45758.298974422,1778156189.3799388,100,1.8083918310003355,,,,,,,,,,,,,,,,,,,,,,,,,,,,,,,,,,,,,,,,,,,
,6881,45759.174875538,1778156190.266159,100,,0.0,0.0,0.0,0.0,0.0,0.0,0.0,0.0012104779889341444,0.0,0.0,0.0,0.0,0.0,0.0,0.0,,,,,,,,,,,,,,,,,,,,,,,,,,,,
,6882,45759.175537582,1778156190.266832,100,,,,,,,,,,,,,,,,,0.0019723639998119324,,,,,,,,,,,,,,,,,,,,,,,,,,,
,6883,45759.176751682,1778156190.2679987,100,,,,,,,,,,,,,,,,,,116.82100589599577,,,,,,,,,,,,,,,,,,,,,,,,,,
,6884,45760.987641001,1778156192.0788677,100,1.8105771219998132,,,,,,,,,,,,,,,,,,,,,,,,,,,,,,,,,,,,,,,,,,,
,6885,45761.911757562,1778156193.002159,100,,,,,,,,,,,,,,,,,,,2.7339963470003568,,,,,,,,,,,,,,,,,,,,,,,,,
113.47784806098207,6886,45875.392549033,1778156306.4835682,100,,,,,,,,,,,,,,,,,,,,,,,,,,,,,,,,,,,,,,,,,,,,
,6887,45877.217504366,1778156308.2983289,100,1.7752372680115514,,,,,,,,,,,,,,,,,,,,,,,,,,,,,,,,,,,,,,,,,,,
,6888,45878.077492112,1778156309.168672,100,,0.0,0.0,0.0,0.0,0.0,0.0,0.0,0.0010398090234957635,0.0,0.0,0.0,0.0,0.0,0.0,0.0,,,,,,,,,,,,,,,,,,,,,,,,,,,,
,6889,45878.077656357,1778156309.168973,100,,,,,,,,,,,,,,,,,0.001429667987395078,,,,,,,,,,,,,,,,,,,,,,,,,,,
,6890,45878.078749362,1778156309.170011,100,,,,,,,,,,,,,,,,,,116.1662267880165,,,,,,,,,,,,,,,,,,,,,,,,,,
,6891,45879.860860547,1778156310.951849,100,1.7815922220179345,,,,,,,,,,,,,,,,,,,,,,,,,,,,,,,,,,,,,,,,,,,
,6892,45880.771460486,1778156311.8624208,100,,,,,,,,,,,,,,,,,,,2.692262541007949,,,,,,,,,,,,,,,,,,,,,,,,,
114.45178466200014,6893,45995.226473182,1778156426.3175824,100,,,,,,,,,,,,,,,,,,,,,,,,,,,,,,,,,,,,,,,,,,,,
,6894,45997.261258306,1778156428.3423357,100,1.9854596829973161,,,,,,,,,,,,,,,,,,,,,,,,,,,,,,,,,,,,,,,,,,,
,6895,45998.63561241,1778156429.7267985,100,,0.09861186618345395,0.0,0.0,0.0,0.125,0.0,0.040692490457699,0.35813179198885337,0.0003367114091077974,0.0,0.1171375,0.125,0.0,0.09001717008616139,0.0647878198898607,,,,,,,,,,,,,,,,,,,,,,,,,,,,
,6896,45998.636434628,1778156429.727325,100,,,,,,,,,,,,,,,,,0.35874416402657516,,,,,,,,,,,,,,,,,,,,,,,,,,,
,6897,45998.637361761,1778156429.7284575,100,,,,,,,,,,,,,,,,,,117.8642688440159,,,,,,,,,,,,,,,,,,,,,,,,,,
,6898,46000.630484145,1778156431.7215667,100,1.9928841039945837,,,,,,,,,,,,,,,,,,,,,,,,,,,,,,,,,,,,,,,,,,,
,6899,46001.687884594,1778156432.7791104,100,,,,,,,,,,,,,,,,,,,3.050495265983045,,,,,,,,,,,,,,,,,,,,,,,,,
