cost/projected_total_usd,_step,cost/per_hour,cost/spent_usd,_runtime,cost/budget_pct_used,cost/hours_elapsed,_timestamp,train/global_step,train/entropy,train/mean_token_accuracy,train/num_tokens,train/loss,train/grad_norm,train/learning_rate,train/epoch,eval/loss,eval/entropy,eval/num_tokens,eval/steps_per_second,eval/samples_per_second,eval/mean_token_accuracy,eval/runtime
256.56306495269143,1,3.0,0.012582788864771526,24.232181088,12.828153247634571,0.004194262954923842,1778062343.0703623,0,,,,,,,,,,,,,,
204.65706688960393,2,3.0,0.02007425864537557,33.637493056,10.232853344480196,0.006691419548458523,1778062352.0600333,0,,,,,,,,,,,,,,
189.70934200618004,3,3.0,0.02791211505730947,43.30719903,9.485467100309002,0.00930403835243649,1778062361.4654627,0,,,,,,,,,,,,,,
183.35611198991538,4,3.0,0.035969811081886294,53.435093023,9.167805599495768,0.01198993702729543,1778062371.1346998,0,,,,,,,,,,,,,,
181.1042297375202,5,3.0,0.044410061240196225,62.895502054,9.055211486876011,0.014803353746732075,1778062381.2630012,0,,,,,,,,,,,,,,
177.71166818274395,6,3.0,0.05229377190272014,72.523818415,8.885583409137197,0.01743125730090671,1778062390.7234502,0,,,,,,,,,,,,,,
175.69556054955436,7,3.0,0.060317259629567466,81.25593819,8.784778027477717,0.02010575320985582,1778062400.3516414,0,,,,,,,,,,,,,,
172.28053336714703,8,3.0,0.06759412785371144,90.926039766,8.614026668357353,0.022531375951237147,1778062409.08388,0,,,,,,,,,,,,,,
171.3950969455419,9,3.0,0.07565256853898367,100.557388868,8.569754847277094,0.02521752284632789,1778062418.7540085,0,,,,,,,,,,,,,,
170.62078570504985,10,3.0,0.08367865900198619,100.558438449,8.531039285252493,0.027892886333995396,1778062428.3863337,10,0.6686620108783246,0.5910284228622913,81400.0,3.651697540283203,6.99010705947876,8.823529411764707e-08,0.0004904364884747426,,,,,,,
168.91499371149322,11,3.0,0.09112628400325774,119.097341962,8.445749685574661,0.030375428001085916,1778062437.32247,10,,,,,,,,,,,,,,
168.43592263046241,12,3.0,0.09912854691346487,129.00788082,8.42179613152312,0.033042848971154955,1778062446.9251852,10,,,,,,,,,,,,,,
168.43293255964915,13,3.0,0.10738735278447469,138.414727713,8.421646627982458,0.03579578426149156,1778062456.835751,10,,,,,,,,,,,,,,
167.81901665457656,14,3.0,0.11522639691829681,147.635623987,8.390950832728828,0.038408798972765605,1778062466.2426078,10,,,,,,,,,,,,,,
167.07622808496157,15,3.0,0.12291041791439057,157.078239004,8.353811404248079,0.04097013930479686,1778062475.4634311,10,,,,,,,,,,,,,,
166.6618873183926,16,3.0,0.1307793132464091,166.56220773,8.33309436591963,0.0435931044154697,1778062484.9061036,10,,,,,,,,,,,,,,
166.33753540083478,17,3.0,0.13868259449799858,176.012643754,8.31687677004174,0.046227531499332855,1778062494.3900378,10,,,,,,,,,,,,,,
166.0176712670812,18,3.0,0.14655802269776663,185.57400344,8.300883563354061,0.04885267423258888,1778062503.8405755,10,,,,,,,,,,,,,,
165.83056509944433,19,3.0,0.15452578405539197,195.430032359,8.291528254972215,0.05150859468513065,1778062513.4018636,10,,,,,,,,,,,,,,
165.91251473814248,20,3.0,0.16273910224437713,195.43112038,8.295625736907125,0.05424636741479238,1778062523.2590766,20,0.6835540883243084,0.5823127910494804,162832.0,3.687865447998047,5.435354709625244,1.8627450980392158e-07,0.000980872976949485,,,,,,,
165.67122678312043,21,3.0,0.17062755088011422,214.780069118,8.283561339156021,0.05687585029337141,1778062532.7239854,20,,,,,,,,,,,,,,
165.77459918811465,22,3.0,0.17886420706907907,224.457452186,8.288729959405734,0.059621402356359696,1778062542.6080134,20,,,,,,,,,,,,,,
165.7162213060303,23,3.0,0.18692854781945548,233.631916942,8.285811065301514,0.06230951593981849,1778062552.285189,20,,,,,,,,,,,,,,
165.30683428645136,24,3.0,0.19457400798797608,243.300532163,8.265341714322568,0.06485800266265869,1778062561.4597452,20,,,,,,,,,,,,,,
165.26600717020034,25,3.0,0.2026312005519867,252.471995072,8.263300358510017,0.0675437335173289,1778062571.1283727,20,,,,,,,,,,,,,,
164.9034328303276,26,3.0,0.21027411739031474,262.557218374,8.24517164151638,0.07009137246343825,1778062580.2999067,20,,,,,,,,,,,,,,
165.1427505073724,27,3.0,0.2186784827709198,272.37351892,8.25713752536862,0.0728928275903066,1778062590.3851085,20,,,,,,,,,,,,,,
165.20177867242265,28,3.0,0.22685874462127684,281.324092945,8.260088933621134,0.07561958154042561,1778062600.2014205,20,,,,,,,,,,,,,,
164.74951851100758,29,3.0,0.2343176084756851,290.734671765,8.23747592555038,0.07810586949189503,1778062609.1520512,20,,,,,,,,,,,,,,
164.58783112996153,30,3.0,0.24215963383515676,290.735658917,8.229391556498076,0.08071987794505225,1778062618.5635803,30,0.7264411441981793,0.5602732405066491,244284.0,3.8536529541015625,7.062899589538574,2.843137254901961e-07,0.0014713094654242277,,,,,,,
164.3446387401191,31,3.0,0.24986188332239784,309.176888699,8.217231937005955,0.08328729444079928,1778062627.8051808,30,,,,,,,,,,,,,,
164.09370015325646,32,3.0,0.25752812186876933,318.847441248,8.204685007662823,0.08584270728958977,1778062637.00468,30,,,,,,,,,,,,,,
164.10049203218836,33,3.0,0.26558686792850494,327.959817519,8.205024601609416,0.08852895597616832,1778062646.6751707,30,,,,,,,,,,,,,,
163.82801467554242,34,3.0,0.27318060318628945,337.570303845,8.19140073377712,0.09106020106209649,1778062655.7876513,30,,,,,,,,,,,,,,
163.81289411221232,35,3.0,0.2811893719434738,347.409782347,8.190644705610616,0.0937297906478246,1778062665.3981752,30,,,,,,,,,,,,,,
163.90670321655494,36,3.0,0.28938898066679636,356.821841861,8.195335160827748,0.09646299355559879,1778062675.2377105,30,,,,,,,,,,,,,,
163.79911968541575,37,3.0,0.2972323407729467,365.99598185,8.189955984270787,0.09907744692431555,1778062684.6497304,30,,,,,,,,,,,,,,
163.5908523640089,38,3.0,0.3048775080839793,375.419261634,8.179542618200445,0.10162583602799309,1778062693.8239732,30,,,,,,,,,,,,,,
163.5017812453274,39,3.0,0.31273023386796317,384.866871351,8.17508906226637,0.10424341128932105,1778062703.24721,30,,,,,,,,,,,,,,
163.42743947262565,40,3.0,0.3206031181414922,384.867886455,8.171371973631283,0.10686770604716407,1778062712.6957638,40,0.6725513696670532,0.588008763641119,325634.0,3.6689395904541016,12.075160026550293,3.8235294117647064e-07,0.00196174595389897,,,,,,,
163.43962870477662,41,3.0,0.32864270607630414,403.926477938,8.17198143523883,0.10954756869210137,1778062722.3421745,40,,,,,,,,,,,,,,
163.3560308531163,42,3.0,0.33648618419965104,413.40334236,8.167801542655814,0.11216206139988369,1778062731.7543561,40,,,,,,,,,,,,,,
163.3019205463487,43,3.0,0.34438364803791044,422.785238379,8.165096027317436,0.11479454934597015,1778062741.2313309,40,,,,,,,,,,,,,,
163.21353563413476,44,3.0,0.35220184246699016,432.465213888,8.160676781706737,0.11740061415566339,1778062750.6131308,40,,,,,,,,,,,,,,
163.241665757453,45,3.0,0.3602685119708379,442.127538276,8.162083287872651,0.1200895039902793,1778062760.2931385,40,,,,,,,,,,,,,,
163.26201105972996,46,3.0,0.36832037806510926,451.61123647,8.163100552986498,0.12277345935503642,1778062769.9553735,40,,,,,,,,,,,,,,
163.2169674105678,47,3.0,0.37622351487477623,461.025787696,8.16084837052839,0.12540783829159208,1778062779.4391453,40,,,,,,,,,,,,,,
163.14926559237972,48,3.0,0.38406889398892724,470.299129209,8.157463279618986,0.12802296466297575,1778062788.8535948,40,,,,,,,,,,,,,,
163.0354294903424,49,3.0,0.39179676532745356,479.720342165,8.15177147451712,0.13059892177581786,1778062798.1270452,40,,,,,,,,,,,,,,
162.97633108441033,50,3.0,0.39964769760767616,479.721275949,8.148816554220517,0.13321589920255872,1778062807.548811,50,0.6771893545985221,0.5839241981506348,407052.0,3.6772815704345705,146.27215576171875,4.803921568627452e-07,0.0024521824423737125,,,,,,,
162.91913029598254,51,3.0,0.4074975794553757,499.323318029,8.145956514799128,0.13583252648512523,1778062816.9680197,50,,,,,,,,,,,,,,
163.1135355822551,52,3.0,0.415983513991038,509.036461348,8.155676779112756,0.138661171330346,1778062827.1511421,50,,,,,,,,,,,,,,
163.14990625996262,53,3.0,0.4240777357419332,518.72525763,8.157495312998131,0.14135924524731106,1778062836.8642237,50,,,,,,,,,,,,,,
163.17731487828271,54,3.0,0.4321517902612686,528.170367464,8.158865743914136,0.1440505967537562,1778062846.553072,50,,,,,,,,,,,,,,
163.1284554428404,55,3.0,0.44002280771732327,537.841679272,8.156422772142019,0.14667426923910776,1778062855.998299,50,,,,,,,,,,,,,,
163.14972773456856,56,3.0,0.44808164556821184,547.396876495,8.157486386728428,0.14936054852273728,1778062865.668933,50,,,,,,,,,,,,,,
163.13604227192917,57,3.0,0.456044845978419,556.804258086,8.156802113596457,0.152014948659473,1778062875.2247465,50,,,,,,,,,,,,,,
163.07934201698882,58,3.0,0.4638843470811844,566.574994302,8.15396710084944,0.15462811569372814,1778062884.6321504,50,,,,,,,,,,,,,,
163.12919100927095,59,3.0,0.4720265948772431,576.212543416,8.156459550463548,0.15734219829241436,1778062894.4028454,50,,,,,,,,,,,,,,
163.13967592855295,60,3.0,0.48005789875984195,576.212988033,8.156983796427648,0.16001929958661398,1778062904.0409482,60,0.7274984009563923,0.5727416075766086,488638.0,3.631565475463867,6.001521587371826,5.784313725490197e-07,0.0029426189308484553,,,,,,,
163.1441044567713,61,3.0,0.48807211240132653,595.884678689,8.157205222838565,0.1626907041337755,1778062913.657463,60,,,,,,,,,,,,,,
163.26843351116105,62,3.0,0.49645134270191194,605.793582511,8.163421675558054,0.1654837809006373,1778062923.7125483,60,,,,,,,,,,,,,,
163.34940108401435,63,3.0,0.5047087919712067,615.433753747,8.167470054200718,0.16823626399040223,1778062933.6214797,60,,,,,,,,,,,,,,
163.3564709461915,64,3.0,0.5127422334750493,625.593996576,8.167823547309576,0.17091407782501644,1778062943.2616081,60,,,,,,,,,,,,,,
163.49929823563647,65,3.0,0.5212091410160065,634.989063529,8.174964911781824,0.1737363803386688,1778062953.421896,60,,,,,,,,,,,,,,
163.44078445326198,66,3.0,0.5290383410453796,643.88066098,8.172039222663098,0.1763461136817932,1778062962.8169384,60,,,,,,,,,,,,,,
163.25634172680367,67,3.0,0.5364480086167653,653.569940951,8.162817086340183,0.1788160028722551,1778062971.7085416,60,,,,,,,,,,,,,,
163.27665464524546,68,3.0,0.5445224382479985,663.032690683,8.163832732262273,0.1815074794159995,1778062981.3978498,60,,,,,,,,,,,,,,
163.24059080308763,69,3.0,0.5524080806970596,672.791477415,8.162029540154382,0.18413602689901987,1778062990.8606184,60,,,,,,,,,,,,,,
163.27741871371157,70,3.0,0.5605404271682104,672.792400044,8.163870935685578,0.18684680905607012,1778063000.6203737,70,0.7098926909267902,0.5924364842474461,570160.0,3.4424106597900392,8.243213653564453,6.764705882352941e-07,0.0034330554193231977,,,,,,,
163.4009671146881,71,3.0,0.5689783553282419,691.942374721,8.170048355734405,0.18965945177608065,1778063010.7449548,70,,,,,,,,,,,,,,
163.2614282451294,72,3.0,0.5764994033177693,700.951856789,8.16307141225647,0.19216646777258978,1778063019.7702117,70,,,,,,,,,,,,,,
163.1220715586998,73,3.0,0.584007416566213,710.449079348,8.156103577934989,0.19466913885540432,1778063028.7798533,70,,,,,,,,,,,,,,
163.09843274164305,74,3.0,0.5919217274586359,720.206873862,8.154921637082152,0.19730724248621198,1778063038.2769966,70,,,,,,,,,,,,,,
163.13447484604518,75,3.0,0.600053242444992,730.090928239,8.156723742302258,0.200017747481664,1778063048.034814,70,,,,,,,,,,,,,,
163.1977929031378,76,3.0,0.6082899588346481,739.903943977,8.159889645156891,0.20276331961154936,1778063057.9189095,70,,,,,,,,,,,,,,
163.24378225782735,77,3.0,0.6164674464861553,749.796389424,8.162189112891367,0.2054891488287184,1778063067.7318602,70,,,,,,,,,,,,,,
163.3058788255239,78,3.0,0.6247110617160797,759.49871332,8.165293941276195,0.20823702057202656,1778063077.6242044,70,,,,,,,,,,,,,,
163.32556415293288,79,3.0,0.6327964476744334,769.145319739,8.166278207646645,0.21093214922481113,1778063087.326693,70,,,,,,,,,,,,,,
163.33288733656207,80,3.0,0.6408352617422739,769.146425359,8.166644366828104,0.21361175391409132,1778063096.974361,80,0.7077652215957642,0.5846142798662186,651503.0,3.5814159393310545,95.79069519042969,7.745098039215687e-07,0.00392349190779794,,,,,,,
163.30413634759898,81,3.0,0.6487314881881078,788.534995044,8.165206817379948,0.21624382939603592,1778063106.4487133,80,,,,,,,,,,,,,,
163.3669313426667,82,3.0,0.6569930539528529,798.181623577,8.168346567133336,0.21899768465095096,1778063116.3625953,80,,,,,,,,,,,,,,
163.3735532249552,83,3.0,0.6650321195522944,807.842515481,8.16867766124776,0.22167737318409814,1778063126.0094764,80,,,,,,,,,,,,,,
163.38285569331003,84,3.0,0.6730828777949016,817.700337461,8.169142784665501,0.22436095926496719,1778063135.6703825,80,,,,,,,,,,,,,,
163.43130147945647,85,3.0,0.6812977256377538,827.315411937,8.171565073972824,0.22709924187925126,1778063145.5282009,80,,,,,,,,,,,,,,
163.43065506335378,86,3.0,0.6893102665742239,836.645870146,8.17153275316769,0.22977008885807462,1778063155.1432455,80,,,,,,,,,,,,,,
163.37445384462674,87,3.0,0.6970857030153275,846.562767446,8.168722692231338,0.23236190100510914,1778063164.4737678,80,,,,,,,,,,,,,,
163.43273228190162,88,3.0,0.705349702835083,856.073542768,8.171636614095082,0.23511656761169433,1778063174.3905773,80,,,,,,,,,,,,,,
163.41219762199827,89,3.0,0.7132754089434942,865.719169724,8.170609881099914,0.2377584696478314,1778063183.9014235,80,,,,,,,,,,,,,,
163.41757541232639,90,3.0,0.7213134765625,865.720451476,8.17087877061632,0.24043782552083334,1778063193.5483708,90,0.7794249974191189,0.5512909688055515,732739.0,3.810481643676758,6.629175186157227,8.725490196078432e-07,0.004413928396272682,,,,,,,
163.50816407363055,91,3.0,0.7297323654095331,885.73091402,8.175408203681528,0.24324412180317773,1778063203.6497662,90,,,,,,,,,,,,,,
163.56103083752637,92,3.0,0.7379899380604427,894.673545887,8.178051541876318,0.24599664602014754,1778063213.558848,90,,,,,,,,,,,,,,
163.4361756702905,93,3.0,0.7454420959949494,904.259484649,8.171808783514525,0.24848069866498312,1778063222.5014384,90,,,,,,,,,,,,,,
163.4302713777368,94,3.0,0.7534303830067317,913.512322639,8.17151356888684,0.2511434610022439,1778063232.0873806,90,,,,,,,,,,,,,,
163.36491049337803,95,3.0,0.761141073902448,922.509095381,8.168245524668901,0.253713691300816,1778063241.340212,90,,,,,,,,,,,,,,
163.25559460526955,96,3.0,0.7686384052038193,931.91083119,8.162779730263477,0.2562128017346064,1778063250.3370154,90,,,,,,,,,,,,,,
163.21947765325763,97,3.0,0.7764732384681702,941.639243148,8.160973882662882,0.2588244128227234,1778063259.7388537,90,,,,,,,,,,,,,,
163.24071859338252,98,3.0,0.784580207069715,951.515473992,8.162035929669125,0.261526735689905,1778063269.4672084,90,,,,,,,,,,,,,,
163.2868942559769,99,3.0,0.7928103252251943,960.940947878,8.164344712798846,0.2642701084083981,1778063279.3433225,90,,,,,,,,,,,,,,
163.25558881721892,100,3.0,0.8006649770339329,960.941965577,8.162779440860946,0.26688832567797766,1778063288.7699063,100,0.7517096228897572,0.5661695800721646,814109.0,3.701339340209961,5.51389741897583,9.705882352941176e-07,0.004904364884747425,,,,,,,
,101,,,4351.227101722,,,1778066679.0549314,100,,,,,,,0.004904364884747425,4.045430660247803,0.8071837752457434,814109.0,0.22,0.878,0.5373080930453819,3390.2825
728.0304812301413,102,3.0,3.6419376697142916,4380.386424084,36.40152406150707,1.2139792232380973,1778066698.2961307,100,,,,,,,,,,,,,,
722.5983919968304,103,3.0,3.6502027648687365,4389.831991148,36.12991959984152,1.2167342549562454,1778066708.2142482,100,,,,,,,,,,,,,,
717.1935673917143,104,3.0,3.6580741053819654,4399.709359596,35.859678369585716,1.2193580351273219,1778066717.659856,100,,,,,,,,,,,,,,
711.9615708701006,105,3.0,3.666305293838183,4409.685377514,35.598078543505025,1.2221017646127277,1778066727.5372815,100,,,,,,,,,,,,,,
706.8440876479419,106,3.0,3.6746186017990112,4419.349063839,35.3422043823971,1.2248728672663372,1778066737.513251,100,,,,,,,,,,,,,,
701.772674694481,107,3.0,3.6826717112461727,4429.013798951,35.08863373472405,1.2275572370820576,1778066747.1769848,100,,,,,,,,,,,,,,
696.7953418042006,108,3.0,3.6907256946961087,4438.45264639,34.83976709021003,1.2302418982320362,1778066756.8417592,100,,,,,,,,,,,,,,
691.8741131542108,109,3.0,3.698591384689013,4447.883875502,34.59370565771054,1.2328637948963377,1778066766.280585,100,,,,,,,,,,,,,,
687.0411853460109,110,3.0,3.7064507301648457,4447.884410288,34.35205926730055,1.2354835767216152,1778066775.7123315,110,0.7908605925738812,0.5634191490709781,895339.0,3.611100769042969,4387.71533203125,1.0686274509803922e-06,0.005394801373222168,,,,,,,
682.3314137534874,111,3.0,3.7145064701636636,4467.197936156,34.11657068767437,1.2381688233878878,1778066785.3786957,110,,,,,,,,,,,,,,
677.7027550940179,112,3.0,3.722545785705248,4477.086253328,33.8851377547009,1.2408485952350827,1778066795.025903,110,,,,,,,,,,,,,,
673.1922846942173,113,3.0,3.7307860799630483,4486.479662981,33.65961423471086,1.2435953599876828,1778066804.9142523,110,,,,,,,,,,,,,,
668.6871720557673,114,3.0,3.738613909482956,4496.139297877,33.434358602788365,1.2462046364943187,1778066814.3076172,110,,,,,,,,,,,,,,
664.2997324901733,115,3.0,3.746663523117701,4505.52473612,33.21498662450866,1.2488878410392337,1778066823.9671562,110,,,,,,,,,,,,,,
659.9478005464392,116,3.0,3.754484789768855,4514.918189434,32.99739002732196,1.2514949299229516,1778066833.3526702,110,,,,,,,,,,,,,,
655.6714042320042,117,3.0,3.7623126186927163,4524.223687736,32.78357021160021,1.2541042062309053,1778066842.746076,110,,,,,,,,,,,,,,
651.4548344109186,118,3.0,3.770067212382952,4533.875810715,32.57274172054593,1.2566890707943175,1778066852.051585,110,,,,,,,,,,,,,,
647.3586273230592,119,3.0,3.7781106744209927,4543.281373546,32.36793136615296,1.2593702248069976,1778066861.703744,110,,,,,,,,,,,,,,
643.2957715116772,120,3.0,3.7859486307700476,4543.282147803,32.16478857558386,1.2619828769233492,1778066871.110058,120,0.8472262889146804,0.560352598875761,976560.0,3.4901809692382812,6.214400768280029,1.1666666666666668e-06,0.005885237861696911,,,,,,,
639.2846901467681,121,3.0,3.7936953167120615,4562.094598538,31.964234507338404,1.2645651055706872,1778066880.4053087,120,,,,,,,,,,,,,,
635.3701702609903,122,3.0,3.801626325249672,4571.439366814,31.768508513049518,1.267208775083224,1778066889.9225235,120,,,,,,,,,,,,,,
631.4954784243735,123,3.0,3.8094136265913647,4580.89615119,31.57477392121867,1.2698045421971216,1778066899.267286,120,,,,,,,,,,,,,,
627.6986305938292,124,3.0,3.817294271389643,4590.105006001,31.38493152969146,1.2724314237965477,1778066908.7240555,120,,,,,,,,,,,,,,
623.9288178605715,125,3.0,3.824968231121699,4599.68934256,31.196440893028576,1.2749894103738997,1778066917.9328105,120,,,,,,,,,,,,,,
620.2695095128327,126,3.0,3.832955281933149,4609.797677296,31.013475475641634,1.277651760644383,1778066927.5172634,120,,,,,,,,,,,,,,
616.7379256787575,127,3.0,3.8413789387543997,4619.372683524,30.836896283937875,1.2804596462514666,1778066937.6256828,120,,,,,,,,,,,,,,
613.1907084421255,128,3.0,3.8493580520153046,4628.571579463,30.659535422106273,1.2831193506717682,1778066947.2005901,120,,,,,,,,,,,,,,
609.6489461300139,129,3.0,3.8570237396160767,4638.050414962,30.482447306500692,1.2856745798720255,1778066956.399423,120,,,,,,,,,,,,,,
606.1982656629115,130,3.0,3.8649227335055665,4638.051035513,30.309913283145573,1.288307577835189,1778066965.8790271,130,0.8419779859483242,0.5942375183105468,1057934.0,3.0237483978271484,6.57125997543335,1.2647058823529412e-06,0.0063756743501716525,,,,,,,
602.7831456919359,131,3.0,3.8727117256323496,4656.923754953,30.139157284596795,1.2909039085441165,1778066975.2249987,130,,,,,,,,,,,,,,
599.4429265233452,132,3.0,3.88065062781175,4666.249387425,29.972146326167262,1.2935502092705833,1778066984.7516785,130,,,,,,,,,,,,,,
596.1272332933014,133,3.0,3.888421874841054,4676.118948888,29.80636166466507,1.296140624947018,1778066994.0771809,130,,,,,,,,,,,,,,
592.9300268816712,134,3.0,3.8966465719540917,4685.548723182,29.64650134408356,1.298882190651364,1778067003.9468193,130,,,,,,,,,,,,,,
589.7248360351427,135,3.0,3.9045047996441524,4695.232213596,29.486241801757135,1.3015015998813841,1778067013.3766928,130,,,,,,,,,,,,,,
586.5984543982674,136,3.0,3.912574291229248,4704.45096509,29.32992271991337,1.3041914304097493,1778067023.06008,130,,,,,,,,,,,,,,
583.4600890159028,137,3.0,3.9202566059430444,4714.148980127,29.17300445079514,1.3067522019810147,1778067032.278852,130,,,,,,,,,,,,,,
580.4262166984128,138,3.0,3.928338298400243,4723.971664891,29.021310834920637,1.3094460994667476,1778067041.976886,130,,,,,,,,,,,,,,
577.4512316510118,139,3.0,3.9365238449970885,4733.73333322,28.87256158255059,1.3121746149990294,1778067051.7995477,130,,,,,,,,,,,,,,
574.5113486232927,140,3.0,3.9446585977077486,4733.734267383,28.725567431164635,1.3148861992359162,1778067061.5619285,140,0.9471018016338348,0.5783868573606015,1138943.0,3.020429992675781,23.404659271240234,1.3627450980392157e-06,0.006866110838646395,,,,,,,
571.5676484977522,141,3.0,3.9524785894155503,4752.271972324,28.57838242488761,1.3174928631385168,1778067070.9452298,140,,,,,,,,,,,,,,
568.6379642499725,142,3.0,3.9601074508825937,4761.841284844,28.431898212498623,1.3200358169608646,1778067080.0998697,140,,,,,,,,,,,,,,
565.7985344952359,143,3.0,3.968081924120585,4771.238446142,28.2899267247618,1.3226939747068618,1778067089.6692333,140,,,,,,,,,,,,,,
562.978213093292,144,3.0,3.9759128340085352,4780.683237087,28.1489106546646,1.325304278002845,1778067099.0663307,140,,,,,,,,,,,,,,
560.2023858884422,145,3.0,3.983783519069354,4789.92130213,28.01011929442211,1.3279278396897847,1778067108.5111463,140,,,,,,,,,,,,,,
557.4405156232996,146,3.0,3.9914818676312764,4799.319188692,27.87202578116498,1.330493955877092,1778067117.7491696,140,,,,,,,,,,,,,,
554.7347019450465,147,3.0,3.9993134470780687,4809.472609018,27.736735097252325,1.3331044823593563,1778067127.147061,140,,,,,,,,,,,,,,
552.1521491746912,148,3.0,4.007774304946263,4818.954018993,27.60760745873456,1.3359247683154212,1778067137.300123,140,,,,,,,,,,,,,,
549.5277077104954,149,3.0,4.01567574540774,4828.763546282,27.476385385524768,1.33855858180258,1778067146.7818189,140,,,,,,,,,,,,,,
546.975393365317,150,3.0,4.023850368062655,4828.764020878,27.34876966826585,1.341283456020885,1778067156.591898,150,0.950993100553751,0.5991134323179722,1220379.0,2.8015415191650392,4.917545795440674,1.4607843137254903e-06,0.007356547327121138,,,,,,,
544.399633121109,151,3.0,4.031601010362308,4847.723268514,27.21998165605545,1.3438670034541025,1778067165.892139,150,,,,,,,,,,,,,,
541.8978069110659,152,3.0,4.039650154511134,4856.847736766,27.094890345553296,1.3465500515037112,1778067175.5511117,150,,,,,,,,,,,,,,
539.369328969665,153,3.0,4.047253915270169,4865.875643536,26.968466448483255,1.3490846384233899,1778067184.6756253,150,,,,,,,,,,,,,,
536.8630393538381,154,3.0,4.054777246713638,4874.815113698,26.843151967691906,1.3515924155712127,1778067193.703652,150,,,,,,,,,,,,,,
534.3793702480614,155,3.0,4.062226698795954,4884.456374771,26.71896851240307,1.354075566265318,1778067202.642969,150,,,,,,,,,,,,,,
532.0040004014842,156,3.0,4.070261111458143,4893.859024685,26.600200020074208,1.3567537038193809,1778067212.28426,150,,,,,,,,,,,,,,
529.6330651022067,157,3.0,4.0780966758728034,4904.032476644,26.481653255110338,1.3593655586242677,1778067221.6869385,150,,,,,,,,,,,,,,
527.3750139476251,158,3.0,4.086574409206708,4914.152485068,26.368750697381255,1.3621914697355695,1778067231.8602185,150,,,,,,,,,,,,,,
525.1396920020601,159,3.0,4.0950078974167505,4923.812444804,26.256984600103006,1.3650026324722502,1778067241.9804034,150,,,,,,,,,,,,,,
522.8833667261401,160,3.0,4.103057316144307,4923.813428181,26.144168336307008,1.3676857720481024,1778067251.6410568,160,1.0462252110242845,0.5986750572919846,1301879.0,2.6520620346069337,6.9002580642700195,1.5588235294117649e-06,0.00784698381559588,,,,,,,
520.6317787341696,161,3.0,4.110922823746999,4942.967145597,26.03158893670848,1.3703076079156664,1778067261.0783176,160,,,,,,,,,,,,,,
518.4371586044384,162,3.0,4.1190200928847,4952.21588089,25.921857930221922,1.3730066976282331,1778067270.7950377,160,,,,,,,,,,,,,,
516.2206774141159,163,3.0,4.126727337837219,4961.91607035,25.811033870705796,1.375575779279073,1778067280.0437522,160,,,,,,,,,,,,,,
514.0780123537512,164,3.0,4.134810888965925,4971.1064779,25.70390061768756,1.3782702963219748,1778067289.7439885,160,,,,,,,,,,,,,,
511.90875895567615,165,3.0,4.142469113667806,4980.312607321,25.595437947783807,1.3808230378892687,1778067298.93395,160,,,,,,,,,,,,,,
509.7673708263769,166,3.0,4.150141420165697,4989.737085597,25.488368541318845,1.383380473388566,1778067308.1406357,160,,,,,,,,,,,,,,
507.67376437895075,167,3.0,4.157995029489199,4999.429787897,25.383688218947537,1.3859983431630665,1778067317.564964,160,,,,,,,,,,,,,,
505.6322293979426,168,3.0,4.166072316765785,5008.028710791,25.28161146989713,1.3886907722552617,1778067327.2577066,160,,,,,,,,,,,,,,
503.50487780358185,169,3.0,4.173238074978192,5016.779117526,25.175243890179093,1.391079358326064,1778067335.8566139,160,,,,,,,,,,,,,,
501.41768894072845,170,3.0,4.180530020594597,5016.780078704,25.070884447036423,1.3935100068648656,1778067344.6079686,170,1.1392961978912353,0.6088897682726383,1383133.0,2.506558418273926,4.790719985961914,1.6568627450980392e-06,0.008337420304070623,,,,,,,
499.4004181653668,171,3.0,4.1882036050160725,5035.408424198,24.97002090826834,1.396067868338691,1778067353.8152568,170,,,,,,,,,,,,,,
497.4276086362988,172,3.0,4.196054373979568,5044.567099982,24.87138043181494,1.3986847913265228,1778067363.236175,170,,,,,,,,,,,,,,
495.45187209432294,173,3.0,4.203686800996462,5054.323469638,24.77259360471615,1.4012289336654875,1778067372.3951166,170,,,,,,,,,,,,,,
493.5571760242013,174,3.0,4.211816999912262,5063.997131479,24.677858801210064,1.4039389999707539,1778067382.1513255,170,,,,,,,,,,,,,,
491.6761227588767,175,3.0,4.219878444472949,5073.423408234,24.583806137943835,1.4066261481576496,1778067391.8250577,170,,,,,,,,,,,,,,
489.79255731732337,176,3.0,4.227733697295189,5083.139148689,24.48962786586617,1.409244565765063,1778067401.2513962,170,,,,,,,,,,,,,,
487.9580580185924,177,3.0,4.235830126007398,5092.581814018,24.397902900929623,1.4119433753357993,1778067410.9670727,170,,,,,,,,,,,,,,
486.1180983465262,178,3.0,4.243698945840199,5102.060118038,24.305904917326313,1.4145663152800665,1778067420.409659,170,,,,,,,,,,,,,,
484.3020945582088,179,3.0,4.2515975932280226,5111.707988733,24.21510472791044,1.417199197742674,1778067429.8880363,170,,,,,,,,,,,,,,
482.522267466044,180,3.0,4.259637476404508,5111.709317141,24.1261133733022,1.4198791588015027,1778067439.5369127,180,1.3621220365166664,0.5970577746629715,1464609.0,2.4289548873901365,4.240468978881836,1.7549019607843138e-06,0.008827856792545365,,,,,,,
480.74598222468217,181,3.0,4.267534221808115,5130.387243224,24.03729911123411,1.4225114072693719,1778067449.0119936,180,,,,,,,,,,,,,,
478.96373793798267,182,3.0,4.275203546086947,5140.058814438,23.948186896899134,1.425067848695649,1778067458.2151816,180,,,,,,,,,,,,,,
477.24445504451705,183,3.0,4.2832631325721735,5149.791758301,23.862222752225854,1.427754377524058,1778067467.8866856,180,,,,,,,,,,,,,,
475.5495377319662,184,3.0,4.291373955011368,5159.284455283,23.77747688659831,1.4304579850037893,1778067477.6196742,180,,,,,,,,,,,,,,
473.85086515284877,185,3.0,4.299284455776215,5168.694492072,23.692543257642438,1.4330948185920716,1778067487.112282,180,,,,,,,,,,,,,,
472.1629217684055,186,3.0,4.307126211325327,5178.595631174,23.608146088420277,1.4357087371084425,1778067496.5223868,180,,,,,,,,,,,,,,
470.5376397091968,187,3.0,4.315377078255017,5188.32348052,23.52688198545984,1.4384590260850059,1778067506.423429,180,,,,,,,,,,,,,,
468.91399589515953,188,3.0,4.323483630617459,5198.187915685,23.445699794757978,1.4411612102058198,1778067516.1512976,180,,,,,,,,,,,,,,
467.3198229507059,189,3.0,4.3317040969928104,5207.246886194,23.365991147535293,1.4439013656642703,1778067526.0158455,180,,,,,,,,,,,,,,
465.67038926948584,190,3.0,4.339253259499868,5207.247774253,23.283519463474292,1.4464177531666227,1778067535.0757728,190,1.567513717710972,0.5935373991727829,1545598.0,2.3448354721069338,4.69106912612915,1.8529411764705884e-06,0.009318293281020108,,,,,,,
464.09431659601125,191,3.0,4.347327830791474,5227.063448712,23.204715829800563,1.4491092769304912,1778067544.764329,190,,,,,,,,,,,,,,
462.5733838308914,192,3.0,4.355767027735711,5236.170084782,23.12866919154457,1.4519223425785701,1778067554.8913639,190,,,,,,,,,,,,,,
460.97837735938487,193,3.0,4.363355901439984,5245.696679896,23.048918867969242,1.4544519671466616,1778067563.9980128,190,,,,,,,,,,,,,,
459.4365915722352,194,3.0,4.371294691761335,5255.00728573,22.97182957861176,1.4570982305871116,1778067573.5245702,190,,,,,,,,,,,,,,
457.8918008550823,195,3.0,4.379053514798482,5264.42630598,22.894590042754118,1.4596845049328273,1778067582.8351452,190,,,,,,,,,,,,,,
456.37217120443074,196,3.0,4.386902675628662,5273.952953187,22.818608560221538,1.4623008918762208,1778067592.2541506,190,,,,,,,,,,,,,,
454.87725609881824,197,3.0,4.394841562112172,5283.367309106,22.743862804940914,1.464947187370724,1778067601.780808,190,,,,,,,,,,,,,,
453.3878015661179,198,3.0,4.402686842083931,5293.356811583,22.669390078305895,1.4675622806946436,1778067611.1951458,190,,,,,,,,,,,,,,
451.96243003395136,199,3.0,4.411011455456416,5302.821498087,22.59812150169757,1.4703371518188053,1778067621.1846726,190,,,,,,,,,,,,,,
450.50671147417023,200,3.0,4.418898592193921,5302.822293837,22.52533557370851,1.4729661973979737,1778067630.650184,200,1.6864704355597495,0.6158057920634746,1626922.0,2.1235681533813477,1.962601661682129,1.950980392156863e-06,0.00980872976949485,,,,,,,
,201,,,8692.382602434,,,1778071020.2102761,200,,,,,,,0.00980872976949485,2.215646982192993,1.865013017270389,1626922.0,0.22,0.879,0.5916437665888127,3389.5579
733.2708018721723,202,3.0,7.264379694859187,8726.828965778,36.66354009360862,2.4214598982863955,1778071045.2265866,200,,,,,,,,,,,,,,
730.4479656842052,203,3.0,7.272238206664721,8736.526533317,36.52239828421026,2.4240794022215737,1778071054.656782,200,,,,,,,,,,,,,,
727.675078262535,204,3.0,7.280319566726686,8746.00382277,36.383753913126746,2.426773188908895,1778071064.3544135,200,,,,,,,,,,,,,,
724.9109843499583,205,3.0,7.2882173512379325,8755.893811291,36.24554921749792,2.4294057837459775,1778071073.831748,200,,,,,,,,,,,,,,
722.2077566103641,206,3.0,7.296458943684895,8765.303383739,36.1103878305182,2.4321529812282985,1778071083.7216673,200,,,,,,,,,,,,,,
719.4912251048137,207,3.0,7.304300323526064,8775.178952864,35.97456125524068,2.434766774508688,1778071093.131312,200,,,,,,,,,,,,,,
716.8388678685977,208,3.0,7.3125298929214475,8784.111091889,35.84194339342989,2.437509964307149,1778071103.0068014,200,,,,,,,,,,,,,,
714.1351997882841,209,3.0,7.3199733573198325,8793.317857673,35.7067599894142,2.439991119106611,1778071111.9389505,200,,,,,,,,,,,,,,
711.4794971264356,210,3.0,7.327645630041759,8793.318925937,35.57397485632178,2.442548543347253,1778071121.1466193,210,1.8435392692685126,0.6224498644471168,1708414.0,2.061204528808594,1.5319759845733643,2.0490196078431373e-06,0.010299166257969592,,,,,,,
708.8445707010902,211,3.0,7.335272408922513,8812.364972078,35.44222853505451,2.445090802974171,1778071130.2978113,210,,,,,,,,,,,,,,
706.2940518917059,212,3.0,7.343518342375755,8821.875568675,35.31470259458529,2.447839447458585,1778071140.1929333,210,,,,,,,,,,,,,,
703.7368017499715,213,3.0,7.351443784832954,8831.291327412,35.186840087498574,2.450481261610985,1778071149.703469,210,,,,,,,,,,,,,,
701.1959256968487,214,3.0,7.3592902451753615,8841.203094558,35.059796284842434,2.453096748391787,1778071159.1192214,210,,,,,,,,,,,,,,
698.7178879668454,215,3.0,7.3675500692923865,8851.348735486,34.93589439834227,2.455850023097462,1778071169.0310118,210,,,,,,,,,,,,,,
696.2811872689352,216,3.0,7.376004730264346,8860.995698784,34.81405936344676,2.4586682434214486,1778071179.1766014,210,,,,,,,,,,,,,,
693.8278690195943,217,3.0,7.384043530027071,8870.883367321,34.69139345097972,2.4613478433423572,1778071188.8231714,210,,,,,,,,,,,,,,
691.4158757156919,218,3.0,7.3922835167249055,8881.036742282,34.57079378578459,2.4640945055749683,1778071198.7111452,210,,,,,,,,,,,,,,
689.0464962907125,219,3.0,7.400744614402454,8890.348717616,34.45232481453563,2.4669148714674844,1778071208.8644779,210,,,,,,,,,,,,,,
686.6336861813791,220,3.0,7.408504706223805,8890.863116628,34.33168430906895,2.4695015687412685,1778071218.1776805,220,1.8556051284074784,0.6267431110143662,1789961.0,1.937307357788086,10.054832458496094,2.1470588235294117e-06,0.010789602746444336,,,,,,,
684.3067488456295,221,3.0,7.416958876649539,8910.31475463,34.215337442281474,2.4723196255498463,1778071228.3215816,220,,,,,,,,,,,,,,
681.9759897734667,222,3.0,7.425143194198608,8919.700525653,34.098799488673336,2.475047731399536,1778071238.1427994,220,,,,,,,,,,,,,,
679.6329530801029,223,3.0,7.43296461681525,8928.645143591,33.981647654005144,2.4776548722717497,1778071247.528514,220,,,,,,,,,,,,,,
677.277371463357,224,3.0,7.440418401559194,8937.83255704,33.86386857316785,2.480139467186398,1778071256.4730074,220,,,,,,,,,,,,,,
674.9610689452753,225,3.0,7.448074571490287,8947.290899675,33.748053447263764,2.4826915238300957,1778071265.660413,220,,,,,,,,,,,,,,
672.6856346884133,226,3.0,7.4559565198421485,8956.929280211,33.63428173442066,2.4853188399473827,1778071275.1187513,220,,,,,,,,,,,,,,
670.4437301644668,227,3.0,7.463988560438155,8966.580696169,33.52218650822334,2.4879961868127185,1778071284.7572048,220,,,,,,,,,,,,,,
668.2224543768498,228,3.0,7.4720313682158785,8976.228703358,33.41112271884249,2.490677122738626,1778071294.4085698,220,,,,,,,,,,,,,,
666.0203169826511,229,3.0,7.480071240266165,8985.821901364,33.301015849132554,2.4933570800887215,1778071304.0564184,220,,,,,,,,,,,,,,
663.8333109284829,230,3.0,7.488065792719523,8985.82344262,33.19166554642414,2.4960219309065077,1778071313.6509442,230,1.7090822517871858,0.6401722311973572,1871344.0,1.8375642776489258,1.496655821800232,2.2450980392156864e-06,0.011280039234919078,,,,,,,
661.6860718265842,231,3.0,7.496296350757281,9005.625944521,33.08430359132921,2.498765450252427,1778071323.526556,230,,,,,,,,,,,,,,
659.5610490721019,232,3.0,7.504569072326024,9014.830312788,32.978052453605095,2.5015230241086748,1778071333.4538105,230,,,,,,,,,,,,,,
657.401552157102,233,3.0,7.512239414056143,9024.755437731,32.8700776078551,2.504079804685381,1778071342.6582208,230,,,,,,,,,,,,,,
655.3128379019067,234,3.0,7.520510253508886,9034.401454226,32.765641895095335,2.5068367511696286,1778071352.583229,230,,,,,,,,,,,,,,
653.2217428476168,235,3.0,7.528548777302106,9043.51012804,32.66108714238084,2.509516259100702,1778071362.2294898,230,,,,,,,,,,,,,,
651.1096607605195,236,3.0,7.536139280994734,9052.712321595,32.555483038025976,2.5120464269982445,1778071371.3380594,230,,,,,,,,,,,,,,
649.0221108889864,237,3.0,7.543807762662569,9062.6399935,32.45110554444932,2.5146025875541897,1778071380.5402403,230,,,,,,,,,,,,,,
647.0039021933113,238,3.0,7.552080859343212,9071.921037614,32.35019510966556,2.517360286447737,1778071390.4679575,230,,,,,,,,,,,,,,
644.9566090950074,239,3.0,7.55981508453687,9081.334577096,32.24783045475037,2.51993836151229,1778071399.7490249,230,,,,,,,,,,,,,,
642.9357509162857,240,3.0,7.567659647862117,9081.335337536,32.146787545814284,2.522553215954039,1778071409.163336,240,1.591284915804863,0.6729676142334938,1952875.0,1.6418642044067382,7.547810077667236,2.343137254901961e-06,0.011770475723393821,,,,,,,
640.8299283166563,241,3.0,7.574301752050719,9098.708412863,32.04149641583282,2.5247672506835728,1778071417.1330345,240,,,,,,,,,,,,,,
638.8420532935825,242,3.0,7.582137170036633,9108.484510048,31.942102664679123,2.527379056678878,1778071426.5355494,240,,,,,,,,,,,,,,
636.8967197614443,243,3.0,7.590284595489502,9117.708534148,31.844835988072212,2.5300948651631674,1778071436.31244,240,,,,,,,,,,,,,,
634.9288302369945,244,3.0,7.597971288760503,9126.95233087,31.746441511849724,2.532657096253501,1778071445.5364728,240,,,,,,,,,,,,,,
632.9783719181529,245,3.0,7.605674405097962,9136.367787834,31.648918595907645,2.5352248016993206,1778071454.7802129,240,,,,,,,,,,,,,,
631.0556323604371,246,3.0,7.613520625829697,9145.332086267,31.552781618021857,2.537840208609899,1778071464.1956801,240,,,,,,,,,,,,,,
629.1174245817299,247,3.0,7.62099087158839,9154.761241795,31.455871229086494,2.540330290529463,1778071473.1599698,240,,,,,,,,,,,,,,
627.2266986961006,248,3.0,7.628848517735799,9164.652414131,31.36133493480503,2.542949505911933,1778071482.5891488,240,,,,,,,,,,,,,,
625.3826904072899,249,3.0,7.637091216842334,9174.348089758,31.269134520364496,2.545697072280778,1778071492.4804103,240,,,,,,,,,,,,,,
623.5401352518638,250,3.0,7.6451708588997525,9174.348583175,31.17700676259319,2.5483902862999175,1778071502.1764867,250,1.6174735024571418,0.6554935030639172,2032210.0,1.6885984420776368,1.790485143661499,2.4411764705882356e-06,0.012260912211868563,,,,,,,
621.725704796539,251,3.0,7.653415983517965,9193.879387094,31.086285239826953,2.5511386611726548,1778071512.0701115,250,,,,,,,,,,,,,,
619.9083485149754,252,3.0,7.661446975270907,9203.336753229,30.99541742574877,2.553815658423636,1778071521.7073007,250,,,,,,,,,,,,,,
618.0932609741632,253,3.0,7.6693278580904005,9212.780966431,30.90466304870816,2.556442619363467,1778071531.1643655,250,,,,,,,,,,,,,,
616.291627100814,254,3.0,7.677198297381401,9221.991658327,30.8145813550407,2.5590660991271337,1778071540.6088817,250,,,,,,,,,,,,,,
614.4885433011818,255,3.0,7.684873886307081,9232.103148096,30.724427165059094,2.5616246287690267,1778071549.819594,250,,,,,,,,,,,,,,
612.7593380204402,256,3.0,7.693300173282624,9241.434601491,30.63796690102201,2.564433391094208,1778071559.9311352,250,,,,,,,,,,,,,,
610.9920107257506,257,3.0,7.7010763490200045,9251.160301596,30.549600536287528,2.5670254496733347,1778071569.2625878,250,,,,,,,,,,,,,,
609.2643509400291,258,3.0,7.709181095759074,9261.064645796,30.463217547001456,2.569727031919691,1778071578.9882374,250,,,,,,,,,,,,,,
607.561754309502,259,3.0,7.717434740861258,9270.609538886,30.3780877154751,2.5724782469537524,1778071588.892617,250,,,,,,,,,,,,,,
605.848756905947,260,3.0,7.725388758977255,9270.610845843,30.292437845297346,2.5751295863257515,1778071598.4387622,260,1.5900309100747108,0.6627292186021805,2113855.0,1.6340662002563477,1.1596602201461792,2.53921568627451e-06,0.012751348700343305,,,,,,,
604.1461522453513,261,3.0,7.733307784994443,9289.490720272,30.207307612267567,2.5777692616648142,1778071607.940262,260,,,,,,,,,,,,,,
602.4484706203674,262,3.0,7.74112306535244,9299.206607464,30.12242353101837,2.58037435511748,1778071617.318613,260,,,,,,,,,,,,,,
600.7855079667121,263,3.0,7.74921964665254,9307.013709388,30.039275398335604,2.5830732155508467,1778071627.034501,260,,,,,,,,,,,,,,
599.0122898815858,264,3.0,7.755725577672322,9316.182382606,29.95061449407929,2.5852418592241073,1778071634.8416278,260,,,,,,,,,,,,,,
597.3397598139745,265,3.0,7.763366177082062,9325.810940785,29.866987990698725,2.5877887256940206,1778071644.0103416,260,,,,,,,,,,,,,,
595.7091746122093,266,3.0,7.7713899189233775,9335.372153373,29.78545873061046,2.5904633063077926,1778071653.6388276,260,,,,,,,,,,,,,,
594.0865220649932,267,3.0,7.779357596437136,9345.010161071,29.704326103249663,2.5931191988123787,1778071663.2000518,260,,,,,,,,,,,,,,
592.4808405827602,268,3.0,7.787389174898465,9354.805268914,29.624042029138007,2.5957963916328217,1778071672.8379345,260,,,,,,,,,,,,,,
590.8970385427147,269,3.0,7.795551906228065,9364.963462288,29.54485192713573,2.5985173020760217,1778071682.6332467,260,,,,,,,,,,,,,,
589.347799077402,270,3.0,7.804016956885656,9364.964345755,29.4673899538701,2.601338985628552,1778071692.792326,270,1.5051780864596367,0.6755626350641251,2193498.0,1.5270919799804688,1.1950663328170776,2.6372549019607847e-06,0.013241785188818049,,,,,,,
587.793799076705,271,3.0,7.812266775369645,9384.300206011,29.38968995383525,2.604088925123215,1778071702.6910594,270,,,,,,,,,,,,,,
586.2223186558807,272,3.0,7.820130979617437,9393.739331205,29.31111593279404,2.6067103265391456,1778071712.128099,270,,,,,,,,,,,,,,
584.6624792275629,273,3.0,7.827996901869774,9403.188908494,29.233123961378148,2.609332300623258,1778071721.56721,270,,,,,,,,,,,,,,
583.1146742309822,274,3.0,7.835871541897456,9412.453628104,29.155733711549114,2.6119571806324853,1778071731.0167775,270,,,,,,,,,,,,,,
581.5666956122571,275,3.0,7.843592020273208,9422.598330946,29.07833478061286,2.6145306734244027,1778071740.2813535,270,,,,,,,,,,,,,,
580.0841325237412,276,3.0,7.852046129306157,9432.262460335,29.00420662618706,2.617348709768719,1778071750.4262815,270,,,,,,,,,,,,,,
578.5827775036887,277,3.0,7.860099527637164,9441.748912329,28.929138875184435,2.6200331758790547,1778071760.090362,270,,,,,,,,,,,,,,
577.0813466526264,278,3.0,7.868004628221193,9450.893546495,28.85406733263132,2.6226682094070646,1778071769.576489,270,,,,,,,,,,,,,,
575.5699027566001,279,3.0,7.875625447233517,9460.336978524,28.778495137830003,2.6252084824111726,1778071778.721472,270,,,,,,,,,,,,,,
574.0873617423432,280,3.0,7.8834949135780334,9460.338378423,28.70436808711716,2.6278316378593445,1778071788.1659913,280,1.4664236307144165,0.6871889188885689,2274572.0,1.4418834686279296,6.1550469398498535,2.7352941176470595e-06,0.01373222167729279,,,,,,,
572.6397211611201,281,3.0,7.891699933608374,9480.046950524,28.631986058056,2.6305666445361244,1778071798.0108492,280,,,,,,,,,,,,,,
571.2034331938547,282,3.0,7.899919968644778,9489.799334973,28.560171659692735,2.633306656214926,1778071807.8748875,280,,,,,,,,,,,,,,
569.7705845826998,283,3.0,7.908046858112018,9499.267580182,28.48852922913499,2.6360156193706725,1778071817.6271617,280,,,,,,,,,,,,,,
568.3308308986292,284,3.0,7.915937026739121,9508.455738432,28.416541544931462,2.6386456755797068,1778071827.0953562,280,,,,,,,,,,,,,,
566.8844897991036,285,3.0,7.923593898614247,9518.240501809,28.344224489955177,2.641197966204749,1778071836.2836127,280,,,,,,,,,,,,,,
565.4837047426989,286,3.0,7.931747893889744,9527.744577179,28.274185237134944,2.643915964629915,1778071846.0683954,280,,,,,,,,,,,,,,
564.076065174884,287,3.0,7.939668009082476,9537.383153687,28.2038032587442,2.646556003027492,1778071855.5725443,280,,,,,,,,,,,,,,
562.6861287866133,288,3.0,7.947700102527936,9546.315450332,28.134306439330665,2.649233367509312,1778071865.2110484,280,,,,,,,,,,,,,,
561.2642881318978,289,3.0,7.95514366209507,9555.984270291,28.06321440659489,2.65171455403169,1778071874.1433277,280,,,,,,,,,,,,,,
559.8954138218123,290,3.0,7.9632010793685915,9555.984745054,27.994770691090615,2.6544003597895305,1778071883.812699,290,1.3062422379851342,0.7110457733273506,2355401.0,1.2878894805908203,1.4253839254379272,2.8333333333333335e-06,0.014222658165767533,,,,,,,
558.5198798999891,291,3.0,7.9710291834672296,9575.037999253,27.925993994999452,2.65700972782241,1778071893.205944,290,,,,,,,,,,,,,,
557.1692605146262,292,3.0,7.979079159895579,9585.186071448,27.85846302573131,2.6596930532985263,1778071902.8659203,290,,,,,,,,,,,,,,
555.8561646033744,293,3.0,7.98753586212794,9594.587156186,27.79280823016872,2.6625119540426465,1778071913.01396,290,,,,,,,,,,,,,,
554.5088337679772,294,3.0,7.995370138684908,9604.335263834,27.72544168839886,2.6651233795616363,1778071922.4150913,290,,,,,,,,,,,,,,
553.1906242625255,295,3.0,8.00349358300368,9614.045585536,27.659531213126275,2.66783119433456,1778071932.1632242,290,,,,,,,,,,,,,,
551.8791469703185,296,3.0,8.011585458715757,9623.940885844,27.59395734851593,2.6705284862385854,1778071941.8734791,290,,,,,,,,,,,,,,
550.5870877436182,297,3.0,8.019831538001696,9633.331280347,27.52935438718091,2.673277179333899,1778071951.768769,290,,,,,,,,,,,,,,
549.2749123790587,298,3.0,8.02765688518683,9643.189917567,27.463745618952938,2.6758856283956103,1778071961.1591868,290,,,,,,,,,,,,,,
547.9981220310547,299,3.0,8.03587241232395,9652.420120654,27.399906101552734,2.678624137441317,1778071971.0178187,290,,,,,,,,,,,,,,
546.6942540586259,300,3.0,8.043564306894938,9652.422141563,27.334712702931295,2.6811881022983126,1778071980.249488,300,1.3428008615970612,0.7011540725827217,2436713.0,1.3414287567138672,1.2364128828048706,2.9313725490196082e-06,0.014713094654242276,,,,,,,
,301,,,13042.289976266,,,1778075370.117874,300,,,,,,,0.014713094654242276,1.249154806137085,1.2998754472540528,2436713.0,0.22,0.879,0.7093640720284226,3389.8665
734.8145986119051,302,3.0,10.883472720980645,13070.119515136,36.74072993059526,3.6278242403268814,1778075388.1382174,300,,,,,,,,,,,,,,
732.9395512131903,303,3.0,10.891647082765898,13080.002236213,36.646977560659515,3.6305490275886325,1778075397.9474266,300,,,,,,,,,,,,,,
731.0809406078698,304,3.0,10.899882586797078,13090.01473401,36.55404703039349,3.633294195599026,1778075407.8300586,300,,,,,,,,,,,,,,
729.2417580565143,305,3.0,10.908226395646732,13099.413724405,36.46208790282572,3.636075465215577,1778075417.842601,300,,,,,,,,,,,,,,
727.3805291177271,306,3.0,10.916058946053187,13108.416849006,36.369026455886356,3.6386863153510625,1778075427.241655,300,,,,,,,,,,,,,,
725.5095064920207,307,3.0,10.923561475872994,13118.306337874,36.27547532460104,3.641187158624331,1778075436.2447095,300,,,,,,,,,,,,,,
723.6995387775944,308,3.0,10.931802743673325,13128.201493019,36.18497693887972,3.6439342478911083,1778075446.1342273,300,,,,,,,,,,,,,,
721.9015977523924,309,3.0,10.940048734943073,13137.784945061,36.09507988761962,3.646682911647691,1778075456.0294108,300,,,,,,,,,,,,,,
720.0981692725549,310,3.0,10.948034942348798,13137.785755616,36.00490846362774,3.649344980782933,1778075465.613663,310,1.29093399643898,0.7100035220384597,2517117.0,1.2805481910705567,1.3557857275009155,3.0294117647058826e-06,0.015203531142717018,,,,,,,
718.3150162475413,311,3.0,10.956153509219487,13156.851885497,35.91575081237707,3.652051169739829,1778075475.3551345,310,,,,,,,,,,,,,,
716.5205549761016,312,3.0,10.963924136956532,13166.68405631,35.826027748805075,3.654641378985511,1778075484.679917,310,,,,,,,,,,,,,,
714.7650989553101,313,3.0,10.972117507259052,13176.152481449,35.738254947765505,3.6573725024196837,1778075494.511933,310,,,,,,,,,,,,,,
713.0011454496794,314,3.0,10.98000783085823,13185.822278533,35.65005727248396,3.6600026102860768,1778075503.9803276,310,,,,,,,,,,,,,,
711.2592592718678,315,3.0,10.988066045641899,13195.545850441,35.56296296359339,3.662688681880633,1778075513.650225,310,,,,,,,,,,,,,,
709.5312788248754,316,3.0,10.996168911655744,13204.775317883,35.47656394124377,3.6653896372185812,1778075523.37363,310,,,,,,,,,,,,,,
707.7877258744901,317,3.0,11.003860181570053,13214.437292996,35.389386293724506,3.6679533938566844,1778075532.6031442,310,,,,,,,,,,,,,,
706.0782504079664,318,3.0,11.01191189944744,13223.586773778,35.30391252039832,3.6706372998158137,1778075542.2652035,310,,,,,,,,,,,,,,
704.3521910815216,319,3.0,11.019536486268043,13233.487608213,35.21760955407608,3.6731788287560145,1778075551.4147124,310,,,,,,,,,,,,,,
702.6768151951271,320,3.0,11.02778719286124,13233.488908835,35.13384075975635,3.6759290642870797,1778075561.3165584,320,1.2976644545793534,0.7127052500844002,2598179.0,1.263603973388672,1.7077473402023315,3.127450980392157e-06,0.01569396763119176,,,,,,,
701.0112171760971,321,3.0,11.036027499437331,13252.98736368,35.05056085880486,3.6786758331457774,1778075571.2039459,320,,,,,,,,,,,,,,
699.3413470315328,322,3.0,11.044036966363588,13262.370823491,34.96706735157664,3.6813456554545296,1778075580.815282,320,,,,,,,,,,,,,,
697.669828320946,323,3.0,11.051856525142988,13271.481467289,34.8834914160473,3.6839521750476627,1778075590.1987503,320,,,,,,,,,,,,,,
695.9943199271282,324,3.0,11.059448732535044,13281.388590964,34.79971599635641,3.686482910845015,1778075599.3094034,320,,,,,,,,,,,,,,
694.3707557199123,325,3.0,11.067704541881879,13291.128244354,34.718537785995615,3.68923484729396,1778075609.2163842,320,,,,,,,,,,,,,,
692.7484335274296,326,3.0,11.07582095781962,13300.508698883,34.63742167637148,3.6919403192732068,1778075618.9560752,320,,,,,,,,,,,,,,
691.1173730680702,327,3.0,11.083638106584548,13310.15207324,34.55586865340351,3.694546035528183,1778075628.3366532,320,,,,,,,,,,,,,,
689.5098681883961,328,3.0,11.091674191554386,13319.800864333,34.475493409419805,3.697224730518129,1778075637.9799583,320,,,,,,,,,,,,,,
687.9124214165842,329,3.0,11.099714891910553,13329.372822145,34.39562107082921,3.699904963970184,1778075647.6287963,320,,,,,,,,,,,,,,
686.3206911162415,330,3.0,11.10769142071406,13329.373683306,34.316034555812074,3.7025638069046867,1778075657.2011893,330,1.2424331963062287,0.7181944519281387,2679775.0,1.2143468856811523,4.503103256225586,3.2254901960784317e-06,0.016184404119666502,,,,,,,
684.7416985274201,331,3.0,11.115718597968419,13348.614416965,34.237084926371004,3.70523953265614,1778075666.8332503,330,,,,,,,,,,,,,,
683.1710139392789,332,3.0,11.123726171056429,13358.581529246,34.15855069696394,3.7079087236854766,1778075676.4423623,330,,,,,,,,,,,,,,
681.6280308806741,333,3.0,11.13203208843867,13367.62833347,34.08140154403371,3.71067736281289,1778075686.4094636,330,,,,,,,,,,,,,,
680.0474671426766,334,3.0,11.139571065505345,13376.963564886,34.002373357133834,3.7131903551684484,1778075695.4562106,330,,,,,,,,,,,,,,
678.4909673623125,335,3.0,11.147350371082624,13386.44376033,33.92454836811562,3.715783457027541,1778075704.791387,330,,,,,,,,,,,,,,
676.9510720584306,336,3.0,11.155250623424848,13396.279283742,33.84755360292153,3.7184168744749493,1778075714.2717137,330,,,,,,,,,,,,,,
675.4382220942531,337,3.0,11.163446829120318,13405.62588263,33.77191110471266,3.721148943040106,1778075724.1071281,330,,,,,,,,,,,,,,
673.9097486177258,338,3.0,11.171235656340917,13415.294282074,33.69548743088629,3.7237452187803055,1778075733.4537227,330,,,,,,,,,,,,,,
672.4064224870683,339,3.0,11.179292654395104,13425.077531241,33.62032112435342,3.726430884798368,1778075743.1221194,330,,,,,,,,,,,,,,
670.9176737052787,340,3.0,11.18744527022044,13425.078517327,33.54588368526394,3.729148423406813,1778075752.9064143,340,1.210420449078083,0.7258240312337876,2761066.0,1.1830296516418457,1.4529205560684204,3.323529411764706e-06,0.016674840608141245,,,,,,,
669.4333589934125,341,3.0,11.19552601357301,13444.09015105,33.471667949670625,3.731842004524337,1778075762.60214,340,,,,,,,,,,,,,,
667.938795181435,342,3.0,11.203289257089297,13453.49203515,33.39693975907175,3.734429752363099,1778075771.9180295,340,,,,,,,,,,,,,,
666.457208322853,343,3.0,11.211124200820922,13462.886555094,33.322860416142646,3.737041400273641,1778075781.319965,340,,,,,,,,,,,,,,
664.9838668770395,344,3.0,11.218952928185463,13472.610183942,33.24919334385198,3.739650976061821,1778075790.7144356,340,,,,,,,,,,,,,,
663.5352824942502,345,3.0,11.227056030432383,13482.077529041,33.176764124712506,3.7423520101441277,1778075800.4381936,340,,,,,,,,,,,,,,
662.0824775369296,346,3.0,11.23494542558988,13491.96387953,33.10412387684647,3.74498180852996,1778075809.9054313,340,,,,,,,,,,,,,,
660.6585681108187,347,3.0,11.243184067408244,13501.882296414,33.032928405540936,3.7477280224694147,1778075819.791808,340,,,,,,,,,,,,,,
659.2444082992287,348,3.0,11.251449440320332,13511.264532085,32.962220414961436,3.750483146773444,1778075829.7102509,340,,,,,,,,,,,,,,
657.8122367489417,349,3.0,11.259267808993657,13520.448187361,32.89061183744708,3.7530892696645526,1778075839.0922925,340,,,,,,,,,,,,,,
656.378620335772,350,3.0,11.266920898358027,13520.449844927,32.818931016788596,3.7556402994526756,1778075848.2772956,350,1.157809916138649,0.7356712058186531,2842485.0,1.1286664009094238,2.383995294570923,3.421568627450981e-06,0.01716527709661599,,,,,,,
654.9536806840559,351,3.0,11.274582732717196,13539.297994145,32.7476840342028,3.7581942442390655,1778075857.4702027,350,,,,,,,,,,,,,,
653.5591178454911,352,3.0,11.282629204591116,13548.813947491,32.677955892274554,3.7608764015303717,1778075867.1259658,350,,,,,,,,,,,,,,
652.1657225018914,353,3.0,11.290559099713962,13557.968916635,32.60828612509457,3.763519699904654,1778075876.6418488,350,,,,,,,,,,,,,,
650.7628792810967,354,3.0,11.298188291589419,13567.389732592,32.53814396405484,3.7660627638631397,1778075885.7968743,350,,,,,,,,,,,,,,
649.3806600159938,355,3.0,11.306038955648742,13577.371876496,32.46903300079969,3.7686796518829135,1778075895.2176697,350,,,,,,,,,,,,,,
648.0329997853561,356,3.0,11.314357426365216,13587.255260074,32.4016499892678,3.7714524754550722,1778075905.1998353,350,,,,,,,,,,,,,,
646.6881846359798,357,3.0,11.322593522071838,13597.169238097,32.33440923179899,3.7741978406906127,1778075915.0831525,350,,,,,,,,,,,,,,
645.352339932883,358,3.0,11.330855208237965,13606.993555358,32.26761699664415,3.776951736079322,1778075924.9971778,350,,,,,,,,,,,,,,
644.0196924344023,359,3.0,11.33904215713342,13616.844728635,32.20098462172011,3.7796807190444732,1778075934.8215194,350,,,,,,,,,,,,,,
642.6957088618809,360,3.0,11.347251358032228,13616.845736303,32.134785443094046,3.7824171193440757,1778075944.6736467,360,1.100619550049305,0.7420382186770439,2924090.0,1.0772503852844237,2.2148702144622803,3.5196078431372552e-06,0.01765571358509073,,,,,,,
641.3603705002661,361,3.0,11.355129659175873,13635.956093466,32.0680185250133,3.785043219725291,1778075954.1265259,360,,,,,,,,,,,,,,
640.0419629547367,362,3.0,11.363177566925684,13645.84049265,32.00209814773684,3.7877258556418947,1778075963.7840068,360,,,,,,,,,,,,,,
638.7414389900158,363,3.0,11.371414534250896,13655.494688637,31.93707194950079,3.790471511416965,1778075973.6683638,360,,,,,,,,,,,,,,
637.4373196379388,364,3.0,11.379459752241772,13665.217686092,31.87186598189694,3.793153250747257,1778075983.322628,360,,,,,,,,,,,,,,
636.1435371586122,365,3.0,11.387562092343966,13674.375402617,31.807176857930607,3.795854030781322,1778075993.0454347,360,,,,,,,,,,,,,,
634.8305967226597,366,3.0,11.39519364396731,13684.122946616,31.741529836132983,3.798397881322437,1778076002.2033067,360,,,,,,,,,,,,,,
633.5521105203652,367,3.0,11.403316555221876,13693.552343064,31.67760552601826,3.801105518407292,1778076011.9507916,360,,,,,,,,,,,,,,
632.2658872259052,368,3.0,11.41117442369461,13703.368369099,31.61329436129526,3.8037248078982033,1778076021.3802373,360,,,,,,,,,,,,,,
631.004432413297,369,3.0,11.419354367852211,13712.818607575,31.55022162066485,3.806451455950737,1778076031.1961637,360,,,,,,,,,,,,,,
629.7330031630585,370,3.0,11.42722958167394,13712.81967907,31.486650158152923,3.8090765272246467,1778076040.6476433,370,0.9787857472896576,0.7683198779821396,3005532.0,0.9556642532348633,1.3132736682891846,3.6176470588235296e-06,0.018146150073565473,,,,,,,
628.4701504839772,371,3.0,11.435136136809984,13731.568632561,31.423507524198865,3.811712045603328,1778076050.1342895,370,,,,,,,,,,,,,,
627.2037779090333,372,3.0,11.442854604323706,13740.958982075,31.360188895451664,3.814284868107902,1778076059.3964558,370,,,,,,,,,,,,,,
625.9500182352555,373,3.0,11.45067958811919,13750.54244907,31.297500911762775,3.8168931960397297,1778076068.7865915,370,,,,,,,,,,,,,,
624.7117748625562,374,3.0,11.45866619904836,13759.679828018,31.235588743127813,3.8195553996827867,1778076078.3703668,370,,,,,,,,,,,,,,
623.4599045374871,375,3.0,11.466280735731125,13769.963599092,31.172995226874356,3.8220935785770416,1778076087.507804,370,,,,,,,,,,,,,,
622.2664931169639,376,3.0,11.474850486119589,13779.418940661,31.1133246558482,3.8249501620398627,1778076097.7915556,370,,,,,,,,,,,,,,
621.0420796818431,377,3.0,11.482729967633883,13788.881880031,31.052103984092156,3.827576655877961,1778076107.2468898,370,,,,,,,,,,,,,,
619.8244833440849,378,3.0,11.490615728497504,13798.797521545,30.991224167204244,3.8302052428325015,1778076116.709837,370,,,,,,,,,,,,,,
618.6336053413473,379,3.0,11.498878686825435,13808.174874453,30.931680267067367,3.832959562275145,1778076126.6253586,370,,,,,,,,,,,,,,
617.4249316457123,380,3.0,11.506693184177081,13808.175659861,30.871246582285615,3.8355643947256937,1778076136.0035691,380,1.0815474182367324,0.7452990800142288,3087029.0,1.0731733322143555,2.80602765083313,3.7156862745098044e-06,0.018636586562040217,,,,,,,
616.2231002065557,381,3.0,11.51451697786649,13827.361399907,30.811155010327788,3.838172325955497,1778076145.3913004,380,,,,,,,,,,,,,,
615.0457725049209,382,3.0,11.522681956688563,13836.955788849,30.752288625246045,3.8408939855628543,1778076155.189272,380,,,,,,,,,,,,,,
613.8655582137633,383,3.0,11.53067723373572,13846.942627058,30.693277910688163,3.8435590779119067,1778076164.7836142,380,,,,,,,,,,,,,,
612.7088566801356,384,3.0,11.538999556899071,13856.834330491,30.635442834006778,3.8463331856330236,1778076174.7704115,380,,,,,,,,,,,,,,
611.55397069882,385,3.0,11.547242703239123,13866.045935788,30.577698534941,3.8490809010797076,1778076184.662175,380,,,,,,,,,,,,,,
610.3751335204265,386,3.0,11.55491915345192,13875.722591042,30.518756676021326,3.8516397178173065,1778076193.8739347,380,,,,,,,,,,,,,,
609.2228018803447,387,3.0,11.562983046968778,13885.545944101,30.461140094017235,3.8543276823229258,1778076203.5506089,380,,,,,,,,,,,,,,
608.0828329816461,388,3.0,11.571169161200524,13894.739371279,30.404141649082305,3.8570563870668413,1778076213.3739188,380,,,,,,,,,,,,,,
606.9212065463456,389,3.0,11.57883027692636,13904.667867975,30.346060327317282,3.8596100923087864,1778076222.567264,380,,,,,,,,,,,,,,
605.7975662163589,390,3.0,11.587104012966156,13904.66886515,30.28987831081794,3.862368004322052,1778076232.49679,390,0.9431577704846859,0.7789657309651374,3168385.0,0.921938705444336,1.920379877090454,3.8137254901960783e-06,0.019127023050514957,,,,,,,
604.6584506094658,391,3.0,11.594970779220263,13923.959360864,30.23292253047329,3.864990259740088,1778076241.9358873,390,,,,,,,,,,,,,,
603.5429722496491,392,3.0,11.603180241386095,13933.347064846,30.177148612482455,3.8677267471286987,1778076251.7872279,390,,,,,,,,,,,,,,
602.4131282769845,393,3.0,11.611003404259682,13942.72764074,30.120656413849225,3.870334468086561,1778076261.1750057,390,,,,,,,,,,,,,,
601.2887091377211,394,3.0,11.618820568919181,13952.540713338,30.064435456886056,3.8729401896397273,1778076270.5556035,390,,,,,,,,,,,,,,
600.1885881263697,395,3.0,11.626998151540757,13962.033304881,30.009429406318485,3.8756660505135856,1778076280.3687027,390,,,,,,,,,,,,,,
599.0802696680179,396,3.0,11.634908621311187,13971.934307285,29.954013483400892,3.8783028737703957,1778076289.8612943,390,,,,,,,,,,,,,,
597.9949798395712,397,3.0,11.643158754110337,13981.744286539,29.899748991978562,3.881052918036779,1778076299.7614381,390,,,,,,,,,,,,,,
596.911325142781,398,3.0,11.651334350506465,13991.651820977,29.845566257139055,3.8837781168354883,1778076309.5721428,390,,,,,,,,,,,,,,
595.8372308564764,399,3.0,11.659590736230214,14001.500608082,29.79186154282382,3.8865302454100714,1778076319.479833,390,,,,,,,,,,,,,,
594.7660027146637,400,3.0,11.667797993421555,14001.502077297,29.738300135733184,3.889265997807185,1778076329.3293977,400,0.9134608909487725,0.7779858916997909,3249699.0,0.9025007247924804,1.317665457725525,3.911764705882353e-06,0.0196174595389897,,,,,,,
,401,,,17391.115823896,,,1778079718.9437397,400,,,,,,,0.0196174595389897,0.8468460440635681,0.8695515805442862,3249699.0,0.22,0.879,0.7879149980193016,3389.612
736.1265939077235,402,3.0,14.513138339916864,17425.849482376,36.80632969538618,4.837712779972288,1778079743.7369792,400,,,,,,,,,,,,,,
734.7190915080758,403,3.0,14.521421965559323,17435.7594011,36.73595457540379,4.840473988519775,1778079753.677293,400,,,,,,,,,,,,,,
733.3172810169434,404,3.0,14.529680310487747,17445.471284775,36.66586405084717,4.843226770162582,1778079763.587304,400,,,,,,,,,,,,,,
731.9140649057563,405,3.0,14.537773236234983,17455.141989629,36.595703245287815,4.845924412078328,1778079773.2988148,400,,,,,,,,,,,,,,
730.5160691044551,406,3.0,14.545832469662031,17464.38634004,36.52580345522276,4.848610823220677,1778079782.9698908,400,,,,,,,,,,,,,,
729.1071301276327,407,3.0,14.553536143302917,17474.041492923,36.455356506381634,4.8511787144343055,1778079792.2143278,400,,,,,,,,,,,,,,
727.7222030506853,408,3.0,14.56158209145069,17483.463189791,36.38611015253426,4.85386069715023,1778079801.869464,400,,,,,,,,,,,,,,
726.3343475126404,409,3.0,14.569433454275131,17492.692168681,36.31671737563202,4.856477818091711,1778079811.291077,400,,,,,,,,,,,,,,
724.9452780266506,410,3.0,14.577124276161193,17492.692752842,36.24726390133253,4.859041425387065,1778079820.5206707,410,0.9728754594922066,0.7666454657912254,3331104.0,0.9499195098876954,1.224295973777771,4.009803921568628e-06,0.020107896027464444,,,,,,,
723.591377979314,411,3.0,14.585387756228448,17512.068854214,36.1795688989657,4.861795918742816,1778079830.4362347,410,,,,,,,,,,,,,,
722.2252589036731,412,3.0,14.593271538416545,17521.981337105,36.111262945183654,4.864423846138848,1778079839.8968077,410,,,,,,,,,,,,,,
720.8843489317186,413,3.0,14.601531932751337,17531.171358251,36.044217446585925,4.867177310917112,1778079849.8092456,410,,,,,,,,,,,,,,
719.5202649969552,414,3.0,14.60919027507305,17540.693018862,35.97601324984776,4.869730091691017,1778079858.999256,410,,,,,,,,,,,,,,
718.1763331151775,415,3.0,14.617124975124995,17550.296767598,35.908816655758876,4.872374991708331,1778079868.520901,410,,,,,,,,,,,,,,
716.8422187755506,416,3.0,14.625128151575725,17559.706805485,35.84211093877753,4.875042717191908,1778079878.124712,410,,,,,,,,,,,,,,
715.5066051226585,417,3.0,14.632969805598261,17569.193916647,35.775330256132925,4.877656601866087,1778079887.5346982,410,,,,,,,,,,,,,,
714.1805172100592,418,3.0,14.640875732898712,17578.23116416,35.70902586050296,4.880291910966237,1778079897.0218105,410,,,,,,,,,,,,,,
712.8425133773611,419,3.0,14.648406724135082,17587.928297088,35.64212566886806,4.882802241378361,1778079906.0589998,410,,,,,,,,,,,,,,
711.5375812112339,420,3.0,14.656487695376079,17587.929406106,35.576879060561694,4.885495898458693,1778079915.7571821,420,0.7840118773281575,0.8076838999986649,3412351.0,0.7813443660736084,1.883681058883667,4.107843137254902e-06,0.020598332515939184,,,,,,,
710.2400299457736,421,3.0,14.66459306557973,17607.316553401,35.51200149728868,4.888197688526577,1778079925.4826066,420,,,,,,,,,,,,,,
708.9460264563608,422,3.0,14.672644588748614,17616.751900205,35.447301322818035,4.890881529582871,1778079935.14443,420,,,,,,,,,,,,,,
707.6490439311973,423,3.0,14.680507385134696,17626.359311419,35.38245219655986,4.893502461711566,1778079944.57979,420,,,,,,,,,,,,,,
706.3650740022039,424,3.0,14.688513554533323,17636.186507755,35.3182537001102,4.896171184844441,1778079954.1871939,420,,,,,,,,,,,,,,
705.0959312008223,425,3.0,14.696702832778296,17645.405150939,35.254796560041115,4.898900944259432,1778079964.0143416,420,,,,,,,,,,,,,,
703.808480496441,426,3.0,14.704385124643643,17655.569566793,35.19042402482205,4.901461708214548,1778079973.2330744,420,,,,,,,,,,,,,,
702.5646931162483,427,3.0,14.712855515480042,17665.374390994,35.12823465581242,4.904285171826681,1778079983.3975859,420,,,,,,,,,,,,,,
701.3124359214604,428,3.0,14.721026119391125,17675.136579532,35.06562179607302,4.907008706463708,1778079993.2022717,420,,,,,,,,,,,,,,
700.0643346210182,429,3.0,14.729161331653597,17684.325867866,35.00321673105091,4.909720443884532,1778080002.9645655,420,,,,,,,,,,,,,,
698.7993979829226,430,3.0,14.736819084485372,17684.326269252,34.939969899146135,4.912273028161791,1778080012.1542728,430,0.8428434886038303,0.7978987023234367,3493699.0,0.8263917922973633,1.7550805807113647,4.205882352941177e-06,0.021088769004413928,,,,,,,
697.56445609191,431,3.0,14.744986786444983,17703.768724967,34.878222804595495,4.914995595481661,1778080021.9550989,430,,,,,,,,,,,,,,
696.3289489641833,432,3.0,14.753021380702656,17713.163274521,34.81644744820916,4.917673793567552,1778080031.5965831,430,,,,,,,,,,,,,,
695.0894584346222,433,3.0,14.76085019628207,17722.173036546,34.75447292173111,4.92028339876069,1778080040.9911616,430,,,,,,,,,,,,,,
693.8406149822949,434,3.0,14.76835835715135,17731.348754466,34.69203074911475,4.92278611905045,1778080050.0009568,430,,,,,,,,,,,,,,
692.6039884400642,435,3.0,14.77600465774536,17740.830332711,34.63019942200321,4.92533488591512,1778080059.1765246,430,,,,,,,,,,,,,,
691.3849667348173,436,3.0,14.78390610575676,17750.248659303,34.56924833674086,4.92796870191892,1778080068.658255,430,,,,,,,,,,,,,,
690.1690555481534,437,3.0,14.791754648089409,17759.718131362,34.50845277740767,4.930584882696469,1778080078.0765154,430,,,,,,,,,,,,,,
688.9606849890187,438,3.0,14.799645906090738,17769.334264905,34.448034249450934,4.933215302030246,1778080087.5460153,430,,,,,,,,,,,,,,
687.7634931549758,439,3.0,14.80765931804975,17778.584614759,34.388174657748785,4.935886439349916,1778080097.16211,430,,,,,,,,,,,,,,
686.5576180856743,440,3.0,14.815367923378945,17778.58518598,34.32788090428372,4.938455974459648,1778080106.413068,440,0.7666998639702797,0.8113145664334297,3575239.0,0.744948434829712,1.6893469095230103,4.303921568627451e-06,0.02157920549288867,,,,,,,
685.3532751598101,441,3.0,14.822991385261219,17797.124480686,34.267663757990505,4.940997128420406,1778080115.5605855,440,,,,,,,,,,,,,,
684.1637460166737,442,3.0,14.830817839105922,17806.3977267,34.208187300833686,4.943605946368641,1778080124.9523356,440,,,,,,,,,,,,,,
682.9750438076288,443,3.0,14.838545581499734,17815.919668698,34.148752190381444,4.9461818604999115,1778080134.2256267,440,,,,,,,,,,,,,,
681.8011913299023,444,3.0,14.84648008584976,17825.81426958,34.090059566495114,4.948826695283254,1778080143.747036,440,,,,,,,,,,,,,,
680.6468860293193,445,3.0,14.8547260560592,17835.766794738,34.03234430146596,4.951575352019733,1778080153.6421895,440,,,,,,,,,,,,,,
679.4999418703876,446,3.0,14.863019817272823,17846.44327948,33.97499709351938,4.954339939090941,1778080163.5947106,440,,,,,,,,,,,,,,
678.3652477123104,447,3.0,14.8714696286122,17855.902491596,33.91826238561552,4.957156542870734,1778080173.7344859,440,,,,,,,,,,,,,,
677.2301633132266,448,3.0,14.879799566666286,17864.904632645,33.861508165661334,4.959933188888762,1778080183.730408,440,,,,,,,,,,,,,,
676.0625246033106,449,3.0,14.887301301956178,17873.868981688,33.80312623016553,4.962433767318726,1778080192.73249,440,,,,,,,,,,,,,,
674.8986531824095,450,3.0,14.89477164944013,17873.869669562,33.74493265912047,4.96492388314671,1778080201.6976728,450,0.7531653039157391,0.8102916121482849,3656410.0,0.7620181083679199,1.94600510597229,4.401960784313726e-06,0.022069641981363415,,,,,,,
673.774264147065,451,3.0,14.9030011343956,17893.210384761,33.688713207353246,4.967667044798533,1778080211.5723102,450,,,,,,,,,,,,,,
672.6394616227146,452,3.0,14.910889487663905,17902.788133317,33.631973081135726,4.970296495887968,1778080221.0383441,450,,,,,,,,,,,,,,
671.513862978491,453,3.0,14.918871011734009,17911.89093577,33.57569314892456,4.972957003911336,1778080230.6161475,450,,,,,,,,,,,,,,
670.3754434859482,454,3.0,14.926456662217777,17921.275774335,33.51877217429741,4.975485554072592,1778080239.7189472,450,,,,,,,,,,,,,,
669.2525585755279,455,3.0,14.934277300238609,17930.703172411,33.4626279287764,4.978092433412869,1778080249.1036823,450,,,,,,,,,,,,,,
668.1361853000103,456,3.0,14.942133423089981,17940.273538593,33.40680926500051,4.980711141029993,1778080258.5310304,450,,,,,,,,,,,,,,
667.0300140066663,457,3.0,14.95010870039463,17949.553393254,33.35150070033332,4.98336956679821,1778080268.1013744,450,,,,,,,,,,,,,,
665.9178965155909,458,3.0,14.957841912905376,17958.871336354,33.29589482577954,4.985947304301792,1778080277.381223,450,,,,,,,,,,,,,,
664.8120356426,459,3.0,14.965606883764266,17967.869064656,33.24060178213,4.988535627921422,1778080286.6991887,450,,,,,,,,,,,,,,
663.6991542857712,460,3.0,14.97310500105222,17967.870052356,33.18495771428856,4.99103500035074,1778080295.6979535,460,0.7610223062336445,0.8135083675384521,3737586.0,0.7485087394714356,2.6565194129943848,4.5e-06,0.022560078469838155,,,,,,,
662.6173017201911,461,3.0,14.981195492545762,17986.824915891,33.13086508600956,4.993731830848588,1778080305.4055336,460,,,,,,,,,,,,,,
661.5231635384187,462,3.0,14.988901498516402,17996.098012186,33.07615817692093,4.996300499505467,1778080314.652732,460,,,,,,,,,,,,,,
660.4347040295472,463,3.0,14.996629130244255,18005.279639728,33.02173520147736,4.998876376748085,1778080323.9259207,460,,,,,,,,,,,,,,
659.347581280344,464,3.0,15.004280417561532,18014.782172074,32.9673790640172,5.001426805853844,1778080333.1074333,460,,,,,,,,,,,,,,
658.2768560214453,465,3.0,15.012199021577835,18024.61047369,32.91384280107226,5.004066340525945,1778080342.6097777,460,,,,,,,,,,,,,,
657.2226219773378,466,3.0,15.020389496882757,18034.135405147,32.86113109886689,5.006796498960919,1778080352.4383736,460,,,,,,,,,,,,,,
656.1618559892054,467,3.0,15.028326961596807,18043.823984602,32.80809279946027,5.009442320532269,1778080361.9633346,460,,,,,,,,,,,,,,
655.1115641870815,468,3.0,15.03640078663826,18054.021864384,32.75557820935408,5.012133595546087,1778080371.651921,460,,,,,,,,,,,,,,
654.0842042721622,469,3.0,15.044899058540661,18063.839361623,32.70421021360811,5.014966352846887,1778080381.8498387,460,,,,,,,,,,,,,,
653.047458243294,470,3.0,15.053080204725266,18063.840016339,32.6523729121647,5.017693401575088,1778080391.6679103,470,0.775441263616085,0.8101076066493988,3818677.0,0.7708627223968506,2.4533560276031494,4.598039215686275e-06,0.0230505149583129,,,,,,,
651.9895763704774,471,3.0,15.060671430627506,18082.471311032,32.59947881852387,5.020223810209169,1778080400.7766569,470,,,,,,,,,,,,,,
650.9510400738841,472,3.0,15.068606714804968,18091.993371341,32.5475520036942,5.022868904934989,1778080410.2989988,470,,,,,,,,,,,,,,
649.9168864522583,473,3.0,15.07654179950555,18101.478615292,32.49584432261291,5.025513933168517,1778080419.8210998,470,,,,,,,,,,,,,,
648.8857788678756,474,3.0,15.084446257154145,18111.166263377,32.44428894339378,5.028148752384715,1778080429.3064485,470,,,,,,,,,,,,,,
647.8662424680809,475,3.0,15.092519135475158,18120.448169433,32.39331212340405,5.0308397118250525,1778080438.993903,470,,,,,,,,,,,,,,
646.8365227252621,476,3.0,15.100254282355309,18129.925372151,32.3418261362631,5.033418094118436,1778080448.2760894,470,,,,,,,,,,,,,,
645.8180609923738,477,3.0,15.108151794672011,18139.18365157,32.29090304961869,5.036050598224004,1778080457.7530978,470,,,,,,,,,,,,,,
644.7960833701918,478,3.0,15.115866986314455,18148.625382733,32.239804168509586,5.038622328771485,1778080467.0113246,470,,,,,,,,,,,,,,
643.7848871018833,479,3.0,15.123735209504762,18158.516518431,32.18924435509417,5.041245069834921,1778080476.4531863,470,,,,,,,,,,,,,,
642.7938084619119,480,3.0,15.131977835297583,18158.517046037,32.139690423095594,5.043992611765861,1778080486.3449938,480,0.7649659790098667,0.8084298253059388,3900023.0,0.7653151512145996,1.834356665611267,4.69607843137255e-06,0.023540951446787643,,,,,,,
641.7683893373668,481,3.0,15.139313157002132,18176.551177083,32.08841946686834,5.046437719000711,1778080495.1467211,480,,,,,,,,,,,,,,
640.7623807074494,482,3.0,15.1470067435503,18186.598220536,32.03811903537247,5.0490022478501,1778080504.3790271,480,,,,,,,,,,,,,,
639.789203533705,483,3.0,15.155379367669422,18195.741455704,31.989460176685245,5.051793122556474,1778080514.4262078,480,,,,,,,,,,,,,,
638.7883126816104,484,3.0,15.162998692393302,18205.366124969,31.939415634080518,5.054332897464434,1778080523.5693717,480,,,,,,,,,,,,,,
637.8084142817706,485,3.0,15.171019172469776,18214.579039396,31.890420714088535,5.0570063908232585,1778080533.1939518,480,,,,,,,,,,,,,,
636.8181593088252,486,3.0,15.178696685830753,18224.684699333,31.84090796544126,5.059565561943584,1778080542.4069922,480,,,,,,,,,,,,,,
635.8631129687083,487,3.0,15.1871179997921,18234.383366827,31.793155648435416,5.0623726665973665,1778080552.5125575,480,,,,,,,,,,,,,,
634.8978106424456,488,3.0,15.195200176239013,18244.095191396,31.74489053212228,5.065066725413004,1778080562.2111483,480,,,,,,,,,,,,,,
633.9369204319166,489,3.0,15.203293481667838,18253.035860686,31.69684602159583,5.067764493889279,1778080571.9231484,480,,,,,,,,,,,,,,
632.9532039153211,490,3.0,15.210743988156317,18253.036271267,31.647660195766054,5.070247996052106,1778080580.8642428,490,0.6275781098753214,0.8441173821687699,3981331.0,0.6232921123504639,1.4385734796524048,4.7941176470588245e-06,0.024031387935262383,,,,,,,
631.9995223170669,491,3.0,15.21882125834624,18272.163944923,31.599976115853345,5.072940419448747,1778080590.5564508,490,,,,,,,,,,,,,,
631.0408309594685,492,3.0,15.22668410162131,18282.336934195,31.552041547973424,5.075561367207103,1778080599.9918559,490,,,,,,,,,,,,,,
630.1114526009342,493,3.0,15.235161654353142,18292.071448924,31.505572630046707,5.078387218117714,1778080610.1649354,490,,,,,,,,,,,,,,
629.1707492240326,494,3.0,15.243273669282594,18301.543586308,31.45853746120163,5.081091223094198,1778080619.8993423,490,,,,,,,,,,,,,,
628.2248433987942,495,3.0,15.251167115370432,18311.509245108,31.411242169939708,5.083722371790144,1778080629.3714714,490,,,,,,,,,,,,,,
627.2996610081445,496,3.0,15.259471891125045,18321.389013295,31.364983050407226,5.086490630375015,1778080639.3372245,490,,,,,,,,,,,,,,
626.3752623508993,497,3.0,15.267705021500586,18331.043797922,31.318763117544968,5.089235007166862,1778080649.216948,490,,,,,,,,,,,,,,
625.4469019493146,498,3.0,15.275750719507535,18340.37791339,31.272345097465728,5.091916906502512,1778080658.8717856,490,,,,,,,,,,,,,,
624.5113415371202,499,3.0,15.28352915287018,18350.302886476,31.22556707685601,5.094509717623393,1778080668.2059321,490,,,,,,,,,,,,,,
623.5996006728888,500,3.0,15.291799918413162,18350.303318654,31.179980033644437,5.097266639471054,1778080678.1312597,500,0.730545575171709,0.8198091968894005,4062647.0,0.717258882522583,11.539774894714355,4.892156862745098e-06,0.024521824423737126,,,,,,,
,501,,,21740.14382181,,,1778084067.9714549,500,,,,,,,0.024521824423737126,0.6671234369277954,0.6781373092592162,4062647.0,0.22,0.879,0.8277734617258878,3389.838
736.5026435286044,502,3.0,18.132630066275595,21769.314984093,36.825132176430216,6.044210022091866,1778084087.1270068,500,,,,,,,,,,,,,,
735.376766898772,503,3.0,18.140976642966272,21778.710032456,36.768838344938594,6.04699221432209,1778084097.142898,500,,,,,,,,,,,,,,
734.2343993726586,504,3.0,18.148805163502693,21788.144036312,36.71171996863293,6.049601721167565,1778084106.5371265,500,,,,,,,,,,,,,,
733.0979196362684,505,3.0,18.1566674554348,21797.944250086,36.654895981813425,6.052222485144933,1778084115.9718812,500,,,,,,,,,,,,,,
731.9782041134846,506,3.0,18.164834295312563,21807.110843666,36.59891020567423,6.054944765104188,1778084125.772089,500,,,,,,,,,,,,,,
730.8416719932371,507,3.0,18.172473158439,21816.630213384,36.54208359966186,6.057491052813,1778084134.9387288,500,,,,,,,,,,,,,,
729.7214098452231,508,3.0,18.180405895113946,21826.550069073,36.486070492261156,6.060135298371315,1778084144.4580119,500,,,,,,,,,,,,,,
728.6189228312322,509,3.0,18.188672472834586,21836.515722285,36.43094614156161,6.062890824278195,1778084154.3778985,500,,,,,,,,,,,,,,
727.522284021541,510,3.0,18.196977187395095,21836.51663857,36.37611420107706,6.0656590624650315,1778084164.3445723,510,0.7527722954750061,0.8083862140774727,4144062.0,0.751441240310669,3.2096290588378906,4.990196078431373e-06,0.02501226091221187,,,,,,,
726.4204694712,511,3.0,18.205044624805453,21855.603843135,36.321023473560004,6.068348208268484,1778084174.0244908,510,,,,,,,,,,,,,,
725.3138801376451,512,3.0,18.212884091734885,21865.25785118,36.265694006882256,6.070961363911628,1778084183.4318385,510,,,,,,,,,,,,,,
724.2197730557535,513,3.0,18.220929062167805,21874.690839189,36.21098865278768,6.073643020722601,1778084193.0858002,510,,,,,,,,,,,,,,
723.1226137414594,514,3.0,18.22878977259,21884.097241275,36.15613068707297,6.076263257530001,1778084202.5186522,510,,,,,,,,,,,,,,
722.0288461352012,515,3.0,18.23662853161494,21893.974487294,36.101442306760056,6.07887617720498,1778084211.9251673,510,,,,,,,,,,,,,,
720.9548199053689,516,3.0,18.244859591523806,21903.362392661,36.04774099526845,6.081619863841269,1778084221.8024616,510,,,,,,,,,,,,,,
719.8688652750795,517,3.0,18.252682851751647,21912.374720055,35.99344326375398,6.084227617250549,1778084231.1903489,510,,,,,,,,,,,,,,
718.7747806735441,518,3.0,18.260193054874737,21922.086692375,35.93873903367721,6.086731018291579,1778084240.202592,510,,,,,,,,,,,,,,
717.7078231822052,519,3.0,18.268286426266037,21931.53925335,35.885391159110256,6.089428808755345,1778084249.914637,510,,,,,,,,,,,,,,
716.6364869248104,520,3.0,18.276163472334545,21931.54015424,35.831824346240516,6.092054490778182,1778084259.3680933,520,0.5904094211757183,0.8527242034673691,4225537.0,0.5845963001251221,1.4867967367172241,5.088235294117647e-06,0.02550269740068661,,,,,,,
715.5783340248631,521,3.0,18.284272291660308,21950.700649189,35.778916701243155,6.094757430553436,1778084269.0976782,520,,,,,,,,,,,,,,
714.5144804181573,522,3.0,18.29213137706121,21960.712417302,35.72572402090787,6.0973771256870695,1778084278.5285816,520,,,,,,,,,,,,,,
713.4735683349039,523,3.0,18.30047455807527,21970.367806912,35.6736784167452,6.10015818602509,1778084288.5403967,520,,,,,,,,,,,,,,
712.4250694951445,524,3.0,18.30852066775163,21980.096203202,35.621253474757225,6.102840222583877,1778084298.195726,520,,,,,,,,,,,,,,
711.3829286817254,525,3.0,18.31662763893604,21989.962863598,35.56914643408627,6.105542546312014,1778084307.9240994,520,,,,,,,,,,,,,,
710.349217852006,526,3.0,18.324849857290587,21999.16856795,35.5174608926003,6.1082832857635285,1778084317.7907605,520,,,,,,,,,,,,,,
709.2981130979243,527,3.0,18.332521118323008,22008.973522906,35.46490565489622,6.110840372774336,1778084326.996271,520,,,,,,,,,,,,,,
708.2702846459217,528,3.0,18.340692020257315,22018.447042397,35.41351423229609,6.113564006752438,1778084336.8013513,520,,,,,,,,,,,,,,
707.2356935665077,529,3.0,18.34858665506045,22027.824051095,35.361784678325385,6.1161955516868165,1778084346.274912,520,,,,,,,,,,,,,,
706.2019079340029,530,3.0,18.35640074570974,22027.824961652,35.31009539670014,6.1188002485699124,1778084355.6528847,530,0.6466333616524935,0.8365560531616211,4306913.0,0.6326544761657715,11.409893035888672,5.186274509803923e-06,0.025993133889161354,,,,,,,
705.1890397694713,531,3.0,18.364658171534536,22047.1954555,35.259451988473565,6.121552723844846,1778084365.5607395,530,,,,,,,,,,,,,,
704.1657266932957,532,3.0,18.37254372735818,22056.66369824,35.208286334664784,6.124181242452727,1778084375.0233977,530,,,,,,,,,,,,,,
703.146429501745,533,3.0,18.38043388545513,22066.291014782,35.15732147508725,6.12681129515171,1778084384.4915884,530,,,,,,,,,,,,,,
702.1360152705369,534,3.0,18.38845670203368,22075.891934666,35.10680076352684,6.12948556734456,1778084394.1189685,530,,,,,,,,,,,,,,
701.1285331021218,535,3.0,18.396457342306775,22085.508351382,35.05642665510609,6.132152447435591,1778084403.7197473,530,,,,,,,,,,,,,,
700.1253102454307,536,3.0,18.404471127589545,22095.032929962,35.00626551227154,6.134823709196515,1778084413.3362794,530,,,,,,,,,,,,,,
699.1229028774262,537,3.0,18.41240798652172,22104.683569053,34.95614514387131,6.137469328840574,1778084422.8605235,530,,,,,,,,,,,,,,
698.1282249960278,538,3.0,18.42045046826204,22114.587585036,34.906411249801394,6.140150156087346,1778084432.5114913,530,,,,,,,,,,,,,,
697.1452151032347,539,3.0,18.428703822493553,22124.428355911,34.85726075516173,6.142901274164518,1778084442.4155202,530,,,,,,,,,,,,,,
696.1638551204809,540,3.0,18.436904451449713,22124.429627648,34.80819275602404,6.1456348171499044,1778084452.257551,540,0.7114748224616051,0.8225449725985527,4388181.0,0.6985899925231933,2.0835907459259033,5.284313725490197e-06,0.026483570377636097,,,,,,,
695.1569207657103,541,3.0,18.444330266515415,22143.493374123,34.757846038285514,6.148110088838472,1778084461.1672401,540,,,,,,,,,,,,,,
694.1926741287754,542,3.0,18.452792024413746,22153.145841798,34.70963370643877,6.150930674804582,1778084471.321357,540,,,,,,,,,,,,,,
693.2162817554579,543,3.0,18.46083575248718,22162.344440784,34.66081408777289,6.153611917495727,1778084480.973855,540,,,,,,,,,,,,,,
692.2293001158491,544,3.0,18.468501189947126,22172.485323381,34.61146500579246,6.156167063315709,1778084490.1723578,540,,,,,,,,,,,,,,
691.2753217942308,545,3.0,18.476951955755553,22181.901555145,34.563766089711535,6.158983985251851,1778084500.3132684,540,,,,,,,,,,,,,,
690.302284803408,546,3.0,18.484798798561098,22191.227091124,34.515114240170405,6.161599599520366,1778084509.7294884,540,,,,,,,,,,,,,,
689.3299853934158,547,3.0,18.492569985787075,22200.336387895,34.466499269670784,6.164189995262358,1778084519.0549135,540,,,,,,,,,,,,,,
688.3545355138444,548,3.0,18.500161131024363,22209.800416316,34.41772677569222,6.1667203770081205,1778084528.1642933,540,,,,,,,,,,,,,,
687.3936135614468,549,3.0,18.508047760923702,22219.433007044,34.36968067807234,6.169349253641235,1778084537.6282454,540,,,,,,,,,,,,,,
686.4413979870044,550,3.0,18.51607498248418,22219.434008727,34.322069899350225,6.172024994161394,1778084547.2616417,550,0.5756306966766715,0.8496901914477348,4469302.0,0.5779858112335206,1.9291033744812012,5.382352941176471e-06,0.026974006866110838,,,,,,,
685.4794035007574,551,3.0,18.52374454776446,22238.16333021,34.27397017503787,6.174581515921487,1778084556.464399,550,,,,,,,,,,,,,,
684.5307698920299,552,3.0,18.531681460539502,22247.821781671,34.2265384946015,6.177227153513167,1778084565.9886854,550,,,,,,,,,,,,,,
683.589767544373,553,3.0,18.539732292890548,22257.484487863,34.179488377218654,6.179910764296849,1778084575.6496816,550,,,,,,,,,,,,,,
682.6522158227206,554,3.0,18.547784578998883,22266.723954318,34.13261079113603,6.1825948596662945,1778084585.3124537,550,,,,,,,,,,,,,,
681.7050810675721,555,3.0,18.55548406044642,22276.391294788,34.085254053378605,6.18516135348214,1778084594.5518038,550,,,,,,,,,,,,,,
680.7744315769746,556,3.0,18.563540164629618,22286.031302803,34.03872157884873,6.187846721543206,1778084604.219125,550,,,,,,,,,,,,,,
679.8462917056289,557,3.0,18.571573539972306,22295.009435588,33.99231458528145,6.190524513324101,1778084613.8591754,550,,,,,,,,,,,,,,
678.9013222459754,558,3.0,18.579055312077205,22304.861165412,33.945066112298775,6.193018437359068,1778084622.8373039,550,,,,,,,,,,,,,,
677.9862861332115,559,3.0,18.587265029350917,22312.47315809,33.89931430666058,6.195755009783639,1778084632.6889706,550,,,,,,,,,,,,,,
677.0065650121691,560,3.0,18.59360845545928,22312.473645404,33.85032825060845,6.197869485153093,1778084640.3015683,560,0.5865559114143253,0.8487556859850883,4549038.0,0.5745317935943604,6.683619976043701,5.480392156862746e-06,0.02746444335458558,,,,,,,
676.0770775087483,561,3.0,18.60123788535595,22331.43887991,33.80385387543742,6.200412628451983,1778084649.4563901,560,,,,,,,,,,,,,,
675.170700025873,562,3.0,18.60941311498483,22341.022240208,33.758535001293644,6.203137704994943,1778084659.2666707,560,,,,,,,,,,,,,,
674.2606972651836,563,3.0,18.617399340867994,22350.671495739,33.713034863259175,6.205799780289332,1778084668.8501391,560,,,,,,,,,,,,,,
673.3559075809222,564,3.0,18.625440503954888,22359.796629976,33.66779537904611,6.208480167984963,1778084678.4995363,560,,,,,,,,,,,,,,
672.4385513818896,565,3.0,18.633044704794884,22369.700745457,33.62192756909448,6.211014901598294,1778084687.6245732,560,,,,,,,,,,,,,,
671.5478251517626,566,3.0,18.641298138101895,22379.315208664,33.57739125758813,6.213766046033966,1778084697.5286903,560,,,,,,,,,,,,,,
670.6515571644521,567,3.0,18.649310098687806,22388.307058581,33.5325778582226,6.216436699562602,1778084707.143054,560,,,,,,,,,,,,,,
669.7398264322237,568,3.0,18.65680340429147,22397.785474037,33.48699132161119,6.2189344680971566,1778084716.1350162,560,,,,,,,,,,,,,,
668.8458234471541,569,3.0,18.66470198829969,22407.215104092,33.442291172357706,6.221567329433229,1778084725.6133192,560,,,,,,,,,,,,,,
667.9534172530898,570,3.0,18.672557520071663,22407.215160981,33.39767086265449,6.224185840023888,1778084735.0404236,570,0.5324582990258933,0.8679472178220748,4630613.0,0.5177770137786866,1.3713093996047974,5.57843137254902e-06,0.027954879843060325,,,,,,,
667.0773631511379,571,3.0,18.68078344086806,22426.506131895,33.35386815755689,6.226927813622686,1778084744.9110637,570,,,,,,,,,,,,,,
666.1910589047801,572,3.0,18.688635884920757,22436.439985446,33.309552945239005,6.229545294973585,1778084754.3339937,570,,,,,,,,,,,,,,
665.3229986961946,573,3.0,18.696914087931315,22444.494639358,33.26614993480973,6.232304695977105,1778084764.2678359,570,,,,,,,,,,,,,,
664.4023343883774,574,3.0,18.70362628440062,22454.355942818,33.220116719418876,6.234542094800207,1778084772.3224692,570,,,,,,,,,,,,,,
663.5382609665049,575,3.0,18.711844043930373,22464.019606479,33.17691304832525,6.237281347976791,1778084782.1837852,570,,,,,,,,,,,,,,
662.6713570644251,576,3.0,18.71989709019661,22473.557799554,33.13356785322126,6.239965696732203,1778084791.8474402,570,,,,,,,,,,,,,,
661.8037641571582,577,3.0,18.72784560660521,22482.949391274,33.090188207857906,6.242615202201737,1778084801.3856592,570,,,,,,,,,,,,,,
660.9348649117396,578,3.0,18.73567199210326,22492.342447921,33.04674324558698,6.245223997367753,1778084810.7773175,570,,,,,,,,,,,,,,
660.0690089420573,579,3.0,18.743499567310014,22501.754388984,33.003450447102864,6.247833189103338,1778084820.170406,570,,,,,,,,,,,,,,
659.206690669899,580,3.0,18.751342843969663,22501.755552586,32.96033453349495,6.250447614656554,1778084829.5834928,580,0.5631325513124465,0.8537124857306481,4710182.0,0.5576327323913575,1.5561028718948364,5.676470588235294e-06,0.028445316331535065,,,,,,,
658.347344563326,581,3.0,18.759186228116352,22521.250684865,32.9173672281663,6.253062076038784,1778084838.994398,580,,,,,,,,,,,,,,
657.5105743837828,582,3.0,18.767589715123176,22530.722844521,32.87552871918914,6.255863238374392,1778084849.0785844,580,,,,,,,,,,,,,,
656.658839345302,583,3.0,18.775483243664105,22540.552510957,32.8329419672651,6.258494414554702,1778084858.5508175,580,,,,,,,,,,,,,,
655.8204166336283,584,3.0,18.783674512704213,22549.781180489,32.791020831681415,6.261224837568071,1778084868.3803442,580,,,,,,,,,,,,,,
654.9674034277258,585,3.0,18.791364934047063,22558.951829669,32.74837017138629,6.263788311349021,1778084877.6088717,580,,,,,,,,,,,,,,
654.1156234704763,586,3.0,18.79900712867578,22568.659054996,32.70578117352381,6.266335709558593,1778084886.7794883,580,,,,,,,,,,,,,,
653.2822867843254,587,3.0,18.80709673086802,22578.485155839,32.66411433921627,6.269032243622674,1778084896.4870331,580,,,,,,,,,,,,,,
652.45520721577,588,3.0,18.815285033981006,22588.531123662,32.6227603607885,6.271761677993668,1778084906.3129804,580,,,,,,,,,,,,,,
651.6372845023684,589,3.0,18.823656722505888,22598.224842675,32.58186422511842,6.274552240835296,1778084916.3589923,580,,,,,,,,,,,,,,
650.8119887402097,590,3.0,18.831734838485715,22598.225910534,32.540599437010485,6.277244946161906,1778084926.053844,590,0.5637179348617792,0.8540752679109573,4791478.0,0.5452887535095214,1.8764429092407227,5.774509803921569e-06,0.02893575282000981,,,,,,,
649.982793775828,591,3.0,18.839618985851608,22617.055465067,32.499139688791395,6.279872995283869,1778084935.5137053,590,,,,,,,,,,,,,,
649.1537795511687,592,3.0,18.847427047292392,22626.713814415,32.45768897755843,6.282475682430797,1778084944.883384,590,,,,,,,,,,,,,,
648.3358311572257,593,3.0,18.85547561923663,22636.280611455,32.41679155786129,6.2851585397455425,1778084954.5416677,590,,,,,,,,,,,,,,
647.5180215148713,594,3.0,18.863448002934454,22645.772716619,32.37590107574356,6.287816000978152,1778084964.1085367,590,,,,,,,,,,,,,,
646.700823464053,595,3.0,18.871358016729353,22654.956299436,32.33504117320265,6.290452672243118,1778084973.6005528,590,,,,,,,,,,,,,,
645.8775764938937,596,3.0,18.879011063774428,22664.647753014,32.29387882469469,6.293003687924809,1778084982.7842026,590,,,,,,,,,,,,,,
645.0715391908491,597,3.0,18.88708724359671,22674.201641654,32.25357695954246,6.295695747865571,1778084992.4756184,590,,,,,,,,,,,,,,
644.2642921595769,598,3.0,18.895048882365227,22683.82554607,32.21321460797885,6.298349627455075,1778085002.0295885,590,,,,,,,,,,,,,,
643.4617253010249,599,3.0,18.903068830569588,22693.311836394,32.173086265051246,6.301022943523195,1778085011.6535313,590,,,,,,,,,,,,,,
642.6579288630917,600,3.0,18.910973875323933,22693.312827366,32.132896443154586,6.303657958441311,1778085021.1408143,600,0.5379971455782652,0.85748650431633,4872839.0,0.549951696395874,2.2121222019195557,5.872549019607844e-06,0.029426189308484552,,,,,,,
,601,,,26083.216595183,,,1778088411.0444243,600,,,,,,,0.029426189308484552,0.5477029085159302,0.5374465536551187,4872839.0,0.22,0.878,0.8550609663828908,3389.9013
736.9266668669376,602,3.0,21.75722675104936,26118.976065159,36.84633334334688,7.252408917016453,1778088436.6430671,600,,,,,,,,,,,,,,
735.9908860905714,603,3.0,21.765694179137547,26128.881279189,36.799544304528574,7.255231393045849,1778088446.8039496,600,,,,,,,,,,,,,,
735.0510086111576,604,3.0,21.77394846498966,26138.537031897,36.75255043055788,7.25798282166322,1778088456.7090924,600,,,,,,,,,,,,,,
734.1072388315857,605,3.0,21.78199507077535,26148.144140393,36.705361941579284,7.260665023591783,1778088466.3650396,600,,,,,,,,,,,,,,
733.1652130648149,606,3.0,21.790000937581063,26157.764138391,36.658260653240745,7.263333645860354,1778088475.972096,600,,,,,,,,,,,,,,
732.2266510551509,607,3.0,21.798017517924308,26167.192430085,36.611332552757545,7.266005839308103,1778088485.5919492,600,,,,,,,,,,,,,,
731.2858225536777,608,3.0,21.805874453783034,26176.63433229,36.56429112768389,7.2686248179276784,1778088495.0202737,600,,,,,,,,,,,,,,
730.348463276686,609,3.0,21.813742723663648,26186.01286098,36.517423163834295,7.2712475745545495,1778088504.4622014,600,,,,,,,,,,,,,,
729.4124120592127,610,3.0,21.821558183232945,26186.013336567,36.470620602960636,7.273852727744314,1778088513.8412626,610,0.4892338141798973,0.8711632058024407,4954402.0,0.48740363121032715,6.56867790222168,5.970588235294118e-06,0.029916625796959292,,,,,,,
728.495923164895,611,3.0,21.82986802617709,26205.392251727,36.424796158244746,7.276622675392363,1778088523.8126051,610,,,,,,,,,,,,,,
727.5667634509033,612,3.0,21.837707662185032,26214.982273049,36.37833817254516,7.279235887395011,1778088533.2201242,610,,,,,,,,,,,,,,
726.6456921591715,613,3.0,21.845699327786765,26224.501704002,36.33228460795857,7.281899775928921,1778088542.8101249,610,,,,,,,,,,,,,,
725.7256693263978,614,3.0,21.85363222002983,26233.937489803,36.28628346631989,7.284544073343277,1778088552.329594,610,,,,,,,,,,,,,,
724.8063244328977,615,3.0,21.86149531761805,26244.095273068,36.24031622164488,7.287165105872684,1778088561.7653136,610,,,,,,,,,,,,,,
723.9098834453852,616,3.0,21.869960186481475,26253.94521345,36.19549417226926,7.2899867288271585,1778088571.923151,610,,,,,,,,,,,,,,
723.0078683048148,617,3.0,21.878168452382088,26263.198499519,36.150393415240735,7.292722817460696,1778088581.7730703,610,,,,,,,,,,,,,,
722.0923691611298,618,3.0,21.885879555741944,26272.477046926,36.104618458056486,7.295293185247315,1778088591.026392,610,,,,,,,,,,,,,,
721.1805201131359,619,3.0,21.89361166993777,26282.250286735,36.05902600565679,7.297870556645923,1778088600.3049333,610,,,,,,,,,,,,,,
720.28517125048,620,3.0,21.901756065487863,26282.251045782,36.014258562524,7.300585355162621,1778088610.0789793,620,0.5260213209316135,0.864481283724308,5035540.0,0.5280143260955811,2.6670782566070557,6.068627450980392e-06,0.030407062285434036,,,,,,,
719.3758140100597,621,3.0,21.90938599805037,26300.816756523,35.968790700502986,7.30312866601679,1778088619.2341309,620,,,,,,,,,,,,,,
718.4763341787065,622,3.0,21.91722804605961,26310.424663375,35.92381670893532,7.305742682019869,1778088628.6445835,620,,,,,,,,,,,,,,
717.5851277397782,623,3.0,21.92523465335369,26319.590186131,35.87925638698891,7.308411551117897,1778088638.2525256,620,,,,,,,,,,,,,,
716.684729888271,624,3.0,21.932872557640074,26329.25962555,35.834236494413545,7.310957519213359,1778088647.418002,620,,,,,,,,,,,,,,
715.8009153042253,625,3.0,21.940930459300677,26338.899091049,35.79004576521127,7.313643486433559,1778088657.0874822,620,,,,,,,,,,,,,,
714.9191086241643,626,3.0,21.948963315288225,26348.500965373,35.745955431208216,7.316321105096075,1778088666.7269185,620,,,,,,,,,,,,,,
714.0390928515153,627,3.0,21.956964748303093,26357.939401402,35.701954642575764,7.318988249434365,1778088676.3286328,620,,,,,,,,,,,,,,
713.1574667200952,628,3.0,21.964830264846483,26367.275445811,35.657873336004755,7.321610088282161,1778088685.7672477,620,,,,,,,,,,,,,,
712.275856429904,629,3.0,21.9726097937425,26377.345333981,35.6137928214952,7.324203264580833,1778088695.1026826,620,,,,,,,,,,,,,,
711.4168722790133,630,3.0,21.98100193897883,26377.345673875,35.570843613950665,7.327000646326277,1778088705.173696,630,0.5203557232394814,0.8673764199018479,5117018.0,0.5126646518707275,1.8967982530593872,6.166666666666667e-06,0.03089749877390878,,,,,,,
710.535834991828,631,3.0,21.98862736046314,26394.288935829,35.5267917495914,7.329542453487714,1778088714.3237631,630,,,,,,,,,,,,,,
709.6210900413054,632,3.0,21.99512157460054,26403.974863479,35.48105450206527,7.331707191533512,1778088722.1168215,630,,,,,,,,,,,,,,
708.7600475419565,633,3.0,22.003193236589432,26413.868787936,35.438002377097824,7.33439774552981,1778088731.8028579,630,,,,,,,,,,,,,,
707.9072926281159,634,3.0,22.01143813272317,26424.036480468,35.39536463140579,7.337146044241058,1778088741.6966944,630,,,,,,,,,,,,,,
707.0645514045739,635,3.0,22.019911237955093,26433.445586018,35.3532275702287,7.339970412651698,1778088751.8644183,630,,,,,,,,,,,,,,
706.2041900980461,636,3.0,22.02775207956632,26442.654414994,35.3102095049023,7.342584026522107,1778088761.2734234,630,,,,,,,,,,,,,,
705.3411917505621,637,3.0,22.035426147381465,26452.580027534,35.26705958752811,7.345142049127155,1778088770.4823067,630,,,,,,,,,,,,,,
704.4999880787907,638,3.0,22.043697518110275,26462.040014963,35.224999403939535,7.347899172703425,1778088780.4079523,630,,,,,,,,,,,,,,
703.6490351364678,639,3.0,22.05158084611098,26471.473190563,35.18245175682338,7.35052694870366,1778088789.8679435,630,,,,,,,,,,,,,,
702.800027416929,640,3.0,22.05944176296393,26471.473654344,35.14000137084645,7.3531472543213106,1778088799.3015723,640,0.4770347781479359,0.8704299226403236,5196696.0,0.4646263122558594,2.419826030731201,6.264705882352942e-06,0.03138793526238352,,,,,,,
701.9600525410146,641,3.0,22.06750336825848,26490.880495924,35.09800262705073,7.355834456086159,1778088808.9749744,640,,,,,,,,,,,,,,
701.1242669477518,642,3.0,22.075614486535393,26500.15517373,35.0562133473876,7.358538162178464,1778088818.708316,640,,,,,,,,,,,,,,
700.2789600773017,643,3.0,22.083343370755514,26509.738081115,35.01394800386509,7.3611144569185045,1778088827.9829767,640,,,,,,,,,,,,,,
699.4444145539934,644,3.0,22.09132922867934,26519.153003138,34.97222072769967,7.3637764095597795,1778088837.5660048,640,,,,,,,,,,,,,,
698.6080246828508,645,3.0,22.099174885749818,26528.305629804,34.93040123414254,7.366391628583273,1778088846.980795,640,,,,,,,,,,,,,,
697.7673297215819,646,3.0,22.10680210888386,26538.009413295,34.88836648607909,7.368934036294619,1778088856.133467,640,,,,,,,,,,,,,,
696.9437082611366,647,3.0,22.114888633886974,26547.785757812,34.847185413056835,7.371629544628991,1778088865.8372884,640,,,,,,,,,,,,,,
696.1245294719291,648,3.0,22.123035561442375,26557.052518019,34.80622647359645,7.374345187147458,1778088875.6136053,640,,,,,,,,,,,,,,
695.2945353604398,649,3.0,22.13075789352258,26566.727498573,34.76472676802199,7.37691929784086,1778088884.880399,640,,,,,,,,,,,,,,
694.4777618991443,650,3.0,22.138820266524952,26566.728511382,34.72388809495721,7.379606755508317,1778088894.5564532,650,0.45383612960577013,0.8776055470108985,5278181.0,0.45433807373046875,1.806106686592102,6.362745098039216e-06,0.03187837175085827,,,,,,,
693.6632034938243,651,3.0,22.14687324543794,26585.830136453,34.68316017469121,7.382291081812647,1778088904.21883,650,,,,,,,,,,,,,,
692.8452979858058,652,3.0,22.154739298025767,26596.014181658,34.64226489929029,7.384913099341922,1778088913.658087,650,,,,,,,,,,,,,,
692.0492757672159,653,3.0,22.163225947817168,26605.865640015,34.602463788360794,7.387741982605722,1778088923.8420718,650,,,,,,,,,,,,,,
691.2470494169677,654,3.0,22.17143552323182,26615.734639988,34.56235247084838,7.390478507743941,1778088933.6935651,650,,,,,,,,,,,,,,
690.4477264382366,655,3.0,22.179659677147864,26625.3635697,34.52238632191183,7.393219892382621,1778088943.5625453,650,,,,,,,,,,,,,,
689.6446242093403,656,3.0,22.187683839201927,26635.053023222,34.48223121046702,7.395894613067309,1778088953.191582,650,,,,,,,,,,,,,,
688.8455293558261,657,3.0,22.195758351484933,26644.714672036,34.44227646779131,7.398586117161645,1778088962.880983,650,,,,,,,,,,,,,,
688.0481445329167,658,3.0,22.203809666633603,26654.711600116,34.402407226645835,7.401269888877868,1778088972.5425453,650,,,,,,,,,,,,,,
687.2618285228009,659,3.0,22.21214050988356,26664.337825566,34.363091426140045,7.404046836627854,1778088982.5395842,650,,,,,,,,,,,,,,
686.4683480172566,660,3.0,22.220162319342293,26664.338879986,34.32341740086283,7.406720773114098,1778088992.1667593,660,0.44453945122659205,0.8813947856426239,5359554.0,0.44031467437744143,2.6862804889678955,6.460784313725491e-06,0.032368808239333004,,,,,,,
685.6848065186917,661,3.0,22.228428499698637,26683.77345723,34.28424032593459,7.409476166566213,1778089002.085125,660,,,,,,,,,,,,,,
684.8932825410984,662,3.0,22.236358658274014,26693.748839508,34.244664127054925,7.412119552758005,1778089011.6013217,660,,,,,,,,,,,,,,
684.1159180360831,663,3.0,22.24467158695062,26703.375259525,34.20579590180416,7.41489052898354,1778089021.5768611,660,,,,,,,,,,,,,,
683.3319615248935,664,3.0,22.252693597475687,26713.026809194,34.16659807624467,7.4175645324918955,1778089031.2032444,660,,,,,,,,,,,,,,
682.5510027220106,665,3.0,22.26073647916317,26722.541073873,34.12755013610053,7.42024549305439,1778089040.854703,660,,,,,,,,,,,,,,
681.7688877426439,666,3.0,22.26866499443849,26731.561615727,34.08844438713219,7.422888331479497,1778089050.3689218,660,,,,,,,,,,,,,,
680.9765453022577,667,3.0,22.27618223230044,26741.351875424,34.048827265112884,7.42539407743348,1778089059.3896074,660,,,,,,,,,,,,,,
680.2061497634191,668,3.0,22.28434075733026,26751.063820331,34.01030748817095,7.428113585776753,1778089069.1798754,660,,,,,,,,,,,,,,
679.4360675798017,669,3.0,22.292433997591335,26760.517022798,33.97180337899009,7.430811332530445,1778089078.8917272,660,,,,,,,,,,,,,,
678.661723067381,670,3.0,22.30031164566676,26760.51749788,33.93308615336905,7.433437215222253,1778089088.345467,670,0.46164746433496473,0.8776719987392425,5440842.0,0.4628589630126953,7.8514556884765625,6.5588235294117655e-06,0.03285924472780775,,,,,,,
677.8835249337609,671,3.0,22.307986524303754,26779.209513564,33.89417624668805,7.435995508101251,1778089097.554757,670,,,,,,,,,,,,,,
677.1145366095775,672,3.0,22.315888602336248,26789.389554935,33.85572683047887,7.438629534112082,1778089107.037256,670,,,,,,,,,,,,,,
676.3510531767398,673,3.0,22.323896948893864,26799.05817176,33.81755265883699,7.4412989829646214,1778089116.6472788,670,,,,,,,,,,,,,,
675.605685399828,674,3.0,22.332429228027664,26808.47168599,33.7802842699914,7.444143076009221,1778089126.8860054,670,,,,,,,,,,,,,,
674.8417540970055,675,3.0,22.340273860494296,26818.465570389,33.74208770485027,7.446757953498099,1778089136.299573,670,,,,,,,,,,,,,,
674.0946689521156,676,3.0,22.348602070212365,26827.675075295,33.70473344760578,7.449534023404121,1778089146.2934132,670,,,,,,,,,,,,,,
673.3301080511363,677,3.0,22.356276760697366,26836.886298218,33.666505402556815,7.452092253565788,1778089155.5030699,670,,,,,,,,,,,,,,
672.5678415334594,678,3.0,22.363952749371528,26846.297441866,33.628392076672974,7.454650916457176,1778089164.71423,670,,,,,,,,,,,,,,
671.8128214594103,679,3.0,22.371795280575753,26855.651406018,33.59064107297052,7.457265093525251,1778089174.1252663,670,,,,,,,,,,,,,,
671.0585966369334,680,3.0,22.37959027528763,26855.652387784,33.55292983184667,7.459863425095876,1778089183.4802644,680,0.4430253131315112,0.8814241468906403,5522441.0,0.4439444065093994,2.2954249382019043,6.656862745098039e-06,0.03334968121628249,,,,,,,
670.3021234432099,681,3.0,22.38723619739215,26874.474336554,33.51510617216049,7.462412065797382,1778089192.6543624,680,,,,,,,,,,,,,,
669.559646501674,682,3.0,22.395276062488556,26884.139817281,33.4779823250837,7.465092020829519,1778089202.302245,680,,,,,,,,,,,,,,
668.819784585248,683,3.0,22.403330695033073,26893.554945065,33.4409892292624,7.467776898344358,1778089211.9678001,680,,,,,,,,,,,,,,
668.0758623719564,684,3.0,22.411176550388337,26902.559235237,33.403793118597825,7.470392183462779,1778089221.3827848,680,,,,,,,,,,,,,,
667.3239226822377,685,3.0,22.418680090109508,26912.451636281,33.36619613411189,7.472893363369836,1778089230.3870385,680,,,,,,,,,,,,,,
666.5961754773112,686,3.0,22.426923804680506,26921.82392351,33.32980877386556,7.475641268226836,1778089240.279493,680,,,,,,,,,,,,,,
665.8576843372512,687,3.0,22.43473414123058,26931.687134321,33.292884216862554,7.4782447137435275,1778089249.6519344,680,,,,,,,,,,,,,,
665.1334587613627,688,3.0,22.442953390280408,26941.137041997,33.256672938068135,7.480984463426802,1778089259.5149994,680,,,,,,,,,,,,,,
664.4011490227869,689,3.0,22.450828429460525,26950.72189122,33.22005745113934,7.4836094764868415,1778089268.9650502,680,,,,,,,,,,,,,,
663.6742773416423,690,3.0,22.45881566286087,26950.72293377,33.18371386708211,7.4862718876202905,1778089278.550471,690,0.33109483812004326,0.9104393273591995,5603922.0,0.329013991355896,2.419788122177124,6.754901960784315e-06,0.033840117704757235,,,,,,,
662.94987078096,691,3.0,22.466815140247345,26969.49484961,33.147493539048,7.488938380082448,1778089288.1491005,690,,,,,,,,,,,,,,
662.2171032867392,692,3.0,22.474459807475405,26978.47914322,33.11085516433696,7.491486602491802,1778089297.3227015,690,,,,,,,,,,,,,,
661.4818093999784,693,3.0,22.48194673438867,26988.30227169,33.07409046999892,7.493982244796223,1778089306.307009,690,,,,,,,,,,,,,,
660.7691730452746,694,3.0,22.490132716695467,26997.682487734,33.03845865226373,7.4967109055651555,1778089316.1301916,690,,,,,,,,,,,,,,
660.0477595500437,695,3.0,22.497949626644452,27007.523927485,33.00238797750219,7.499316542214817,1778089325.5104933,690,,,,,,,,,,,,,,
659.3396669487016,696,3.0,22.50615047554175,27017.001960693,32.96698334743508,7.502050158513917,1778089335.351546,690,,,,,,,,,,,,,,
658.6247672294869,697,3.0,22.51404917895794,27026.926947066,32.93123836147434,7.504683059652646,1778089344.829944,690,,,,,,,,,,,,,,
657.9227840505903,698,3.0,22.52231992483139,27036.855054562,32.89613920252951,7.507439974943797,1778089354.7548404,690,,,,,,,,,,,,,,
657.222886587349,699,3.0,22.530593316555024,27046.059910906,32.86114432936745,7.510197772185008,1778089364.682935,690,,,,,,,,,,,,,,
656.5074232745966,700,3.0,22.538263672987622,27046.059970031,32.825371163729834,7.51275455766254,1778089373.8877604,700,0.4098370270803571,0.891038790345192,5685427.0,0.39696803092956545,1.846508264541626,6.852941176470589e-06,0.03433055419323198,,,,,,,
,701,,,30435.662970833,,,1778092763.4908338,700,,,,,,,0.03433055419323198,0.4595223367214203,0.47144743979177217,5685427.0,0.22,0.879,0.8737205117340856,3389.6009
737.1543560953448,702,3.0,25.37922304948171,30464.762704951,36.85771780476724,8.459741016493902,1778092783.038625,700,,,,,,,,,,,,,,
736.3366467299224,703,3.0,25.38718306283156,30474.985662511,36.81683233649613,8.462394354277187,1778092792.5906038,700,,,,,,,,,,,,,,
735.5374537434318,704,3.0,25.395702179272973,30484.394734186,36.77687268717159,8.465234059757657,1778092802.8135562,700,,,,,,,,,,,,,,
734.7209140650319,705,3.0,25.403543129762014,30493.912379782,36.7360457032516,8.46784770992067,1778092812.2227187,700,,,,,,,,,,,,,,
733.9092982188979,706,3.0,25.411474474867184,30503.190022023,36.69546491094489,8.470491491622395,1778092821.7403338,700,,,,,,,,,,,,,,
733.0942129059284,707,3.0,25.419205910960834,30512.389504663,36.65471064529642,8.473068636986945,1778092831.0180287,700,,,,,,,,,,,,,,
732.2795483787434,708,3.0,25.426872008442878,30521.876576931,36.61397741893717,8.475624002814293,1778092840.2173383,700,,,,,,,,,,,,,,
731.4740813449116,709,3.0,25.43477801243464,30531.380119018,36.57370406724558,8.478259337478214,1778092849.7045476,700,,,,,,,,,,,,,,
730.6712733274977,710,3.0,25.442697599927584,30531.38073578,36.53356366637489,8.48089919997586,1778092859.208742,710,0.38629625234752896,0.9000167474150658,5766722.0,0.37466135025024416,2.0113089084625244,6.950980392156863e-06,0.03482099068170672,,,,,,,
729.862441725176,711,3.0,25.450328399538996,30549.541994679,36.4931220862588,8.483442799846332,1778092868.365011,710,,,,,,,,,,,,,,
729.0522517639125,712,3.0,25.45783243040244,30559.44642902,36.45261258819563,8.48594414346748,1778092877.36985,710,,,,,,,,,,,,,,
728.2657734261879,713,3.0,25.466086142857872,30568.600928739,36.413288671309395,8.488695380952624,1778092887.2743025,710,,,,,,,,,,,,,,
727.4636504345665,714,3.0,25.473714880347252,30578.357727838,36.373182521728324,8.491238293449085,1778092896.4287915,710,,,,,,,,,,,,,,
726.6780875616251,715,3.0,25.48184564034144,30587.996038611,36.33390437808126,8.49394854678048,1778092906.1856987,710,,,,,,,,,,,,,,
725.8919044312319,716,3.0,25.489877566099167,30597.372510494,36.29459522156159,8.49662585536639,1778092915.8240397,710,,,,,,,,,,,,,,
725.1017061369328,717,3.0,25.49769118686517,30607.047509107,36.25508530684664,8.499230395621723,1778092925.200357,710,,,,,,,,,,,,,,
724.3207736979369,718,3.0,25.505753580927845,30616.49174881,36.21603868489685,8.501917860309282,1778092934.875227,710,,,,,,,,,,,,,,
723.5365611413118,719,3.0,25.513623710672057,30625.944614966,36.17682805706559,8.504541236890686,1778092944.3193843,710,,,,,,,,,,,,,,
722.7547372515085,720,3.0,25.521501266360282,30625.945184037,36.13773686257542,8.50716708878676,1778092953.7730706,720,0.409675769507885,0.8923408403992653,5848322.0,0.3857128620147705,2.7369513511657715,7.0490196078431386e-06,0.03531142717018146,,,,,,,
721.9873878674324,721,3.0,25.52981396039327,30645.117654527,36.09936939337162,8.509937986797757,1778092963.7476892,720,,,,,,,,,,,,,,
721.2038692848037,722,3.0,25.537478843728703,30654.844871292,36.060193464240186,8.512492947909568,1778092972.94556,720,,,,,,,,,,,,,,
720.4349583389849,723,3.0,25.545584839582446,30664.590275647,36.021747916949245,8.515194946527481,1778092982.672743,720,,,,,,,,,,,,,,
719.6686000257155,724,3.0,25.553706052899365,30673.254851369,35.98343000128577,8.517902017633121,1778092992.4181986,720,,,,,,,,,,,,,,
718.8790207586673,725,3.0,25.560926436980566,30682.938255503,35.94395103793337,8.520308812326855,1778093001.0826597,720,,,,,,,,,,,,,,
718.1154654870129,726,3.0,25.56899597565333,30693.127684904,35.90577327435064,8.52299865855111,1778093010.7660987,720,,,,,,,,,,,,,,
717.3658395975897,727,3.0,25.577487267653147,30702.701961494,35.86829197987948,8.525829089217716,1778093020.9556904,720,,,,,,,,,,,,,,
716.6039112220534,728,3.0,25.58546578566233,30712.596835064,35.83019556110267,8.528488595220777,1778093030.5299125,720,,,,,,,,,,,,,,
715.8515448728624,729,3.0,25.593711437582968,30722.256780667,35.79257724364312,8.53123714586099,1778093040.4246573,720,,,,,,,,,,,,,,
715.0957767373134,730,3.0,25.60176150163015,30722.257582818,35.75478883686567,8.533920500543383,1778093050.0855281,730,0.364161604270339,0.9015617147088051,5928895.0,0.36708824634552,2.0424866676330566,7.1470588235294125e-06,0.0358018636586562,,,,,,,
714.338343808407,731,3.0,25.609677750070894,30741.317175487,35.71691719042035,8.53655925002363,1778093059.584235,730,,,,,,,,,,,,,,
713.5844048991962,732,3.0,25.61764513909817,30750.503406901,35.679220244959815,8.539215046366056,1778093069.1451283,730,,,,,,,,,,,,,,
712.8238371698382,733,3.0,25.625300276875496,30760.101788127,35.64119185849191,8.541766758958499,1778093078.3312654,730,,,,,,,,,,,,,,
712.0748845590476,734,3.0,25.633298934102058,30769.881808006,35.60374422795238,8.544432978034019,1778093087.9296446,730,,,,,,,,,,,,,,
711.3321701802336,735,3.0,25.641448998649913,30779.509664608,35.56660850901167,8.547149666216638,1778093097.7097254,730,,,,,,,,,,,,,,
710.5879607438987,736,3.0,25.64947224656741,30789.325923037,35.52939803719494,8.549824082189136,1778093107.3376555,730,,,,,,,,,,,,,,
709.8501132973796,737,3.0,25.657652452190717,30798.991385328,35.49250566486898,8.552550817396906,1778093117.1539052,730,,,,,,,,,,,,,,
709.1107924725925,738,3.0,25.66570695658525,30808.623937342,35.45553962362962,8.555235652195083,1778093126.8192801,730,,,,,,,,,,,,,,
708.3727178055367,739,3.0,25.673734107812244,30818.054384997,35.41863589027683,8.557911369270748,1778093136.4518998,730,,,,,,,,,,,,,,
707.6319963428513,740,3.0,25.681592804988227,30818.055033222,35.38159981714256,8.560530934996075,1778093145.8830354,740,0.42370933704078195,0.8877558767795563,6010069.0,0.41780691146850585,80.90516662597656,7.2450980392156864e-06,0.036292300147130946,,,,,,,
706.8892087465972,741,3.0,25.689303760727245,30836.953388256,35.34446043732986,8.563101253575748,1778093155.1354437,740,,,,,,,,,,,,,,
706.1574143992281,742,3.0,25.697341907024384,30846.44165204,35.3078707199614,8.565780635674795,1778093164.781219,740,,,,,,,,,,,,,,
705.4239875407004,743,3.0,25.70524878581365,30856.168386275,35.271199377035025,8.568416261937884,1778093174.2694767,740,,,,,,,,,,,,,,
704.6979278789975,744,3.0,25.713352542519573,30866.09315417,35.234896393949874,8.57111751417319,1778093183.9939919,740,,,,,,,,,,,,,,
703.978435793779,745,3.0,25.721625044941902,30875.993771528,35.19892178968895,8.573875014980635,1778093193.9209878,740,,,,,,,,,,,,,,
703.2602724501658,746,3.0,25.729875588417052,30885.869624755,35.16301362250829,8.576625196139018,1778093203.821639,740,,,,,,,,,,,,,,
702.5434681042955,747,3.0,25.738105476895967,30895.31571785,35.127173405214776,8.579368492298656,1778093213.6975021,740,,,,,,,,,,,,,,
701.8188189951414,748,3.0,25.745977273583414,30904.352813365,35.090940949757076,8.581992424527805,1778093223.1436875,740,,,,,,,,,,,,,,
701.0868225803415,749,3.0,25.753508097728094,30913.721179834,35.054341129017075,8.584502699242698,1778093232.1806507,740,,,,,,,,,,,,,,
700.3642880795479,750,3.0,25.761315157413485,30913.721625335,35.018214403977396,8.587105052471161,1778093241.5495574,750,0.44956568917259576,0.8840526610612869,6091587.0,0.4383542060852051,3.4202489852905273,7.343137254901961e-06,0.03678273663560569,,,,,,,
699.6557131637005,751,3.0,25.7695655020078,30933.713688159,34.98278565818503,8.589855167335934,1778093251.4495723,750,,,,,,,,,,,,,,
698.9533550609987,752,3.0,25.777975625594458,30943.506294816,34.947667753049934,8.59265854186482,1778093261.5416844,750,,,,,,,,,,,,,,
698.2461019024036,753,3.0,25.78613608300686,30952.638596308,34.91230509512018,8.59537869433562,1778093271.3342562,750,,,,,,,,,,,,,,
697.5258441547974,754,3.0,25.793746272325514,30962.82201762,34.876292207739866,8.597915424108505,1778093280.4664583,750,,,,,,,,,,,,,,
696.8311531184709,755,3.0,25.80223249653975,30972.48079168,34.841557655923545,8.60074416551325,1778093290.6499212,750,,,,,,,,,,,,,,
696.1265060343914,756,3.0,25.810281440019608,30982.286476325,34.80632530171957,8.603427146673203,1778093300.3086596,750,,,,,,,,,,,,,,
695.4270195261884,757,3.0,25.81845285832882,30991.928964003,34.77135097630942,8.606150952776273,1778093310.1143649,750,,,,,,,,,,,,,,
694.7257210525563,758,3.0,25.826488305926322,31001.401666079,34.73628605262782,8.608829435308774,1778093319.7568984,750,,,,,,,,,,,,,,
694.0224670776842,759,3.0,25.834382173220316,31010.805467014,34.701123353884206,8.611460724406772,1778093329.2295425,750,,,,,,,,,,,,,,
693.319525424216,760,3.0,25.842218701442086,31010.806615785,34.6659762712108,8.614072900480695,1778093338.6345158,760,0.31275273151695726,0.9130032122135162,6172875.0,0.31018505096435545,1.82200026512146,7.441176470588236e-06,0.03727317312408043,,,,,,,
692.6082757938002,761,3.0,25.849676207900046,31029.484447361,34.63041378969,8.616558735966683,1778093347.5823812,760,,,,,,,,,,,,,,
691.9163070095597,762,3.0,25.857784499327337,31039.181057337,34.595815350477984,8.61926149977578,1778093357.3123326,760,,,,,,,,,,,,,,
691.2254113484074,763,3.0,25.86586507399877,31048.287719186,34.561270567420365,8.621955024666256,1778093367.0090182,760,,,,,,,,,,,,,,
690.5231994997066,764,3.0,25.873453870415688,31058.148099558,34.52615997498533,8.624484623471895,1778093376.115583,760,,,,,,,,,,,,,,
689.83956102185,765,3.0,25.88167063176632,31068.287212311,34.4919780510925,8.627223543922106,1778093385.9756892,760,,,,,,,,,,,,,,
689.1639046017714,766,3.0,25.890120202302935,31077.918864462,34.45819523008857,8.630040067434312,1778093396.1152084,760,,,,,,,,,,,,,,
688.4787554330461,767,3.0,25.898146415750187,31087.682220263,34.423937771652305,8.632715471916729,1778093405.7466354,760,,,,,,,,,,,,,,
687.798311112503,768,3.0,25.906282635331156,31097.109536542,34.38991555562515,8.635427545110385,1778093415.5100982,760,,,,,,,,,,,,,,
687.1122089569269,769,3.0,25.91413872917493,31106.284583534,34.355610447846345,8.63804624305831,1778093424.9374056,760,,,,,,,,,,,,,,
686.4223189139211,770,3.0,25.921784480810167,31106.285087619,34.32111594569606,8.640594826936722,1778093434.1130557,770,0.34669050043448807,0.9050973579287529,6254224.0,0.3375864028930664,3.36190128326416,7.53921568627451e-06,0.03776360961255518,,,,,,,
685.7510645924556,771,3.0,25.930067229072254,31126.135715483,34.28755322962277,8.643355743024085,1778093444.051611,770,,,,,,,,,,,,,,
685.0809482616438,772,3.0,25.938327222069102,31135.453571646,34.25404741308219,8.646109074023034,1778093453.9636035,770,,,,,,,,,,,,,,
684.3995068839266,773,3.0,25.94609214425087,31144.692100103,34.219975344196335,8.648697381416957,1778093463.2815285,770,,,,,,,,,,,,,,
683.7180823727043,774,3.0,25.95379086593787,31153.863545175,34.18590411863522,8.65126362197929,1778093472.5199673,770,,,,,,,,,,,,,,
683.0369481165102,775,3.0,25.961433780789378,31163.121110169,34.15184740582551,8.653811260263126,1778093481.6914701,770,,,,,,,,,,,,,,
682.3594513192288,776,3.0,25.969148318966234,31172.127331211,34.117972565961445,8.656382772988744,1778093490.9489105,770,,,,,,,,,,,,,,
681.6781843185348,777,3.0,25.976652732491495,31181.938651391,34.08390921592674,8.658884244163831,1778093499.9542136,770,,,,,,,,,,,,,,
681.016295900752,778,3.0,25.984829730788867,31192.120697127,34.0508147950376,8.661609910262955,1778093509.766599,770,,,,,,,,,,,,,,
680.3641686933516,779,3.0,25.99331473330657,31201.557399345,34.018208434667585,8.664438244435523,1778093519.948619,770,,,,,,,,,,,,,,
679.6974787022416,780,3.0,26.00117868502935,31201.55781476,33.984873935112084,8.66705956167645,1778093529.3857796,780,0.36348422104492784,0.9018675670027733,6335058.0,0.35931994915008547,2.6696548461914062,7.637254901960784e-06,0.038254046101029913,,,,,,,
679.0424024829969,781,3.0,26.009422086278597,31220.628078422,33.95212012414984,8.669807362092866,1778093539.2774372,780,,,,,,,,,,,,,,
678.3734987723426,782,3.0,26.017070919076602,31230.085975805,33.91867493861713,8.672356973025535,1778093548.4560559,780,,,,,,,,,,,,,,
677.7123640808007,783,3.0,26.024952480395633,31239.294038896,33.885618204040036,8.674984160131878,1778093557.9139087,780,,,,,,,,,,,,,,
677.0475015355665,784,3.0,26.03262585600217,31248.439926925,33.85237507677833,8.677541952000723,1778093567.1219752,780,,,,,,,,,,,,,,
676.382987055495,785,3.0,26.040247417291006,31257.616381942,33.81914935277475,8.680082472430335,1778093576.2678618,780,,,,,,,,,,,,,,
675.7208251466783,786,3.0,26.047894485791524,31267.064332538,33.78604125733391,8.682631495263841,1778093585.4443388,780,,,,,,,,,,,,,,
675.0662054744427,787,3.0,26.055767714977264,31276.894147376,33.753310273722136,8.685255904992422,1778093594.892189,780,,,,,,,,,,,,,,
674.4214799079394,788,3.0,26.06395910580953,31286.158521385,33.72107399539698,8.687986368603177,1778093604.7218592,780,,,,,,,,,,,,,,
673.7662191892255,789,3.0,26.07167959491412,31295.547003427,33.688310959461276,8.690559864971373,1778093613.98647,780,,,,,,,,,,,,,,
673.1152814526448,790,3.0,26.079503302971524,31295.54791017,33.655764072632245,8.693167767657174,1778093623.3758118,790,0.34626714922487734,0.9085363656282425,6416371.0,0.34324078559875487,3.166823148727417,7.73529411764706e-06,0.03874448258950466,,,,,,,
672.4675083092657,791,3.0,26.08738592803478,31314.671521419,33.623375415463286,8.695795309344927,1778093632.8340447,790,,,,,,,,,,,,,,
671.825795919975,792,3.0,26.09544043004513,31324.125134423,33.591289795998755,8.698480143348377,1778093642.499478,790,,,,,,,,,,,,,,
671.1811634518034,793,3.0,26.103318421641983,31333.56985896,33.55905817259017,8.701106140547328,1778093651.9530342,790,,,,,,,,,,,,,,
670.5379634827676,794,3.0,26.111188965439798,31343.036410369,33.52689817413838,8.7037296551466,1778093661.397693,790,,,,,,,,,,,,,,
669.8968498150782,795,3.0,26.119077763756117,31352.702070391,33.49484249075391,8.706359254585372,1778093670.8642488,790,,,,,,,,,,,,,,
669.2615978008264,796,3.0,26.127132508556045,31362.489400458,33.46307989004132,8.709044169518682,1778093680.5299404,790,,,,,,,,,,,,,,
668.6305288861881,797,3.0,26.135288451313976,31371.963267241,33.431526444309405,8.711762817104658,1778093690.3170712,790,,,,,,,,,,,,,,
667.9943763534999,798,3.0,26.14318353752295,31381.387578459,33.399718817674994,8.714394512507651,1778093699.7911704,790,,,,,,,,,,,,,,
667.3587565511104,799,3.0,26.151037100752195,31390.585471967,33.36793782755552,8.717012366917398,1778093709.2154489,790,,,,,,,,,,,,,,
666.7199167080274,800,3.0,26.15870197971662,31390.587171095,33.33599583540137,8.719567326572207,1778093718.4143744,800,0.3134044547565281,0.9156490087509155,6497538.0,0.29899134635925295,2.6432316303253174,7.833333333333333e-06,0.0392349190779794,,,,,,,
,801,,,34780.103891145,,,1778097107.9317858,800,,,,,,,0.0392349190779794,0.38449811935424805,0.385914942497175,6497538.0,0.22,0.879,0.8939960496537638,3389.5152
737.4065825075778,802,3.0,29.00441781123479,34814.868666824,36.870329125378895,9.668139270411597,1778097133.2723079,800,,,,,,,,,,,,,,
736.6876860363274,803,3.0,29.012271303931872,34824.273485254,36.83438430181637,9.670757101310624,1778097142.696518,800,,,,,,,,,,,,,,
735.9701713611682,804,3.0,29.020108767747878,34833.43302034,36.79850856805841,9.673369589249292,1778097152.1014814,800,,,,,,,,,,,,,,
735.2492608610023,805,3.0,29.027741784850754,34842.595939649,36.76246304305011,9.675913928283585,1778097161.2610757,800,,,,,,,,,,,,,,
734.5302067779897,806,3.0,29.035377472440402,34851.343163959,36.72651033889949,9.678459157480134,1778097170.423894,800,,,,,,,,,,,,,,
733.804183264507,807,3.0,29.042666792273522,34861.164248332,36.69020916322535,9.68088893075784,1778097179.1711206,800,,,,,,,,,,,,,,
733.1025394064292,808,3.0,29.050850997567178,34870.609371344,36.655126970321454,9.68361699918906,1778097188.9921272,800,,,,,,,,,,,,,,
732.3947344933315,809,3.0,29.05872193257014,34879.799077561,36.61973672466657,9.686240644190047,1778097198.437244,800,,,,,,,,,,,,,,
731.6833180381094,810,3.0,29.066379971106848,34879.799749086,36.58416590190547,9.688793323702283,1778097207.6277125,810,0.2792563376016915,0.9217784970998764,6579213.0,0.27518115043640134,2.003227472305298,7.931372549019607e-06,0.039725355566454144,,,,,,,
730.9820113370021,811,3.0,29.07437033812205,34898.883295495,36.5491005668501,9.691456779374017,1778097217.215347,810,,,,,,,,,,,,,,
730.2804949639171,812,3.0,29.082283565998075,34908.544815607,36.51402474819586,9.694094521999359,1778097226.7112062,810,,,,,,,,,,,,,,
729.5841669524532,813,3.0,29.090334856907525,34918.435416587,36.47920834762266,9.696778285635842,1778097236.3727574,810,,,,,,,,,,,,,,
728.8943296452363,814,3.0,29.098576965729396,34928.496851797,36.44471648226182,9.699525655243132,1778097246.2632947,810,,,,,,,,,,,,,,
728.2097466347602,815,3.0,29.106961427529654,34938.44936752,36.41048733173801,9.702320475843218,1778097256.324653,810,,,,,,,,,,,,,,
727.52457760299,816,3.0,29.11525528808435,34948.095831677,36.376228880149505,9.705085096028116,1778097266.2772827,810,,,,,,,,,,,,,,
726.834717972621,817,3.0,29.123293996254603,34957.72923569,36.34173589863105,9.707764665418201,1778097275.9237242,810,,,,,,,,,,,,,,
726.1462733029639,818,3.0,29.13132180293401,34967.877851401,36.30731366514819,9.710440600978004,1778097285.557097,810,,,,,,,,,,,,,,
725.4702003902204,819,3.0,29.139779015183446,34977.258335027,36.27351001951102,9.713259671727815,1778097295.7057512,810,,,,,,,,,,,,,,
724.7798569363962,820,3.0,29.147596012155216,34977.25899235,36.23899284681981,9.715865337385072,1778097305.086901,820,0.2616891670972109,0.9258992448449135,6660537.0,0.27238800525665285,2.513923406600952,8.029411764705883e-06,0.04021579205492889,,,,,,,
724.0978481517591,821,3.0,29.155680889288583,34996.139098284,36.204892407587955,9.718560296429528,1778097314.7879977,820,,,,,,,,,,,,,,
723.4066911321994,822,3.0,29.163330069184305,35005.782456409,36.170334556609966,9.721110023061435,1778097323.9670532,820,,,,,,,,,,,,,,
722.7268006666462,823,3.0,29.171366206407548,35015.708068193,36.13634003333231,9.723788735469183,1778097333.610376,820,,,,,,,,,,,,,,
722.0543807967147,824,3.0,29.179637556473416,35024.647330858,36.10271903983573,9.726545852157805,1778097343.5359962,820,,,,,,,,,,,,,,
721.3632757774652,825,3.0,29.18708693067233,35034.05791862,36.06816378887326,9.729028976890776,1778097352.4752455,820,,,,,,,,,,,,,,
720.683522685393,826,3.0,29.194928383429847,35043.472000958,36.03417613426965,9.731642794476615,1778097361.8849964,820,,,,,,,,,,,,,,
720.0055210281072,827,3.0,29.202774197657902,35052.878710158,36.00027605140536,9.734258065885967,1778097371.299967,820,,,,,,,,,,,,,,
719.3289882442634,828,3.0,29.21061315675577,35061.676791113,35.96644941221317,9.736871052251923,1778097380.706744,820,,,,,,,,,,,,,,
718.6416108428929,829,3.0,29.217944844961167,35071.37207326,35.93208054214464,9.73931494832039,1778097389.5047817,820,,,,,,,,,,,,,,
717.9742571572033,830,3.0,29.226024200121564,35071.372911928,35.89871285786016,9.742008066707188,1778097399.2008486,830,0.2929107539355755,0.9187097936868668,6741935.0,0.2950294971466064,1.9554587602615356,8.127450980392157e-06,0.04070622854340363,,,,,,,
717.2987651556408,831,3.0,29.23370641708374,35089.901118585,35.86493825778204,9.74456880569458,1778097408.4186327,830,,,,,,,,,,,,,,
716.626769460198,832,3.0,29.241465041240055,35099.294107181,35.8313384730099,9.747155013746685,1778097417.7289777,830,,,,,,,,,,,,,,
715.958074609324,833,3.0,29.24929260174433,35109.21425144,35.797903730466196,9.749764200581444,1778097427.1220844,830,,,,,,,,,,,,,,
715.3017219147713,834,3.0,29.257559395631155,35119.112566731,35.76508609573857,9.752519798543718,1778097437.0422325,830,,,,,,,,,,,,,,
714.6464969888276,835,3.0,29.265807993412018,35128.779406523,35.732324849441376,9.75526933113734,1778097446.9405613,830,,,,,,,,,,,,,,
713.9881329355034,836,3.0,29.273863616188365,35138.905710623,35.69940664677517,9.757954538729456,1778097456.6072702,830,,,,,,,,,,,,,,
713.3406711259314,837,3.0,29.282302193840344,35148.729682275,35.66703355629657,9.76076739794678,1778097466.733571,830,,,,,,,,,,,,,,
712.6886268083762,838,3.0,29.290488929152488,35158.412025816,35.63443134041881,9.763496309717496,1778097476.557647,830,,,,,,,,,,,,,,
712.0352639108789,839,3.0,29.29855745077133,35168.167408315,35.60176319554395,9.766185816923777,1778097486.2398725,830,,,,,,,,,,,,,,
711.3849365987476,840,3.0,29.306686941782637,35168.168270419,35.56924682993738,9.768895647260878,1778097495.9956949,840,0.32313749454915525,0.9105041816830635,6823289.0,0.33141162395477297,1.9310693740844727,8.225490196078431e-06,0.04119666503187837,,,,,,,
710.7343080617514,841,3.0,29.31474021971226,35187.205738349,35.53671540308758,9.77158007323742,1778097505.6591933,840,,,,,,,,,,,,,,
710.0793829632249,842,3.0,29.322552253802616,35197.242470083,35.50396914816125,9.774184084600872,1778097515.0336332,840,,,,,,,,,,,,,,
709.4393609575955,843,3.0,29.33091619849205,35206.900037939,35.47196804787978,9.776972066164017,1778097525.0703657,840,,,,,,,,,,,,,,
708.7932232455101,844,3.0,29.33896421869596,35216.775425919,35.439661162275506,9.77965473956532,1778097534.7279918,840,,,,,,,,,,,,,,
708.1529904851029,845,3.0,29.347193573315938,35226.437264744,35.40764952425515,9.78239785777198,1778097544.6032212,840,,,,,,,,,,,,,,
707.5099856951911,846,3.0,29.35524511516094,35236.419548282,35.375499284759556,9.785081705053647,1778097554.2650697,840,,,,,,,,,,,,,,
706.8749282673558,847,3.0,29.363563719590505,35246.021284807,35.343746413367796,9.787854573196835,1778097564.2474012,840,,,,,,,,,,,,,,
706.233743531742,848,3.0,29.371565204262737,35255.779851984,35.3116871765871,9.790521734754245,1778097573.8491812,840,,,,,,,,,,,,,,
705.5972068210466,849,3.0,29.379697331587472,35265.450681746,35.27986034105233,9.793232443862491,1778097583.607729,840,,,,,,,,,,,,,,
704.9604131186991,850,3.0,29.387756309509278,35265.451372033,35.24802065593495,9.795918769836426,1778097593.2792232,850,0.3442263212054968,0.9067444309592247,6904892.0,0.34664580821990965,14.541297912597656,8.323529411764707e-06,0.04168710152035311,,,,,,,
704.3237371246721,851,3.0,29.39575773874919,35284.430101848,35.216186856233605,9.798585912916396,1778097602.880218,850,,,,,,,,,,,,,,
703.68408973342,852,3.0,29.40357255776723,35294.372096861,35.184204486671,9.801190852589077,1778097612.2580009,850,,,,,,,,,,,,,,
703.0571822796356,853,3.0,29.41185760100683,35304.260153077,35.15285911398178,9.803952533668943,1778097622.2000806,850,,,,,,,,,,,,,,
702.430668722955,854,3.0,29.420097650289534,35314.166502412,35.12153343614775,9.806699216763178,1778097632.0881393,850,,,,,,,,,,,,,,
701.805979843049,855,3.0,29.42835275948048,35323.613469833,35.09029899215245,9.809450919826826,1778097641.9942377,850,,,,,,,,,,,,,,
701.1736391488173,856,3.0,29.436225361029308,35332.863332046,35.05868195744087,9.812075120343103,1778097651.4413621,850,,,,,,,,,,,,,,
700.5388629223529,857,3.0,29.44393357157707,35342.417844727,35.026943146117645,9.814644523859023,1778097660.6912081,850,,,,,,,,,,,,,,
699.911600696853,858,3.0,29.451895703673365,35352.035705099,34.99558003484265,9.817298567891122,1778097670.245808,850,,,,,,,,,,,,,,
699.2870458601958,859,3.0,29.4599103675286,35361.376467055,34.96435229300979,9.819970122509533,1778097679.8633652,850,,,,,,,,,,,,,,
698.6584787815208,860,3.0,29.467694543997446,35361.377087709,34.93292393907604,9.822564847999148,1778097689.205002,860,0.288934816326946,0.9227949202060699,6986223.0,0.2740338802337646,6.810239315032959,8.42156862745098e-06,0.042177538008827856,,,,,,,
698.0323725072418,861,3.0,29.47552097737789,35380.41397723,34.90161862536209,9.825173659125964,1778097698.5961025,860,,,,,,,,,,,,,,
697.4127280803748,862,3.0,29.483559176325798,35389.573140483,34.87063640401874,9.827853058775267,1778097708.2419713,860,,,,,,,,,,,,,,
696.7849377670473,863,3.0,29.49119182407856,35399.65171459,34.83924688835236,9.830397274692853,1778097717.4011455,860,,,,,,,,,,,,,,
696.1766768097394,864,3.0,29.499590424895285,35409.070355152,34.80883384048697,9.833196808298428,1778097727.4794438,860,,,,,,,,,,,,,,
695.5568629788227,865,3.0,29.507439258297282,35418.398048087,34.77784314894113,9.835813086099094,1778097736.8980706,860,,,,,,,,,,,,,,
694.9367022178304,866,3.0,29.515212561090785,35428.301525803,34.746835110891524,9.838404187030262,1778097746.2260325,860,,,,,,,,,,,,,,
694.3292503199409,867,3.0,29.523465425570805,35437.803478327,34.716462515997044,9.841155141856936,1778097756.129453,860,,,,,,,,,,,,,,
693.7153365802335,868,3.0,29.531383626858393,35447.289865634,34.685766829011676,9.843794542286131,1778097765.6312976,860,,,,,,,,,,,,,,
693.1025347835496,869,3.0,29.53928900082906,35456.501742892,34.65512673917748,9.84642966694302,1778097775.1177418,860,,,,,,,,,,,,,,
692.4857721460231,870,3.0,29.546965265671414,35456.502319359,34.62428860730115,9.848988421890471,1778097784.3301425,870,0.26552009787410497,0.9298976346850395,7067602.0,0.2659935474395752,11.150369644165039,8.519607843137256e-06,0.0426679744973026,,,,,,,
691.8727309344968,871,3.0,29.554740002155306,35475.516341554,34.59363654672484,9.851580000718435,1778097793.6589282,870,,,,,,,,,,,,,,
691.2680231463836,872,3.0,29.562810994784037,35484.637308359,34.563401157319184,9.854270331594678,1778097803.3441336,870,,,,,,,,,,,,,,
690.653722293589,873,3.0,29.570411945184073,35494.426127389,34.53268611467945,9.856803981728024,1778097812.4652631,870,,,,,,,,,,,,,,
690.0538066379584,874,3.0,29.578569249709446,35503.773413622,34.50269033189792,9.859523083236482,1778097822.254027,870,,,,,,,,,,,,,,
689.4466895012946,875,3.0,29.586358671585717,35513.273131721,34.47233447506473,9.86211955719524,1778097831.601334,870,,,,,,,,,,,,,,
688.8439150286978,876,3.0,29.594275113542874,35522.929967076,34.44219575143489,9.864758371180958,1778097841.101069,870,,,,,,,,,,,,,,
688.2455601089719,877,3.0,29.60232252160708,35532.922832135,34.41227800544859,9.867440840535693,1778097850.7579594,870,,,,,,,,,,,,,,
687.6550696467642,878,3.0,29.61064988474051,35542.337248523,34.38275348233821,9.870216628246837,1778097860.7507887,870,,,,,,,,,,,,,,
687.0547409184556,879,3.0,29.618495206832886,35551.777451228,34.35273704592278,9.872831735610962,1778097870.1651862,870,,,,,,,,,,,,,,
686.4562724226059,880,3.0,29.626361928979556,35551.777976251,34.3228136211303,9.875453976326519,1778097879.605942,880,0.28155740788206457,0.9227391704916954,7149149.0,0.2806916475296021,3.0308783054351807,8.61764705882353e-06,0.04315841098577734,,,,,,,
685.8490258780024,881,3.0,29.63379067182541,35570.297473175,34.29245129390012,9.877930223941803,1778097888.5197635,880,,,,,,,,,,,,,,
685.2564719803751,882,3.0,29.641795403957367,35580.060607245,34.26282359901875,9.88059846798579,1778097898.1254408,880,,,,,,,,,,,,,,
684.6682894145579,883,3.0,29.64993131697178,35589.48196757,34.23341447072789,9.883310438990593,1778097907.8885212,880,,,,,,,,,,,,,,
684.0748675729625,884,3.0,29.657782390117646,35599.413298878,34.20374337864813,9.885927463372548,1778097917.3097994,880,,,,,,,,,,,,,,
683.4925817227116,885,3.0,29.66605859855811,35609.017010846,34.17462908613558,9.88868619951937,1778097927.2412472,880,,,,,,,,,,,,,,
682.9053243480942,886,3.0,29.674061666131017,35618.244530282,34.14526621740471,9.89135388871034,1778097936.844971,880,,,,,,,,,,,,,,
682.3121859527606,887,3.0,29.681751296718915,35627.911481285,34.11560929763803,9.893917098906305,1778097946.072524,880,,,,,,,,,,,,,,
681.7287908202579,888,3.0,29.68980707446734,35637.360418684,34.08643954101289,9.89660235815578,1778097955.7394457,880,,,,,,,,,,,,,,
681.1425405398375,889,3.0,29.69768114467462,35646.804170633,34.05712702699188,9.899227048224873,1778097965.1883023,880,,,,,,,,,,,,,,
680.5575107673089,890,3.0,29.705550984938938,35646.80453559,34.02787553836545,9.90185032831298,1778097974.6325164,890,0.23855440868064762,0.9337502673268319,7230502.0,0.23038196563720703,2.809730052947998,8.715686274509804e-06,0.04364884747425209,,,,,,,
679.9820280240017,891,3.0,29.71378062625726,35666.377941334,33.99910140120008,9.904593542085754,1778097984.5077183,890,,,,,,,,,,,,,,
679.4044556193621,892,3.0,29.721862403750418,35676.034129215,33.97022278096811,9.907287467916806,1778097994.2058156,890,,,,,,,,,,,,,,
678.8273794778072,893,3.0,29.72990926305453,35686.017607924,33.94136897389036,9.90996975435151,1778098003.8620868,890,,,,,,,,,,,,,,
678.2577745174468,894,3.0,29.73822709262371,35694.952384336,33.91288872587234,9.912742364207903,1778098013.8434482,890,,,,,,,,,,,,,,
677.6696119551818,895,3.0,29.745674482584,35704.935004391,33.883480597759096,9.915224827528,1778098022.7803423,890,,,,,,,,,,,,,,
677.1025919355296,896,3.0,29.75399325033029,35714.37386021,33.85512959677648,9.917997750110096,1778098032.7628284,890,,,,,,,,,,,,,,
676.5265379923176,897,3.0,29.76185897886753,35723.785187718,33.82632689961588,9.92061965962251,1778098042.2017074,890,,,,,,,,,,,,,,
675.9512468740069,898,3.0,29.769701799551648,35733.216580099,33.79756234370034,9.923233933183882,1778098051.613088,890,,,,,,,,,,,,,,
675.3776143357031,899,3.0,29.77756131867568,35742.22752697,33.768880716785155,9.925853772891893,1778098061.0445173,890,,,,,,,,,,,,,,
674.7973100757466,900,3.0,29.785070086717607,35742.775099296,33.739865503787335,9.928356695572536,1778098070.0554729,900,0.23146961461752652,0.9401977479457855,7311954.0,0.21871769428253174,9.563825607299805,8.81372549019608e-06,0.04413928396272683,,,,,,,
,901,,,39132.135692591,,,1778101459.9632585,900,,,,,,,0.04413928396272683,0.34404778480529785,0.3264631025493145,7311954.0,0.22,0.879,0.9028250807083693,3389.37
737.5095894267976,902,3.0,32.62548551559448,39159.950355967,36.87547947133988,10.875161838531493,1778101478.5535593,900,,,,,,,,,,,,,,
736.866436441493,903,3.0,32.633172736962635,39169.370166985,36.84332182207465,10.877724245654212,1778101487.7782137,900,,,,,,,,,,,,,,
736.228375568065,904,3.0,32.64102263430754,39178.85319751,36.81141877840325,10.880340878102514,1778101497.1980927,900,,,,,,,,,,,,,,
735.592911275746,905,3.0,32.64892519394557,39188.661489249,36.7796455637873,10.882975064648523,1778101506.6811988,900,,,,,,,,,,,,,,
734.9649447113891,906,3.0,32.657098573247595,39197.946451999,36.74824723556946,10.885699524415864,1778101516.4892268,900,,,,,,,,,,,,,,
734.3285675186547,907,3.0,32.664836230476695,39207.378348689,36.716428375932736,10.888278743492233,1778101525.7744355,900,,,,,,,,,,,,,,
733.6963352678476,908,3.0,32.67269604822,39216.853989428,36.684816763392384,10.89089868274,1778101535.2061894,900,,,,,,,,,,,,,,
733.0663160852974,909,3.0,32.680592512090996,39226.502125809,36.65331580426487,10.893530837363667,1778101544.6819723,900,,,,,,,,,,,,,,
732.4409002713363,910,3.0,32.68863262613615,39226.503022492,36.62204501356681,10.896210875378715,1778101554.3309748,910,0.2490793894045055,0.9312147974967957,7392870.0,0.23623802661895751,1.6964775323867798,8.911764705882354e-06,0.04462972045120157,,,,,,,
731.8202124284096,911,3.0,32.69682263473669,39246.217271732,36.59101062142048,10.898940878245565,1778101564.1581,910,,,,,,,,,,,,,,
731.2019866551136,912,3.0,32.70506188472112,39255.259551815,36.56009933275568,10.90168729490704,1778101574.0452344,910,,,,,,,,,,,,,,
730.5693925547923,913,3.0,32.71259712616603,39264.673486863,36.52846962773961,10.904199042055343,1778101583.08748,910,,,,,,,,,,,,,,
729.9450908677562,914,3.0,32.72044203301271,39274.455789417,36.49725454338781,10.906814011004236,1778101592.5013707,910,,,,,,,,,,,,,,
729.3289958968362,915,3.0,32.72859397967656,39284.300333733,36.466449794841814,10.909531326558854,1778101602.283701,910,,,,,,,,,,,,,,
728.7153957873626,916,3.0,32.73679757436116,39294.179598771,36.43576978936813,10.912265858120389,1778101612.1280313,910,,,,,,,,,,,,,,
728.103780779495,917,3.0,32.74503025869529,39303.43628041,36.40518903897475,10.915010086231762,1778101622.0072381,910,,,,,,,,,,,,,,
727.4819815462689,918,3.0,32.75274443646272,39312.682950689,36.374099077313446,10.917581478820907,1778101631.2642503,910,,,,,,,,,,,,,,
726.8613429935722,919,3.0,32.76044993678729,39322.34261164,36.34306714967861,10.920149978929096,1778101640.5108576,910,,,,,,,,,,,,,,
726.2496795356209,920,3.0,32.76849951803684,39322.343313808,36.31248397678104,10.922833172678947,1778101650.1711802,920,0.21729713240638376,0.9360397309064865,7474054.0,0.23057634830474855,3.303908348083496,9.009803921568629e-06,0.04512015693967631,,,,,,,
725.6349240714663,921,3.0,32.77634943942229,39341.647796778,36.28174620357332,10.925449813140764,1778101659.5902581,920,,,,,,,,,,,,,,
725.0300807504791,922,3.0,32.78458727081617,39350.866388133,36.25150403752396,10.928195756938722,1778101669.4756572,920,,,,,,,,,,,,,,
724.41427200558,923,3.0,32.792269399762155,39360.643252339,36.220713600279,10.930756466587384,1778101678.6942132,920,,,,,,,,,,,,,,
723.8100638673915,924,3.0,32.80041682263216,39370.07054135,36.19050319336957,10.933472274210718,1778101688.4711158,920,,,,,,,,,,,,,,
723.2007400126737,925,3.0,32.80827290395896,39379.605380737,36.16003700063368,10.936090967986319,1778101697.898413,920,,,,,,,,,,,,,,
722.5947051882808,926,3.0,32.816218587756154,39389.018835168,36.12973525941404,10.938739529252052,1778101707.4332342,920,,,,,,,,,,,,,,
721.9877525408398,927,3.0,32.82406309982141,39398.402129515,36.099387627041985,10.941354366607136,1778101716.8466606,920,,,,,,,,,,,,,,
721.3815583938368,928,3.0,32.83188259879748,39408.311414896,36.06907791969184,10.943960866265826,1778101726.2300482,920,,,,,,,,,,,,,,
720.7862888410265,929,3.0,32.84014037926992,39417.940813848,36.03931444205133,10.946713459756639,1778101736.139416,920,,,,,,,,,,,,,,
720.1871824523669,930,3.0,32.84816477100055,39417.941497782,36.00935912261834,10.949388257000182,1778101745.7694561,930,0.24306036746129395,0.930354742705822,7555278.0,0.2481611728668213,3.1159911155700684,9.107843137254903e-06,0.045610593428151054,,,,,,,
719.603976860669,931,3.0,32.856856422623,39438.161462766,35.980198843033456,10.952285474207667,1778101756.1986432,930,,,,,,,,,,,,,,
719.0103666677879,932,3.0,32.86501528859139,39447.382929609,35.9505183333894,10.955005096197128,1778101765.9892774,930,,,,,,,,,,,,,,
718.407666058954,933,3.0,32.87269997219245,39457.06861119,35.9203833029477,10.957566657397482,1778101775.2109237,930,,,,,,,,,,,,,,
717.8146958368941,934,3.0,32.88077125608921,39466.443626726,35.89073479184471,10.96025708536307,1778101784.8964353,930,,,,,,,,,,,,,,
717.2173488408636,935,3.0,32.88858367661635,39475.838476023,35.86086744204318,10.962861225538784,1778101794.2713451,930,,,,,,,,,,,,,,
716.62164459912,936,3.0,32.89641291538874,39485.947853973,35.831082229956,10.965470971796247,1778101803.6664305,930,,,,,,,,,,,,,,
716.040162487636,937,3.0,32.90483728547891,39495.505436136,35.80200812438181,10.968279095159637,1778101813.7756808,930,,,,,,,,,,,,,,
715.4499280010077,938,3.0,32.912801984548565,39505.068088052,35.77249640005038,10.970933994849522,1778101823.333306,930,,,,,,,,,,,,,,
714.8610436948026,939,3.0,32.92077096760273,39515.053856779,35.74305218474012,10.973590322534243,1778101832.8961005,930,,,,,,,,,,,,,,
714.2810558834989,940,3.0,32.929092326164245,39515.054417761,35.71405279417495,10.976364108721414,1778101842.8823152,940,0.24302016729488968,0.9356490328907967,7636673.0,0.23524208068847657,3.1008503437042236,9.205882352941177e-06,0.0461010299166258,,,,,,,
713.6953764206608,941,3.0,32.93709412515163,39534.103771368,35.68476882103304,10.979031375050544,1778101852.4838777,940,,,,,,,,,,,,,,
713.1081552530277,942,3.0,32.94496725102266,39543.294485403,35.655407762651386,10.981655750340886,1778101861.931628,940,,,,,,,,,,,,,,
712.5175498243818,943,3.0,32.95262626210849,39553.050528304,35.62587749121909,10.984208754036162,1778101871.1224682,940,,,,,,,,,,,,,,
711.9383679561149,944,3.0,32.960756221214936,39562.525056715,35.59691839780575,10.986918740404978,1778101880.87839,940,,,,,,,,,,,,,,
711.3553529868449,945,3.0,32.96865172008673,39571.764311209,35.567767649342244,10.989550573362244,1778101890.3529952,940,,,,,,,,,,,,,,
710.7693430101308,946,3.0,32.976351078351335,39581.290688555,35.53846715050654,10.992117026117112,1778101899.5922182,940,,,,,,,,,,,,,,
710.1897102548135,947,3.0,32.98428914229075,39590.950557736,35.50948551274067,10.99476304743025,1778101909.1178994,940,,,,,,,,,,,,,,
709.6137180996888,948,3.0,32.99233961542447,39600.536845131,35.48068590498443,10.997446538474824,1778101918.7784615,940,,,,,,,,,,,,,,
709.0376096754483,949,3.0,33.00032817959786,39610.146296961,35.45188048377241,11.000109393199285,1778101928.3647552,940,,,,,,,,,,,,,,
708.4631290490042,950,3.0,33.00833607633909,39610.147459483,35.42315645245021,11.00277869211303,1778101937.975382,950,0.271885653026402,0.9248036578297615,7717977.0,0.26821422576904297,1.97891366481781,9.303921568627453e-06,0.04659146640510054,,,,,,,
707.8762563514576,951,3.0,33.01570965131124,39628.990872076,35.393812817572886,11.005236550437079,1778101946.8225193,950,,,,,,,,,,,,,,
707.3111035987986,952,3.0,33.02403975605965,39638.660554452,35.365555179939925,11.008013252019882,1778101956.8186388,950,,,,,,,,,,,,,,
706.7413188413229,953,3.0,33.03209793309371,39648.07619192,35.33706594206615,11.010699311031235,1778101966.4884531,950,,,,,,,,,,,,,,
706.1682000461552,954,3.0,33.039944229722025,39657.731599621,35.30841000230776,11.013314743240674,1778101975.904003,950,,,,,,,,,,,,,,
705.6005493535941,955,3.0,33.04799041847388,39667.15849202,35.28002746767971,11.01599680615796,1778101985.559432,950,,,,,,,,,,,,,,
705.030024241786,956,3.0,33.055846158663435,39677.229741375,35.2515012120893,11.018615386221144,1778101994.986321,950,,,,,,,,,,,,,,
704.4721336035478,957,3.0,33.06423893372218,39686.609649378,35.22360668017739,11.021412977907392,1778102005.0576773,950,,,,,,,,,,,,,,
703.9031444227563,958,3.0,33.0720555349191,39696.0333385,35.19515722113781,11.024018511639701,1778102014.4375687,950,,,,,,,,,,,,,,
703.336115211151,959,3.0,33.079908508459724,39704.010309849,35.166805760557544,11.026636169486576,1778102023.8611426,950,,,,,,,,,,,,,,
702.7446657110295,960,3.0,33.08655610998471,39704.010747279,35.137233285551474,11.028852036661572,1778102031.8387253,960,0.24576601795852185,0.932435330748558,7798019.0,0.24498443603515624,10.765707969665527,9.401960784313727e-06,0.047081902893575285,,,,,,,
702.1904202261298,961,3.0,33.0948991582791,39723.598902383,35.10952101130649,11.0316330527597,1778102041.8499253,960,,,,,,,,,,,,,,
701.6296471940732,962,3.0,33.10287987252077,39732.757000203,35.08148235970366,11.034293290840255,1778102051.4267719,960,,,,,,,,,,,,,,
701.0626512020135,963,3.0,33.11051167766253,39742.238314545,35.05313256010068,11.03683722588751,1778102060.5849454,960,,,,,,,,,,,,,,
700.5025275762728,964,3.0,33.11841277996699,39751.896456417,35.025126378813646,11.039470926655664,1778102070.0662684,960,,,,,,,,,,,,,,
699.9466778042134,965,3.0,33.126461210449534,39761.046490826,34.99733389021067,11.042153736816513,1778102079.7243822,960,,,,,,,,,,,,,,
699.3830409788485,966,3.0,33.1340861984094,39770.933172014,34.96915204894242,11.0446953994698,1778102088.874364,960,,,,,,,,,,,,,,
698.8335142090665,967,3.0,33.14232507308324,39780.093780108,34.941675710453325,11.047441691027748,1778102098.7610352,960,,,,,,,,,,,,,,
698.2723802917835,968,3.0,33.14995900551478,39789.815156542,34.91361901458917,11.049986335171594,1778102107.921737,960,,,,,,,,,,,,,,
697.7222335796648,969,3.0,33.158060046037036,39799.26907445,34.88611167898324,11.052686682012347,1778102117.642981,960,,,,,,,,,,,,,,
697.1685386827413,970,3.0,33.16593832870324,39799.270033575,34.858426934137064,11.055312776234414,1778102127.0979507,970,0.2295954516157508,0.9337336704134941,7879444.0,0.2285301923751831,10.541350364685059,9.5e-06,0.04757233938205002,,,,,,,
696.6205769193118,971,3.0,33.174035320679344,39818.384786218,34.83102884596559,11.058011773559782,1778102136.8133233,970,,,,,,,,,,,,,,
696.0681819661635,972,3.0,33.18186723252138,39827.595077233,34.80340909830818,11.060622410840459,1778102146.211613,970,,,,,,,,,,,,,,
695.5136583741538,973,3.0,33.18954338391622,39836.985575531,34.77568291870769,11.063181127972072,1778102155.422982,970,,,,,,,,,,,,,,
694.9633977115706,974,3.0,33.197368777394296,39846.181718843,34.74816988557853,11.065789592464766,1778102164.8134627,970,,,,,,,,,,,,,,
694.41087951446,975,3.0,33.2050322475036,39856.090476244,34.720543975723,11.0683440825012,1778102174.0096207,970,,,,,,,,,,,,,,
693.8718987728628,976,3.0,33.21328951458136,39865.636586439,34.69359493864314,11.071096504860455,1778102183.9183517,970,,,,,,,,,,,,,,
693.3277148024106,977,3.0,33.221244598428406,39875.52392519,34.66638574012053,11.073748199476135,1778102193.4644396,970,,,,,,,,,,,,,,
692.7905713004001,978,3.0,33.22948399861654,39885.372371037,34.63952856502,11.076494666205512,1778102203.3517249,970,,,,,,,,,,,,,,
692.2538393174766,979,3.0,33.23769047041734,39894.578060901,34.612691965873836,11.07923015680578,1778102213.1994853,970,,,,,,,,,,,,,,
691.707081806982,980,3.0,33.245362440943715,39894.578800436,34.5853540903491,11.081787480314572,1778102222.406695,980,0.18072578888386487,0.9483323246240616,7960890.0,0.1730864405632019,5.848424434661865,9.598039215686276e-06,0.048062775870524765,,,,,,,
691.1772485981091,981,3.0,33.25379504044851,39913.658562624,34.55886242990546,11.084598346816168,1778102232.524972,980,,,,,,,,,,,,,,
690.6284629127482,982,3.0,33.26126290241877,39923.936864119,34.53142314563741,11.087087634139591,1778102241.4864109,980,,,,,,,,,,,,,,
690.103556493049,983,3.0,33.26982815265656,39933.398253543,34.505177824652456,11.089942717552185,1778102251.764706,980,,,,,,,,,,,,,,
689.5656112132477,984,3.0,33.27771267453829,39942.820301013,34.47828056066239,11.092570891512764,1778102261.2261362,980,,,,,,,,,,,,,,
689.0280789098765,985,3.0,33.285564380884175,39952.289707103,34.45140394549382,11.095188126961391,1778102270.6481836,980,,,,,,,,,,,,,,
688.4924504607715,986,3.0,33.29345542689165,39962.191666488,34.42462252303857,11.097818475630548,1778102280.1174366,980,,,,,,,,,,,,,,
687.965360536329,987,3.0,33.30170725107193,39971.910508764,34.398268026816446,11.100569083690644,1778102290.0196302,980,,,,,,,,,,,,,,
687.4361820858561,988,3.0,33.30980617463589,39981.614082705,34.37180910429281,11.10326872487863,1778102299.738338,980,,,,,,,,,,,,,,
686.9078148150368,989,3.0,33.317892538110414,39991.359904134,34.34539074075184,11.105964179370138,1778102309.441974,980,,,,,,,,,,,,,,
686.3812396589071,990,3.0,33.326014088392256,39991.360480478,34.31906198294536,11.10867136279742,1778102319.1884396,990,0.22570041976869107,0.9375319480895996,8042023.0,0.2221675395965576,1.8542954921722412,9.69607843137255e-06,0.04855321235899951,,,,,,,
685.8527272236234,991,3.0,33.33398983220259,40009.953840238,34.292636361181174,11.111329944067531,1778102328.758729,990,,,,,,,,,,,,,,
685.3158971877027,992,3.0,33.34150907357534,40019.672472206,34.26579485938513,11.113836357858446,1778102337.7818444,990,,,,,,,,,,,,,,
684.7920484760878,993,3.0,33.349607853690785,40029.566834963,34.23960242380439,11.116535951230262,1778102347.5003543,990,,,,,,,,,,,,,,
684.2722590675916,994,3.0,33.357853139440216,40039.492118163,34.213612953379574,11.119284379813406,1778102357.3946972,990,,,,,,,,,,,,,,
683.7540440523844,995,3.0,33.36612426837286,40049.128700877,34.18770220261922,11.122041422790952,1778102367.320052,990,,,,,,,,,,,,,,
683.2319426716772,996,3.0,33.37415472785632,40058.572679958,34.16159713358386,11.124718242618773,1778102376.956644,990,,,,,,,,,,,,,,
682.7076061891736,997,3.0,33.38202468713124,40067.717844324,34.135380309458675,11.127341562377081,1778102386.4005575,990,,,,,,,,,,,,,,
682.1792341506813,998,3.0,33.389645693103475,40077.321793137,34.108961707534064,11.129881897701157,1778102395.5457566,990,,,,,,,,,,,,,,
681.659721058466,999,3.0,33.397648913065595,40087.242975527,34.082986052923296,11.13254963768853,1778102405.1496253,990,,,,,,,,,,,,,,
681.1466388750176,1000,3.0,33.40591657062372,40087.243752412,34.05733194375088,11.135305523541238,1778102415.0716617,1000,0.22597199948504568,0.9380350306630134,8122862.0,0.22550809383392334,2.1773159503936768,9.794117647058824e-06,0.04904364884747425,,,,,,,
,1001,,,43476.931910032,,,1778105804.7597637,1000,,,,,,,0.04904364884747425,0.31348860263824463,0.3185585925143037,8122862.0,0.22,0.879,0.9126810369075544,3389.6859
737.688865562157,1002,3.0,36.251311588684715,43510.706026773,36.88444327810785,12.083770529561573,1778105829.544846,1000,,,,,,,,,,,,,,
737.1056654635003,1003,3.0,36.258802474737166,43515.533974881,36.85528327317501,12.086267491579056,1778105838.5339057,1000,,,,,,,,,,,,,,
