cost/projected_total_usd,_step,cost/per_hour,cost/spent_usd,_runtime,cost/budget_pct_used,cost/hours_elapsed,_timestamp,train/global_step,train/entropy,train/mean_token_accuracy,train/num_tokens,train/loss,train/grad_norm,train/learning_rate,train/epoch
35.33898473381996,1,3,0.02136577069759369,45.176505274,11.779661577939986,0.007121923565864563,1778027924.1717548,0,,,,,,,
31.022735207080842,2,3,0.03751237630844116,65.149289827,10.340911735693613,0.012504125436147054,1778027943.547644,0,,,,,,,
29.859579472144446,3,3,0.05415885031223297,84.703770021,9.953193157381483,0.018052950104077658,1778027963.5234165,0,,,,,,,
29.13277674694856,4,3,0.07045411547025045,103.908893821,9.710925582316188,0.02348470515675015,1778027983.0777245,0,,,,,,,
28.600426130930583,5,3,0.08645836194356282,123.820211184,9.533475376976861,0.02881945398118761,1778028002.2828193,0,,,,,,,
28.407795618706285,6,3,0.10305125375588736,143.199980163,9.469265206235429,0.03435041791862912,1778028022.1942859,0,,,,,,,
28.165481723830815,7,3,0.11920095046361288,162.700549318,9.388493907943605,0.03973365015453763,1778028041.5739243,0,,,,,,,
28.004592617352802,8,3,0.13545147577921549,180.66354794,9.334864205784267,0.04515049192640516,1778028061.0745604,0,,,,,,,
27.643988497919505,9,3,0.15042073547840118,199.917707122,9.214662832639835,0.050140245159467065,1778028079.037661,0,,,,,,,
27.53344217101733,10,3,0.16646579305330914,219.153575184,9.177814057005778,0.055488597684436376,1778028098.2917323,0,,,,,,,
27.440702452370616,11,3,0.18249560276667276,238.867152688,9.146900817456872,0.06083186758889092,1778028117.5275152,0,,,,,,,
27.418301540977428,12,3,0.1989235903819402,258.090487587,9.139433846992477,0.06630786346064674,1778028137.2410934,0,,,,,,,
27.347371810124468,13,3,0.21494306743144986,277.6776633,9.115790603374823,0.07164768914381663,1778028156.4644735,0,,,,,,,
27.32239220758279,14,3,0.23126571396986642,297.207926791,9.107464069194263,0.07708857132328881,1778028176.0516398,0,,,,,,,
27.29551053235266,15,3,0.24754090567429862,316.814646409,9.09850351078422,0.08251363522476621,1778028195.5818732,0,,,,,,,
27.278574719528358,16,3,0.26387980381647747,334.766240133,9.092858239842785,0.08795993460549248,1778028215.188575,0,,,,,,,
27.129439942603014,17,3,0.2788394673665364,354.064314833,9.043146647534337,0.09294648912217882,1778028233.140146,0,,,,,,,
27.099976820658757,18,3,0.2949211504062017,373.959405144,9.033325606886253,0.09830705013540056,1778028252.4381804,0,,,,,,,
27.11694437234025,19,3,0.3115005701780319,392.907925716,9.03898145744675,0.1038335233926773,1778028272.3334641,0,,,,,,,
27.06696951927741,20,3,0.3272910461823145,412.564394806,9.02232317309247,0.10909701539410485,1778028291.2820354,0,,,,,,,
27.06821598145697,21,3,0.34367142419020336,431.917390255,9.022738660485656,0.11455714139673445,1778028310.9384894,0,,,,,,,
27.050335757280845,22,3,0.3597989036639532,451.681912944,9.016778585760282,0.11993296788798438,1778028330.2914631,0,,,,,,,
27.05867527284484,23,3,0.37626936594645183,471.36554108,9.019558424281612,0.1254231219821506,1778028350.0560153,0,,,,,,,
27.061674014412695,24,3,0.39267241617043813,490.335953687,9.020558004804233,0.13089080539014605,1778028369.7396772,0,,,,,,,
27.02510054570834,25,3,0.4084809635082881,490.340292057,9.008366848569448,0.13616032116942936,1778028388.7142084,25,1.025686763226986,0.5081351725757122,402205.0,4.7709652709960935,7.731838226318359,2.4e-05,0.030257186081694403
27.022220273934877,26,3,0.42477492570877073,528.69365149,9.007406757978293,0.1415916419029236,1778028408.2626896,25,,,,,,,
26.981383027471143,27,3,0.44044579307238263,548.16138562,8.99379434249038,0.14681526435746087,1778028427.0677295,25,,,,,,,
26.97608073064259,28,3,0.45666883945465087,568.220856731,8.992026910214197,0.15222294648488363,1778028446.5353963,25,,,,,,,
26.999277925765377,29,3,0.4733851631482442,587.109758721,8.999759308588459,0.15779505438274807,1778028466.5949755,25,,,,,,,
26.967134433309237,30,3,0.4891257756948471,606.767784962,8.98904481110308,0.1630419252316157,1778028485.4837084,25,,,,,,,
26.971272622282786,31,3,0.5055075279871623,625.371095425,8.990424207427596,0.16850250932905408,1778028505.1418104,25,,,,,,,
26.929710182870426,32,3,0.5210101123650869,644.555746754,8.976570060956808,0.17367003745502896,1778028523.7449405,25,,,,,,,
26.914969114450493,33,3,0.5369975699981053,663.774487846,8.971656371483498,0.17899918999936845,1778028542.929893,25,,,,,,,
26.902430728825866,34,3,0.5530124817291895,683.73815408,8.967476909608623,0.18433749390972984,1778028562.147862,25,,,,,,,
26.920004412980308,35,3,0.5696494283278783,703.891968766,8.973334804326768,0.18988314277595944,1778028582.1121256,25,,,,,,,
26.94385562662725,36,3,0.5864442578951518,723.637188417,8.98128520887575,0.19548141929838392,1778028602.2659001,25,,,,,,,
26.951201347671113,37,3,0.602898700038592,743.22333194,8.983733782557037,0.20096623334619734,1778028622.0112224,25,,,,,,,
26.95238161239708,38,3,0.6192203756173452,762.806351587,8.98412720413236,0.2064067918724484,1778028641.5972528,25,,,,,,,
26.953397869044895,39,3,0.6355396111806233,782.645494532,8.984465956348298,0.21184653706020778,1778028661.1803203,25,,,,,,,
26.963190677821636,40,3,0.6520723259449005,802.075822274,8.987730225940545,0.2173574419816335,1778028681.019582,25,,,,,,,
26.9587551541154,41,3,0.6682641845941544,820.375413432,8.986251718038467,0.22275472819805145,1778028700.4498036,25,,,,,,,
26.917427793731765,42,3,0.6835138859351476,840.347840806,8.97247593124392,0.22783796197838255,1778028718.7494442,25,,,,,,,
26.93164171110752,43,3,0.7001575535535812,860.325442876,8.977213903702507,0.23338585118452707,1778028738.7218418,25,,,,,,,
26.94537352284699,44,3,0.7168055834372838,879.867738504,8.98179117428233,0.23893519447909461,1778028758.6994803,25,,,,,,,
26.94515759094556,45,3,0.7330907446146011,900.044197624,8.981719196981853,0.24436358153820037,1778028778.2416778,25,,,,,,,
26.963957758269448,46,3,0.7499045083920161,919.661787393,8.98798591942315,0.24996816946400535,1778028798.4181926,25,,,,,,,
26.96556673770255,47,3,0.7662525010108947,939.304703309,8.98852224590085,0.2554175003369649,1778028818.0357835,25,,,,,,,
26.967833653729826,48,3,0.7826215328772863,958.764010684,8.989277884576609,0.26087384429242877,1778028837.6786237,25,,,,,,,
26.964846792894154,49,3,0.7988376619418461,978.749577689,8.988282264298052,0.26627922064728204,1778028857.137986,25,,,,,,,
26.976484113907816,50,3,0.8154922646284104,978.757254035,8.992161371302606,0.2718307548761368,1778028877.1307285,50,0.6398492505401373,0.8349481534957885,803443.0,0.6040505218505859,0.7600955963134766,4.9e-05,0.060514372163388806
26.979351395267287,51,3,0.8318905206521352,1018.677606213,8.993117131755762,0.2772968402173784,1778028896.8014205,50,,,,,,,
26.99727185240159,52,3,0.8487654995918275,1037.927483467,8.999090617467196,0.2829218331972758,1778028917.0513911,50,,,,,,,
26.988510619814292,53,3,0.8648071722189585,1057.440541821,8.996170206604765,0.28826905740631953,1778028936.301398,50,,,,,,,
26.986786317656072,54,3,0.8810679934422176,1077.197471081,8.995595439218691,0.29368933114740586,1778028955.8143876,50,,,,,,,
26.99123972529354,55,3,0.8975321553150813,1096.85513068,8.99707990843118,0.2991773851050271,1778028975.5713713,50,,,,,,,
26.993073168652398,56,3,0.9139129972457886,1116.708807169,8.997691056217466,0.3046376657485962,1778028995.2284746,50,,,,,,,
26.99961386435213,57,3,0.9304582770665486,1136.429794555,8.999871288117378,0.31015275902218287,1778029015.0827262,50,,,,,,,
27.002759640579935,58,3,0.9468924178679784,1156.041206667,9.000919880193312,0.3156308059559928,1778029034.8036962,50,,,,,,,
27.003243044749492,59,3,0.9632353927691777,1175.845492825,9.001081014916497,0.3210784642563926,1778029054.4152613,50,,,,,,,
27.008134287310973,60,3,0.9797388496001562,1195.121936001,9.002711429103657,0.3265796165333854,1778029074.2194116,50,,,,,,,
27.000940490413885,61,3,0.995802521109581,1214.780289878,9.00031349680463,0.33193417370319367,1778029093.4958193,50,,,,,,,
27.00247072871013,62,3,1.0121845134099323,1234.554996029,9.000823576236709,0.3373948378033108,1778029113.1542046,50,,,,,,,
27.00649693653066,63,3,1.0286634262402852,1254.275698039,9.002165645510221,0.3428878087467617,1778029132.9289002,50,,,,,,,
27.009237932488325,64,3,1.0450974774360657,1274.028799747,9.003079310829442,0.3483658258120219,1778029152.6498027,50,,,,,,,
27.012575445817063,65,3,1.0615582853555678,1293.169283998,9.004191815272355,0.3538527617851893,1778029172.4027328,50,,,,,,,
27.003018749597096,66,3,1.0775086079041163,1311.48353809,9.001006249865698,0.35916953596803874,1778029191.5431163,50,,,,,,,
26.976753524951082,67,3,1.0927705478668213,1330.776531209,8.992251174983695,0.3642568492889404,1778029209.8574502,50,,,,,,,
26.97109814861242,68,3,1.1088480496406556,1350.547731307,8.990366049537473,0.3696160165468852,1778029229.1504517,50,,,,,,,
26.975161678387924,69,3,1.1253241570790609,1370.857517982,8.99172055946264,0.37510805235968697,1778029248.9218175,50,,,,,,,
26.989709129844396,70,3,1.1422488749027253,1390.956965929,8.996569709948131,0.3807496249675751,1778029269.2314396,50,,,,,,,
26.99976626044148,71,3,1.1589984307686487,1411.052930893,8.999922086813827,0.38633281025621624,1778029289.3309028,50,,,,,,,
27.009475874106087,72,3,1.1757450199127197,1429.925671505,9.00315862470203,0.3919150066375732,1778029309.4268596,50,,,,,,,
26.99582384897149,73,3,1.1914722738663355,1449.413253945,8.998607949657163,0.39715742462211184,1778029328.299528,50,,,,,,,
26.993996677903443,74,3,1.207712064186732,1469.209529767,8.997998892634481,0.402570688062244,1778029347.7873032,50,,,,,,,
26.997886348385286,75,3,1.2242088731129965,1469.216269713,8.999295449461762,0.4080696243709988,1778029367.5899003,75,0.4539944081008434,0.8652432841062546,1206781.0,0.4520223999023438,0.4048660099506378,4.997238509558024e-05,0.0907715582450832
27.008150042635307,76,3,1.2410032667716344,1509.227283296,9.002716680878436,0.4136677555905448,1778029387.7367141,75,,,,,,,
27.012977199368663,77,3,1.2575569796562196,1528.695345479,9.004325733122887,0.4191856598854065,1778029407.6011662,75,,,,,,,
27.010676690508156,78,3,1.2737804001569748,1548.398230657,9.003558896836052,0.4245934667189916,1778029427.0692718,75,,,,,,,
27.012528777258304,79,3,1.290199379324913,1566.486840923,9.004176259086101,0.430066459774971,1778029446.7720466,75,,,,,,,
26.98652663613359,80,3,1.3052733560403187,1586.671545951,8.995508878711197,0.43509111868010625,1778029464.8608189,75,,,,,,,
26.99683117042844,81,3,1.3220939085880916,1606.294858785,8.998943723476147,0.44069796952936385,1778029485.0454783,75,,,,,,,
26.99745191473302,82,3,1.338446830113729,1626.290162971,8.99915063824434,0.44614894337124295,1778029504.668992,75,,,,,,,
27.00423129248332,83,3,1.3551095509529114,1644.201774377,9.001410430827773,0.45170318365097045,1778029524.6642675,75,,,,,,,
26.976656539870635,84,3,1.3700357613960903,1663.655198236,8.992218846623546,0.4566785871320301,1778029542.5757036,75,,,,,,,
26.97473469536912,85,3,1.386246946255366,1683.668013186,8.991578231789706,0.46208231541845535,1778029562.0291264,75,,,,,,,
26.981825305639312,86,3,1.4029244112968444,1703.520509184,8.993941768546438,0.4676414704322815,1778029582.0421216,75,,,,,,,
26.986211069543703,87,3,1.4194681759675345,1722.998686819,8.995403689847901,0.4731560586558448,1778029601.8946412,75,,,,,,,
26.984633619040252,88,3,1.4356999748945236,1742.699408983,8.994877873013417,0.4785666582981745,1778029621.3727992,75,,,,,,,
26.986535926579535,89,3,1.4521171085039775,1762.360843953,8.995511975526512,0.4840390361679925,1778029641.07332,75,,,,,,,
26.987799956630774,90,3,1.4685018114248911,1782.166820371,8.995933318876924,0.4895006038082971,1778029660.73497,75,,,,,,,
26.99122116950842,91,3,1.4850067269802094,1802.027111232,8.997073723169473,0.49500224232673645,1778029680.5408685,75,,,,,,,
26.995381654133833,92,3,1.5015568997462592,1821.390576671,8.998460551377946,0.5005189665820864,1778029700.401071,75,,,,,,,
26.99208914073137,93,3,1.5176930411656695,1841.094753117,8.997363046910456,0.5058976803885565,1778029719.7644656,75,,,,,,,
26.99386433794566,94,3,1.534113209048907,1860.687621717,8.99795477931522,0.511371069682969,1778029739.4686444,75,,,,,,,
26.993986997395233,95,3,1.550440607468287,1880.569904869,8.997995665798411,0.5168135358227623,1778029759.0615282,75,,,,,,,
26.998262662279114,96,3,1.5670091992616655,1900.483061813,8.999420887426371,0.5223363997538885,1778029778.9438279,75,,,,,,,
27.002890909893818,97,3,1.5836036386092505,1920.577450712,9.000963636631273,0.5278678795364168,1778029798.8571904,75,,,,,,,
27.009970806419442,98,3,1.6003489353259404,1940.541265954,9.003323602139814,0.5334496451086468,1778029818.9515586,75,,,,,,,
27.015088193894233,99,3,1.6169853272040684,1960.780314874,9.005029397964744,0.5389951090680228,1778029838.9151833,75,,,,,,,
27.023899793513614,100,3,1.633851257165273,1960.789058701,9.007966597837871,0.5446170857217577,1778029859.1626964,100,0.4243419405817985,0.8716464737057685,1608299.0,0.42326061248779295,0.4216218888759613,4.988495709867195e-05,0.12102874432677761
27.024117094939296,101,3,1.6502030390501023,2000.121326967,9.008039031646433,0.5500676796833674,1778029878.776433,100,,,,,,,
27.02563636248408,102,3,1.6666353742281597,2019.943692553,9.008545454161359,0.5555451247427199,1778029898.4952395,100,,,,,,,
27.028511446004547,103,3,1.6831539775927862,2039.868523345,9.009503815334849,0.5610513258642621,1778029918.3175724,100,,,,,,,
27.032689897865055,104,3,1.69975801050663,2059.637106881,9.010896632621685,0.56658600350221,1778029938.242403,100,,,,,,,
27.03473912421484,105,3,1.7162319274743398,2078.222549737,9.011579708071615,0.5720773091581133,1778029958.0111024,100,,,,,,,
27.021363790053993,106,3,1.7317198075850806,2097.883537475,9.007121263351332,0.5772399358616935,1778029976.5965688,100,,,,,,,
27.022093992794044,107,3,1.7481040249268216,2117.570479576,9.007364664264681,0.5827013416422738,1778029996.2576585,100,,,,,,,
27.023140580632067,108,3,1.7645097839832304,2137.428700999,9.007713526877355,0.5881699279944101,1778030015.9445791,100,,,,,,,
27.026333991701087,109,3,1.7810582860310873,2157.164865183,9.008777997233695,0.5936860953436958,1778030035.8027744,100,,,,,,,
27.02794085316586,110,3,1.7975051353375118,2176.438341454,9.009313617721954,0.5991683784458373,1778030055.5389864,100,,,,,,,
27.023771095866557,111,3,1.8135662585496903,2194.485257963,9.007923698622186,0.6045220861832301,1778030074.812299,100,,,,,,,
27.004582160732575,112,3,1.8286053216457367,2213.544566583,9.001527386910858,0.6095351072152456,1778030092.8591776,100,,,,,,,
26.998082071169993,113,3,1.8444880737861,2231.919889289,8.999360690389997,0.6148293579287,1778030111.9184785,100,,,,,,,
26.983426326523745,114,3,1.859800847172737,2251.726718566,8.994475442174581,0.6199336157242457,1778030130.2938068,100,,,,,,,
26.986182348887123,115,3,1.8763065115610758,2271.378297606,8.995394116295708,0.625435503853692,1778030150.1006045,100,,,,,,,
26.98704748085518,116,3,1.8926828946669896,2291.27530236,8.995682493618393,0.6308942982223299,1778030169.7522514,100,,,,,,,
26.990786820575384,117,3,1.9092636384566626,2311.086249043,8.996928940191795,0.6364212128188875,1778030189.6491816,100,,,,,,,
26.993459740675103,118,3,1.9257728230953217,2330.978847899,8.997819913558368,0.6419242743651072,1778030209.4601734,100,,,,,,,
26.997033360538698,119,3,1.9423500422636668,2350.358966172,8.999011120179567,0.6474500140878889,1778030229.3528364,100,,,,,,,
26.994659766117728,120,3,1.9585001039505003,2370.394679555,8.998219922039244,0.6528333679835001,1778030248.732914,100,,,,,,,
26.999796086891294,121,3,1.9751966907580694,2389.74135139,8.999932028963764,0.6583988969193565,1778030268.768818,100,,,,,,,
26.997060602815427,122,3,1.9913188594579698,2409.452785108,8.999020200938476,0.6637729531526566,1778030288.115416,100,,,,,,,
26.99845661912507,123,3,2.0077449601888655,2428.951822667,8.999485539708356,0.6692483200629552,1778030307.8267393,100,,,,,,,
26.99747061751863,124,3,2.023994169632594,2447.756519746,8.99915687250621,0.6746647232108646,1778030327.3257873,100,,,,,,,
26.988843713045117,125,3,2.0396647304296494,2447.767146275,8.996281237681705,0.6798882434765497,1778030346.140758,125,0.4101426663249731,0.8730925273895264,2008928.0,0.41257705688476565,0.3100818991661072,4.973787763065876e-05,0.15128593040847202
26.982806860009827,126,3,2.0555221670866013,2485.980217235,8.99426895333661,0.6851740556955338,1778030365.1593854,125,,,,,,,
26.978627103801784,127,3,2.0715148985385894,2505.634149178,8.99287570126726,0.6905049661795298,1778030384.3506854,125,,,,,,,
26.97953307551332,128,3,2.087896150946617,2525.069061433,8.993177691837772,0.6959653836488724,1778030404.0081608,125,,,,,,,
26.978046855193394,129,3,2.1040919252236687,2543.812727788,8.992682285064465,0.7013639750745562,1778030423.4430892,125,,,,,,,
26.969253839437776,130,3,2.119711607694626,2563.37158325,8.989751279812591,0.7065705358982086,1778030442.1867154,125,,,,,,,
26.969172120085197,131,3,2.136010609269142,2582.466243613,8.989724040028399,0.7120035364230474,1778030461.7455263,125,,,,,,,
26.964245239204235,132,3,2.1519228365023935,2602.198970295,8.988081746401411,0.7173076121674644,1778030480.8401937,125,,,,,,,
26.96600500322822,133,3,2.1683667868375776,2622.129119162,8.988668334409407,0.7227889289458592,1778030500.5729296,125,,,,,,,
26.96976854160354,134,3,2.1849752022822697,2641.788837258,8.98992284720118,0.7283250674274233,1778030520.503028,125,,,,,,,
26.970716466114848,135,3,2.201358357270559,2661.523373668,8.990238822038283,0.7337861190901862,1778030540.162859,125,,,,,,,
26.972407826056667,136,3,2.217803787390391,2679.852355313,8.990802608685556,0.7392679291301304,1778030559.897334,125,,,,,,,
26.959934626223106,137,3,2.2330780192216237,2699.139872068,8.986644875407702,0.7443593397405412,1778030578.226449,125,,,,,,,
26.957214327350904,138,3,2.249150893092155,2717.896514624,8.985738109116967,0.7497169643640518,1778030597.5138538,125,,,,,,,
26.949268857072013,139,3,2.264781361023585,2737.13707981,8.983089619024003,0.754927120341195,1778030616.2704215,125,,,,,,,
26.946202514222694,140,3,2.2808152067661287,2754.791570265,8.982067504740899,0.7602717355887095,1778030635.511032,125,,,,,,,
26.927674845958716,141,3,2.2955272994438807,2774.482167475,8.975891615319572,0.7651757664812936,1778030653.1655533,125,,,,,,,
26.92917172900388,142,3,2.3119361460208894,2794.217251611,8.976390576334627,0.7706453820069631,1778030672.8561604,125,,,,,,,
26.931076820230153,143,3,2.3283820950984957,2814.370198382,8.977025606743386,0.7761273650328319,1778030692.5912979,125,,,,,,,
26.936953665200203,144,3,2.34517613530159,2834.248776539,8.978984555066734,0.7817253784338634,1778030712.7441506,125,,,,,,,
26.94014250106647,145,3,2.3617416340112687,2853.837666265,8.98004750035549,0.7872472113370895,1778030732.6227472,125,,,,,,,
26.94055161586091,146,3,2.378065620263418,2873.529765571,8.980183871953638,0.7926885400878059,1778030752.2115414,125,,,,,,,
26.941926427398403,147,3,2.3944759279489514,2893.235785187,8.980642142466134,0.7981586426496505,1778030771.9039247,125,,,,,,,
26.94340819112621,148,3,2.410897468129794,2912.470622911,8.981136063708737,0.8036324893765979,1778030791.609739,125,,,,,,,
26.94051378902973,149,3,2.426926574707031,2931.953250042,8.98017126300991,0.8089755249023437,1778030810.84467,125,,,,,,,
26.93993397012287,150,3,2.4431620891888937,2931.962404834,8.979977990040958,0.8143873630629646,1778030830.3361392,150,0.39931654833257196,0.8775496512651444,2409785.0,0.3967976760864258,0.3864893913269043,4.953149925419938e-05,0.1815431164901664
26.937496769417727,151,3,2.4592273350556693,2970.99106098,8.979165589805909,0.8197424450185564,1778030849.6055949,150,,,,,,,
26.939454066967755,152,3,2.4756934813658398,2991.022229608,8.979818022322585,0.8252311604552799,1778030869.364967,150,,,,,,,
26.94383363269513,153,3,2.492386061549187,3010.965702356,8.981277877565043,0.8307953538497289,1778030889.3960671,150,,,,,,,
26.947373745903306,154,3,2.509005778034528,3030.73507815,8.982457915301103,0.8363352593448427,1778030909.3397248,150,,,,,,,
26.949318947648493,155,3,2.525480312506358,3050.365731219,8.983106315882832,0.8418267708354527,1778030929.109196,150,,,,,,,
26.950011125344496,156,3,2.541839017868042,3070.107685741,8.983337041781498,0.8472796726226807,1778030948.7396107,150,,,,,,,
26.951674326493738,157,3,2.5582907311121623,3089.721309433,8.98389144216458,0.8527635770373875,1778030968.4816632,150,,,,,,,
26.952196087314107,158,3,2.5746354182561237,3109.155215424,8.984065362438034,0.8582118060853746,1778030988.095283,150,,,,,,,
26.951152279519434,159,3,2.5908302372694014,3128.16962919,8.983717426506479,0.8636100790898005,1778031007.5290785,150,,,,,,,
26.946510111895705,160,3,2.6066757061084114,3147.666777183,8.982170037298568,0.8688919020361371,1778031026.5436332,150,,,,,,,
26.946057790465975,161,3,2.622923400402069,3167.695867584,8.982019263488658,0.874307800134023,1778031046.040871,150,,,,,,,
26.950135409969363,162,3,2.639614229996999,3187.537327731,8.983378469989788,0.8798714099989997,1778031066.0698597,150,,,,,,,
26.952577061772587,163,3,2.656148767272631,3206.603775701,8.984192353924195,0.8853829224242105,1778031085.9113045,150,,,,,,,
26.94847602412953,164,3,2.6720375259717306,3226.10950826,8.982825341376511,0.8906791753239102,1778031104.977812,150,,,,,,,
26.94809417956285,165,3,2.6882923456033074,3245.812644844,8.982698059854282,0.8960974485344357,1778031124.483603,150,,,,,,,
26.949355119481144,166,3,2.7047115778923034,3265.08846843,8.98311837316038,0.9015705259641011,1778031144.186676,150,,,,,,,
26.947074719124924,167,3,2.7207747751474383,3284.391724082,8.982358239708308,0.906924925049146,1778031163.4625247,150,,,,,,,
26.94504657910457,168,3,2.7368608375390373,3303.837106228,8.981682193034857,0.9122869458463457,1778031182.7657824,150,,,,,,,
26.94420169445655,169,3,2.7530653484662375,3323.715855045,8.981400564818848,0.9176884494887458,1778031202.2111933,150,,,,,,,
26.946879781554728,170,3,2.7696309328079227,3343.437326908,8.982293260518242,0.9232103109359742,1778031222.0899374,150,,,,,,,
26.948258955743576,171,3,2.786065466403961,3363.181761539,8.982752985247858,0.9286884888013204,1778031241.8113446,150,,,,,,,
26.94980607070202,172,3,2.80251913189888,3382.972886037,8.983268690234008,0.9341730439662933,1778031261.5557456,150,,,,,,,
26.951707689394613,173,3,2.8190117474397023,3402.156858383,8.983902563131537,0.9396705824799008,1778031281.3468816,150,,,,,,,
26.948778723478323,174,3,2.834998487234116,3421.379243587,8.98292624115944,0.9449994957447052,1778031300.5309873,150,,,,,,,
26.946184431657336,175,3,2.8510170952479044,3421.388380737,8.982061477219112,0.9503390317493015,1778031319.762021,175,0.37870104908943175,0.8808962857723236,2814421.0,0.3801944351196289,0.3488035500049591,4.926631667674744e-05,0.2118003025718608
26.941357114644667,176,3,2.8667949529488883,3459.740040389,8.980452371548221,0.9555983176496294,1778031338.6867335,175,,,,,,,
26.940430114255786,177,3,2.882984359264374,3479.017439446,8.980143371418595,0.960994786421458,1778031358.114014,175,,,,,,,
26.93835253263234,178,3,2.8990488215287527,3496.974701785,8.97945084421078,0.9663496071762508,1778031377.3913732,175,,,,,,,
26.926133470963723,179,3,2.914013235370318,3516.93361431,8.975377823654574,0.9713377451234394,1778031395.3486722,175,,,,,,,
26.929377252649378,180,3,2.9306456502278646,3536.541274164,8.97645908421646,0.9768818834092882,1778031415.3075728,175,,,,,,,
26.929910910511545,181,3,2.946985414028168,3556.71151874,8.976636970170516,0.9823284713427226,1778031434.915325,175,,,,,,,
26.934698827102945,182,3,2.9637939459085465,3575.825054479,8.978232942367647,0.9879313153028488,1778031455.0855355,175,,,,,,,
26.93147611179639,183,3,2.979721964001656,3594.54782848,8.97715870393213,0.9932406546672186,1778031474.1991847,175,,,,,,,
26.92535986034335,184,3,2.9953241924444836,3614.536163319,8.975119953447784,0.9984413974814945,1778031492.9218152,175,,,,,,,
26.928739125168004,185,3,3.0119810992479326,3633.894114937,8.976246375056002,1.0039936997493109,1778031512.91011,175,,,,,,,
26.927410963953182,186,3,3.0281127202510834,3653.403664846,8.975803654651061,1.0093709067503611,1778031532.2680922,175,,,,,,,
26.927215226901403,187,3,3.044370766282081,3673.11915446,8.975738408967134,1.0147902554273605,1778031551.7777512,175,,,,,,,
26.928530128002162,188,3,3.0608002805709837,3693.216410127,8.976176709334053,1.020266760190328,1778031571.493121,175,,,,,,,
26.93261529705301,189,3,3.0775479390223817,3712.944019721,8.977538432351004,1.0258493130074606,1778031591.590315,175,,,,,,,
26.93397644348521,190,3,3.093987620472908,3732.388887192,8.977992147828404,1.0313292068243027,1778031611.3179295,175,,,,,,,
26.933283391448214,191,3,3.1101917338371274,3751.205803388,8.977761130482737,1.0367305779457092,1778031630.7628665,175,,,,,,,
26.92808912643956,192,3,3.1258724983533224,3771.163960822,8.976029708813186,1.0419574994511074,1778031649.5797827,175,,,,,,,
26.931098882880235,193,3,3.1425042831897736,3790.276477239,8.977032960960077,1.0475014277299246,1778031669.5379267,175,,,,,,,
26.92806960903492,194,3,3.1584313809871674,3810.045422519,8.97602320301164,1.0528104603290558,1778031688.6504462,175,,,,,,,
26.929711543168775,195,3,3.1749055325984954,3829.904902023,8.976570514389591,1.0583018441994985,1778031708.4194217,175,,,,,,,
26.931973453158015,196,3,3.191455137133598,3850.024561828,8.977324484386004,1.0638183790445328,1778031728.2789452,175,,,,,,,
26.93603205346214,197,3,3.2082214719057083,3868.211852731,8.978677351154047,1.0694071573019028,1778031748.398559,175,,,,,,,
26.926598247412073,198,3,3.223377541104952,3888.116714737,8.975532749137358,1.0744591803683174,1778031766.5858307,175,,,,,,,
26.929156522832724,199,3,3.239965023001035,3907.32581886,8.976385507610907,1.079988341000345,1778031786.4908094,175,,,,,,,
26.926886974048614,200,3,3.2559718227386476,3907.334846003,8.975628991349538,1.0853239409128825,1778031805.7087882,200,0.372707289904356,0.8844573041796684,3216436.0,0.37212554931640623,0.3084240257740021,4.894296556469342e-05,0.24205748865355523
26.92371503005178,201,3,3.2718662158648173,3945.916778979,8.974571676683928,1.090622071954939,1778031824.7722435,200,,,,,,,
26.923613114602887,202,3,3.288131710489591,3963.733183603,8.974537704867629,1.0960439034965304,1778031844.2908323,200,,,,,,,
26.91195469940824,203,3,3.302978720664978,3983.224316183,8.970651566469414,1.100992906888326,1778031862.1072466,200,,,,,,,
26.91172539729503,204,3,3.3192212702830632,4002.815262663,8.970575132431676,1.1064070900943543,1778031881.5983043,200,,,,,,,
26.912170017690194,205,3,3.3355470699071885,4022.234959859,8.970723339230066,1.111849023302396,1778031901.189263,200,,,,,,,
26.911464530960647,206,3,3.3517301652828855,4042.187115837,8.970488176986883,1.1172433884276285,1778031920.6089773,200,,,,,,,
26.91431108749239,207,3,3.368356949885686,4062.031121172,8.971437029164129,1.1227856499618953,1778031940.5611174,200,,,,,,,
26.916413732577976,208,3,3.384893625378609,4081.775573524,8.972137910859326,1.128297875126203,1778031960.4051285,200,,,,,,,
26.91783968121051,209,3,3.401347335775693,4101.451258949,8.97261322707017,1.1337824452585643,1778031980.149584,200,,,,,,,
26.918800561113965,210,3,3.417743722995122,4120.909299604,8.972933520371322,1.1392479076650408,1778031999.8252485,200,,,,,,,
26.91833132301462,211,3,3.433958832621575,4140.872360228,8.97277710767154,1.1446529442071915,1778032019.2833726,200,,,,,,,
26.921145720406898,212,3,3.450594251950582,4159.351725322,8.973715240135633,1.1501980839835273,1778032039.2458832,200,,,,,,,
26.914339414327543,213,3,3.465994132558505,4178.623719402,8.971446471442514,1.1553313775195015,1778032057.7257388,200,,,,,,,
26.91269790032571,214,3,3.482054020961126,4197.909695497,8.97089930010857,1.1606846736537086,1778032076.9976199,200,,,,,,,
26.91116312270756,215,3,3.4981257989009222,4216.568479206,8.970387707569186,1.166041932966974,1778032096.2837408,200,,,,,,,
26.90563939660971,216,3,3.5136747942368185,4236.286112906,8.968546465536571,1.171224931412273,1778032114.9425433,200,,,,,,,
26.90689187613134,217,3,3.5301061288515725,4255.884786547,8.968963958710447,1.1767020429505242,1778032134.660138,200,,,,,,,
26.907381117495195,218,3,3.546438381870588,4275.555173467,8.969127039165066,1.1821461272901959,1778032154.2588394,200,,,,,,,
26.908317242595885,219,3,3.5628303966919583,4295.567916762,8.969439080865294,1.1876101322306527,1778032173.929255,200,,,,,,,
26.91138878510396,220,3,3.579507577220599,4315.145254785,8.970462928367986,1.1931691924068664,1778032193.941877,200,,,,,,,
26.91171818388174,221,3,3.595822078982989,4334.809194982,8.97057272796058,1.1986073596609963,1778032213.5192735,200,,,,,,,
26.912582328169194,222,3,3.612208752632141,4354.262875524,8.970860776056398,1.2040695842107136,1778032233.1833246,200,,,,,,,
26.912137947449594,223,3,3.6284200497468317,4373.684800001,8.970712649149863,1.2094733499156105,1778032252.6368508,200,,,,,,,
26.911501292362804,224,3,3.6446047699451443,4393.651132159,8.970500430787602,1.2148682566483815,1778032272.058518,200,,,,,,,
26.914208305802166,225,3,3.6612435724337895,4393.660338444,8.971402768600722,1.2204145241445965,1778032292.0340261,225,0.36437384225428104,0.8860299676656723,3617917.0,0.36411117553710937,0.284839391708374,4.8562221019615404e-05,0.2723146747352496
26.912209703706008,226,3,3.677242680191994,4432.408370028,8.970736567902003,1.225747560063998,1778032311.2240007,225,,,,,,,
26.912411622006815,227,3,3.6935413773854577,4452.487653977,8.970803874002272,1.2311804591284858,1778032330.7824733,225,,,,,,,
26.915760111313812,228,3,3.71027406613032,4469.475541657,8.971920037104605,1.23675802204344,1778032350.8616638,225,,,,,,,
26.900472830289317,229,3,3.724430639743805,4489.347130004,8.966824276763106,1.2414768799146016,1778032367.8495557,225,,,,,,,
26.90259983942474,230,3,3.740990304152171,4508.99067241,8.967533279808247,1.2469967680507237,1778032387.721141,225,,,,,,,
26.903345323109523,231,3,3.7573595947027205,4528.457376743,8.967781774369842,1.2524531982342402,1778032407.3643382,225,,,,,,,
26.90303848386153,232,3,3.773582181533177,4547.590147141,8.96767949462051,1.2578607271777258,1778032426.8313942,225,,,,,,,
26.900756454031182,233,3,3.789526151021321,4566.331836988,8.966918818010393,1.2631753836737738,1778032445.964157,225,,,,,,,
26.896190450869053,234,3,3.8051442354917526,4585.898463368,8.965396816956352,1.2683814118305843,1778032464.705858,225,,,,,,,
26.89650209402531,235,3,3.8214498138427735,4605.693749313,8.965500698008436,1.2738166046142578,1778032484.2725909,225,,,,,,,
26.898146159170714,236,3,3.8379458848635357,4624.765878195,8.966048719723572,1.279315294954512,1778032504.0678742,225,,,,,,,
26.89557032419827,237,3,3.853839278618495,4642.854636258,8.96519010806609,1.2846130928728317,1778032523.1399188,225,,,,,,,
26.887321933947025,238,3,3.868913313349088,4662.582054156,8.962440644649007,1.2896377711163627,1778032541.2287536,225,,,,,,,
26.888592094759893,239,3,3.8853527875741323,4682.375162229,8.962864031586632,1.295117595858044,1778032560.9561265,225,,,,,,,
26.890229173440073,240,3,3.901847038467725,4702.135289811,8.963409724480023,1.3006156794892416,1778032580.7492251,225,,,,,,,
26.891664140635008,241,3,3.9183138197660443,4721.619255228,8.963888046878337,1.3061046065886814,1778032600.5093725,225,,,,,,,
26.891514486898732,242,3,3.9345504872004193,4740.942182971,8.963838162299577,1.3115168290668064,1778032619.9933734,225,,,,,,,
26.89045220300003,243,3,3.950652893185615,4760.849270979,8.963484067666677,1.3168842977285384,1778032639.3162503,225,,,,,,,
26.89269866885709,244,3,3.967242125272751,4780.342765353,8.96423288961903,1.3224140417575836,1778032659.2233307,225,,,,,,,
26.892599514137324,245,3,3.9834866269429527,4800.075396917,8.964199838045774,1.3278288756476508,1778032678.7167346,225,,,,,,,
26.89384228092545,246,3,3.999930593172709,4820.001063764,8.964614093641817,1.3333101977242363,1778032698.4494936,225,,,,,,,
26.896151113780405,247,3,4.016535263061524,4839.918455859,8.965383704593469,1.3388450876871745,1778032718.3750975,225,,,,,,,
26.89839582768339,248,3,4.033133110801379,4859.100421069,8.96613194256113,1.3443777036004596,1778032738.292524,225,,,,,,,
26.89655112827,249,3,4.0491180356343595,4878.860917812,8.965517042756668,1.3497060118781197,1778032757.4744244,225,,,,,,,
26.897911466256776,250,3,4.065585167209307,4878.872053632,8.965970488752259,1.3551950557364358,1778032777.2457666,250,0.3645349232107401,0.8858647364377975,4019361.0,0.36415294647216795,0.38156160712242126,4.8124995720291133e-05,0.30257186081694404
26.8906479008106,251,3,4.0807452376683555,4917.07516199,8.9635493002702,1.3602484125561185,1778032795.427251,250,,,,,,,
26.893451305080657,252,3,4.09743030766646,4937.081962953,8.96448376836022,1.365810102555487,1778032815.4491496,250,,,,,,,
26.896149688982675,253,3,4.1141027033329,4955.15266376,8.96538322966089,1.3713675677776336,1778032835.4560251,250,,,,,,,
26.888320016616913,254,3,4.129161598682404,4974.657343202,8.962773338872305,1.3763871995608012,1778032853.5266972,250,,,,,,,
26.88830300879011,255,3,4.145415518283844,4994.290515133,8.962767669596705,1.3818051727612812,1778032873.0313997,250,,,,,,,
26.888977336521883,256,3,4.161776419679324,5014.045402566,8.962992445507295,1.3872588065597746,1778032892.6644864,250,,,,,,,
26.890300025670914,257,3,4.178238879442215,5033.932871689,8.963433341890305,1.392746293147405,1778032912.4194384,250,,,,,,,
26.892319514685205,258,3,4.194811629255613,5053.389517154,8.964106504895069,1.3982705430852043,1778032932.3067534,250,,,,,,,
26.892032779961475,259,3,4.21102568924427,5072.464748947,8.964010926653824,1.4036752297480901,1778032951.7636461,250,,,,,,,
26.88932201201029,260,3,4.226858357389768,5092.211135132,8.963107337336764,1.4089527857965893,1778032970.7628071,250,,,,,,,
26.890978978782474,261,3,4.243376973072688,5111.966003258,8.963659659594157,1.4144589910242293,1778032990.5851464,250,,,,,,,
26.892268200169386,262,3,4.259839340051015,5131.906485265,8.964089400056462,1.4199464466836718,1778033010.3399887,250,,,,,,,
26.894521138287317,263,3,4.276456505060196,5151.311934306,8.964840379429106,1.425485501686732,1778033030.2806206,250,,,,,,,
26.89396279530694,264,3,4.292627677122752,5170.709557777,8.964654265102313,1.4308758923742506,1778033049.6859918,250,,,,,,,
26.89336820873974,265,3,4.308792367180188,5190.084797718,8.964456069579914,1.436264122393396,1778033069.0836155,250,,,,,,,
26.892662371465736,266,3,4.324938446680705,5209.819747998,8.964220790488579,1.4416461488935683,1778033088.4589534,250,,,,,,,
26.893817944983567,267,3,4.3413841543595,5229.018627027,8.964605981661188,1.4471280514531666,1778033108.1937637,250,,,,,,,
26.892208181487685,268,3,4.35738318781058,5248.604570088,8.964069393829229,1.4524610626035266,1778033127.3926065,250,,,,,,,
26.89259410705856,269,3,4.373704845706622,5268.465906463,8.964198035686188,1.4579016152355406,1778033146.9785962,250,,,,,,,
26.894382607376137,270,3,4.390255927443505,5287.912352378,8.964794202458712,1.4634186424811682,1778033166.8398983,250,,,,,,,
26.89404802438811,271,3,4.406461314757665,5306.450656443,8.964682674796036,1.468820438252555,1778033186.286361,250,,,,,,,
26.889114100170488,272,3,4.421909936666489,5325.787280411,8.963038033390163,1.4739699788888296,1778033204.824703,250,,,,,,,
26.888246390965104,273,3,4.4380237392584485,5346.128985624,8.962748796988368,1.4793412464194828,1778033224.1612775,250,,,,,,,
26.89244179660821,274,3,4.454975243210792,5365.526650963,8.96414726553607,1.4849917477369308,1778033244.5030725,250,,,,,,,
26.89187421648719,275,3,4.471139909029007,5365.534934146,8.963958072162397,1.4903799696763356,1778033263.9084072,275,0.3585366539657116,0.8878661352396011,4421612.0,0.35833633422851563,0.30203357338905334,4.763233773492524e-05,0.3328290468986384
26.89080957596141,276,3,4.487220944960912,5404.733390518,8.963603191987136,1.4957403149869708,1778033283.1979113,275,,,,,,,
26.892798915709832,277,3,4.503812152147294,5424.685253609,8.964266305236611,1.5012707173824311,1778033303.1073654,275,,,,,,,
26.894984361114833,278,3,4.520438725749651,5444.460124598,8.964994787038279,1.5068129085832171,1778033323.0592484,275,,,,,,,
26.896279798300316,279,3,4.536917813618977,5463.530923533,8.965426599433439,1.5123059378729926,1778033342.8341556,275,,,,,,,
26.89409974734414,280,3,4.552810114423433,5482.513932521,8.96469991578138,1.5176033714744779,1778033361.9049215,275,,,,,,,
26.89150494708144,281,3,4.568629316886266,5502.383851694,8.96383498236048,1.5228764389620888,1778033380.8879552,275,,,,,,,
26.89326329113885,282,3,4.5851875744263335,5521.616682163,8.964421097046284,1.528395858142111,1778033400.7578657,275,,,,,,,
26.89190635055479,283,3,4.601214931805929,5541.058222688,8.963968783518263,1.5337383106019762,1778033419.990699,275,,,,,,,
26.891572075584126,284,3,4.617416245142619,5560.823650496,8.963857358528042,1.539138748380873,1778033439.432275,275,,,,,,,
26.892806626212526,285,3,4.633887477914492,5580.360842208,8.964268875404176,1.5446291593048307,1778033459.1977537,275,,,,,,,
26.892932175864704,286,3,4.650168441534042,5599.807900995,8.964310725288234,1.550056147178014,1778033478.7349114,275,,,,,,,
26.892624169916225,287,3,4.666374326944351,5617.550300962,8.964208056638741,1.5554581089814503,1778033498.1819756,275,,,,,,,
26.884159328983063,288,3,4.6811595445871355,5635.241213191,8.961386442994355,1.5603865148623783,1778033515.9242418,275,,,,,,,
26.875508699859854,289,3,4.695902064243953,5654.71152804,8.958502899953285,1.5653006880813174,1778033533.615257,275,,,,,,,
26.87537438094342,290,3,4.712127309838931,5674.405272341,8.95845812698114,1.5707091032796436,1778033553.0855618,275,,,,,,,
26.87629924974764,291,3,4.7285387434562045,5693.958904464,8.958766416582547,1.5761795811520682,1778033572.7792735,275,,,,,,,
26.87655651993675,292,3,4.744833436409632,5713.888383377,8.95885217331225,1.5816111454698774,1778033592.3329089,275,,,,,,,
26.87858023877301,293,3,4.761441360314687,5733.657129722,8.959526746257671,1.5871471201048957,1778033612.262416,275,,,,,,,
26.879836709234453,294,3,4.777915352185568,5751.284293734,8.959945569744818,1.5926384507285225,1778033632.0312035,275,,,,,,,
26.87107819170602,295,3,4.792604635159175,5770.130499563,8.957026063902006,1.5975348783863916,1778033649.6583428,275,,,,,,,
26.868055046965946,296,3,4.808309730291366,5789.832466013,8.956018348988648,1.6027699100971222,1778033668.5044615,275,,,,,,,
26.869024223657835,297,3,4.824728049834569,5809.697144342,8.956341407885946,1.6082426832781898,1778033688.2064412,275,,,,,,,
26.87073971192576,298,3,4.841282003720602,5829.174431306,8.956913237308587,1.6137606679068672,1778033708.0711868,275,,,,,,,
26.870657410386414,299,3,4.8575130385160445,5848.200373377,8.95688580346214,1.6191710128386816,1778033727.5484288,275,,,,,,,
26.868502154507905,300,3,4.873367984493574,5848.21093676,8.956167384835968,1.6244559948311912,1778033746.5848947,300,0.35612545765936376,0.8885099154710769,4822051.0,0.35548336029052735,0.39682233333587646,4.708542800883591e-05,0.3630862329803328
26.86886498041591,301,3,4.889678572614987,5887.082604807,8.956288326805304,1.6298928575383291,1778033766.1470659,300,,,,,,,
26.868024326866824,302,3,4.9057698589563365,5906.784058203,8.956008108955608,1.6352566196521123,1778033785.4566152,300,,,,,,,
26.868971890651743,303,3,4.92218771636486,5924.814443828,8.956323963550581,1.6407292387882868,1778033805.15805,300,,,,,,,
26.862336698421522,304,3,4.937213032841682,5943.196018849,8.954112232807175,1.6457376776138941,1778033823.188421,300,,,,,,,
26.85733168807316,305,3,4.952530934015909,5963.161042522,8.952443896024386,1.6508436446719699,1778033841.5699022,300,,,,,,,
26.859493191899297,306,3,4.9691686316331225,5982.650355174,8.953164397299766,1.6563895438777076,1778033861.5351408,300,,,,,,,
26.85950342535196,307,3,4.985409644246102,6001.744158343,8.953167808450653,1.6618032147487005,1778033881.0243602,300,,,,,,,
26.857744674225902,308,3,5.001321257352829,6020.11320207,8.9525815580753,1.6671070857842762,1778033900.1182883,300,,,,,,,
26.852763441684043,309,3,5.016628720362981,6040.024758412,8.950921147228014,1.672209573454327,1778033918.4872441,300,,,,,,,
26.85467289719787,310,3,5.033221643368403,6060.160426653,8.95155763239929,1.6777405477894678,1778033938.3987517,300,,,,,,,
26.857563864289112,311,3,5.050001427928606,6079.73334972,8.95252128809637,1.6833338093095356,1778033958.5344932,300,,,,,,,
26.85795002068337,312,3,5.066312216718991,6099.393905374,8.952650006894457,1.6887707389063304,1778033978.107469,300,,,,,,,
26.858718864135724,313,3,5.0826958914597835,6119.461189761,8.952906288045241,1.6942319638199277,1778033997.767847,300,,,,,,,
26.861269046931255,314,3,5.099418670336405,6138.903350894,8.953756348977086,1.6998062234454685,1778034017.8351831,300,,,,,,,
26.8610671678914,315,3,5.115620409846306,6158.752830333,8.9536890559638,1.705206803282102,1778034037.2772732,300,,,,,,,
26.862643546385357,316,3,5.132161644895872,6178.554700517,8.954214515461786,1.7107205482986239,1778034057.1267743,300,,,,,,,
26.864002568047386,317,3,5.148663128217062,6198.309040543,8.954667522682461,1.7162210427390205,1778034076.928568,300,,,,,,,
26.865147982318447,318,3,5.165125186443329,6217.645613788,8.955049327439482,1.7217083954811097,1778034096.6830094,300,,,,,,,
26.86448038199852,319,3,5.181238961219787,6237.369109435,8.954826793999507,1.727079653739929,1778034116.0195422,300,,,,,,,
26.86548405818517,320,3,5.197675271232923,6256.785887314,8.95516135272839,1.7325584237443077,1778034135.7431042,300,,,,,,,
26.865164069896668,321,3,5.213855904738108,6276.244686678,8.955054689965555,1.737951968246036,1778034155.1598704,300,,,,,,,
26.86502630508711,322,3,5.230071626504262,6296.130209158,8.955008768362369,1.7433572088347542,1778034174.618734,300,,,,,,,
26.866710065616786,323,3,5.246642896731695,6316.025600217,8.955570021872262,1.7488809655772315,1778034194.5042539,300,,,,,,,
26.86842571199554,324,3,5.263222449024519,6335.476120044,8.956141903998512,1.7544074830081728,1778034214.3997169,300,,,,,,,
26.868243005486022,325,3,5.279431062142054,6335.48478958,8.956081001828673,1.7598103540473513,1778034233.8583434,325,0.3343816669285297,0.894084704220295,5223459.0,0.3356009292602539,0.3261467218399048,4.6485577533623145e-05,0.39334341906202724
26.870743715330374,326,3,5.29616835017999,6375.472164069,8.95691457177679,1.7653894500599967,1778034253.9348106,325,,,,,,,
26.87249849287742,327,3,5.312761189341545,6395.394199738,8.957499497625808,1.7709203964471818,1778034273.8462143,325,,,,,,,
26.87428695834386,328,3,5.329362830917041,6414.467477006,8.958095652781287,1.7764542769723468,1778034293.768184,325,,,,,,,
26.87250907308304,329,3,5.345257246096929,6434.293814041,8.957503024361014,1.781752415365643,1778034312.8414798,325,,,,,,,
26.873887124798514,330,3,5.361779172420502,6453.299536918,8.957962374932839,1.7872597241401673,1778034332.6678026,325,,,,,,,
26.871839479031518,331,3,5.377617211341858,6472.620873099,8.95727982634384,1.7925390704472859,1778034351.6734338,325,,,,,,,
26.87111519312763,332,3,5.393718406359355,6492.403800559,8.95703839770921,1.7979061354531183,1778034370.994873,325,,,,,,,
26.87230554668395,333,3,5.410204200148582,6511.146111532,8.957435182227984,1.8034014000495275,1778034390.7778208,325,,,,,,,
26.869194596789317,334,3,5.425822850863139,6530.604954437,8.956398198929772,1.8086076169543797,1778034409.5201995,325,,,,,,,
26.86904974642322,335,3,5.442038491566976,6550.356244663,8.956349915474407,1.8140128305223253,1778034428.9789698,325,,,,,,,
26.87010611619031,336,3,5.4584979776541385,6570.222058778,8.956702038730104,1.819499325884713,1778034448.7303867,325,,,,,,,
26.871623911611163,337,3,5.475052755872408,6589.958417823,8.957207970537054,1.8250175852908028,1778034468.5960886,325,,,,,,,
26.872605101836506,338,3,5.491499712467194,6609.612819755,8.957535033945502,1.8304999041557313,1778034488.3324385,325,,,,,,,
26.873247159258803,339,3,5.507878347635269,6627.222792972,8.957749053086268,1.8359594492117564,1778034507.9868026,325,,,,,,,
26.86559803281812,340,3,5.522553404569626,6646.645684631,8.955199344272707,1.840851134856542,1778034525.5968676,325,,,,,,,
26.865321260336437,341,3,5.538739147384961,6665.936537571,8.955107086778812,1.8462463824616537,1778034545.0197587,325,,,,,,,
26.864513552269038,342,3,5.554814773201942,6686.008752601,8.954837850756345,1.8516049244006474,1778034564.3105211,325,,,,,,,
26.866851128974623,343,3,5.571541679104169,6706.036361418,8.955617042991541,1.8571805597013897,1778034584.3827956,325,,,,,,,
26.86899640491651,344,3,5.588231416742007,6725.938211587,8.956332134972168,1.8627438055806689,1778034604.4105225,325,,,,,,,
26.87062602872549,345,3,5.604816190997759,6745.588901704,8.956875342908496,1.8682720636659198,1778034624.312212,325,,,,,,,
26.871245995256942,346,3,5.621191725730895,6765.265094,8.95708199841898,1.873730575243632,1778034643.9628613,325,,,,,,,
26.871964242785854,347,3,5.637588628927867,6784.961096053,8.957321414261951,1.8791962096426222,1778034663.639137,325,,,,,,,
26.87275620579948,348,3,5.654001910289129,6804.67220612,8.957585401933159,1.8846673034297095,1778034683.3350754,325,,,,,,,
26.873603701941033,349,3,5.670427866975466,6823.649993188,8.957867900647011,1.8901426223251554,1778034703.0462217,325,,,,,,,
26.87155861678805,350,3,5.686242754459381,6823.658593084,8.957186205596017,1.8954142514864605,1778034722.032702,350,0.33820109255611897,0.8926868230104447,5626768.0,0.337778205871582,0.3164687752723694,4.583422420460448e-05,0.4236006051437216
26.872601441065697,351,3,5.702710463007291,6863.126253802,8.957533813688567,1.9009034876690971,1778034741.7853358,350,,,,,,,
26.873456760699096,352,3,5.719139528274535,6880.906755739,8.957818920233033,1.9063798427581786,1778034761.500214,350,,,,,,,
26.86675468953743,353,3,5.733956714272499,6900.732115174,8.955584896512477,1.9113189047574997,1778034779.2808375,350,,,,,,,
26.868052106757847,354,3,5.750477899511655,6920.753660534,8.956017368919282,1.9168259665038851,1778034799.1062603,350,,,,,,,
26.87010251137908,355,3,5.767162268161774,6940.469593375,8.95670083712636,1.9223874227205913,1778034819.1275,350,,,,,,,
26.870959690365,356,3,5.78359229127566,6959.639594354,8.956986563455,1.9278640970918868,1778034838.8435392,350,,,,,,,
26.86970419921127,357,3,5.799567351341247,6979.313385742,8.956568066403756,1.9331891171137492,1778034858.0136058,350,,,,,,,
26.87039514061792,358,3,5.8159621888399125,6998.874917225,8.956798380205974,1.9386540629466376,1778034877.6874182,350,,,,,,,
26.870651017061068,359,3,5.832263431151707,7017.984128364,8.956883672353689,1.9440878103839025,1778034897.2488997,350,,,,,,,
26.869173751747166,360,3,5.84818775733312,7037.375216011,8.956391250582389,1.94939591911104,1778034916.3580983,350,,,,,,,
26.868781363653678,361,3,5.864347081184388,7057.093405973,8.956260454551227,1.9547823603947958,1778034935.7492766,350,,,,,,,
26.869635485907942,362,3,5.880778746008873,7077.021393563,8.956545161969315,1.9602595820029576,1778034955.4672754,350,,,,,,,
26.87128207529215,363,3,5.897385364770889,7096.808168436,8.957094025097383,1.9657951215902965,1778034975.395249,350,,,,,,,
26.872386040172294,364,3,5.913874557813008,7115.921141759,8.957462013390765,1.9712915192710028,1778034995.1822462,350,,,,,,,
26.870938166171992,365,3,5.929801953236262,7135.469292948,8.956979388723997,1.976600651078754,1778035014.2951229,350,,,,,,,
26.871136982183643,366,3,5.946091980338097,7155.263077718,8.95704566072788,1.982030660112699,1778035033.8431692,350,,,,,,,
26.8722583803613,367,3,5.962586956222852,7175.149615196,8.957419460120434,1.9875289854076175,1778035053.6371233,350,,,,,,,
26.873720346225994,368,3,5.979159061312675,7194.84732944,8.957906782075332,1.9930530204375585,1778035073.5236511,350,,,,,,,
26.874469385455075,369,3,5.995573883454004,7214.392719008,8.958156461818358,1.9985246278180016,1778035093.2214358,350,,,,,,,
26.874646392981216,370,3,6.011861647764842,7233.731700782,8.958215464327072,2.0039538825882808,1778035112.7667542,350,,,,,,,
26.87405600814485,371,3,6.027977496385574,7251.816872707,8.958018669381618,2.009325832128525,1778035132.1058102,350,,,,,,,
26.868822789592762,372,3,6.0430484145879735,7271.63384435,8.956274263197589,2.0143494715293246,1778035150.190882,350,,,,,,,
26.87001728814878,373,3,6.059562544425329,7291.413992017,8.956672429382927,2.0198541814751096,1778035170.0078425,350,,,,,,,
26.871069452143185,374,3,6.07604593416055,7310.753977755,8.957023150714395,2.0253486447201836,1778035189.78791,350,,,,,,,
26.87049870648596,375,3,6.092162645061811,7310.761440808,8.956832902161986,2.0307208816872704,1778035209.135013,375,0.33055034905672076,0.8964075249433517,6028969.0,0.33050315856933593,0.3348676562309265,4.5132929374051134e-05,0.45385779122541603
26.86950499296294,376,3,6.108182513515155,7347.747372982,8.956501664320982,2.036060837838385,1778035228.3518002,375,,,,,,,
26.86319966859358,377,3,6.122990492781003,7367.034132615,8.954399889531192,2.0409968309270012,1778035246.1213737,375,,,,,,,
26.862460140204302,378,3,6.139062837362289,7386.733264858,8.954153380068101,2.046354279120763,1778035265.4081872,375,,,,,,,
26.86322379622107,379,3,6.155478729605675,7405.106539615,8.954407932073691,2.0518262432018917,1778035285.1072702,375,,,,,,,
26.859174348546752,380,3,6.170789753595988,7425.146502337,8.953058116182252,2.0569299178653293,1778035303.4804802,375,,,,,,,
26.861176144929694,381,3,6.187489789128303,7444.869585475,8.953725381643231,2.0624965963761013,1778035323.520541,375,,,,,,,
26.862023550731763,382,3,6.203925632635752,7464.344241636,8.954007850243922,2.067975210878584,1778035343.2435489,375,,,,,,,
26.861972917671093,383,3,6.220154551068941,7483.801550354,8.95399097255703,2.0733848503563137,1778035362.718242,375,,,,,,,
26.861859976970077,384,3,6.236368942658107,7503.89699466,8.953953325656693,2.078789647552702,1778035382.1755352,375,,,,,,,
26.86403246682444,385,3,6.25311517516772,7522.281369664,8.954677488941481,2.0843717250559064,1778035402.2709937,375,,,,,,,
26.86008396230728,386,3,6.268435555895169,7539.916914924,8.953361320769094,2.089478518631723,1778035420.6554463,375,,,,,,,
26.853488003527882,387,3,6.283131715456645,7559.15462948,8.951162667842627,2.0943772384855484,1778035438.2908418,375,,,,,,,
26.852618336333443,388,3,6.299163188934326,7578.254517692,8.950872778777814,2.0997210629781087,1778035457.5286121,375,,,,,,,
26.85126473214244,389,3,6.315079794923465,7597.312359625,8.950421577380814,2.1050265983078216,1778035476.6285548,375,,,,,,,
26.84976924834292,390,3,6.330961310068766,7616.813535679,8.949923082780973,2.1103204366895887,1778035495.6863546,375,,,,,,,
26.849844221163284,391,3,6.347212267518043,7636.706318594,8.949948073721094,2.1157374225060144,1778035515.1875205,375,,,,,,,
26.851296279518582,392,3,6.363789686560631,7656.093408358,8.95043209317286,2.1212632288535436,1778035535.0804064,375,,,,,,,
26.85096665130721,393,3,6.379945522348086,7676.010041492,8.950322217102403,2.126648507449362,1778035554.4674168,375,,,,,,,
26.85249134818309,394,3,6.396542679071426,7695.800454723,8.950830449394363,2.1321808930238086,1778035574.3840046,375,,,,,,,
26.853568157767445,395,3,6.413034717241922,7715.677749461,8.951189385922481,2.137678239080641,1778035594.174443,375,,,,,,,
26.854941708539872,396,3,6.429599103132884,7735.25549815,8.951647236179957,2.1431997010442947,1778035614.0517154,375,,,,,,,
26.855268662920725,397,3,6.445913941462834,7754.685663299,8.951756220973575,2.1486379804876115,1778035633.6295218,375,,,,,,,
26.855081974844037,398,3,6.4621055779854455,7774.565236171,8.951693991614679,2.1540351926618153,1778035653.0595217,375,,,,,,,
26.856449765425083,399,3,6.478671980897586,7793.307336076,8.95214992180836,2.159557326965862,1778035672.9391692,375,,,,,,,
26.85389081364671,400,3,6.4942904023329415,7793.315944665,8.951296937882237,2.1647634674443137,1778035691.6894462,400,0.3303224164992571,0.8955351573228836,6427944.0,0.3318093490600586,0.31077319383621216,4.4383374108486755e-05,0.48411497730711045
26.854002501405684,401,3,6.510553206205369,7831.618625767,8.951334167135228,2.170184402068456,1778035711.1966302,400,,,,,,,
26.851647227166307,402,3,6.52621655702591,7851.215983608,8.950549075722103,2.1754055190086365,1778035729.9926493,400,,,,,,,
26.852044214040806,403,3,6.542547653118769,7871.009557923,8.95068140468027,2.1808492177062564,1778035749.589989,400,,,,,,,
26.853109249263117,404,3,6.559042404294015,7890.392726032,8.951036416421038,2.186347468098005,1778035769.3836663,400,,,,,,,
26.852770822866468,405,3,6.575194790363312,7909.655962906,8.950923607622157,2.1917315967877706,1778035788.7665417,400,,,,,,,
26.8520285008488,406,3,6.591247624754905,7929.213223727,8.9506761669496,2.1970825415849684,1778035808.0299332,400,,,,,,,
26.852285104378822,407,3,6.6075453672806415,7948.756296294,8.950761701459607,2.2025151224268806,1778035827.5872228,400,,,,,,,
26.852492308789024,408,3,6.623831234574318,7968.764588413,8.950830769596342,2.207943744858106,1778035847.130272,400,,,,,,,
26.854266534515194,409,3,6.640504844387372,7988.34218366,8.951422178171732,2.2135016147957907,1778035867.1385963,400,,,,,,,
26.854582393933118,410,3,6.656819094022115,8006.36380475,8.951527464644373,2.2189396980073717,1778035886.7156978,400,,,,,,,
26.84968188275773,411,3,6.671837517420451,8026.35037336,8.949893960919242,2.2239458391401503,1778035904.7378035,400,,,,,,,
26.851374956947122,412,3,6.688492431839307,8045.612114811,8.950458318982374,2.229497477279769,1778035924.7236977,400,,,,,,,
26.850645151138302,413,3,6.704544405937194,8065.336255384,8.950215050379434,2.234848135312398,1778035943.9860783,400,,,,,,,
26.851456321711122,414,3,6.720981207489967,8085.200796545,8.950485440570374,2.2403270691633224,1778035963.7102304,400,,,,,,,
26.852729653682097,415,3,6.737534949382146,8103.825890953,8.950909884560698,2.245844983127382,1778035983.5747197,400,,,,,,,
26.84989066821547,416,3,6.753055935899416,8123.450897118,8.949963556071824,2.2510186452998053,1778036002.1998997,400,,,,,,,
26.85036993126408,417,3,6.769410073359807,8143.481195868,8.950123310421361,2.256470024453269,1778036021.8248737,400,,,,,,,
26.85218333223505,418,3,6.786101954579354,8163.04322234,8.950727777411684,2.2620339848597846,1778036041.855131,400,,,,,,,
26.852447907065436,419,3,6.8024036717414855,8183.105353819,8.95081596902181,2.267467890580495,1778036061.417192,400,,,,,,,
26.854352455731423,420,3,6.819122147162755,8202.044703362,8.951450818577142,2.2730407157209185,1778036081.4793549,400,,,,,,,
26.852571951722872,421,3,6.834904952645301,8221.714526599,8.950857317240956,2.278301650881767,1778036100.418719,400,,,,,,,
26.853185855431764,422,3,6.851296512087186,8241.473449391,8.951061951810589,2.283765504029062,1778036120.0885897,400,,,,,,,
26.85408694742983,423,3,6.867762260437012,8261.187777907,8.951362315809945,2.2892540868123374,1778036139.8475614,400,,,,,,,
26.854838855051955,424,3,6.884190855224927,8280.713246823,8.951612951683986,2.2947302850749756,1778036159.5618064,400,,,,,,,
26.85497452376777,425,3,6.900462014873822,8280.720807307,8.951658174589257,2.3001540049579408,1778036179.094872,425,0.3320442323386669,0.896590211391449,6829748.0,0.328985595703125,0.49328508973121643,4.358735515902035e-05,0.5143721633888049
26.850093059819628,426,3,6.915441138744354,8318.447762168,8.950031019939876,2.305147046248118,1778036197.0621493,425,,,,,,,
26.850995154049507,427,3,6.931907455126445,8338.460087485,8.950331718016502,2.3106358183754816,1778036216.8217304,425,,,,,,,
26.852707070607078,428,3,6.948584417303404,8355.89876101,8.950902356869026,2.3161948057678012,1778036236.8340838,425,,,,,,,
26.846141860687926,429,3,6.963116601109505,8375.597182498,8.948713953562642,2.3210388670365014,1778036254.2727003,425,,,,,,,
26.846850919022113,430,3,6.979531980156898,8395.318415631,8.948950306340704,2.3265106600522993,1778036273.971162,425,,,,,,,
26.847629739120777,431,3,6.995966395139694,8415.316193994,8.949209913040258,2.331988798379898,1778036293.692453,425,,,,,,,
26.84928711339923,432,3,7.012631217042605,8434.889050105,8.949762371133078,2.3375437390142015,1778036313.6902406,425,,,,,,,
26.849583869304357,433,3,7.028941847284635,8454.57045366,8.94986128976812,2.342980615761545,1778036333.2630002,425,,,,,,,
26.850224268071113,434,3,7.045343006253242,8474.276766151,8.950074756023703,2.348447668751081,1778036352.9443963,425,,,,,,,
26.850940972843393,435,3,7.061765007972718,8493.609508606,8.950313657614464,2.3539216693242393,1778036372.6507907,425,,,,,,,
26.850473341524417,436,3,7.077875681320826,8513.645197354,8.950157780508139,2.3592918937736087,1778036391.9835992,425,,,,,,,
26.852224804735837,437,3,7.094572091698646,8533.547438713,8.950741601578613,2.364857363899549,1778036412.0192914,425,,,,,,,
26.853548128626663,438,3,7.111157243251801,8552.818963054,8.951182709542222,2.3703857477506003,1778036431.9214706,425,,,,,,,
26.852885550179085,439,3,7.127216902375222,8572.37470649,8.950961850059695,2.3757389674584073,1778036451.1930664,425,,,,,,,
26.85311609104998,440,3,7.143513349493344,8591.888273403,8.95103869701666,2.3811711164977813,1778036470.7487993,425,,,,,,,
26.853213519037265,441,3,7.159774583975474,8611.368453706,8.951071173012421,2.3865915279918246,1778036490.2622862,425,,,,,,,
26.853206659936617,442,3,7.176008067528406,8631.357970604,8.951068886645539,2.3920026891761355,1778036509.742459,425,,,,,,,
26.85478470656009,443,3,7.19266603688399,8650.842976037,8.951594902186697,2.3975553456279965,1778036529.732025,425,,,,,,,
26.8547891208968,444,3,7.208903488318126,8670.971942269,8.951596373632267,2.4029678294393753,1778036549.2169683,425,,,,,,,
26.856788747792834,445,3,7.225677746534347,8691.005942921,8.952262915930945,2.4085592488447825,1778036569.346077,425,,,,,,,
26.85848529555338,446,3,7.242372697591782,8710.65327333,8.952828431851126,2.414124232530594,1778036589.380019,425,,,,,,,
26.85898168878356,447,3,7.258745353619258,8730.402528499,8.952993896261187,2.4195817845397527,1778036609.0272093,425,,,,,,,
26.85978955456366,448,3,7.275202974875768,8750.640743891,8.953263184854553,2.4250676582919226,1778036628.7763612,425,,,,,,,
26.862095317875973,449,3,7.292068196932474,8770.127781903,8.954031772625324,2.4306893989774916,1778036649.0146303,425,,,,,,,
26.862090130675277,450,3,7.308307472070058,8770.135673128,8.954030043558426,2.4361024906900193,1778036668.5096052,450,0.31711385428905486,0.8992189234495163,7231835.0,0.3182519340515137,0.33219096064567566,4.2746780654373034e-05,0.5446293494704992
26.861827673561383,451,3,7.324476590553919,8809.279408291,8.953942557853795,2.4414921968513066,1778036687.9046924,450,,,,,,,
26.86262059014983,452,3,7.340933800935746,8828.573981377,8.954206863383277,2.4469779336452486,1778036707.6533556,450,,,,,,,
26.862028334026746,453,3,7.357012596925101,8848.283260324,8.954009444675581,2.4523375323083667,1778036726.9479084,450,,,,,,,
26.86269774777161,454,3,7.373436987598737,8867.637849579,8.954232582590537,2.457812329199579,1778036746.657177,450,,,,,,,
26.862290197699934,455,3,7.389565925002098,8885.237664322,8.954096732566645,2.463188641667366,1778036766.0118952,450,,,,,,,
26.856579253549814,456,3,7.404232248862584,8905.025575859,8.952193084516605,2.468077416287528,1778036783.6114924,450,,,,,,,
26.85749378390855,457,3,7.420722284913063,8924.493515496,8.952497927969516,2.473574094971021,1778036803.3995388,450,,,,,,,
26.857440922993415,458,3,7.436945551832517,8944.374996734,8.952480307664471,2.478981850610839,1778036822.8674479,450,,,,,,,
26.858630291617423,459,3,7.453513484795888,8963.758912795,8.952876763872474,2.484504494931963,1778036842.7489667,450,,,,,,,
26.858323446015515,460,3,7.4696667383114494,8983.319478061,8.952774482005172,2.4898889127704833,1778036862.1328719,450,,,,,,,
26.85854610068679,461,3,7.485967202186584,9001.009224329,8.95284870022893,2.4953224007288615,1778036881.6934326,450,,,,,,,
26.85318698201861,462,3,7.500708818435669,9020.468681473,8.951062327339537,2.5002362728118896,1778036899.383361,450,,,,,,,
26.853118032192135,463,3,7.516924817959468,9039.581873087,8.951039344064046,2.505641605986489,1778036918.842606,450,,,,,,,
26.852021969520838,464,3,7.53285259604454,9058.797483546,8.95067398984028,2.51095086534818,1778036937.9558978,450,,,,,,,
26.85123370086335,465,3,7.548865580956141,9076.59823924,8.950411233621116,2.5162885269853805,1778036957.1714852,450,,,,,,,
26.846262417988203,466,3,7.5636990851163866,9095.740046952,8.948754139329402,2.5212330283721287,1778036974.9716864,450,,,,,,,
26.845273492459654,467,3,7.579650980035464,9115.489765964,8.948424497486553,2.526550326678488,1778036994.1139555,450,,,,,,,
26.846078064500265,468,3,7.5961091500520705,9134.93145712,8.948692688166755,2.53203638335069,1778037013.8637714,450,,,,,,,
26.845973783801785,469,3,7.612310583194097,9154.943520622,8.94865792793393,2.537436861064699,1778037033.3054807,450,,,,,,,
26.847540780979692,470,3,7.628986799915632,9174.505869172,8.949180260326564,2.5429955999718774,1778037053.3169408,450,,,,,,,
26.847788989532948,471,3,7.645289367636044,9194.317971152,8.949262996510981,2.548429789212015,1778037072.880035,450,,,,,,,
26.848763119152377,472,3,7.661799390713375,9213.520415674,8.949587706384126,2.5539331302377914,1778037092.6920528,450,,,,,,,
26.84795638838648,473,3,7.677801313002904,9233.21051501,8.949318796128827,2.5592671043343014,1778037111.8943622,450,,,,,,,
26.848571496887548,474,3,7.69420972764492,9250.867463326,8.94952383229585,2.56473657588164,1778037131.5844524,450,,,,,,,
26.8432845301946,475,3,7.708923912843069,9250.877366232,8.947761510064867,2.569641304281023,1778037149.251308,475,0.32233977898955346,0.8973652678728103,7629449.0,0.32357643127441404,0.2971974313259125,4.186366552692248e-05,0.5748865355521936
26.843699380540045,476,3,7.725272614955902,9290.008146804,8.947899793513349,2.5750908716519674,1778037168.859927,475,,,,,,,
26.843834899655597,477,3,7.741541261871657,9309.675009283,8.947944966551866,2.5805137539572187,1778037188.3823287,475,,,,,,,
26.844386045198725,478,3,7.757930187185605,9329.19913313,8.948128681732909,2.5859767290618683,1778037208.049007,475,,,,,,,
26.844524549809115,479,3,7.774200277725856,9349.209959916,8.948174849936372,2.5914000925752854,1778037227.5731163,475,,,,,,,
26.846060479313135,480,3,7.790876076221466,9368.12499536,8.948686826437712,2.596958692073822,1778037247.5840724,475,,,,,,,
26.844449574032012,481,3,7.806638600428899,9388.212591884,8.948149858010671,2.602212866809633,1778037266.4991348,475,,,,,,,
26.846198056361647,482,3,7.823378151853879,9406.945501265,8.948732685453882,2.6077927172846262,1778037286.5865726,475,,,,,,,
26.844074005011937,483,3,7.838988962769507,9426.640860341,8.948024668337311,2.6129963209231692,1778037305.319545,475,,,,,,,
26.844699338955326,484,3,7.855401741266251,9446.326507135,8.948233112985108,2.6184672470887502,1778037325.0148706,475,,,,,,,
26.845294400660034,485,3,7.871806399226189,9465.602739145,8.948431466886678,2.6239354664087298,1778037344.7004678,475,,,,,,,
26.84472640585262,486,3,7.887870032191277,9484.76853651,8.948242135284207,2.6292900107304256,1778037363.9768674,475,,,,,,,
26.84384774939317,487,3,7.90384150783221,9504.217589146,8.947949249797723,2.63461383594407,1778037383.1425884,475,,,,,,,
26.84377306213226,488,3,7.920049125949542,9524.221562493,8.947924354044087,2.640016375316514,1778037402.5917487,475,,,,,,,
26.845262161524996,489,3,7.936718982458116,9542.782973743,8.948420720508333,2.645572994152705,1778037422.5955708,475,,,,,,,
26.84268778286986,490,3,7.952186828056972,9561.602942622,8.947562594289954,2.650728942685657,1778037441.1569703,475,,,,,,,
26.84084991640892,491,3,7.967870198885599,9580.960409204,8.946949972136307,2.6559567329618665,1778037459.9770193,475,,,,,,,
26.840524907719477,492,3,7.98400136311849,9600.650101773,8.946841635906493,2.6613337877061634,1778037479.3344166,475,,,,,,,
26.841129725111585,493,3,8.000409283240636,9620.414822085,8.947043241703863,2.6668030944135452,1778037499.0239234,475,,,,,,,
26.84194288845648,494,3,8.016880161364874,9639.347967212,8.94731429615216,2.6722933871216243,1778037518.7889912,475,,,,,,,
26.840435947547462,495,3,8.032657674749693,9657.998215224,8.94681198251582,2.6775525582498974,1778037537.7219934,475,,,,,,,
26.83814905312994,496,3,8.048199474215508,9677.47492764,8.946049684376646,2.682733158071836,1778037556.3721595,475,,,,,,,
26.838163993086777,497,3,8.064430172046027,9696.294458022,8.94605466436226,2.6881433906820087,1778037575.8489876,475,,,,,,,
26.836359066344812,498,3,8.080112947424254,9713.631555782,8.945453022114938,2.693370982474751,1778037594.6683218,475,,,,,,,
26.8304677246719,499,3,8.094560698072115,9732.671151907,8.943489241557302,2.698186899357372,1778037612.0056193,475,,,,,,,
26.829292448718544,500,3,8.110426979660987,9732.681004656,8.94309748290618,2.703475659886996,1778037631.054999,500,0.31750737600028517,0.8987570989131928,8029777.0,0.31889509201049804,0.3073238134384155,4.09401266827296e-05,0.6051437216338881
26.861249987811785,501,3,8.136327837904295,9783.580518934,8.953749995937262,2.7121092793014316,1778037662.1261904,500,,,,,,,
26.862183973247,502,3,8.152851484020552,9803.292917591,8.954061324415667,2.7176171613401836,1778037681.9545798,500,,,,,,,
26.862796471829917,503,3,8.169278491735458,9822.631594192,8.954265490609972,2.7230928305784863,1778037701.6669714,500,,,,,,,
26.862384605138864,504,3,8.18539409975211,9842.482847967,8.954128201712955,2.7284646999173696,1778037721.0056999,500,,,,,,,
26.863372891596047,505,3,8.201936705112457,9861.803617621,8.954457630532016,2.7339789017041523,1778037740.8568301,500,,,,,,,
26.862912597305215,506,3,8.218037348389625,9881.783672914,8.954304199101738,2.739345782796542,1778037760.1776006,500,,,,,,,
26.864246646441728,507,3,8.234687454501788,9901.598765655,8.954748882147243,2.7448958181672625,1778037780.1577258,500,,,,,,,
26.86512768470709,508,3,8.251200038592021,9919.873772041,8.95504256156903,2.7504000128640067,1778037799.9728267,500,,,,,,,
26.861834703132693,509,3,8.266429180105527,9939.740493842,8.953944901044231,2.755476393368509,1778037818.2477982,500,,,,,,,
26.86285633131258,510,3,8.28298472126325,9957.147834346,8.95428544377086,2.76099490708775,1778037838.1144502,500,,,,,,,
26.857240848803322,511,3,8.2974909756581,9973.086939479,8.952413616267775,2.7658303252193663,1778037855.5219843,500,,,,,,,
26.847694041585395,512,3,8.310773488084475,9992.392408104,8.949231347195132,2.770257829361492,1778037871.4609647,500,,,,,,,
26.847229686597483,513,3,8.326861444513003,10012.114404364,8.949076562199162,2.775620481504334,1778037890.7665203,500,,,,,,,
26.847882895057612,514,3,8.343296135465303,10031.659407706,8.949294298352537,2.781098711821768,1778037910.488148,500,,,,,,,
26.84806167189975,515,3,8.359583894213042,10049.15786251,8.94935389063325,2.7865279647376804,1778037930.0334485,500,,,,,,,
26.84277205385595,516,3,8.37416588862737,10068.610112598,8.94759068461865,2.791388629542457,1778037947.5318463,500,,,,,,,
26.842711639871606,517,3,8.390376008351645,10088.227349601,8.947570546623869,2.7967920027838815,1778037966.984023,500,,,,,,,
26.843090957677813,518,3,8.406723770300548,10104.551063242,8.947696985892605,2.802241256766849,1778037986.6013072,500,,,,,,,
26.834721934867353,519,3,8.420326894919079,10124.199823904,8.944907311622451,2.8067756316396926,1778038002.925056,500,,,,,,,
26.835198490358312,520,3,8.436700855493545,10144.102245071,8.94506616345277,2.8122336184978485,1778038022.57381,500,,,,,,,
26.83634423257141,521,3,8.453286182085673,10163.627782787,8.945448077523803,2.8177620606952245,1778038042.4761996,500,,,,,,,
26.83649073933733,522,3,8.469557536840439,10183.538935389,8.945496913112443,2.8231858456134797,1778038062.001826,500,,,,,,,
26.837652624538553,523,3,8.486150134603182,10203.620306724,8.945884208179518,2.828716711534394,1778038081.9129457,500,,,,,,,
26.839258023380623,524,3,8.5028846458594,10224.446186083,8.946419341126873,2.8342948819531335,1778038101.9944003,500,,,,,,,
26.842811495392663,525,3,8.52023944079876,10224.452993145,8.947603831797554,2.8400798135995866,1778038122.827,525,0.31343355394899847,0.901488019824028,8423304.0,0.3130915641784668,0.2977280616760254,3.9978377927125056e-05,0.6354009077155824
26.842040249233165,526,3,8.53622319897016,10263.578416107,8.947346749744389,2.845407732990053,1778038142.0006242,525,,,,,,,
26.843289142801066,527,3,8.552849684556325,10282.838436527,8.947763047600354,2.8509498948521084,1778038161.952411,525,,,,,,,
26.84272738232682,528,3,8.568899672230085,10302.21135105,8.94757579410894,2.8562998907433617,1778038181.2123916,525,,,,,,,
26.842461990689664,529,3,8.585043768485388,10321.779305908,8.947487330229887,2.8616812561617957,1778038200.5853183,525,,,,,,,
26.842704177364613,530,3,8.601350189844768,10341.881419652,8.947568059121538,2.867116729948256,1778038220.1530476,525,,,,,,,
26.844333369987087,531,3,8.618102188309035,10361.714052955,8.94811112332903,2.8727007294363447,1778038240.2554111,525,,,,,,,
26.845257660784664,532,3,8.634629428982734,10379.261582127,8.948419220261554,2.8782098096609117,1778038260.0880978,525,,,,,,,
26.840268854980845,533,3,8.649252297282219,10398.425575286,8.946756284993615,2.883084099094073,1778038277.6355498,525,,,,,,,
26.839471261781103,534,3,8.66522228161494,10418.321010133,8.946490420593701,2.88840742720498,1778038296.7995298,525,,,,,,,
26.840561113683606,535,3,8.681801811257998,10436.134361942,8.946853704561203,2.8939339370859996,1778038316.6949575,525,,,,,,,
26.83629291997398,536,3,8.696646315058073,10455.135351984,8.94543097332466,2.8988821050193576,1778038334.5083623,525,,,,,,,
26.835088869490882,537,3,8.7124804854393,10474.95326838,8.945029623163627,2.9041601618131003,1778038353.509365,525,,,,,,,
26.835982476078446,538,3,8.728995509147644,10493.710460404,8.945327492026149,2.9096651697158813,1778038373.3273907,525,,,,,,,
26.834160005283266,539,3,8.744626507163048,10513.010951711,8.94472000176109,2.9148755023876824,1778038392.0845892,525,,,,,,,
26.833730622562367,540,3,8.760710118611655,10532.454186675,8.944576874187455,2.9202367062038848,1778038411.3849397,525,,,,,,,
26.833667079396843,541,3,8.77691287179788,10552.3549164,8.94455569313228,2.9256376239326265,1778038430.8282301,525,,,,,,,
26.8347672101683,542,3,8.79349687298139,10572.062948644,8.944922403389434,2.9311656243271296,1778038450.7290258,525,,,,,,,
26.835373510330133,543,3,8.809920082290969,10592.128209784,8.945124503443378,2.9366400274303226,1778038470.436884,525,,,,,,,
26.836883583316467,544,3,8.826641275286674,10612.14294688,8.94562786110549,2.9422137584288914,1778038490.5023124,525,,,,,,,
26.838259861191474,545,3,8.843320208191871,10631.320642917,8.946086620397157,2.9477734027306237,1778038510.5170224,525,,,,,,,
26.837518106704085,546,3,8.859301624099414,10648.979436626,8.94583936890136,2.9531005413664713,1778038529.6947212,525,,,,,,,
26.832951481575503,547,3,8.874017207026482,10668.565191574,8.944317160525166,2.958005735675494,1778038547.3534296,525,,,,,,,
26.8332486420326,548,3,8.89033872783184,10688.511314383,8.944416214010866,2.9634462426106136,1778038566.9392583,525,,,,,,,
26.834449053603947,549,3,8.906960417429605,10708.11637055,8.944816351201316,2.9689868058098687,1778038586.8852832,525,,,,,,,
26.834790628176023,550,3,8.92329797188441,10708.123585272,8.944930209392009,2.974432657294803,1778038606.4975872,550,0.304526482000947,0.9044403758645058,8824195.0,0.3028900337219238,0.36015957593917847,3.898072465801963e-05,0.6656580937972768
26.833618428159035,551,3,8.939131652911504,10746.876435937,8.944539476053011,2.9797105509705015,1778038625.4907668,550,,,,,,,
26.834346223099942,552,3,8.955598013997077,10766.257685639,8.944782074366648,2.985199337999026,1778038645.2504,550,,,,,,,
26.834128357401234,553,3,8.971749082008998,10785.614757255,8.944709452467077,2.9905830273363327,1778038664.6316822,550,,,,,,,
26.833851150795006,554,3,8.987880010604858,10803.183333905,8.944617050265002,2.995960003534953,1778038683.9887953,550,,,,,,,
26.829133055113463,555,3,9.0025204628706,10822.659531651,8.943044351704486,3.0008401542901995,1778038701.557338,550,,,,,,,
26.829161007261394,556,3,9.018750616709392,10842.203915399,8.943053669087131,3.0062502055697973,1778038721.0335321,550,,,,,,,
26.82935794685859,557,3,9.035037712454796,10862.008155808,8.94311931561953,3.011679237484932,1778038740.5780385,550,,,,,,,
26.830195741583655,558,3,9.051541247765224,10881.444779663,8.943398580527885,3.0171804159217412,1778038760.3822775,550,,,,,,,
26.830123900772207,559,3,9.067738367915153,10900.764502724,8.943374633590736,3.0225794559717176,1778038779.8188229,550,,,,,,,
26.829764611244915,560,3,9.083838078776996,10920.030378691,8.943254870414972,3.0279460262589986,1778038799.138479,550,,,,,,,
26.829274694663173,561,3,9.099893049399057,10939.862697486,8.943091564887725,3.033297683133019,1778038818.4044452,550,,,,,,,
26.83017533983695,562,3,9.116419915954271,10959.846265198,8.94339177994565,3.038806638651424,1778038838.2366827,550,,,,,,,
26.831443197228904,563,3,9.133072865804035,10979.879587713,8.943814399076302,3.0443576219346786,1778038858.2202241,550,,,,,,,
26.832828239652006,564,3,9.149767307837806,10999.485567812,8.944276079884002,3.049922435945935,1778038878.2535632,550,,,,,,,
26.83316572820894,565,3,9.166105584303537,11019.015082084,8.944388576069647,3.0553685281011793,1778038897.8594937,550,,,,,,,
26.83331596825232,566,3,9.182380192279815,11038.42986373,8.944438656084108,3.0607933974266053,1778038917.3890114,550,,,,,,,
26.833186912145564,567,3,9.198559237718582,11058.399844385,8.944395637381856,3.066186412572861,1778038936.8038692,550,,,,,,,
26.834405282733726,568,3,9.215200846791268,11077.834153628,8.944801760911243,3.0717336155970894,1778038956.7738032,550,,,,,,,
26.834321855540576,569,3,9.231396091779073,11097.384616023,8.944773951846859,3.0771320305930243,1778038976.2080958,550,,,,,,,
26.834519655664764,570,3,9.247688152194023,11117.203449745,8.944839885221587,3.082562717398008,1778038995.7586002,550,,,,,,,
26.835364483889958,571,3,9.264203821221987,11136.852585218,8.945121494629985,3.088067940407329,1778039015.5773823,550,,,,,,,
26.83579753788757,572,3,9.28057810862859,11156.314823539,8.945265845962524,3.0935260362095303,1778039035.22653,550,,,,,,,
26.835779898876776,573,3,9.296796784798303,11175.8221602,8.945259966292259,3.0989322615994346,1778039054.6889274,550,,,,,,,
26.83586998625915,574,3,9.313052824735642,11195.298874142,8.945289995419717,3.1043509415785473,1778039074.1961815,550,,,,,,,
26.83588661742211,575,3,9.329283437132837,11195.306130522,8.945295539140702,3.1097611457109453,1778039093.6801639,575,0.316324854567647,0.9003044077754021,9227847.0,0.3153537750244141,0.3396305739879608,3.794955833965893e-05,0.6959152798789713
26.83675325161605,576,3,9.345810080369313,11234.808512311,8.94558441720535,3.115270026789771,1778039113.504881,575,,,,,,,
26.83724828155863,577,3,9.362208136916161,11252.590597143,8.945749427186211,3.1207360456387203,1778039133.182553,575,,,,,,,
26.833221454572925,578,3,9.377026602625847,11272.547476156,8.94440715152431,3.1256755342086158,1778039150.9647017,575,,,,,,,
26.834385414963556,579,3,9.39365728855133,11292.089664298,8.944795138321187,3.1312190961837767,1778039170.9215353,575,,,,,,,
26.834560038563847,580,3,9.409942456086476,11310.922946076,8.944853346187948,3.136647485362159,1778039190.463726,575,,,,,,,
26.833052132709643,581,3,9.42563681324323,11330.864670215,8.944350710903215,3.141878937747743,1778039209.296961,575,,,,,,,
26.834174689975526,582,3,9.442254939277966,11350.423098816,8.944724896658508,3.1474183130926554,1778039229.2387094,575,,,,,,,
26.834387249257514,583,3,9.458553667664528,11370.100829958,8.944795749752505,3.1528512225548426,1778039248.7972105,575,,,,,,,
26.834880471273095,584,3,9.474951750437418,11390.138056833,8.944960157091032,3.158317250145806,1778039268.4748838,575,,,,,,,
26.836219027784136,585,3,9.491649414300918,11409.112120099,8.945406342594712,3.163883138100306,1778039288.512079,575,,,,,,,
26.83505233836323,586,3,9.507461106578509,11428.959492893,8.945017446121076,3.1691537021928364,1778039307.4861102,575,,,,,,,
26.835940318117764,587,3,9.524000584483147,11448.706740846,8.945313439372589,3.1746668614943823,1778039327.333485,575,,,,,,,
26.836590865090187,588,3,9.540456728339196,11468.387180041,8.945530288363397,3.180152242779732,1778039347.080878,575,,,,,,,
26.83708223193732,589,3,9.55685697376728,11488.386741255,8.94569407731244,3.18561899125576,1778039366.7611508,575,,,,,,,
26.83831792065249,590,3,9.573523321151734,11506.357752313,8.94610597355083,3.1911744403839113,1778039386.7607641,575,,,,,,,
26.834818413920544,591,3,9.588499203523,11526.007468476,8.944939471306848,3.196166401174333,1778039404.7318227,575,,,,,,,
26.835238928620342,592,3,9.604873909155527,11545.693570446,8.945079642873447,3.201624636385176,1778039424.381475,575,,,,,,,
26.83574288279304,593,3,9.621279038389524,11565.345990848,8.945247627597679,3.207093012796508,1778039444.0676758,575,,,,,,,
26.83616685881759,594,3,9.637656054496764,11585.602641894,8.945388952939197,3.212552018165588,1778039463.720048,575,,,,,,,
26.837988854893783,595,3,9.654536498586337,11605.168011822,8.945996284964595,3.218178832862112,1778039483.9765944,575,,,,,,,
26.838206475641105,596,3,9.670841027498245,11624.543313284,8.946068825213702,3.2236136758327483,1778039503.542013,575,,,,,,,
26.837984617989797,597,3,9.686987192829449,11643.698673312,8.945994872663265,3.22899573094315,1778039522.9174418,575,,,,,,,
26.83725624946647,598,3,9.70294996201992,11663.606368772,8.94575208315549,3.23431665400664,1778039542.0727317,575,,,,,,,
26.83826119208774,599,3,9.719539573192597,11682.815460112,8.946087064029246,3.239846524397532,1778039561.9802856,575,,,,,,,
26.83765847605401,600,3,9.735547210176787,11682.82641913,8.94588615868467,3.245182403392262,1778039581.2004244,600,0.3154795478284359,0.900171275138855,9628345.0,0.3148958396911621,0.34725409746170044,3.6887350770069364e-05,0.7261724659606656
26.837723264983808,601,3,9.751796663999556,11721.677255767,8.945907754994602,3.2505988879998524,1778039600.688773,600,,,,,,,
26.83747441244086,602,3,9.767932041287422,11741.104716398,8.945824804146953,3.2559773470958073,1778039620.0512223,600,,,,,,,
26.8373753036716,603,3,9.784121709863346,11757.038539663,8.945791767890533,3.2613739032877818,1778039639.478827,600,,,,,,,
26.829303638077864,604,3,9.797399877508482,11775.049316259,8.943101212692621,3.265799959169494,1778039655.4126704,600,,,,,,,
26.82599027433474,605,3,9.812408776283263,11794.958172294,8.94199675811158,3.2708029254277546,1778039673.4233139,600,,,,,,,
26.8270054248936,606,3,9.828999569217364,11814.638716216,8.942335141631201,3.2763331897391215,1778039693.3322654,600,,,,,,,
26.827498461578916,607,3,9.845399979551633,11833.885087994,8.942499487192972,3.2817999931838777,1778039713.0127566,600,,,,,,,
26.827005680329577,608,3,9.861438605586688,11852.97433989,8.942335226776525,3.287146201862229,1778039732.2591102,600,,,,,,,
26.826159226010915,609,3,9.877346413930258,11872.828231277,8.942053075336972,3.2924488046434193,1778039751.3484757,600,,,,,,,
26.827042796665857,610,3,9.893891236980757,11892.145163995,8.942347598888619,3.297963745660252,1778039771.2022712,600,,,,,,,
26.826712575550623,611,3,9.909988744656246,11910.916505093,8.942237525183542,3.303329581552082,1778039790.5192738,600,,,,,,,
26.825154401278834,612,3,9.925631495515505,11930.610913818,8.941718133759611,3.308543831838502,1778039809.2905774,600,,,,,,,
26.8256772130906,613,3,9.942043610413869,11950.247740818,8.941892404363532,3.314014536804623,1778039828.9851334,600,,,,,,,
26.826068279824735,614,3,9.958407450914383,11970.196440045,8.942022759941578,3.319469150304794,1778039848.6217237,600,,,,,,,
26.827157677973513,615,3,9.975031421979269,11990.198362159,8.942385892657837,3.3250104739930895,1778039868.5704956,600,,,,,,,
26.828362719979765,616,3,9.991699779629707,12009.70757584,8.942787573326587,3.3305665932099022,1778039888.5725484,600,,,,,,,
26.82846254492051,617,3,10.007957309683164,12029.284287776,8.942820848306836,3.3359857698943878,1778039908.0815718,600,,,,,,,
26.82871309035933,618,3,10.024271275599798,12048.367896013,8.94290436345311,3.341423758533266,1778039927.6583126,600,,,,,,,
26.82786494045085,619,3,10.040174364050229,12067.632186785,8.94262164681695,3.346724788016743,1778039946.7420187,600,,,,,,,
26.82742071833213,620,3,10.05622783879439,12087.117343824,8.942473572777377,3.352075946264797,1778039966.006189,600,,,,,,,
26.827468445823193,621,3,10.072465480566024,12106.43103122,8.942489481941065,3.357488493522008,1778039985.4913588,600,,,,,,,
26.827135769208656,622,3,10.088560126026472,12126.420430941,8.942378589736219,3.3628533753421572,1778040004.8049304,600,,,,,,,
26.828299611753927,623,3,10.105218052069345,12145.592942296,8.942766537251309,3.3684060173564485,1778040024.7944453,600,,,,,,,
26.827654897774384,624,3,10.12119507630666,12165.15411591,8.94255163259146,3.3737316921022202,1778040043.9668787,600,,,,,,,
26.827869467325847,625,3,10.137496019999187,12165.161249864,8.942623155775282,3.379165339999729,1778040063.5350182,625,0.3027436745911837,0.9031015911698341,10028459.0,0.3035847473144531,0.3016122281551361,3.579664815593691e-05,0.75642965204236
26.828885336008568,626,3,10.154100495974223,12205.028745297,8.942961778669524,3.384700165324741,1778040083.4534013,625,,,,,,,
26.829950829167622,627,3,10.170725012024244,12223.743539413,8.943316943055875,3.390241670674748,1778040103.4027948,625,,,,,,,
26.8283032685822,628,3,10.186320708990097,12243.564190691,8.942767756194065,3.3954402363300322,1778040122.1176288,625,,,,,,,
26.829083979933365,629,3,10.202837861776352,12262.818989808,8.943027993311121,3.4009459539254507,1778040141.9382143,625,,,,,,,
26.82862430964954,630,3,10.21888350367546,12282.121776397,8.94287476988318,3.4062945012251538,1778040161.1929822,625,,,,,,,
26.82827110378187,631,3,10.234969205856324,12300.37197087,8.942757034593956,3.411656401952108,1778040180.495826,625,,,,,,,
26.82562342000536,632,3,10.250177751779557,12318.293552861,8.941874473335119,3.416725917259852,1778040198.7460787,625,,,,,,,
26.82226814510384,633,3,10.265112294952075,12335.948524379,8.940756048367946,3.4217040983173583,1778040216.6675498,625,,,,,,,
26.81834417331545,634,3,10.279824791948,12352.450259236,8.939448057771816,3.4266082639826667,1778040234.322536,625,,,,,,,
26.81192900186136,635,3,10.293576128284137,12370.369749663,8.937309667287119,3.4311920427613787,1778040250.8241575,625,,,,,,,
26.80860701114751,636,3,10.308509104649225,12389.975013984,8.93620233704917,3.436169701549742,1778040268.7437112,625,,,,,,,
26.808942966901586,637,3,10.324846837917963,12410.119849249,8.936314322300529,3.441615612639321,1778040288.3489907,625,,,,,,,
26.810443856989576,638,3,10.341634329358737,12429.386540727,8.936814618996525,3.447211443119579,1778040308.4940085,625,,,,,,,
26.810045396718248,639,3,10.357689847946167,12448.476703811,8.936681798906083,3.4525632826487223,1778040327.760603,625,,,,,,,
26.809268177472678,640,3,10.373598327438037,12468.023948512,8.936422725824226,3.4578661091460123,1778040346.850773,625,,,,,,,
26.80947609218904,641,3,10.389887651205063,12487.466576806,8.93649203072968,3.463295883735021,1778040366.3979652,625,,,,,,,
26.809458994983018,642,3,10.406089888016384,12506.677298952,8.936486331661007,3.4686966293387944,1778040385.8406453,625,,,,,,,
26.808944664664562,643,3,10.422098802526792,12524.269114496,8.93631488822152,3.474032934175597,1778040405.0513425,625,,,,,,,
26.80496708601651,644,3,10.436758647759754,12544.38736116,8.93498902867217,3.4789195492532516,1778040422.6431558,625,,,,,,,
26.806400568686716,645,3,10.453523800969124,12564.262496881,8.935466856228906,3.4845079336563747,1778040442.7613406,625,,,,,,,
26.807311267242586,646,3,10.470086504618326,12583.927924146,8.935770422414196,3.4900288348727755,1778040462.6365874,625,,,,,,,
26.807771121353788,647,3,10.486473951339722,12600.298634873,8.93592370711793,3.4954913171132405,1778040482.301531,625,,,,,,,
26.801223687844146,648,3,10.500116656422616,12616.104271219,8.933741229281381,3.500038885474205,1778040498.6727695,625,,,,,,,
26.793495040159076,649,3,10.513287957111995,12635.975294097,8.931165013386359,3.5044293190373317,1778040514.4783332,625,,,,,,,
26.794411148178884,650,3,10.529847186406453,12635.986047219,8.931470382726294,3.5099490621354845,1778040534.3600922,650,0.2977477362006903,0.9061385694146157,10418364.0,0.2969499206542969,0.3445594608783722,3.46800650091216e-05,0.7866868381240545
26.79446272415988,651,3,10.54606725116571,12674.230444522,8.93148757471996,3.5153557503885695,1778040553.8134782,650,,,,,,,
26.79309133055446,652,3,10.56172644952933,12693.812719183,8.931030443518154,3.5205754831764433,1778040572.6045501,650,,,,,,,
26.79339436060254,653,3,10.57804505288601,12713.277863776,8.931131453534181,3.5260150176286698,1778040592.1868405,650,,,,,,,
26.793449500791887,654,3,10.59426600575447,12731.131327149,8.931149833597296,3.531422001918157,1778040611.6519845,650,,,,,,,
26.790112703988875,655,3,10.609143785436949,12750.859706879,8.930037567996292,3.5363812618123163,1778040629.505318,650,,,,,,,
26.790725878765432,656,3,10.625584145387014,12769.615470388,8.930241959588479,3.5418613817956714,1778040649.23375,650,,,,,,,
26.78929648755711,657,3,10.641213901042939,12790.162885786,8.929765495852369,3.547071300347646,1778040667.9894607,650,,,,,,,
26.79162471054958,658,3,10.658336795369785,12809.638618709,8.930541570183193,3.552778931789928,1778040688.5369349,650,,,,,,,
26.79170413329677,659,3,10.674566519856452,12829.132316051,8.930568044432256,3.558188839952151,1778040708.0126092,650,,,,,,,
26.79182123018214,660,3,10.690811373591423,12848.423194715,8.93060707672738,3.563603791197141,1778040727.5064287,650,,,,,,,
26.791514669084453,661,3,10.706887059410413,12867.8782458,8.930504889694818,3.568962353136804,1778040746.7972507,650,,,,,,,
26.791550943693004,662,3,10.723099591732025,12887.078926154,8.930516981231001,3.5743665305773415,1778040766.252291,650,,,,,,,
26.791058384132125,663,3,10.739100186626118,12906.877042745,8.930352794710709,3.5797000622087056,1778040785.4530022,650,,,,,,,
26.79180715833263,664,3,10.755598520636559,12925.558545006,8.930602386110877,3.585199506878853,1778040805.251009,650,,,,,,,
26.79023958948083,665,3,10.771166461308798,12945.184228526,8.930079863160277,3.590388820436266,1778040823.9325523,650,,,,,,,
26.790630740710686,666,3,10.787521205147108,12965.038544603,8.930210246903561,3.5958404017157024,1778040843.5582285,650,,,,,,,
26.791493131657475,667,3,10.804066456357639,12984.937914981,8.930497710552492,3.601355485452546,1778040863.4125688,650,,,,,,,
26.792446087717174,668,3,10.820649326841036,13004.772456459,8.930815362572393,3.606883108947012,1778040883.311975,650,,,,,,,
26.793262379132045,669,3,10.837178072333337,13023.060669318,8.931087459710682,3.612392690777779,1778040903.1464713,650,,,,,,,
26.79089531761022,670,3,10.852418296734491,13042.767960038,8.930298439203407,3.6174727655781638,1778040921.4347358,650,,,,,,,
26.791449996452688,671,3,10.86884095986684,13062.587003278,8.930483332150896,3.6229469866222805,1778040941.141935,650,,,,,,,
26.79223275791144,672,3,10.885356960892677,13082.180230033,8.930744252637146,3.628452320297559,1778040960.9611309,650,,,,,,,
26.79255025169175,673,3,10.901684594551721,13102.158477694,8.93085008389725,3.633894864850574,1778040980.5542908,650,,,,,,,
26.79365433355408,674,3,10.91833314438661,13121.86768131,8.931218111184695,3.6394443814622033,1778041000.5325637,650,,,,,,,
26.794205600410038,675,3,10.934757424592972,13121.877602462,8.931401866803345,3.6449191415309907,1778041020.251616,675,0.29698138259351253,0.9054880553483963,10818638.0,0.296428337097168,0.3242054879665375,3.3540277879438434e-05,0.8169440242057489
26.792678377551322,676,3,10.95033287982146,13158.726740935,8.930892792517108,3.6501109599404864,1778041038.9322343,675,,,,,,,
26.790093072527796,677,3,10.965473403930664,13178.320062629,8.930031024175932,3.6551578013102213,1778041057.1008656,675,,,,,,,
26.790411538795855,678,3,10.981801102360091,13198.025161413,8.930137179598619,3.6606003674533634,1778041076.6941032,675,,,,,,,
26.790956169763614,679,3,10.998222030997276,13217.997208432,8.930318723254537,3.6660740103324256,1778041096.3992195,675,,,,,,,
26.792040086101082,680,3,11.01486533164978,13235.969114611,8.930680028700362,3.6716217772165933,1778041116.3711803,675,,,,,,,
26.78907288954413,681,3,11.029841981728872,13255.674834498,8.929690963181377,3.676613993909624,1778041134.343158,675,,,,,,,
26.78961837124615,682,3,11.046263439655304,13275.289707341,8.929872790415384,3.6820878132184345,1778041154.0489063,675,,,,,,,
26.789978873495244,683,3,11.062609172066052,13294.831269711,8.929992957831747,3.687536390688684,1778041173.6637852,675,,,,,,,
26.790190523234262,684,3,11.078893783489864,13314.423087374,8.930063507744755,3.692964594496621,1778041193.2053194,675,,,,,,,
26.790502680351555,685,3,11.09522027571996,13334.037740439,8.930167560117185,3.69840675857332,1778041212.7971113,675,,,,,,,
26.790859966323836,686,3,11.111565862695375,13353.544729733,8.930286655441279,3.7038552875651254,1778041232.411815,675,,,,,,,
26.791000223497,687,3,11.127821737329164,13372.624330857,8.930333407832332,3.709273912443055,1778041251.918866,675,,,,,,,
26.790282428957696,688,3,11.143720865249634,13391.979188975,8.930094142985897,3.714573621749878,1778041270.9978197,675,,,,,,,
26.790119765892545,689,3,11.159850374062856,13411.407221892,8.930039921964182,3.7199501246876188,1778041290.3532302,675,,,,,,,
26.7901029330636,690,3,11.176040522257487,13431.090098387,8.930034311021199,3.7253468407524957,1778041309.7814069,675,,,,,,,
26.790593928628308,691,3,11.192442808151245,13451.001994362,8.930197976209437,3.7308142693837483,1778041329.4641507,675,,,,,,,
26.79153995489339,692,3,11.20903606335322,13470.751246867,8.930513318297796,3.7363453544510734,1778041349.376054,675,,,,,,,
26.792159797527173,693,3,11.225493796666463,13490.7389873,8.930719932509058,3.7418312655554877,1778041369.1253357,675,,,,,,,
26.7932514941784,694,3,11.242150264183682,13510.430436825,8.9310838313928,3.7473834213945603,1778041389.1130931,675,,,,,,,
26.793752288489603,695,3,11.258559758464495,13530.301852829,8.931250762829869,3.7528532528214984,1778041408.8045282,675,,,,,,,
26.794608235923835,696,3,11.275119306047756,13550.320366705,8.931536078641278,3.758373102015919,1778041428.6759517,675,,,,,,,
26.79575241665359,697,3,11.291801350911458,13569.706517281,8.931917472217863,3.7639337836371527,1778041448.694398,675,,,,,,,
26.7956446753475,698,3,11.307956459124883,13589.292736709,8.931881558449167,3.7693188197082943,1778041468.0805378,675,,,,,,,
26.79593178644883,699,3,11.324278306365013,13608.844175612,8.931977262149609,3.7747594354550045,1778041487.6667438,675,,,,,,,
26.79614952328773,700,3,11.340571140448253,13608.853943164,8.93204984109591,3.7801903801494174,1778041507.2280257,700,0.2937909416854382,0.9064112523198128,11220672.0,0.2930719184875488,0.29139062762260437,3.238001893872771e-05,0.8472012102874432
26.796407299690795,701,3,11.356881207426389,13647.957219286,8.932135766563599,3.7856270691421297,1778041526.7902238,700,,,,,,,
26.796603486081708,702,3,11.373165445725125,13668.057079772,8.932201162027235,3.7910551485750412,1778041546.331315,700,,,,,,,
26.797894760038456,703,3,11.389915366570154,13688.098366046,8.932631586679486,3.796638455523385,1778041566.431218,700,,,,,,,
26.79906742319352,704,3,11.406616363922755,13707.51009138,8.93302247439784,3.8022054546409185,1778041586.4724505,700,,,,,,,
26.79900623286813,705,3,11.422792862256367,13726.943587858,8.93300207762271,3.8075976207521225,1778041605.8842478,700,,,,,,,
26.798987371444248,706,3,11.43898735443751,13746.4585099,8.932995790481417,3.8129957848125033,1778041625.3176043,700,,,,,,,
26.799127400847667,707,3,11.455249741474788,13766.099675582,8.933042466949221,3.8184165804915957,1778041644.8324728,700,,,,,,,
26.799513082156295,708,3,11.471617449919382,13785.593416605,8.933171027385432,3.823872483306461,1778041664.4737198,700,,,,,,,
26.799611035197007,709,3,11.487862287759782,13804.958221218,8.933203678399003,3.8292874292532604,1778041683.967533,700,,,,,,,
26.7994581263944,710,3,11.503999558488527,13824.323832671,8.933152708798133,3.8346665194961758,1778041703.3322506,700,,,,,,,
26.799307455357617,711,3,11.52013760626316,13843.544052699,8.933102485119205,3.840045868754387,1778041722.6979072,700,,,,,,,
26.79887548490019,712,3,11.536154380440712,13863.487707463,8.93295849496673,3.845384793480237,1778041741.918035,700,,,,,,,
26.799843638684493,713,3,11.552774192492166,13883.114211591,8.933281212894832,3.850924730830722,1778041761.861808,700,,,,,,,
26.800196538344377,714,3,11.569129581848781,13902.464850337,8.933398846114791,3.8563765272829267,1778041781.4882767,700,,,,,,,
26.800016798880275,715,3,11.58525514582793,13921.58366063,8.93333893296009,3.8617517152759766,1778041800.8389523,700,,,,,,,
26.799391311212293,716,3,11.601187532544136,13941.344810969,8.933130437070764,3.8670625108480454,1778041819.9578161,700,,,,,,,
26.80000209519554,717,3,11.617655079960823,13960.344305785,8.933334031731848,3.872551693320274,1778041839.7188754,700,,,,,,,
26.7991490743707,718,3,11.633487929503122,13979.582870355,8.9330496914569,3.8778293098343743,1778041858.718295,700,,,,,,,
26.7987569156144,719,3,11.649520086050034,13999.295048444,8.932918971871466,3.8831733620166777,1778041877.9568827,700,,,,,,,
26.79927240318115,720,3,11.665946874419848,14018.559406574,8.933090801060382,3.8886489581399495,1778041897.669028,700,,,,,,,
26.798930447851678,721,3,11.68200051565965,14037.899159814,8.932976815950559,3.89400017188655,1778041916.9333923,700,,,,,,,
26.79873338364003,722,3,11.698116990923882,14057.844026879,8.93291112788001,3.8993723303079606,1778041936.27317,700,,,,,,,
26.799690533075644,723,3,11.714737760225931,14076.108828639,8.933230177691883,3.904912586741977,1778041956.218089,700,,,,,,,
26.79744617788886,724,3,11.72995830277602,14096.138411765,8.932482059296287,3.9099861009253396,1778041974.4827576,700,,,,,,,
26.79856341649965,725,3,11.74664962331454,14096.147142636,8.93285447216655,3.91554987443818,1778041994.520503,725,0.2889230413734913,0.908260769546032,11624539.0,0.2867313003540039,0.3476337492465973,3.1202069431594396e-05,0.8774583963691377
26.80023390066361,726,3,11.763585134148597,14135.820684988,8.933411300221204,3.921195044716199,1778042014.834988,725,,,,,,,
26.800074129617308,727,3,11.77971819361051,14155.760643878,8.933358043205768,3.9265727312035033,1778042034.1946242,725,,,,,,,
26.801013695576362,728,3,11.796334927678108,14175.565342812,8.933671231858787,3.9321116425593696,1778042054.1347432,725,,,,,,,
26.801694561536312,729,3,11.81283877591292,14195.51871152,8.93389818717877,3.937612925304307,1778042073.9393206,725,,,,,,,
26.80265446942201,730,3,11.829466603795687,14215.109279075,8.934218156474003,3.9431555345985623,1778042093.8927138,725,,,,,,,
26.80292760631563,731,3,11.845792067845663,14233.304867305,8.93430920210521,3.948597355948554,1778042113.483265,725,,,,,,,
26.800573338668098,732,3,11.860955068866412,14251.552551195,8.933524446222698,3.9536516896221374,1778042131.678866,725,,,,,,,
26.79832360239287,733,3,11.87616154809793,14268.967756598,8.932774534130957,3.958720516032643,1778042149.9266412,725,,,,,,,
26.7945165431467,734,3,11.890674209594726,14288.477233103,8.931505514382234,3.963558069864909,1778042167.3418398,725,,,,,,,
26.794647164030682,735,3,11.906932083169618,14308.423994486,8.931549054676893,3.9689773610565395,1778042186.851282,725,,,,,,,
26.795596399913016,736,3,11.923554383516311,14327.796462685,8.931865466637673,3.9745181278387705,1778042206.7980404,725,,,,,,,
26.79546902489954,737,3,11.939698108434678,14347.28082727,8.931823008299846,3.979899369478226,1778042226.170523,725,,,,,,,
26.79555101003858,738,3,11.955935093959173,14367.399923631,8.931850336679526,3.9853116979863907,1778042245.6548953,725,,,,,,,
26.796816588926813,739,3,11.97270100315412,14387.236792106,8.932272196308938,3.9909003343847065,1778042265.7739856,725,,,,,,,
26.797553185814138,740,3,11.98923177599907,14404.887908869,8.932517728604713,3.9964105919996897,1778042285.6109087,725,,,,,,,
26.794221989683244,741,3,12.003941048582396,14424.847677611,8.931407329894414,4.001313682860799,1778042303.262041,725,,,,,,,
26.79518797657239,742,3,12.020574049949644,14444.859229608,8.93172932552413,4.006858016649882,1778042323.2216456,725,,,,,,,
26.796247864804926,743,3,12.037250401178998,14464.911927628,8.932082621601642,4.012416800392999,1778042343.2333105,725,,,,,,,
26.797380952967536,744,3,12.053960960706075,14484.340553441,8.932460317655845,4.017986986902025,1778042363.2859437,725,,,,,,,
26.797356265130457,745,3,12.070151401162146,14502.486558535,8.932452088376818,4.023383800387382,1778042382.7144742,725,,,,,,,
26.794962078973157,746,3,12.085273102124532,14522.375290863,8.931654026324386,4.028424367374844,1778042400.8605123,725,,,,,,,
26.795789814509224,747,3,12.10184703230858,14541.844735721,8.931929938169741,4.033949010769526,1778042420.7492301,725,,,,,,,
26.795842187358954,748,3,12.11807131568591,14561.837372437,8.931947395786318,4.039357105228636,1778042440.2184808,725,,,,,,,
26.796858481245145,749,3,12.134732165932657,14581.005618675,8.932286160415048,4.044910721977552,1778042460.211415,725,,,,,,,
26.79635630092939,750,3,12.150705698728562,14581.013975281,8.932118766976462,4.050235232909521,1778042479.3880415,750,0.28920893624424937,0.9072375625371933,12022253.0,0.2897803497314453,0.4034111201763153,3.0009253008515736e-05,0.9077155824508321
26.795617729870415,751,3,12.166571290890376,14619.138256295,8.931872576623471,4.055523763630125,1778042498.4183345,750,,,,,,,
26.794982160283844,752,3,12.182482820153236,14638.052955494,8.931660720094614,4.060827606717745,1778042517.5121727,750,,,,,,,
26.794020475927,753,3,12.198245113889378,14657.922893632,8.931340158642334,4.066081704629792,1778042536.4269247,750,,,,,,,
26.794807558684727,754,3,12.214803445736568,14677.307846888,8.931602519561576,4.071601148578856,1778042556.2969224,750,,,,,,,
26.794707064532286,755,3,12.230957577824594,14695.368205154,8.931569021510763,4.076985859274864,1778042575.6818767,750,,,,,,,
26.792191884515038,756,3,12.24600789884726,14715.463294055,8.930730628171679,4.082002632949087,1778042593.7422605,750,,,,,,,
26.79338806657106,757,3,12.262753788630167,14734.640413483,8.931129355523687,4.087584596210056,1778042613.8373642,750,,,,,,,
26.792911956396768,758,3,12.278734741806984,14754.940849547,8.930970652132256,4.092911580602328,1778042633.0144675,750,,,,,,,
26.79447662083319,759,3,12.295651605327926,14774.888569367,8.931492206944396,4.098550535109308,1778042653.3147194,750,,,,,,,
26.795398024213945,760,3,12.312274787425995,14794.624550776,8.931799341404648,4.104091595808665,1778042673.2625384,750,,,,,,,
26.79593332998908,761,3,12.328721441427867,14814.18812399,8.931977776663027,4.1095738138092885,1778042692.9985242,750,,,,,,,
26.796155555994492,762,3,12.3450245064497,14833.707731625,8.932051851998164,4.1150081688165665,1778042712.5621905,750,,,,,,,
26.79629760404558,763,3,12.361290853619575,14853.128469136,8.932099201348526,4.120430284539858,1778042732.0818036,750,,,,,,,
26.79626090395357,764,3,12.377474806904793,14872.950274736,8.932086967984525,4.125824935634931,1778042751.5025582,750,,,,,,,
26.796946868351604,765,3,12.39399295906226,14892.195651564,8.932315622783868,4.131330986354087,1778042771.3243313,750,,,,,,,
26.796593870228534,766,3,12.410030776659648,14912.205641979,8.932197956742845,4.136676925553216,1778042790.5697103,750,,,,,,,
26.7976157273753,767,3,12.426705721219381,14929.740476864,8.932538575791767,4.14223524040646,1778042810.5796452,750,,,,,,,
26.794192881881155,768,3,12.441318097511926,14949.23321848,8.931397627293718,4.1471060325039755,1778042828.114498,750,,,,,,,
26.79428815129881,769,3,12.45756202439467,14966.080529602,8.93142938376627,4.1525206747982235,1778042847.6072137,750,,,,,,,
26.78964772181387,770,3,12.471601418256759,14985.734060941,8.929882573937958,4.157200472752253,1778042864.4544873,750,,,,,,,
26.790036193497293,771,3,12.48797938644886,15005.373326096,8.930012064499097,4.162659795482953,1778042884.1080441,750,,,,,,,
26.79039809578081,772,3,12.504345423181853,15024.440311872,8.930132698593603,4.168115141060618,1778042903.7473154,750,,,,,,,
26.789738864527024,773,3,12.5202346688509,15043.915992793,8.929912954842342,4.173411556283633,1778042922.8143802,750,,,,,,,
26.78980890624745,774,3,12.536464385390282,15061.349828594,8.929936302082483,4.178821461796761,1778042942.290044,750,,,,,,,
26.786247349927763,775,3,12.550992561181388,15061.360705898,8.928749116642587,4.1836641870604625,1778042959.734359,775,0.28942173525691034,0.906646234691143,12420603.0,0.29016550064086916,0.3585487902164459,2.8804428957298136e-05,0.9379727685325264
26.786587007852766,776,3,12.567346746126812,15099.427988169,8.928862335950923,4.1891155820422705,1778042979.3488884,775,,,,,,,
26.784846836865484,777,3,12.582724300026893,15118.823171712,8.92828227895516,4.194241433342298,1778042997.8019385,775,,,,,,,
26.784780270128856,778,3,12.59888697107633,15138.869508017,8.92826009004295,4.199628990358777,1778043017.1971493,775,,,,,,,
26.78586613129998,779,3,12.615592331488926,15158.203829493,8.92862204376666,4.2051974438296424,1778043037.2435992,775,,,,,,,
26.78569061530961,780,3,12.631704159577687,15177.584278048,8.928563538436537,4.210568053192563,1778043056.5777717,775,,,,,,,
26.78559726288723,781,3,12.647854572137199,15197.259795858,8.92853242096241,4.215951524045733,1778043075.958267,775,,,,,,,
26.786024334521652,782,3,12.664250924785932,15217.045594718,8.928674778173884,4.221416974928644,1778043095.6338894,775,,,,,,,
26.786644153832988,783,3,12.680739040176075,15236.781855113,8.928881384610996,4.226913013392025,1778043115.4196303,775,,,,,,,
26.78717531640209,784,3,12.697185881535212,15256.293365431,8.929058438800697,4.23239529384507,1778043135.1558404,775,,,,,,,
26.78731071731138,785,3,12.713445533911388,15274.38799354,8.929103572437127,4.237815177970463,1778043154.6674187,775,,,,,,,
26.784960968341228,786,3,12.728524377942083,15294.626190975,8.92832032278041,4.242841459314028,1778043172.7620363,775,,,,,,,
26.786371388467177,787,3,12.745389530062678,15314.521405871,8.928790462822393,4.248463176687559,1778043193.0002177,775,,,,,,,
26.787178379242288,788,3,12.761968901356061,15334.242970534,8.929059459747428,4.253989633785354,1778043212.8954616,775,,,,,,,
26.787679875452003,789,3,12.778403519789377,15353.852200129,8.929226625150669,4.259467839929792,1778043232.6170063,775,,,,,,,
26.78798423271994,790,3,12.79474458515644,15374.987401131,8.929328077573313,4.264914861718814,1778043252.2262852,775,,,,,,,
26.788986384467236,791,3,12.811419728000958,15394.78816342,8.929662128155744,4.270473242666986,1778043272.2364511,775,,,,,,,
26.79157937321147,792,3,12.828857837716738,15414.392951394,8.930526457737157,4.276285945905579,1778043293.1621823,775,,,,,,,
26.79186988956791,793,3,12.845195176800091,15434.261493414,8.930623296522636,4.2817317256000305,1778043312.766997,775,,,,,,,
26.79261762470883,794,3,12.861752354303995,15453.885291507,8.93087254156961,4.287250784767998,1778043332.635604,775,,,,,,,
26.792938963777114,795,3,12.878105487426122,15472.597635939,8.930979654592372,4.2927018291420405,1778043352.2593632,775,,,,,,,
26.79168128131572,796,3,12.893699093063672,15491.962769274,8.930560427105242,4.297899697687891,1778043370.9716916,775,,,,,,,
26.79155578860574,797,3,12.909836737314858,15511.486964543,8.930518596201914,4.303278912438286,1778043390.336864,775,,,,,,,
26.791705400381574,798,3,12.926106958587965,15531.565415988,8.930568466793858,4.3087023195293215,1778043409.8611336,775,,,,,,,
26.79281028968521,799,3,12.942838827967645,15549.335638549,8.930936763228404,4.314279609322548,1778043429.93938,775,,,,,,,
26.78993595657746,800,3,12.9576473792394,15549.345462066,8.929978652192487,4.3192157930798,1778043447.7194688,800,0.2926527999341488,0.9065105244517326,12821703.0,0.2917279624938965,0.33462271094322205,2.759048534910814e-05,0.9682299546142209
26.790182458973902,801,3,12.973963814775148,15588.814291116,8.930060819657967,4.324654604925049,1778043467.2894082,800,,,,,,,
26.7909760734699,802,3,12.990545834898949,15608.748441735,8.9303253578233,4.330181944966316,1778043487.1877823,800,,,,,,,
26.7918299609435,803,3,13.007158076564469,15628.221709399,8.930609986981167,4.335719358854823,1778043507.122467,800,,,,,,,
26.791890853849516,804,3,13.023385880589485,15647.572930414,8.930630284616505,4.341128626863162,1778043526.5958617,800,,,,,,,
26.791742440706457,805,3,13.039511889219284,15666.343782729,8.930580813568818,4.346503963073094,1778043545.9470477,800,,,,,,,
26.790601757114537,806,3,13.055154181520143,15685.907852529,8.930200585704846,4.351718060506714,1778043564.7178004,800,,,,,,,
26.790818891475535,807,3,13.071457584897678,15703.999290929,8.930272963825178,4.357152528299226,1778043584.2818847,800,,,,,,,
26.788523329535234,808,3,13.086533766786259,15723.176443158,8.929507776511745,4.362177922262086,1778043602.3733034,800,,,,,,,
26.78808324171429,809,3,13.102514717380206,15742.241833184,8.92936108057143,4.367504905793402,1778043621.5504434,800,,,,,,,
26.787453902855333,810,3,13.118402455449104,15761.14688531,8.929151300951776,4.372800818483035,1778043640.6157398,800,,,,,,,
26.786553887535018,811,3,13.13415671269099,15780.491593503,8.928851295845007,4.378052237563663,1778043659.5208495,800,,,,,,,
26.78640226018693,812,3,13.150277288556099,15800.41420533,8.928800753395643,4.383425762852033,1778043678.865568,800,,,,,,,
26.787230977374733,813,3,13.166879555384316,15820.593514335,8.929076992458244,4.388959851794772,1778043698.7882457,800,,,,,,,
26.788492061301493,814,3,13.183695609370869,15840.747697364,8.929497353767164,4.394565203123623,1778043718.967522,800,,,,,,,
26.78970769844659,815,3,13.200490794579187,15860.857437853,8.929902566148863,4.400163598193062,1778043739.1217365,800,,,,,,,
26.79084477221751,816,3,13.21724869052569,15880.886621886,8.93028159073917,4.4057495635085635,1778043759.2312136,800,,,,,,,
26.791844020839225,817,3,13.233939882119497,15900.642531192,8.930614673613075,4.411313294039832,1778043779.2606413,800,,,,,,,
26.792380107514433,818,3,13.25040322124958,15920.052215975,8.930793369171477,4.41680107374986,1778043799.016648,800,,,,,,,
26.7923319612478,819,3,13.266577917933464,15939.540232829,8.930777320415933,4.422192639311155,1778043818.4262805,800,,,,,,,
26.792415488324515,820,3,13.282817835807801,15958.985917659,8.930805162774838,4.427605945269267,1778043837.9141853,800,,,,,,,
26.792428028878764,821,3,13.299022618929545,15979.352260024,8.930809342959588,4.433007539643182,1778043857.3599296,800,,,,,,,
26.793984221867788,822,3,13.315994577010471,15998.976203306,8.931328073955928,4.438664859003491,1778043877.7262735,800,,,,,,,
26.794293356387417,823,3,13.33234790345033,16018.588984773,8.931431118795805,4.444115967816777,1778043897.3502622,800,,,,,,,
26.794582933450783,824,3,13.348691860437391,16037.991471351,8.931527644483594,4.449563953479131,1778043916.9630158,800,,,,,,,
26.79452050746041,825,3,13.364860591689744,16037.999887748,8.931506835820135,4.454953530563248,1778043936.373455,825,0.2856473128497601,0.908306999206543,13224942.0,0.28571941375732424,0.3701445758342743,2.6370332115507208e-05,0.9984871406959153
26.79212177389807,826,3,13.379862506190936,16060.929704338,8.930707257966024,4.459954168730312,1778043954.3677855,825,,,,,,,
26.767951666116716,827,3,13.383975833058358,16086.146105844,8.922650555372238,4.461325277686119,1778043959.3037755,825,,,,,,,
26.77759950629371,828,3,13.404989353815715,16105.419490874,8.925866502097904,4.468329784605238,1778043984.520079,825,,,,,,,
26.777343461068224,829,3,13.421050622264545,16124.287551554,8.925781153689407,4.473683540754848,1778044003.7935395,825,,,,,,,
26.776414697398625,830,3,13.436774001717568,16142.886288478,8.925471565799542,4.478924667239189,1778044022.6615808,825,,,,,,,
26.77504132532806,831,3,13.452272878686589,16162.167741706,8.925013775109354,4.484090959562196,1778044041.2602336,825,,,,,,,
26.774802625118152,832,3,13.468340861002602,16181.747812964,8.924934208372717,4.489446953667534,1778044060.5418124,825,,,,,,,
26.775058551972368,833,3,13.484657662510873,16201.383180754,8.925019517324124,4.494885887503624,1778044080.1219692,825,,,,,,,
26.77540439091617,834,3,13.501020110050836,16220.813929064,8.925134796972056,4.500340036683612,1778044099.7569587,825,,,,,,,
26.775412790442655,835,3,13.517212623953819,16239.725736043,8.925137596814219,4.50573754131794,1778044119.187929,825,,,,,,,
26.77456506531585,836,3,13.53297242720922,16259.444059869,8.92485502177195,4.51099080906974,1778044138.0996945,825,,,,,,,
26.775047647397106,837,3,13.549404401977858,16278.374320697,8.925015882465702,4.516468133992619,1778044157.8180654,825,,,,,,,
26.774232848390003,838,3,13.565179641445479,16298.084196458,8.924744282796667,4.521726547148493,1778044176.7483566,825,,,,,,,
26.774701011492994,839,3,13.581604684789976,16318.05925562,8.924900337164331,4.527201561596659,1778044196.4584062,825,,,,,,,
26.775602475973354,840,3,13.598250350554785,16337.132363756,8.925200825324453,4.532750116851595,1778044216.4332173,825,,,,,,,
26.775024033095978,841,3,13.614144626259804,16356.943132159,8.925008011031993,4.538048208753268,1778044235.5063283,825,,,,,,,
26.77565452271384,842,3,13.630653632481893,16375.218568701,8.925218174237946,4.543551210827298,1778044255.3171365,825,,,,,,,
26.773773167127203,843,3,13.645883180101713,16395.288386351,8.924591055709067,4.548627726700571,1778044273.5925934,825,,,,,,,
26.774825430053387,844,3,13.662607414126395,16414.626758862,8.924941810017796,4.554202471375465,1778044293.6616802,825,,,,,,,
26.774679633632925,845,3,13.67872085273266,16434.066256767,8.924893211210975,4.559573617577553,1778044312.997802,825,,,,,,,
26.774707497227745,846,3,13.694922939936319,16453.198903307,8.924902499075916,4.564974313312106,1778044332.4403193,825,,,,,,,
26.774231072417024,847,3,13.710866818825405,16472.739653474,8.924743690805675,4.570288939608468,1778044351.572965,825,,,,,,,
26.77441910328777,848,3,13.727150785724323,16491.941936205,8.92480636776259,4.575716928574774,1778044371.1137242,825,,,,,,,
26.774057183922814,849,3,13.743152689933778,16511.329397066,8.924685727974271,4.581050896644593,1778044390.3160071,825,,,,,,,
26.773996325445175,850,3,13.759308873414994,16511.338446023,8.924665441815058,4.586436291138331,1778044409.7123923,850,0.2586413033537029,0.9169618545733776,13612578.0,0.25753984451293943,0.3488565683364868,2.5146894073085105e-05,1.027836611195159
26.774319339234175,851,3,13.775662489533424,16550.071509967,8.924773113078059,4.591887496511141,1778044429.3277712,850,,,,,,,
26.773822121878087,852,3,13.791593982974687,16569.316094571,8.924607373959363,4.597197994324896,1778044448.4455721,850,,,,,,,
26.773531081610802,853,3,13.807631204724313,16588.872758332,8.924510360536935,4.602543734908104,1778044467.6902294,850,,,,,,,
26.773744093776678,854,3,13.8239283289512,16608.166358281,8.924581364592227,4.6079761096504,1778044487.2467752,850,,,,,,,
26.77353287123379,855,3,13.840006411671638,16627.980217492,8.924510957077931,4.613335470557213,1778044506.5405188,850,,,,,,,
26.774159490079892,856,3,13.856517849763234,16648.019404336,8.92471983002663,4.618839283254411,1778044526.3542044,850,,,,,,,
26.775147317582096,857,3,13.873217201431594,16666.346135085,8.9250491058607,4.624405733810531,1778044546.3934212,850,,,,,,,
26.7733818307637,858,3,13.888489486575125,16683.799744569,8.924460610254567,4.629496495525042,1778044564.7201664,850,,,,,,,
26.770219511846076,859,3,13.903034196297327,16702.395264469,8.923406503948693,4.634344732099109,1778044582.1738167,850,,,,,,,
26.768894616656066,860,3,13.91853045364221,16722.57182217,8.922964872218689,4.63951015121407,1778044600.769323,850,,,,,,,
26.770103864456583,861,3,13.935344272851946,16742.362208441,8.923367954818861,4.645114757617315,1778044620.9459038,850,,,,,,,
26.770692752835274,862,3,13.95183624724547,16761.759639724,8.923564250945091,4.650612082415157,1778044640.736274,850,,,,,,,
26.770652422109322,863,3,13.968000628948213,16781.574583338,8.923550807369775,4.656000209649404,1778044660.13357,850,,,,,,,
26.771278695121502,864,3,13.984513175686201,16801.382800793,8.9237595650405,4.6615043918954004,1778044679.948588,850,,,,,,,
26.771892821139225,865,3,14.001020127137503,16821.179717636,8.923964273713075,4.667006709045834,1778044699.7569277,850,,,,,,,
26.77248732230221,866,3,14.017517546017965,16840.987255255,8.924162440767404,4.672505848672655,1778044719.5538614,850,,,,,,,
26.77309719691869,867,3,14.034023742278418,16859.217996098,8.924365732306232,4.678007914092806,1778044739.3612647,850,,,,,,,
26.77120204584985,868,3,14.049216067592303,16879.237938703,8.923734015283284,4.683072022530768,1778044757.5920641,850,,,,,,,
26.772148937159766,869,3,14.065899290442466,16899.052251578,8.924049645719922,4.688633096814155,1778044777.6119256,850,,,,,,,
26.77276807098188,870,3,14.082411258618038,16916.375481325,8.924256023660627,4.6941370862060126,1778044797.4262912,850,,,,,,,
26.769443644515135,871,3,14.096847288012505,16935.957246618,8.923147881505045,4.698949096004168,1778044814.749536,850,,,,,,,
26.76969685031323,872,3,14.113165449500084,16955.691542644,8.923232283437743,4.704388483166695,1778044834.3313248,850,,,,,,,
26.77018997751151,873,3,14.129610550403596,16975.435242556,8.923396659170503,4.709870183467865,1778044854.0654466,850,,,,,,,
26.770697281178766,874,3,14.14606373866399,16992.934293936,8.923565760392922,4.715354579554663,1778044873.8092706,850,,,,,,,
26.767667287109923,875,3,14.160646237134934,16992.943113204,8.922555762369974,4.7202154123783115,1778044891.3172073,875,0.25865694478154183,0.9167905750870705,14009820.0,0.2566008377075195,0.46612221002578735,2.3923103912412544e-05,1.0580937972768532
26.768338719399093,876,3,14.177185440262157,17032.258539774,8.922779573133031,4.725728480087386,1778044911.1553102,875,,,,,,,
26.768427313702137,877,3,14.193416417241096,17051.707878268,8.92280910456738,4.731138805747032,1778044930.6324823,875,,,,,,,
26.768472216034716,878,3,14.20962430814902,17069.796682363,8.922824072011572,4.736541436049674,1778044950.0819597,875,,,,,,,
26.766383388314143,879,3,14.224698306123416,17089.297264642,8.922127796104714,4.741566102041139,1778044968.170751,875,,,,,,,
26.76651039733354,880,3,14.240948699911435,17109.047634342,8.922170132444514,4.746982899970479,1778044987.671222,875,,,,,,,
26.767028323116058,881,3,14.257407468358675,17127.881710447,8.92234277437202,4.752469156119559,1778045007.4217782,875,,,,,,,
26.766112799389475,882,3,14.273102472225826,17147.301567589,8.922037599796491,4.757700824075275,1778045026.2557483,875,,,,,,,
26.766113911835642,883,3,14.289285721977553,17166.572581978,8.92203797061188,4.763095240659184,1778045045.6756477,875,,,,,,,
26.76588277496184,884,3,14.305344844659171,17186.381348379,8.92196092498728,4.768448281553057,1778045064.9465976,875,,,,,,,
26.766489821680974,885,3,14.321852171818417,17205.236615625,8.92216327389366,4.773950723939472,1778045084.7553978,875,,,,,,,
26.765612221521668,886,3,14.337564950585367,17224.847009072,8.921870740507224,4.779188316861789,1778045103.610722,875,,,,,,,
26.76590986605875,887,3,14.353906923333803,17244.30642397,8.921969955352917,4.784635641111268,1778045123.2210925,875,,,,,,,
26.765972557283558,888,3,14.370123114188512,17263.507272288,8.921990852427852,4.790041038062838,1778045142.6805258,875,,,,,,,
26.76563400480065,889,3,14.386123718420663,17283.268281003,8.921878001600216,4.795374572806888,1778045161.8812702,875,,,,,,,
26.76616402208537,890,3,14.40259128153324,17303.302096531,8.922054674028455,4.80086376051108,1778045181.6423206,875,,,,,,,
26.767114744979345,891,3,14.419286117156346,17323.475193294,8.922371581659782,4.8064287057187824,1778045201.6761303,875,,,,,,,
26.768278540857523,892,3,14.43609701236089,17343.210564826,8.922759513619175,4.81203233745363,1778045221.8491921,875,,,,,,,
26.768764131124364,893,3,14.452543149391811,17363.080410513,8.922921377041455,4.817514383130604,1778045241.5845704,875,,,,,,,
26.7694560488554,894,3,14.46910139520963,17383.257177018,8.923152016285133,4.82303379840321,1778045261.4544542,875,,,,,,,
26.77061902629241,895,3,14.48591537396113,17401.871795382,8.923539675430805,4.828638457987044,1778045281.6312356,875,,,,,,,
26.76937566234996,896,3,14.501427202820778,17421.04097018,8.923125220783321,4.833809067606926,1778045300.2454479,875,,,,,,,
26.768988419499642,897,3,14.517401821215948,17440.902866473,8.922996139833215,4.839133940405316,1778045319.414967,875,,,,,,,
26.769664834401034,898,3,14.533953459064165,17460.461872954,8.92322161146701,4.844651153021388,1778045339.2769287,875,,,,,,,
26.769875145235638,899,3,14.550252572894097,17479.928752517,8.923291715078546,4.850084190964699,1778045358.835875,875,,,,,,,
26.769943982499615,900,3,14.566474960247675,17479.938825052,8.923314660833206,4.855491653415892,1778045378.312452,900,0.2639875113219023,0.9155519738793373,14412382.0,0.261597785949707,0.32396501302719116,2.270189516811924e-05,1.0883509833585476
26.76983318850018,901,3,14.582599578499794,17518.801924673,8.92327772950006,4.860866526166598,1778045397.6522758,900,,,,,,,
26.76998862147948,902,3,14.598869248231253,17538.224028328,8.92332954049316,4.866289749410417,1778045417.1758823,900,,,,,,,
26.76998894642666,903,3,14.615054424802462,17557.876602008,8.923329648808886,4.871684808267488,1778045436.5981002,900,,,,,,,
26.770340469032963,904,3,14.631431550184885,17577.08151449,8.923446823010988,4.877143850061628,1778045456.2506433,900,,,,,,,
26.770009494030674,905,3,14.647435666322709,17596.928736332,8.923336498010224,4.882478555440903,1778045475.4555821,900,,,,,,,
26.77065635452909,906,3,14.663975004355112,17616.082260602,8.923552118176364,4.887991668118371,1778045495.3027866,900,,,,,,,
26.770247640391126,907,3,14.679936281641323,17635.801743434,8.923415880130376,4.893312093880441,1778045514.4563177,900,,,,,,,
26.770698952459114,908,3,14.696369195183117,17655.781534916,8.923566317486372,4.898789731727706,1778045534.1758144,900,,,,,,,
26.77154395136021,909,3,14.713019015590348,17675.5498954,8.923847983786738,4.9043396718634495,1778045554.1555994,900,,,,,,,
26.7720668385793,910,3,14.729492637912433,17693.620847134,8.924022279526433,4.9098308793041445,1778045573.923946,900,,,,,,,
26.77002048616134,911,3,14.744551791350048,17713.835000446,8.92334016205378,4.914850597116683,1778045591.994926,900,,,,,,,
26.77121764259511,912,3,14.76139691054821,17733.331239102,8.92373921419837,4.9204656368494035,1778045612.209074,900,,,,,,,
26.77132839157399,913,3,14.777643785675366,17752.693512582,8.923776130524665,4.925881261891789,1778045631.7053227,900,,,,,,,
26.771236854271244,914,3,14.793779011368752,17772.724228098,8.923745618090415,4.93125967045625,1778045651.0675943,900,,,,,,,
26.772152333792008,915,3,14.810471212466558,17791.504301874,8.92405077793067,4.936823737488853,1778045671.0982323,900,,,,,,,
26.77118406228667,916,3,14.826121282378834,17810.85468569,8.923728020762223,4.942040427459611,1778045689.8783185,900,,,,,,,
26.771075128123616,917,3,14.842246609727543,17829.123718954,8.92369170937454,4.947415536575847,1778045709.2287135,900,,,,,,,
26.769342774355763,918,3,14.85747077802817,17848.506208377,8.923114258118588,4.952490259342723,1778045727.4977183,900,,,,,,,
26.769284246418415,919,3,14.873622867266338,17866.866828144,8.923094748806138,4.957874289088779,1778045746.8802197,900,,,,,,,
26.767695045676785,920,3,14.888923483689627,17886.790883359,8.922565015225594,4.962974494563209,1778045765.2409577,900,,,,,,,
26.76844873407117,921,3,14.905526773929594,17906.432126798,8.92281624469039,4.968508924643198,1778045785.1649127,900,,,,,,,
26.768778151240976,922,3,14.921894471247992,17924.991849168,8.92292605041366,4.973964823749331,1778045804.806146,900,,,,,,,
26.767491806658995,923,3,14.937360905408859,17944.171716306,8.922497268886332,4.979120301802953,1778045823.3658652,900,,,,,,,
26.76713344119156,924,3,14.953344195683798,17964.738975033,8.92237781373052,4.984448065227933,1778045842.5458455,900,,,,,,,
26.76884273105699,925,3,14.970483389496804,17964.748310718,8.922947577018997,4.990161129832268,1778045863.1220498,925,0.2588821173086762,0.9146989688277245,14812045.0,0.2611591911315918,0.3502739369869232,2.1486195186948642e-05,1.118608169440242
26.769707303632067,926,3,14.987151731053988,18002.654695557,8.923235767877356,4.995717243684663,1778045883.1148543,925,,,,,,,
26.767465315722852,927,3,15.002080016732215,18022.46632952,8.922488438574284,5.000693338910739,1778045901.0287967,925,,,,,,,
26.76804667204062,928,3,15.018589668472607,18042.516350441,8.92268222401354,5.006196556157536,1778045920.8403788,925,,,,,,,
26.768980647759665,929,3,15.035298078457515,18060.773996548,8.922993549253222,5.011766026152505,1778045940.890467,925,,,,,,,
26.767256112230722,930,3,15.050512807965278,18078.49162592,8.922418704076907,5.016837602655093,1778045959.148146,925,,,,,,,
26.764735555190406,931,3,15.06527738928795,18098.180208592,8.921578518396801,5.02175912976265,1778045976.865646,925,,,,,,,
26.7651354712994,932,3,15.08168455819289,18118.019340669,8.921711823766467,5.0272281860642964,1778045996.5542457,925,,,,,,,
26.76575692435042,933,3,15.098217176795007,18137.245607275,8.921918974783473,5.032739058931669,1778046016.3933926,925,,,,,,,
26.765472697040423,934,3,15.114239116708436,18157.207055647,8.921824232346808,5.038079705569479,1778046035.6197126,925,,,,,,,
26.766272296941217,935,3,15.130873396396638,18176.547273643,8.922090765647072,5.0436244654655455,1778046055.580854,925,,,,,,,
26.76615617172713,936,3,15.146990433335304,18196.132529088,8.922052057242377,5.048996811111768,1778046074.9212992,925,,,,,,,
26.76640046851315,937,3,15.163311510880789,18215.609691124,8.922133489504384,5.054437170293596,1778046094.5065923,925,,,,,,,
26.76648531832039,938,3,15.179542459845543,18235.087469671,8.922161772773464,5.059847486615181,1778046113.9837363,925,,,,,,,
26.7665709610158,939,3,15.195773961544036,18254.489245304,8.9221903203386,5.0652579871813455,1778046133.4615424,925,,,,,,,
26.76654492238143,940,3,15.211942096153896,18274.022415731,8.922181640793811,5.070647365384632,1778046152.8632977,925,,,,,,,
26.766711353419563,941,3,15.228219699859618,18293.764024473,8.922237117806521,5.0760732332865395,1778046172.3964198,925,,,,,,,
26.767182444439488,942,3,15.244671017328898,18313.525004461,8.922394148146495,5.0815570057762995,1778046192.1380196,925,,,,,,,
26.767681040215212,943,3,15.261138585805892,18333.43866331,8.922560346738404,5.0870461952686306,1778046211.8990843,925,,,,,,,
26.768401462516124,944,3,15.277733361919722,18353.103121414,8.922800487505373,5.092577787306574,1778046231.812815,925,,,,,,,
26.76875666371056,945,3,15.294120342930157,18372.944079667,8.92291888790352,5.098040114310052,1778046251.4771905,925,,,,,,,
26.76936839444651,946,3,15.310654474695525,18392.851838754,8.923122798148837,5.103551491565175,1778046271.3181512,925,,,,,,,
26.77007615724864,947,3,15.327244329452515,18411.746962675,8.92335871908288,5.1090814431508385,1778046291.2259743,925,,,,,,,
26.769309917213043,948,3,15.342990206480028,18431.744626763,8.923103305737682,5.114330068826676,1778046310.1210299,925,,,,,,,
26.770146623639256,949,3,15.359654864470166,18451.124704103,8.923382207879753,5.119884954823388,1778046330.118625,925,,,,,,,
26.770085742098825,950,3,15.375804990927378,18451.132817588,8.923361914032942,5.125268330309126,1778046349.506478,950,0.26087834268808363,0.9151182827353478,15212457.0,0.2597371482849121,0.5155724883079529,2.0278918110645535e-05,1.1488653555219366
26.76879440172948,951,3,15.391247567137082,18489.154927596,8.92293146724316,5.130415855712361,1778046368.0298579,950,,,,,,,
26.768907232378464,952,3,15.407496786713601,18508.764991271,8.922969077459488,5.135832262237867,1778046387.5289288,950,,,,,,,
26.769180352241268,953,3,15.423838497996329,18528.281211809,8.923060117413756,5.14127949933211,1778046407.1389809,950,,,,,,,
26.7693173564076,954,3,15.440102030237517,18545.4176961,8.9231057854692,5.146700676745839,1778046426.655223,950,,,,,,,
26.766019387189424,955,3,15.454382415215175,18565.029255436,8.922006462396475,5.151460805071725,1778046443.7916877,950,,,,,,,
26.76629677995977,956,3,15.470725345611573,18584.913460975,8.922098926653257,5.156908448537191,1778046463.4032047,950,,,,,,,
26.766966384899238,957,3,15.487295544346173,18605.117115451,8.922322128299745,5.162431848115391,1778046483.28744,950,,,,,,,
26.7680942953197,958,3,15.504132004181542,18625.211270824,8.922698098439898,5.168044001393848,1778046503.4912295,950,,,,,,,
26.769062159606303,959,3,15.520877032081286,18644.517222378,8.923020719868767,5.1736256773604286,1778046523.5852258,950,,,,,,,
26.768896639103687,960,3,15.536965401172637,18663.777707014,8.922965546367896,5.178988467057546,1778046542.8913095,950,,,,,,,
26.768665967790607,961,3,15.553015716473261,18683.62278375,8.922888655930203,5.1843385721577535,1778046562.1516519,950,,,,,,,
26.769273670294673,962,3,15.569553368091583,18703.359324362,8.923091223431557,5.189851122697195,1778046581.9968274,950,,,,,,,
26.76972447504177,963,3,15.586000404755275,18723.182799799,8.92324149168059,5.195333468251758,1778046601.7332735,950,,,,,,,
26.770298667968056,964,3,15.602519900798796,18743.061548523,8.923432889322685,5.200839966932932,1778046621.556698,950,,,,,,,
26.770950792403212,965,3,15.61908555905024,18762.421170528,8.923650264134405,5.206361853016747,1778046641.4354672,950,,,,,,,
26.770860951496783,966,3,15.635218669374783,18782.192438692,8.923620317165595,5.211739556458261,1778046660.7951884,950,,,,,,,
26.771357945444585,967,3,15.651694760123888,18801.813889067,8.923785981814861,5.217231586707963,1778046680.566494,950,,,,,,,
26.77164039423766,968,3,15.668045889735222,18821.691735906,8.923880131412554,5.222681963245074,1778046700.1878603,950,,,,,,,
26.772287149297686,969,3,15.684610790610312,18841.388973818,8.924095716432562,5.228203596870104,1778046720.0657349,950,,,,,,,
26.77267589096597,970,3,15.701025159756345,18861.196877945,8.924225296988658,5.233675053252115,1778046739.762978,950,,,,,,,
26.773220982139478,971,3,15.717531785766283,18881.015856139,8.924406994046493,5.239177261922094,1778046759.5709276,950,,,,,,,
26.773780510138174,972,3,15.73404755493005,18900.78637211,8.924593503379391,5.244682518310017,1778046779.3898551,950,,,,,,,
26.77427045057595,973,3,15.750523064335187,18920.29039183,8.92475681685865,5.2501743547783954,1778046799.1604545,950,,,,,,,
26.774382125863795,974,3,15.766776415109636,18940.189727139,8.924794041954598,5.255592138369878,1778046818.664478,950,,,,,,,
26.775051898595205,975,3,15.783358888228733,18940.195534881,8.925017299531735,5.261119629409578,1778046838.5688174,975,0.2599322521686554,0.9163361665606499,15614976.0,0.25891653060913083,0.43427807092666626,1.908295789049734e-05,1.1791225416036308
26.773164643879795,976,3,15.798433308601378,18977.761003802,8.924388214626598,5.2661444362004595,1778046856.6527455,975,,,,,,,
26.773246482500483,977,3,15.814668569167456,18995.125682775,8.924415494166826,5.271556189722485,1778046876.1350727,975,,,,,,,
26.770343808896616,978,3,15.829139205018677,19014.636433251,8.92344793629887,5.276379735006226,1778046893.4998522,975,,,,,,,
26.770468203607855,979,3,15.845398047963778,19034.172003765,8.92348940120262,5.281799349321259,1778046913.0104306,975,,,,,,,
26.770627591994746,980,3,15.861677775184312,19053.373866516,8.923542530664914,5.2872259250614375,1778046932.546104,975,,,,,,,
26.770317670415544,981,3,15.877679343819619,19072.927079499,8.923439223471847,5.292559781273206,1778046951.7479875,975,,,,,,,
26.77050145903535,982,3,15.893973659475645,19092.441272571,8.923500486345116,5.297991219825215,1778046971.3011653,975,,,,,,,
26.77063018736252,983,3,15.91023547410965,19112.26784276,8.923543395787506,5.3034118247032165,1778046990.8153434,975,,,,,,,
26.77119630411671,984,3,15.926757656137148,19132.304164218,8.923732101372236,5.308919218712383,1778047010.641962,975,,,,,,,
26.772054645894542,985,3,15.943454550306,19152.265458362,8.92401821529818,5.314484850102001,1778047030.6782386,975,,,,,,,
26.772806376085402,986,3,15.960088927944502,19172.417923775,8.924268792028467,5.3200296426481675,1778047050.639495,975,,,,,,,
26.773823347430262,987,3,15.976882493297259,19191.776213428,8.924607782476754,5.325627497765753,1778047070.7917728,975,,,,,,,
26.773730877987767,988,3,15.993014575242995,19211.401093678,8.924576959329256,5.331004858414332,1778047090.1502976,975,,,,,,,
26.774009797560637,989,3,16.009368615349135,19229.341559046,8.924669932520214,5.336456205116378,1778047109.7751157,975,,,,,,,
26.771942929508707,990,3,16.024318923950194,19247.883220551,8.923980976502904,5.3414396413167315,1778047127.7154944,975,,,,,,,
26.770716622401036,991,3,16.039770358403523,19267.852939249,8.923572207467013,5.346590119467841,1778047146.2572165,975,,,,,,,
26.771476990280934,992,3,16.056411834557853,19288.169431602,8.923825663426978,5.352137278185951,1778047166.2269833,975,,,,,,,
26.772717047248285,993,3,16.07334221760432,19307.802898582,8.924239015749428,5.35778073920144,1778047186.543444,975,,,,,,,
26.773007564840903,994,3,16.089703457951547,19326.913564467,8.924335854946968,5.363234485983849,1778047206.1769323,975,,,,,,,
26.77257316291632,995,3,16.10562895834446,19346.518176969,8.92419105430544,5.36854298611482,1778047225.2875433,975,,,,,,,
26.772823336015104,996,3,16.121966168483098,19365.942882836,8.924274445338368,5.3739887228277,1778047244.8921854,975,,,,,,,
26.772824310931977,997,3,16.138153469165164,19385.732287112,8.92427477031066,5.379384489721722,1778047264.3169456,975,,,,,,,
26.773328851001537,998,3,16.15464461505413,19403.795916394,8.924442950333846,5.384881538351377,1778047284.1063232,975,,,,,,,
26.77145119616657,999,3,16.1696975483497,19422.896134461,8.923817065388857,5.389899182783233,1778047302.169851,975,,,,,,,
26.771006278903084,1000,3,16.185614437063535,19422.90511984,8.92366875963436,5.395204812354511,1778047321.2777407,1000,0.2506887811422348,0.9188697192072869,16011156.0,0.24958446502685547,0.32647016644477844,1.7901181350273598e-05,1.2093797276853253
26.78665194998731,1001,3,16.211268804073335,19473.546613963,8.928883983329102,5.403756268024445,1778047352.0553489,1000,,,,,,,
26.787244983306344,1002,3,16.227823139826455,19493.312686992,8.929081661102115,5.409274379942152,1778047371.920565,1000,,,,,,,
26.78770080759185,1003,3,16.244294987916945,19512.89519871,8.929233602530617,5.414764995972315,1778047391.6867704,1000,,,,,,,
26.78790339847802,1004,3,16.26061367114385,19532.689742768,8.929301132826007,5.42020455704795,1778047411.269187,1000,,,,,,,
26.78839661296762,1005,3,16.27710918744405,19552.253692188,8.929465537655874,5.42570306248135,1778047431.0638044,1000,,,,,,,
26.78857285728433,1006,3,16.29341251174609,19571.804479516,8.929524285761444,5.431137503915363,1778047450.6277947,1000,,,,,,,
26.788730496657443,1007,3,16.30970472196738,19591.010006168,8.929576832219148,5.436568240655793,1778047470.1784518,1000,,,,,,,
26.788416038969597,1008,3,16.325709411899247,19610.29559889,8.929472012989866,5.441903137299749,1778047489.3840678,1000,,,,,,,
26.788211419207055,1009,3,16.341780726710954,19629.901699825,8.929403806402352,5.447260242236985,1778047508.6696498,1000,,,,,,,
26.788444576743803,1010,3,16.3581191188097,19648.627289666,8.929481525581268,5.452706372936567,1778047528.275721,1000,,,,,,,
26.78747688330835,1011,3,16.373723778128625,19668.256130591,8.929158961102784,5.457907926042875,1778047547.0013204,1000,,,,,,,
26.787741384855686,1012,3,16.39008118589719,19687.099304022,8.929247128285228,5.4633603952990635,1778047566.6301985,1000,,,,,,,
26.786936164224336,1013,3,16.405783757170042,19706.213639033,8.92897872140811,5.468594585723348,1778047585.473296,1000,,,,,,,
26.78650133935226,1014,3,16.421712429324785,19725.481137598,8.928833779784085,5.473904143108262,1778047604.5876877,1000,,,,,,,
26.78627498255966,1015,3,16.43776850501696,19745.559494968,8.928758327519887,5.4792561683389875,1778047623.8549845,1000,,,,,,,
26.787149594776196,1016,3,16.454500597516695,19765.207270291,8.9290498649254,5.484833532505565,1778047643.933494,1000,,,,,,,
26.78743875270669,1017,3,16.47087376753489,19784.844638086,8.929146250902232,5.490291255844964,1778047663.5812912,1000,,,,,,,
26.78771329774252,1018,3,16.487238293290137,19804.682077506,8.929237765914174,5.495746097763379,1778047683.2187254,1000,,,,,,,
26.78825776583001,1019,3,16.503769445816676,19824.302645725,8.92941925527667,5.501256481938892,1778047703.056112,1000,,,,,,,
26.788508232931296,1020,3,16.520119950175285,19844.144839839,8.929502744310431,5.506706650058429,1778047722.6767156,1000,,,,,,,
26.789057284106708,1021,3,16.53665507078171,19863.905719221,8.929685761368903,5.512218356927236,1778047742.5188615,1000,,,,,,,
26.789495629621584,1022,3,16.553122450709346,19883.685357133,8.929831876540527,5.517707483569781,1778047762.279719,1000,,,,,,,
26.789958508649757,1023,3,16.569605534672736,19903.316958987,8.929986169549919,5.523201844890912,1778047782.0594187,1000,,,,,,,
26.790221139798714,1024,3,16.585965203841525,19923.261899227,8.930073713266237,5.5286550679471755,1778047801.6910207,1000,,,,,,,
26.7909045859174,1025,3,16.60258597373962,19923.272764298,8.930301528639134,5.5341953245798745,1778047821.6461895,1025,0.256698651984334,0.9161381059885025,16414715.0,0.2554458236694336,0.3943992257118225,1.6736421314192667e-05,1.2396369137670198
26.79002434290796,1026,3,16.61823759118716,19962.394655524,8.930008114302654,5.53941253039572,1778047840.4179,1025,,,,,,,
26.791251474910652,1027,3,16.635196653405828,19982.117838674,8.93041715830355,5.545065551135275,1778047860.7687662,1025,,,,,,,
26.791634586850417,1028,3,16.651632621089618,20002.251561928,8.930544862283472,5.550544207029873,1778047880.4919262,1025,,,,,,,
26.79256672278669,1029,3,16.668410615324973,20021.506812981,8.93085557426223,5.556136871774991,1778047900.625539,1025,,,,,,,
26.79232158742715,1030,3,16.684456611275674,20041.135003352,8.930773862475716,5.561485537091891,1778047919.8807204,1025,,,,,,,
26.79257568265218,1031,3,16.700813499887786,20061.113532164,8.93085856088406,5.5669378332959285,1778047939.5090246,1025,,,,,,,
26.793297095511697,1032,3,16.717462274829547,20081.203174723,8.931099031837233,5.572487424943183,1778047959.487519,1025,,,,,,,
26.79416547303471,1033,3,16.73420370837053,20100.48136175,8.93138849101157,5.578067902790176,1778047979.5772748,1025,,,,,,,
26.79395023537443,1034,3,16.750268768668175,20120.13651157,8.93131674512481,5.583422922889391,1778047998.8553114,1025,,,,,,,
26.79423765812749,1035,3,16.766648111343383,20140.282875345,8.931412552709164,5.5888827037811275,1778048018.510523,1025,,,,,,,
26.795178095592494,1036,3,16.783436824083328,20160.50391488,8.931726031864166,5.59447894136111,1778048038.6570017,1025,,,,,,,
26.79621573096454,1037,3,16.80028761367003,20178.214242593,8.932071910321513,5.600095871223344,1778048058.8779209,1025,,,,,,,
26.793917321547454,1038,3,16.815046057899792,20198.088476462,8.931305773849152,5.605015352633265,1778048076.5880504,1025,,,,,,,
26.79449434214117,1039,3,16.83160799364249,20217.821260101,8.931498114047058,5.61053599788083,1778048096.4623816,1025,,,,,,,
26.79488282039838,1040,3,16.84805207570394,20237.54137221,8.93162760679946,5.61601735856798,1778048116.195275,1025,,,,,,,
26.795253611151086,1041,3,16.864485495289166,20257.342472178,8.93175120371703,5.621495165096389,1778048135.915376,1025,,,,,,,
26.795730716980046,1042,3,16.880986340443293,20275.374328547,8.93191023899335,5.626995446814431,1778048155.716398,1025,,,,,,,
26.79386902421837,1043,3,16.89601293365161,20293.541800018,8.931289674739457,5.6320043112172025,1778048173.748308,1025,,,,,,,
26.792190070883066,1044,3,16.91115262031555,20312.5773832,8.930730023627689,5.637050873438517,1778048191.9159591,1025,,,,,,,
26.791659117476605,1045,3,16.927015585104627,20330.540796619,8.930553039158868,5.642338528368208,1778048210.951474,1025,,,,,,,
26.789716340181858,1046,3,16.941985061566037,20349.9701363,8.929905446727286,5.647328353855345,1778048228.9148502,1025,,,,,,,
26.78970716484904,1047,3,16.9581761799256,20369.558404977,8.929902388283013,5.6527253933085335,1778048248.3441887,1025,,,,,,,
26.789906993215627,1048,3,16.974499715169273,20389.267902723,8.929968997738543,5.658166571723091,1778048267.9324293,1025,,,,,,,
26.790265906636662,1049,3,16.99092438697815,20409.328523002,8.930088635545555,5.66364146232605,1778048287.6420686,1025,,,,,,,
26.791084798192223,1050,3,17.007641498247782,20409.337847753,8.930361599397408,5.669213832749261,1778048307.711577,1050,0.2556299802660942,0.9171343579888344,16812319.0,0.25463294982910156,0.33746349811553955,1.559146981638828e-05,1.269894099848714
26.790934938184048,1051,3,17.02374402662118,20448.484642879,8.930311646061348,5.674581342207061,1778048327.0256064,1050,,,,,,,
26.791453645834075,1052,3,17.040271605451903,20468.339416816,8.930484548611359,5.680090535150634,1778048346.858703,1050,,,,,,,
26.79199971607419,1053,3,17.05681723157565,20487.454485655,8.93066657202473,5.68560574385855,1778048366.7134511,1050,,,,,,,
26.79157741082838,1054,3,17.072746427456536,20508.081249095,8.930525803609461,5.690915475818846,1778048385.8284883,1050,,,,,,,
26.79313100278736,1055,3,17.08993543406328,20526.721094701,8.931043667595786,5.696645144687759,1778048406.4552972,1050,,,,,,,
26.792088129469995,1056,3,17.10546860019366,20546.668783152,8.930696043156665,5.70182286673122,1778048425.0950942,1050,,,,,,,
26.792752763053212,1057,3,17.122091699242592,20565.775841542,8.930917587684405,5.707363899747531,1778048445.042812,1050,,,,,,,
26.792320982113754,1058,3,17.13801426788171,20586.135034421,8.930773660704585,5.7126714226272375,1778048464.149903,1050,,,,,,,
26.793519639602646,1059,3,17.154980228741962,20606.113724753,8.931173213200882,5.7183267429139875,1778048484.5090477,1050,,,,,,,
26.794221306950412,1060,3,17.17162913262844,20626.137105373,8.931407102316804,5.723876377542814,1778048504.487746,1050,,,,,,,
26.794979753320487,1061,3,17.188315307299295,20645.662814734,8.931659917773494,5.729438435766432,1778048524.511151,1050,,,,,,,
26.7950907831097,1062,3,17.204586705962818,20665.115818649,8.931696927703234,5.734862235320939,1778048544.0368314,1050,,,,,,,
26.7951074272411,1063,3,17.220797578692434,20684.950957223,8.931702475747034,5.740265859564145,1778048563.4898696,1050,,,,,,,
26.795619023140134,1064,3,17.237326868573824,20704.904610382,8.931873007713378,5.745775622857941,1778048583.325016,1050,,,,,,,
26.79628303725768,1065,3,17.25395491818587,20724.628172081,8.93209434575256,5.751318306061957,1778048603.27868,1050,,,,,,,
26.79664832191217,1066,3,17.270391240119935,20744.43806206,8.932216107304058,5.756797080039978,1778048623.0022628,1050,,,,,,,
26.797124331536722,1067,3,17.286899432738622,20764.483396276,8.932374777178907,5.762299810912874,1778048642.8120973,1050,,,,,,,
26.797903322279453,1068,3,17.30360383808613,20783.473771608,8.932634440759818,5.7678679460287094,1778048662.8573837,1050,,,,,,,
26.797320806644844,1069,3,17.319429227511087,20803.068333842,8.932440268881614,5.773143075837029,1778048681.8478487,1050,,,,,,,
26.79751751608789,1070,3,17.335758006175357,20822.832592329,8.932505838695963,5.778586002058453,1778048701.4424036,1050,,,,,,,
26.79793232930883,1071,3,17.35222824951013,20842.418856075,8.93264410976961,5.784076083170043,1778048721.2066767,1050,,,,,,,
26.798117470195265,1072,3,17.368550137877463,20861.905537394,8.932705823398422,5.789516712625821,1778048740.7929392,1050,,,,,,,
26.798174173299778,1073,3,17.38478892862797,20881.768225142,8.932724724433259,5.7949296428759896,1778048760.2794926,1050,,,,,,,
26.798713677387887,1074,3,17.401341287493707,20901.56497922,8.932904559129296,5.8004470958312355,1778048780.142324,1050,,,,,,,
26.799167350919486,1075,3,17.417838514049848,20901.576221231,8.93305578363983,5.805946171349949,1778048799.9498954,1075,0.24826776716858148,0.9196823793649673,17216974.0,0.24698217391967772,0.42166462540626526,1.446907140815372e-05,1.3001512859304085
26.79758888826088,1076,3,17.433014294902485,20939.096416859,8.932529629420292,5.811004764967494,1778048818.149927,1075,,,,,,,
26.797433381174347,1077,3,17.449114722808204,20958.994397663,8.932477793724782,5.816371574269401,1778048837.4704418,1075,,,,,,,
26.79801650559526,1078,3,17.46569636821747,20978.280145859,8.932672168531754,5.8218987894058225,1778048857.36842,1075,,,,,,,
26.797816521528144,1079,3,17.48176785171032,20997.656886081,8.932605507176048,5.827255950570106,1778048876.6541939,1075,,,,,,,
26.79773296309474,1080,3,17.49791511495908,21017.329354933,8.932577654364913,5.832638371653027,1778048896.0309148,1075,,,,,,,
26.798026637797587,1081,3,17.514308824340503,21037.254724001,8.932675545932529,5.838102941446834,1778048915.7033637,1075,,,,,,,
26.798641924440897,1082,3,17.53091327826182,21056.998093425,8.932880641480299,5.843637759420607,1778048935.62871,1075,,,,,,,
26.799024458517476,1083,3,17.547366075317065,21076.284580511,8.933008152839157,5.849122025105689,1778048955.3720658,1075,,,,,,,
26.798825449263187,1084,3,17.56343820254008,21095.841680622,8.932941816421062,5.854479400846693,1778048974.6586192,1075,,,,,,,
26.798970497616608,1085,3,17.579735785921415,21115.396570834,8.932990165872203,5.8599119286404715,1778048994.2157156,1075,,,,,,,
26.79911231097522,1086,3,17.59603142062823,21134.080126204,8.93303743699174,5.865343806876076,1778049013.770525,1075,,,,,,,
26.79814932743233,1087,3,17.611601160168647,21153.606860367,8.932716442477442,5.8705337200562155,1778049032.4541621,1075,,,,,,,
26.798256191589378,1088,3,17.627873480319977,21173.352999346,8.932752063863125,5.875957826773326,1778049051.9809453,1075,,,,,,,
26.79864056655161,1089,3,17.6443286438783,21193.273141079,8.932880188850538,5.881442881292767,1778049071.7271464,1075,,,,,,,
26.799243919495414,1090,3,17.660928580562274,21211.260470081,8.933081306498472,5.886976193520758,1778049091.6470768,1075,,,,,,,
26.797404733408566,1091,3,17.675918116172156,21230.516244621,8.932468244469522,5.891972705390718,1778049109.634528,1075,,,,,,,
26.797169907429645,1092,3,17.691964654723805,21250.039477994,8.932389969143214,5.897321551574601,1778049128.890362,1075,,,,,,,
26.79727255648249,1093,3,17.70823392033577,21269.946584684,8.932424185494163,5.902744640111923,1778049148.4134834,1075,,,,,,,
26.7978588607673,1094,3,17.724823212623594,21289.388718267,8.932619620255768,5.908274404207865,1778049168.3206336,1075,,,,,,,
26.797858769548174,1095,3,17.74102500160535,21308.446018964,8.932619589849391,5.913675000535117,1778049187.7627766,1075,,,,,,,
26.79737463192457,1096,3,17.75690604388714,21327.964397859,8.932458210641522,5.918968681295713,1778049206.8200324,1075,,,,,,,
26.797470820477507,1097,3,17.773171396652856,21347.512806436,8.932490273492503,5.924390465550952,1778049226.3384871,1075,,,,,,,
26.79760451112578,1098,3,17.789461761315664,21366.931100449,8.932534837041926,5.929820587105222,1778049245.8868895,1075,,,,,,,
26.797574648256187,1099,3,17.805643614530563,21386.528373249,8.932524882752062,5.935214538176854,1778049265.3051152,1075,,,,,,,
26.79776922280138,1100,3,17.82197469472885,21386.539293217,8.932589740933793,5.9406582315762835,1778049284.912838,1100,0.2480022269487381,0.9199416509270668,17615824.0,0.24670660018920898,0.43157240748405457,1.3371916579006436e-05,1.330408472012103
26.795170004414025,1101,3,17.836446296771367,21421.625977448,8.931723334804675,5.945482098923789,1778049302.2683315,1100,,,,,,,
26.793032923042592,1102,3,17.851222660938898,21441.703449954,8.931010974347531,5.9504075536463,1778049319.9999688,1100,,,,,,,
26.793831203809567,1103,3,17.86795394062996,21460.651133139,8.931277067936522,5.955984646876653,1778049340.0775135,1100,,,,,,,
26.79321738974808,1104,3,17.883743650714557,21479.648617374,8.93107246324936,5.961247883571518,1778049359.025155,1100,,,,,,,
26.79266689998208,1105,3,17.899574924111366,21499.006031337,8.930888966660694,5.9665249747037885,1778049378.0226827,1100,,,,,,,
26.792565840131335,1106,3,17.915706057548523,21518.554307887,8.930855280043778,5.971902019182841,1778049397.3800437,1100,,,,,,,
26.79270267317468,1107,3,17.93199628730615,21537.777231513,8.930900891058227,5.977332095768716,1778049416.928329,1100,,,,,,,
26.7924345339962,1108,3,17.948015395204227,21557.242870198,8.930811511332067,5.982671798401409,1778049436.1512468,1100,,,,,,,
26.79246858765422,1109,3,17.964236797889075,21575.347259073,8.930822862551407,5.9880789326296915,1778049455.6169324,1100,,,,,,,
26.79081215400381,1110,3,17.979323755105337,21595.054510142,8.930270718001271,5.9931079183684455,1778049473.7212803,1100,,,,,,,
26.79114737696058,1111,3,17.995746514995894,21614.551453384,8.93038245898686,5.998582171665298,1778049493.4285874,1100,,,,,,,
26.79122109998366,1112,3,18.011993871331214,21634.41322917,8.930407033327887,6.003997957110405,1778049512.9254234,1100,,,,,,,
26.791746750973623,1113,3,18.028545425534247,21654.363180336,8.930582250324541,6.00951514184475,1778049532.7872806,1100,,,,,,,
26.79238046164965,1114,3,18.04517039557298,21672.310411222,8.93079348721655,6.015056798524327,1778049552.7372465,1100,,,,,,,
26.790537311270633,1115,3,18.060126422047617,21689.913132357,8.930179103756878,6.020042140682539,1778049570.6844802,1100,,,,,,,
26.788271904600563,1116,3,18.07479531168938,21709.152006201,8.929423968200188,6.024931770563126,1778049588.2871454,1100,,,,,,,
26.788029668917765,1117,3,18.090827775200207,21728.376811686,8.929343222972589,6.030275925066736,1778049607.5261004,1100,,,,,,,
26.787770458809945,1118,3,18.106848472158113,21748.135945265,8.929256819603316,6.035616157386038,1778049626.7509682,1100,,,,,,,
26.788169751331708,1119,3,18.12331436018149,21767.90485498,8.92938991711057,6.041104786727163,1778049646.5100079,1100,,,,,,,
26.788580550517356,1120,3,18.139788522720337,21787.142225874,8.92952685017245,6.046596174240112,1778049666.2790022,1100,,,,,,,
26.78833684184776,1121,3,18.15581958870093,21806.536350887,8.929445613949254,6.05193986290031,1778049685.5162802,1100,,,,,,,
26.788286236902113,1122,3,18.171981352965037,21826.114929861,8.929428745634038,6.057327117655013,1778049704.9103994,1100,,,,,,,
26.78846220202423,1123,3,18.188296888073285,21845.643937305,8.929487400674743,6.062765629357762,1778049724.4890428,1100,,,,,,,
26.78857695286879,1124,3,18.204571036895114,21865.361682376,8.929525650956263,6.068190345631705,1778049744.0180218,1100,,,,,,,
26.788922692400266,1125,3,18.221002435882887,21865.369708256,8.929640897466754,6.073667478627629,1778049763.7433622,1125,0.24626284312456848,0.9202975988388061,18011743.0,0.2469928741455078,0.42006412148475647,1.2302635307343805e-05,1.3606656580937972
26.789422911423205,1126,3,18.23753941853841,21904.94251078,8.929807637141069,6.079179806179471,1778049783.5800776,1125,,,,,,,
26.78979026656925,1127,3,18.25398647546768,21924.874947516,8.929930088856416,6.084662158489227,1778049803.3165567,1125,,,,,,,
26.790396534265426,1128,3,18.270596910913785,21944.065779548,8.930132178088476,6.090198970304595,1778049823.2490702,1125,,,,,,,
26.79009617332586,1129,3,18.28658922592799,21963.529120881,8.930032057775287,6.095529741975996,1778049842.4398448,1125,,,,,,,
26.790128831814172,1130,3,18.30280869404475,21983.125879561,8.930042943938057,6.10093623134825,1778049861.9032087,1125,,,,,,,
26.790323988884694,1131,3,18.319139317671457,22002.839197542,8.930107996294897,6.106379772557153,1778049881.4999568,1125,,,,,,,
26.790660679184505,1132,3,18.335567042827606,22022.164726198,8.930220226394836,6.1118556809425355,1778049901.2132266,1125,,,,,,,
26.790525283077667,1133,3,18.35167179306348,22041.822418152,8.930175094359223,6.117223931021161,1778049920.5389233,1125,,,,,,,
26.79079342282358,1134,3,18.368053048054378,22061.58022154,8.930264474274527,6.122684349351459,1778049940.1964383,1125,,,,,,,
26.79118285822028,1135,3,18.384517862200738,22081.14709371,8.930394286073428,6.128172620733579,1778049959.9542103,1125,,,,,,,
26.791340095875476,1136,3,18.40082366923491,22099.928442016,8.93044669862516,6.133607889744971,1778049979.521179,1125,,,,,,,
26.79054445353501,1137,3,18.41647463341554,22118.857211971,8.93018148451167,6.13882487780518,1778049998.3023398,1125,,,,,,,
26.78992910311211,1138,3,18.432248681584994,22138.532001015,8.929976367704038,6.144082893861665,1778050017.231193,1125,,,,,,,
26.790217531166963,1139,3,18.44864435791969,22158.397998617,8.930072510388987,6.149548119306564,1778050036.906004,1125,,,,,,,
26.790733487716896,1140,3,18.465197204351426,22177.147873083,8.930244495905633,6.1550657347838085,1778050056.7694318,1125,,,,,,,
26.789906467343155,1141,3,18.480824231704077,22196.85081944,8.929968822447718,6.1602747439013585,1778050075.5218503,1125,,,,,,,
26.79022825202466,1142,3,18.497243448495865,22216.072276958,8.93007608400822,6.165747816165288,1778050095.2249126,1125,,,,,,,
26.7899687521765,1143,3,18.51326135655244,22235.658027671,8.929989584058834,6.171087118850814,1778050114.4464045,1125,,,,,,,
26.79014850799889,1144,3,18.529582764903704,22254.7409991,8.930049502666296,6.1765275883012345,1778050134.0320985,1125,,,,,,,
26.789722842813408,1145,3,18.545485281149546,22274.674774871,8.929907614271135,6.181828427049849,1778050153.1151102,1125,,,,,,,
26.790321034130972,1146,3,18.562096677819888,22293.880559239,8.93010701137699,6.187365559273296,1778050173.0487897,1125,,,,,,,
26.790043692900948,1147,3,18.578101641933124,22313.575799857,8.930014564300317,6.192700547311041,1778050192.2547483,1125,,,,,,,
26.790354185761686,1148,3,18.594514271616937,22332.888891862,8.930118061920561,6.198171423872312,1778050211.9499023,1125,,,,,,,
26.790205841869902,1149,3,18.61060853223006,22352.660431102,8.930068613956633,6.20353617741002,1778050231.263049,1125,,,,,,,
26.790607197065285,1150,3,18.627084810535113,22352.671681146,8.930202399021761,6.209028270178371,1778050251.045428,1150,0.24116649515926838,0.9227409341931343,18414367.0,0.23888511657714845,0.3927476108074188,1.1263790756149237e-05,1.3909228441754917
26.791099975315205,1151,3,18.64362519443035,22391.975501015,8.930366658438402,6.214541731476784,1778050270.8830101,1150,,,,,,,
26.791134900778736,1152,3,18.659847282767295,22411.584924805,8.93037830025958,6.219949094255766,1778050290.3495293,1150,,,,,,,
26.791340706060993,1153,3,18.67618853330612,22430.600451507,8.93044690202033,6.225396177768707,1778050309.9590182,1150,,,,,,,
26.79083680359323,1154,3,18.692034867803258,22450.239769077,8.930278934531076,6.230678289267752,1778050328.974616,1150,,,,,,,
26.79107795947627,1155,3,18.708400872548424,22469.340345637,8.930359319825424,6.236133624182807,1778050348.6138232,1150,,,,,,,
26.790676467514917,1156,3,18.72431801478068,22489.104777408,8.93022548917164,6.241439338260227,1778050367.714396,1150,,,,,,,
26.79106661654144,1157,3,18.74078843732675,22506.683926625,8.930355538847147,6.246929479108917,1778050387.4788976,1150,,,,,,,
26.788854841477033,1158,3,18.755437670151395,22526.411102611,8.929618280492344,6.251812556717131,1778050405.0579762,1150,,,,,,,
26.789201388005246,1159,3,18.771876909732818,22544.380202556,8.929733796001749,6.257292303244273,1778050424.7850716,1150,,,,,,,
26.787458614390815,1160,3,18.786851265231768,22564.134604127,8.929152871463605,6.262283755077256,1778050442.7542906,1150,,,,,,,
26.78783806247578,1161,3,18.803313174446423,22583.854876108,8.929279354158593,6.267771058148808,1778050462.5085888,1150,,,,,,,
26.788176688303636,1162,3,18.819746863245964,22603.633407026,8.929392229434546,6.273248954415322,1778050482.229043,1150,,,,,,,
26.788582802819604,1163,3,18.83622841576735,22622.723927792,8.929527600939869,6.278742805255784,1778050502.0069542,1150,,,,,,,
26.78817502411234,1164,3,18.852137683232627,22642.295704657,8.929391674704114,6.284045894410875,1778050521.0979931,1150,,,,,,,
26.788336657394495,1165,3,18.86844752470652,22660.394117032,8.92944555246483,6.2894825082355075,1778050540.6698008,1150,,,,,,,
26.78675618054868,1166,3,18.883529447714487,22680.303594248,8.92891872684956,6.29450981590483,1778050558.7681105,1150,,,,,,,
26.787317589791762,1167,3,18.900120693643885,22699.601531225,8.92910586326392,6.300040231214629,1778050578.6776118,1150,,,,,,,
26.787156463278006,1168,3,18.916202387611072,22719.624560235,8.929052154426001,6.305400795870357,1778050597.9756396,1150,,,,,,,
26.787850390028197,1169,3,18.93288821399212,22738.800323845,8.929283463342733,6.3109627379973725,1778050617.9986286,1150,,,,,,,
26.78754497064892,1170,3,18.94886796593666,22758.126845447,8.929181656882973,6.3162893219788865,1778050637.1743333,1150,,,,,,,
26.787417657508698,1171,3,18.964973444342615,22777.600734886,8.929139219169567,6.321657814780871,1778050656.500916,1150,,,,,,,
26.787463746473993,1172,3,18.981201638976735,22797.035120198,8.929154582157997,6.327067212992245,1778050675.974748,1150,,,,,,,
26.787463440167762,1173,3,18.997396986285846,22816.269591848,8.92915448005592,6.332465662095282,1778050695.4091601,1150,,,,,,,
26.78722849810753,1174,3,19.013425790071487,22836.191551464,8.929076166035843,6.337808596690496,1778050714.643726,1150,,,,,,,
26.78780023068739,1175,3,19.030027370651563,22836.201457086,8.929266743562463,6.343342456883854,1778050734.575165,1175,0.252821650840342,0.9174215587973594,18815318.0,0.25277559280395506,0.48586544394493103,1.0257873128861011e-05,1.4211800302571862
26.78812543278581,1176,3,19.046454358498256,22875.744274753,8.929375144261936,6.348818119499419,1778050754.2780073,1175,,,,,,,
26.788599891812837,1177,3,19.06298795203368,22895.518875807,8.929533297270945,6.354329317344559,1778050774.1183205,1175,,,,,,,
26.78899662919279,1178,3,19.07946676492691,22914.965644143,8.929665543064264,6.3598222549756365,1778050793.892902,1175,,,,,,,
26.78900961291227,1179,3,19.095672511259714,22934.869693417,8.929669870970756,6.365224170419905,1778050813.3397884,1175,,,,,,,
26.789556486770934,1180,3,19.11225916226705,22954.55654768,8.929852162256978,6.3707530540890165,1778050833.2437687,1175,,,,,,,
26.789849029878354,1181,3,19.128664875626562,22974.394518895,8.92994967662612,6.376221625208855,1778050852.9306278,1175,,,,,,,
26.790317314929435,1182,3,19.14519653340181,22993.95742457,8.930105771643145,6.381732177800602,1778050872.7686167,1175,,,,,,,
26.790464359353916,1183,3,19.161498994628587,23013.431779052,8.930154786451304,6.387166331542863,1778050892.3315697,1175,,,,,,,
26.790507983058887,1184,3,19.17772760093212,23033.151366825,8.930169327686295,6.392575866977373,1778050911.805896,1175,,,,,,,
26.79083677969569,1185,3,19.194160570700966,23053.067352501,8.930278926565231,6.398053523566988,1778050931.525459,1175,,,,,,,
26.791393301573077,1186,3,19.210757228334746,23072.619317813,8.930464433857692,6.403585742778248,1778050951.4414463,1175,,,,,,,
26.79152609459305,1187,3,19.227050468126933,23093.155745656,8.930508698197684,6.409016822708978,1778050970.9933357,1175,,,,,,,
26.792801061543884,1188,3,19.244164244929948,23112.77972001,8.930933687181295,6.41472141497665,1778050991.5298681,1175,,,,,,,
26.793015889948684,1189,3,19.260517468651138,23132.326196343,8.93100529664956,6.420172489550379,1778051011.1537337,1175,,,,,,,
26.793140861845817,1190,3,19.27680630326271,23152.090660447,8.931046953948606,6.42560210108757,1778051030.7003355,1175,,,,,,,
26.793517683635,1191,3,19.29327663918336,23171.085277583,8.931172561211667,6.43109221306112,1778051050.4647405,1175,,,,,,,
26.793003659595048,1192,3,19.309105418523153,23190.906061177,8.931001219865015,6.436368472841051,1778051069.4592786,1175,,,,,,,
26.793445185739323,1193,3,19.32562279721101,23210.246264335,8.931148395246442,6.441874265737003,1778051089.280131,1175,,,,,,,
26.793331093947227,1194,3,19.341739616791408,23230.449482167,8.931110364649076,6.447246538930469,1778051108.6203144,1175,,,,,,,
26.794212588591225,1195,3,19.35857560058435,23248.537378533,8.931404196197075,6.452858533528116,1778051128.823495,1175,,,,,,,
26.792654850660362,1196,3,19.37364885210991,23266.033231782,8.93088495022012,6.457882950703303,1778051146.9113972,1175,,,,,,,
26.790417991745144,1197,3,19.388228740096093,23285.20786116,8.930139330581715,6.462742913365364,1778051164.4072633,1175,,,,,,,
26.79011633144595,1198,3,19.404207596778868,23304.880477744,8.930038777148651,6.4680691989262895,1778051183.5818896,1175,,,,,,,
26.79038771965353,1199,3,19.420601496895152,23324.185688309,8.93012923988451,6.473533832298385,1778051203.254575,1175,,,,,,,
26.790236485295825,1200,3,19.43668910662333,23324.19712638,8.930078828431942,6.478896368874444,1778051222.5708473,1200,0.23763905391097068,0.9233094727993012,19217633.0,0.2349441146850586,0.3509271740913391,9.28729370013151e-06,1.4514372163388805
26.790572051233358,1201,3,19.453130008180935,23363.471316955,8.930190683744453,6.4843766693936455,1778051242.2887883,1200,,,,,,,
26.790709316632316,1202,3,19.46942720592022,23383.4252971,8.930236438877438,6.489809068640073,1778051261.8454225,1200,,,,,,,
26.791301563930297,1203,3,19.486055490573246,23403.209386487,8.930433854643432,6.495351830191082,1778051281.7993665,1200,,,,,,,
26.79169837920934,1204,3,19.502542230089507,23422.522654751,8.930566126403113,6.500847410029835,1778051301.583451,1200,,,,,,,
26.79155601369362,1205,3,19.518636636336645,23441.903827876,8.930518671231205,6.506212212112215,1778051320.8967388,1200,,,,,,,
26.791491388792885,1206,3,19.53478755434354,23461.510321134,8.930497129597628,6.511595851447847,1778051340.2778425,1200,,,,,,,
26.791684285744026,1207,3,19.551126319766045,23481.354773545,8.930561428581342,6.517042106588682,1778051359.8843606,1200,,,,,,,
26.792148375494065,1208,3,19.567663384278617,23500.596692682,8.93071612516469,6.522554461426205,1778051379.7288358,1200,,,,,,,
26.791924696856373,1209,3,19.58369828204314,23519.184897711,8.93064156561879,6.527899427347713,1778051398.9707177,1200,,,,,,,
26.7909567927838,1210,3,19.599188463886577,23536.78756111,8.930318930927934,6.533062821295526,1778051417.5589337,1200,,,,,,,
26.7888687648535,1211,3,19.613857360482218,23556.624040902,8.929622921617833,6.537952453494072,1778051435.1616094,1200,,,,,,,
26.789324583988908,1212,3,19.630387784639996,23576.919536044,8.929774861329637,6.5434625948799985,1778051454.998116,1200,,,,,,,
26.79030116327453,1213,3,19.6473006717364,23596.930142663,8.930100387758177,6.549100223912133,1778051475.2935812,1200,,,,,,,
26.790952716667793,1214,3,19.663976177771886,23616.727323883,8.930317572222599,6.554658725923962,1778051495.3041885,1200,,,,,,,
26.79136110528768,1215,3,19.680473846991855,23634.376796682,8.930453701762561,6.560157948997285,1778051515.1013892,1200,,,,,,,
26.78933439105847,1216,3,19.69518175303936,23653.77739735,8.929778130352823,6.565060584346454,1778051532.7508764,1200,,,,,,,
26.789294246522015,1217,3,19.711348910530408,23673.734541004,8.929764748840672,6.5704496368434695,1778051552.1514633,1200,,,,,,,
26.789884007782575,1218,3,19.72797987997532,23693.648357683,8.929961335927525,6.575993293325106,1778051572.1086268,1200,,,,,,,
26.79042358818327,1219,3,19.744574579199156,23713.730430953,8.93014119606109,6.581524859733052,1778051592.0222678,1200,,,,,,,
26.79115276311167,1220,3,19.7613097769022,23731.078017615,8.930384254370557,6.5871032589673995,1778051612.1045024,1200,,,,,,,
26.788793695015624,1221,3,19.77576608320077,23750.650155095,8.92959789833854,6.591922027733591,1778051629.4520729,1200,,,,,,,
26.78894743486987,1222,3,19.792076037128766,23770.904388425,8.929649144956624,6.597358679042922,1778051649.0240438,1200,,,,,,,
26.789870130671698,1223,3,19.808954758048056,23789.746706538,8.9299567102239,6.602984919349352,1778051669.2785003,1200,,,,,,,
26.789201046625774,1224,3,19.82465663909912,23807.776399771,8.92973368220859,6.608218879699707,1778051688.1207397,1200,,,,,,,
26.78761890578789,1225,3,19.839681474963825,23807.78328849,8.929206301929296,6.6132271583212745,1778051706.1574168,1225,0.23772924471646548,0.9227182003855705,19614966.0,0.23844100952148437,0.438088059425354,8.354379035785975e-06,1.481694402420575
26.787245063100123,1226,3,19.855600028634072,23846.816628946,8.929081687700041,6.618533342878024,1778051725.2528112,1225,,,,,,,
26.787810464087666,1227,3,19.87221489687761,23866.729174109,8.929270154695889,6.6240716322925355,1778051745.1906505,1225,,,,,,,
26.788346540248998,1228,3,19.888808676799137,23884.810739415,8.929448846749667,6.629602892266379,1778051765.103191,1225,,,,,,,
26.78682836358742,1229,3,19.903876698215804,23904.865725033,8.928942787862473,6.634625566071934,1778051783.184814,1225,,,,,,,
26.787523991563454,1230,3,19.920589183568953,23921.970904684,8.929174663854484,6.6401963945229845,1778051803.2397966,1225,,,,,,,
26.784915579563233,1231,3,19.934843457341195,23941.706545014,8.928305193187743,6.644947819113732,1778051820.3449259,1225,,,,,,,
26.78525447396618,1232,3,19.951289910475413,23959.692663317,8.928418157988727,6.650429970158471,1778051840.0807037,1225,,,,,,,
26.78363693101982,1233,3,19.96627831677596,23978.957130996,8.927878977006607,6.655426105591986,1778051858.0667562,1225,,,,,,,
26.783449968385867,1234,3,19.982332080403964,23998.78590264,8.927816656128622,6.660777360134655,1778051877.3312814,1225,,,,,,,
26.78389295215645,1235,3,19.998855983018874,24018.58586557,8.927964317385483,6.666285327672958,1778051897.1599565,1225,,,,,,,
26.784303213743392,1236,3,20.015355968674022,24038.74633727,8.928101071247797,6.671785322891341,1778051916.95995,1225,,,,,,,
26.785114451872634,1237,3,20.032156334320703,24057.572966354,8.928371483957545,6.677385444773568,1778051937.1203752,1225,,,,,,,
26.78443940467326,1238,3,20.04784521341324,24077.315403473,8.928146468224421,6.6826150711377466,1778051955.9470315,1225,,,,,,,
26.784784213488287,1239,3,20.064297243356705,24096.742645465,8.928261404496096,6.688099081118901,1778051975.6894648,1225,,,,,,,
26.784778092548095,1240,3,20.080486599008243,24116.411928176,8.928259364182699,6.693495533002747,1778051995.1166945,1225,,,,,,,
26.785040814306285,1241,3,20.09687766055266,24136.283859864,8.928346938102095,6.6989592201842205,1778052014.78597,1225,,,,,,,
26.785528031883864,1242,3,20.113437615235647,24156.103958848,8.928509343961288,6.704479205078549,1778052034.6579156,1225,,,,,,,
26.78595696384896,1243,3,20.129954356749852,24175.688333148,8.928652321282987,6.709984785583284,1778052054.4780045,1225,,,,,,,
26.786124020192016,1244,3,20.146274656057358,24195.434768422,8.928708006730671,6.715424885352452,1778052074.0623689,1225,,,,,,,
26.786470032918242,1245,3,20.162729861537613,24214.919293108,8.92882334430608,6.720909953845871,1778052093.8086224,1225,,,,,,,
26.7865261675238,1246,3,20.178967112898825,24234.714945716,8.928842055841265,6.726322370966275,1778052113.2933137,1225,,,,,,,
26.786926064594514,1247,3,20.195463604927063,24254.311803145,8.928975354864837,6.731821201642354,1778052133.0891166,1225,,,,,,,
26.787105579430985,1248,3,20.211794294516245,24274.618743773,8.929035193143662,6.7372647648387485,1778052152.6859572,1225,,,,,,,
26.78806844540332,1249,3,20.22871674021085,24294.282003459,8.929356148467773,6.742905580070284,1778052172.9928615,1225,,,,,,,
26.78832001277701,1250,3,20.245102790792785,24294.293359811,8.929440004259003,6.748367596930928,1778052192.66742,1250,0.23978387303650378,0.9223250886797905,20014800.0,0.23902202606201173,0.32223978638648987,7.461365415835753e-06,1.5119515885022694
26.78891866750537,1251,3,20.261751664479576,24332.906595913,8.929639555835124,6.753917221493191,1778052212.6347713,1250,,,,,,,
26.788049145682738,1252,3,20.277289921641348,24352.684312521,8.92934971522758,6.759096640547116,1778052231.2806792,1250,,,,,,,
26.78842596200623,1253,3,20.293771300117175,24372.389518102,8.929475320668743,6.764590433372391,1778052251.058335,1250,,,,,,,
26.788722245312954,1254,3,20.310192077159883,24392.365248989,8.929574081770985,6.770064025719961,1778052270.7633162,1250,,,,,,,
26.789315887497718,1255,3,20.326838838458062,24412.150669467,8.92977196249924,6.7756129461526875,1778052290.7393796,1250,,,,,,,
26.789699233130982,1256,3,20.3433266244332,24431.038436861,8.929899744376995,6.781108874811067,1778052310.524727,1250,,,,,,,
26.789097727836207,1257,3,20.35906641105811,24450.415650777,8.929699242612068,6.786355470352703,1778052329.4124715,1250,,,,,,,
26.789033329077476,1258,3,20.375213983058927,24467.02638229,8.929677776359158,6.791737994352976,1778052348.7895644,1250,,,,,,,
26.785940387251834,1259,3,20.38905619561672,24486.696855903,8.92864679575061,6.796352065205574,1778052365.400251,1250,,,,,,,
26.786199753482506,1260,3,20.405448421637217,24506.655152738,8.928733251160835,6.801816140545739,1778052385.070882,1250,,,,,,,
26.786773166156717,1261,3,20.42208038846652,24526.819608353,8.928924388718906,6.807360129488839,1778052405.0292368,1250,,,,,,,
26.78757071352925,1262,3,20.438884063164394,24545.689022105,8.929190237843082,6.812961354388131,1778052425.1936522,1250,,,,,,,
26.786953814994003,1263,3,20.454608626564344,24565.11040955,8.928984604998002,6.818202875521448,1778052444.0631597,1250,,,,,,,
26.786939686501896,1264,3,20.470793085694314,24585.041957096,8.928979895500632,6.823597695231438,1778052463.4844725,1250,,,,,,,
26.787481540647892,1265,3,20.48740275025368,24604.952890469,8.929160513549297,6.829134250084559,1778052483.4160728,1250,,,,,,,
26.787999999223096,1266,3,20.503995162645975,24624.801023941,8.929333333074366,6.834665054215325,1778052503.3269684,1250,,,,,,,
26.788449381825426,1267,3,20.520535288254422,24643.848897615,8.929483127275143,6.84017842941814,1778052523.175126,1250,,,,,,,
26.78802811041647,1268,3,20.536408490935962,24663.761138418,8.929342703472157,6.845469496978653,1778052542.222961,1250,,,,,,,
26.788546462229053,1269,3,20.55300209224224,24683.568859145,8.929515487409684,6.85100069741408,1778052562.135283,1250,,,,,,,
26.78895043925163,1270,3,20.569508499304455,24703.269688471,8.92965014641721,6.856502833101485,1778052581.9429717,1250,,,,,,,
26.789237859077478,1271,3,20.585925827622415,24722.705903211,8.929745953025826,6.861975275874138,1778052601.643768,1250,,,,,,,
26.789238176841593,1272,3,20.602122709155083,24742.285683366,8.929746058947197,6.867374236385028,1778052621.0800257,1250,,,,,,,
26.789393662766155,1273,3,20.61843901614348,24761.994784579,8.929797887588718,6.87281300538116,1778052640.65959,1250,,,,,,,
26.789689183928214,1274,3,20.63486337383588,24781.284898188,8.929896394642737,6.878287791278627,1778052660.3688197,1250,,,,,,,
26.789531303042992,1275,3,20.65093858003616,24781.293023625,8.929843767680996,6.883646193345387,1778052679.6668062,1275,0.2383034521713853,0.9224443277716636,20415054.0,0.2380885124206543,0.4071500897407532,6.6103934739148885e-06,1.5422087745839637
26.78773172897574,1276,3,20.66574708958467,24819.099240182,8.929243909658581,6.88858236319489,1778052697.4292848,1275,,,,,,,
26.78838923617151,1277,3,20.6824504562219,24838.59242548,8.929463078723836,6.8941501520739665,1778052717.473322,1275,,,,,,,
26.78845153397704,1278,3,20.698694716095922,24858.458326617,8.929483844659014,6.899564905365308,1778052736.9664402,1275,,,,,,,
26.78891546584338,1279,3,20.715249625643096,24877.743878552,8.92963848861446,6.9050832085476985,1778052756.8323362,1275,,,,,,,
26.78875382472637,1280,3,20.731320976813635,24897.318689015,8.929584608242124,6.910440325604545,1778052776.117948,1275,,,,,,,
26.788903570369047,1281,3,20.747633297244708,24917.240269059,8.929634523456349,6.9158777657482355,1778052795.6927357,1275,,,,,,,
26.789425997969946,1282,3,20.76423466106256,24936.105180616,8.929808665989983,6.92141155368752,1778052815.6143744,1275,,,,,,,
26.78881232290647,1283,3,20.77995538711548,24955.880026775,8.92960410763549,6.926651795705159,1778052834.479239,1275,,,,,,,
26.789176477909336,1284,3,20.79643446048101,24975.079171552,8.929725492636445,6.932144820160336,1778052854.2541258,1275,,,,,,,
26.788922389419476,1285,3,20.812433658043545,24994.935555608,8.929640796473159,6.9374778860145145,1778052873.4531648,1275,,,,,,,
26.789373476954864,1286,3,20.828980829119683,25014.969230299,8.929791158984955,6.942993609706561,1778052893.3097792,1275,,,,,,,
26.790013372198775,1287,3,20.845675459504125,25034.475799707,8.93000445739959,6.948558486501375,1778052913.343326,1275,,,,,,,
26.790088299681003,1288,3,20.86193091293176,25053.121981521,8.930029433227,6.953976970977253,1778052932.8498678,1275,,,,,,,
26.789243146477663,1289,3,20.877469417055448,25073.193947053,8.929747715492553,6.959156472351816,1778052951.496072,1275,,,,,,,
26.789922620835537,1290,3,20.89419599811236,25092.834337389,8.929974206945179,6.964731999370787,1778052971.5679665,1275,,,,,,,
26.790140409590567,1291,3,20.91056304037571,25112.270259927,8.930046803196856,6.970187680125236,1778052991.20842,1275,,,,,,,
26.790139633948584,1292,3,20.926759617328642,25132.290378093,8.930046544649528,6.975586539109548,1778053010.644317,1275,,,,,,,
26.79076162059671,1293,3,20.943443032304444,25152.030213617,8.930253873532237,6.981147677434815,1778053030.6644151,1275,,,,,,,
26.79108396359782,1294,3,20.95989277442296,25170.364874736,8.930361321199273,6.986630924807654,1778053050.4041176,1275,,,,,,,
26.789910539575523,1295,3,20.975171794891356,25188.865749894,8.929970179858508,6.991723931630452,1778053068.738929,1275,,,,,,,
26.7889155504086,1296,3,20.99058920999368,25208.746577513,8.929638516802868,6.996863069997893,1778053087.239825,1275,,,,,,,
26.789388446328083,1297,3,21.00715647816658,25226.434320284,8.929796148776028,7.002385492722193,1778053107.1205888,1275,,,,,,,
26.787531930576794,1298,3,21.02189627925555,25245.764993155,8.929177310192264,7.0072987597518495,1778053124.808308,1275,,,,,,,
26.787421567078464,1299,3,21.038005208969118,25265.738020451,8.929140522359488,7.012668402989705,1778053144.1390216,1275,,,,,,,
26.78799236861559,1300,3,21.054649382829666,25265.749616701,8.92933078953853,7.018216460943222,1778053164.123054,1300,0.24224046431481838,0.9205497279763222,20812564.0,0.2430763816833496,0.3482595980167389,5.803503065989496e-06,1.5724659606656581
26.787743630862195,1301,3,21.07064961532752,25304.078568884,8.929247876954065,7.023549871775839,1778053183.3123097,1300,,,,,,,
26.787431739164937,1302,3,21.086599833369256,25324.057388746,8.929143913054979,7.028866611123085,1778053202.4525695,1300,,,,,,,
26.78800734419596,1303,3,21.103248832821848,25343.831054516,8.929335781398654,7.034416277607282,1778053222.4313748,1300,,,,,,,
26.788365272527336,1304,3,21.11972691377004,25363.361589701,8.929455090842445,7.03990897125668,1778053242.2050712,1300,,,,,,,
26.788465950518884,1305,3,21.136002457936605,25382.938166622,8.929488650172962,7.045334152645535,1778053261.7357223,1300,,,,,,,
26.78861485800675,1306,3,21.15231620589892,25402.210869598,8.92953828600225,7.050772068632973,1778053281.3122213,1300,,,,,,,
26.78844316077397,1307,3,21.168376790285112,25421.921766548,8.929481053591322,7.056125596761704,1778053300.5849254,1300,,,,,,,
26.788733491326447,1308,3,21.184802543322245,25441.849212165,8.929577830442149,7.0616008477740815,1778053320.2958279,1300,,,,,,,
26.78925142971225,1309,3,21.201408779621126,25462.032130933,8.929750476570751,7.067136259873708,1778053340.2233107,1300,,,,,,,
26.790037294415722,1310,3,21.21822784503301,25480.887560164,8.930012431471907,7.072742615011003,1778053360.4061918,1300,,,,,,,
26.78942625604087,1311,3,21.233940641880036,25500.804934642,8.929808752013622,7.077980213960012,1778053379.2615898,1300,,,,,,,
26.78993194345264,1312,3,21.250538518627486,25520.729271127,8.929977314484212,7.083512839542495,1778053399.178999,1300,,,,,,,
26.790443788642776,1313,3,21.267141895095506,25540.484635998,8.93014792954759,7.089047298365169,1778053419.1030495,1300,,,,,,,
26.790777754199986,1314,3,21.283604576190314,25560.580426227,8.930259251399995,7.094534858730104,1778053438.8582664,1300,,,,,,,
26.79146873269093,1315,3,21.30035150150458,25579.872093412,8.930489577563643,7.100117167168193,1778053458.9545789,1300,,,,,,,
26.79131579450621,1316,3,21.316427802642185,25599.286803674,8.930438598168738,7.105475934214062,1778053478.2461407,1300,,,,,,,
26.791291987069556,1317,3,21.332606739401818,25619.115091869,8.93043066235652,7.110868913133939,1778053497.6608617,1300,,,,,,,
26.791700682783883,1318,3,21.34913029015064,25636.778653012,8.930566894261295,7.116376763383547,1778053517.4891226,1300,,,,,,,
26.789846683566186,1319,3,21.363849924802782,25654.799927216,8.929948894522061,7.121283308267594,1778053535.152684,1300,,,,,,,
26.788369022163174,1320,3,21.37886765976747,25674.105060979,8.929456340721059,7.12628921992249,1778053553.173961,1300,,,,,,,
26.78823324349773,1321,3,21.394955329298973,25694.072543649,8.92941108116591,7.131651776432991,1778053572.4791644,1300,,,,,,,
26.78878815140799,1322,3,21.411594882806142,25713.737818008,8.92959605046933,7.137198294268714,1778053592.4466305,1300,,,,,,,
26.78902744892924,1323,3,21.427982657154402,25733.672246647,8.929675816309746,7.142660885718134,1778053612.1119583,1300,,,,,,,
26.789546433980732,1324,3,21.444594606161118,25751.794276793,8.929848811326911,7.148198202053706,1778053632.0462956,1300,,,,,,,
26.78817823648153,1325,3,21.459695382912955,25751.801796571,8.929392745493844,7.153231794304318,1778053650.1758568,1325,0.24775897718966008,0.9203003293275833,21211742.0,0.24553966522216797,0.3921774923801422,5.042628380640358e-06,1.6027231467473526
26.78821441133787,1326,3,21.47592038055261,25791.159950893,8.929404803779288,7.1586401268508695,1778053669.6372278,1325,,,,,,,
26.78869372477516,1327,3,21.49250095089277,25810.688605241,8.929564574925054,7.164166983630922,1778053689.5339139,1325,,,,,,,
26.788790454151457,1328,3,21.508774923284847,25830.053188732,8.929596818050486,7.169591641094949,1778053709.0626822,1325,,,,,,,
26.78871678174962,1329,3,21.52491209367911,25849.979432795,8.929572260583207,7.174970697893037,1778053728.427285,1325,,,,,,,
26.789225235795914,1330,3,21.541517269412676,25870.012352046,8.929741745265305,7.180505756470892,1778053748.3534975,1325,,,,,,,
26.789843324706755,1331,3,21.55821128487587,25889.489336477,8.929947774902251,7.1860704282919565,1778053768.38632,1325,,,,,,,
26.789885376884236,1332,3,21.574442153573035,25908.562686865,8.929961792294746,7.1914807178576785,1778053787.8633616,1325,,,,,,,
26.789509944014025,1333,3,21.59033661146959,25928.200691941,8.929836648004676,7.1967788704898625,1778053806.9367108,1325,,,,,,,
26.789717836249537,1334,3,21.60670108437538,25946.157734004,8.929905945416513,7.2022336947917935,1778053826.5740795,1325,,,,,,,
26.788191220152243,1335,3,21.62166582763195,25965.82921943,8.92939707338408,7.207221942543984,1778053844.5317688,1325,,,,,,,
26.788434930194217,1336,3,21.638058686057725,25985.326337977,8.92947831006474,7.212686228685909,1778053864.2031987,1325,,,,,,,
26.788498620173783,1337,3,21.654306321144105,26005.207226328,8.929499540057927,7.2181021070480345,1778053883.7003615,1325,,,,,,,
26.788957450829695,1338,3,21.670873681505523,26024.738839754,8.929652483609898,7.2236245605018405,1778053903.5812066,1325,,,,,,,
26.789056250986125,1339,3,21.68715013305346,26044.558162524,8.929685416995374,7.229050044351154,1778053923.1129644,1325,,,,,,,
26.789450657512717,1340,3,21.70366619169712,26064.141241736,8.929816885837573,7.2345553972323735,1778053942.932206,1325,,,,,,,
26.789601797948215,1341,3,21.719985496401787,26083.867555205,8.92986726598274,7.2399951654672625,1778053962.515403,1325,,,,,,,
26.789899780505102,1342,3,21.73642412662506,26103.853928671,8.929966593501701,7.245474708875021,1778053982.2417576,1325,,,,,,,
26.790464053261985,1343,3,21.75307933708032,26123.579914954,8.930154684420662,7.25102644569344,1778054002.227981,1325,,,,,,,
26.790760494823907,1344,3,21.769517596761386,26142.791666189,8.930253498274636,7.256505865587129,1778054021.953891,1325,,,,,,,
26.790528158715816,1345,3,21.78552622338136,26162.849289351,8.930176052905272,7.2618420744604535,1778054041.1642408,1325,,,,,,,
26.79116525322243,1346,3,21.80224209845066,26182.859418772,8.93038841774081,7.267414032816887,1778054061.2232952,1325,,,,,,,
26.791751179236996,1347,3,21.818917072812717,26201.187985042,8.930583726412333,7.272972357604239,1778054081.2332623,1325,,,,,,,
26.79061718548087,1348,3,21.834191031455994,26220.556292571,8.930205728493624,7.278063677151998,1778054099.562013,1325,,,,,,,
26.79054712862064,1349,3,21.850331364274027,26240.11767343,8.930182376206881,7.283443788091342,1778054118.9304128,1325,,,,,,,
26.790674120600137,1350,3,21.866632444262507,26240.124726224,8.930224706866712,7.288877481420835,1778054138.498769,1350,0.2455890877172351,0.9213597375154495,21614164.0,0.2432188034057617,0.37528300285339355,4.329593302639606e-06,1.6329803328290469
26.79064477497932,1351,3,21.88280598004659,26278.663112412,8.930214924993106,7.29426866001553,1778054157.8999498,1350,,,,,,,
26.79033911065296,1352,3,21.898753614028294,26298.383382414,8.93011303688432,7.299584538009432,1778054177.0371113,1350,,,,,,,
26.790627897157254,1353,3,21.915187149246535,26315.719850785,8.930209299052418,7.305062383082178,1778054196.7573905,1350,,,,,,,
26.788489678384988,1354,3,21.929634234905244,26335.816335894,8.929496559461661,7.309878078301748,1778054214.093858,1350,,,,,,,
26.78916219449336,1355,3,21.946381362477936,26353.603200386,8.929720731497786,7.315460454159313,1778054234.1904066,1350,,,,,,,
26.787486025395648,1356,3,21.961203778982163,26373.510283496,8.929162008465216,7.320401259660721,1778054251.977306,1350,,,,,,,
26.787965857215436,1357,3,21.977793027957283,26392.909384235,8.929321952405145,7.325931009319094,1778054271.8844037,1350,,,,,,,
26.787929343029337,1358,3,21.99395891646544,26412.06273636,8.92930978100978,7.331319638821814,1778054291.28347,1350,,,,,,,
26.787643642841907,1359,3,22.009920018514,26431.502369845,8.92921454761397,7.336640006171333,1778054310.4367945,1350,,,,,,,
26.78764854755267,1360,3,22.02611972471078,26451.318406982,8.929216182517557,7.342039908236927,1778054329.8764417,1350,,,,,,,
26.788034523605806,1361,3,22.042633002797764,26471.071428899,8.929344841201935,7.347544334265921,1778054349.6923761,1350,,,,,,,
26.78835632097091,1362,3,22.059093899130822,26490.96705436,8.929452106990304,7.353031299710274,1778054369.445455,1350,,,,,,,
26.788821829919215,1363,3,22.07567361195882,26510.541813907,8.92960727663974,7.35855787065294,1778054389.3411133,1350,,,,,,,
26.788962410484476,1364,3,22.091985929807027,26529.530616521,8.929654136828159,7.363995309935675,1778054408.915891,1350,,,,,,,
26.788511034569606,1365,3,22.107809892495474,26549.319919456,8.92950367818987,7.369269964165158,1778054427.904651,1350,,,,,,,
26.788868092701108,1366,3,22.124300976196924,26569.383709196,8.929622697567037,7.374766992065641,1778054447.6939511,1350,,,,,,,
26.789501384402215,1367,3,22.14102079351743,26589.061847997,8.929833794800738,7.3803402645058105,1778054467.7577262,1350,,,,,,,
26.789745202645165,1368,3,22.15741924862067,26608.84059084,8.929915067548388,7.38580641620689,1778054487.4358778,1350,,,,,,,
26.79008999807544,1369,3,22.173901576399803,26628.345205176,8.93002999935848,7.391300525466601,1778054507.2146704,1350,,,,,,,
26.790158442937834,1370,3,22.190155421296755,26647.984721064,8.93005281431261,7.396718473765585,1778054526.7192812,1350,,,,,,,
26.790362364790198,1371,3,22.206521645784377,26667.949233004,8.9301207882634,7.402173881928126,1778054546.3587537,1350,,,,,,,
26.79089253709604,1372,3,22.223158742984136,26686.503019902,8.930297512365346,7.407719580994712,1778054566.3232718,1350,,,,,,,
26.790005763242707,1373,3,22.238620261748633,26706.763550872,8.930001921080903,7.412873420582877,1778054584.877088,1350,,,,,,,
26.790832372201063,1374,3,22.255504038333893,26726.451250421,8.930277457400354,7.418501346111298,1778054605.13762,1350,,,,,,,
26.79108348369974,1375,3,22.271910393039384,26726.460461732,8.930361161233247,7.423970131013128,1778054624.83443,1375,0.23783952947705983,0.9228597328066825,22013475.0,0.23626705169677734,0.44770461320877075,3.666107040935571e-06,1.6632375189107413
26.79123054740936,1376,3,22.28823049167792,26763.823866261,8.930410182469787,7.42941016389264,1778054644.4093654,1375,,,,,,,
26.789580137676833,1377,3,22.303054322600364,26782.418891808,8.929860045892276,7.434351440866788,1778054662.1979604,1375,,,,,,,
26.78873850166509,1378,3,22.31854997297128,26801.9627927,8.929579500555029,7.4395166576570935,1778054680.7927449,1375,,,,,,,
26.7888469250363,1379,3,22.33483670473099,26821.445093301,8.929615641678767,7.4449455682436625,1778054700.3368216,1375,,,,,,,
26.788893578304474,1380,3,22.351072030266128,26841.002606227,8.929631192768158,7.450357343422042,1778054719.819215,1375,,,,,,,
26.789014951653048,1381,3,22.367369799415272,26858.786378239,8.929671650551017,7.455789933138424,1778054739.376546,1375,,,,,,,
26.78736716334796,1382,3,22.38218949198723,26878.676285705,8.929122387782654,7.46072983066241,1778054757.1601672,1375,,,,,,,
26.78782116320082,1383,3,22.39876461227735,26898.243260604,8.92927372106694,7.4662548707591165,1778054777.0503094,1375,,,,,,,
26.78795271674017,1384,3,22.415070471564928,26918.09256774,8.929317572246724,7.471690157188309,1778054796.6173403,1375,,,,,,,
26.788364981599663,1385,3,22.43161154747009,26937.683182359,8.929454993866553,7.477203849156697,1778054816.4666336,1375,,,,,,,
26.78851940827309,1386,3,22.447937061587968,26957.180653345,8.929506469424362,7.48264568719599,1778054836.057258,1375,,,,,,,
26.78858099750388,1387,3,22.46418491144975,26976.445520168,8.92952699916796,7.488061637149917,1778054855.554669,1375,,,,,,,
26.788411568377764,1388,3,22.48023897031943,26996.09670938,8.929470522792588,7.493412990106477,1778054874.8195765,1375,,,,,,,
26.788625764067234,1389,3,22.496614985664685,27016.056512725,8.929541921355744,7.498871661888229,1778054894.4707556,1375,,,,,,,
26.78914573345024,1390,3,22.513248228232065,27035.546800909,8.929715244483413,7.504416076077355,1778054914.4306784,1375,,,,,,,
26.789199485974777,1391,3,22.52949001510938,27055.321788063,8.929733161991592,7.50983000503646,1778054933.9207993,1375,,,,,,,
26.7895353438631,1392,3,22.545969285766283,27073.9407777,8.929845114621033,7.515323095255428,1778054953.6959133,1375,,,,,,,
26.78872665648342,1393,3,22.56148502568404,27093.701651737,8.92957555216114,7.520495008561347,1778054972.3147998,1375,,,,,,,
26.789048336972634,1394,3,22.577952467799186,27113.730014209,8.929682778990877,7.525984155933062,1778054992.0757315,1375,,,,,,,
26.78963384047005,1395,3,22.594642809828123,27133.097302281,8.92987794682335,7.5315476032760404,1778055012.1041417,1375,,,,,,,
26.78956570990647,1396,3,22.610782183210056,27153.368224289,8.92985523663549,7.536927394403351,1778055031.4713902,1375,,,,,,,
26.790389315427788,1397,3,22.6276746515433,27173.314047675,8.930129771809263,7.542558217181099,1778055051.742351,1375,,,,,,,
26.790891147751324,1398,3,22.64429614543915,27192.821050673,8.930297049250441,7.5480987151463825,1778055071.6881437,1375,,,,,,,
26.790959999918623,1399,3,22.66055201927821,27212.580085277,8.930319999972875,7.553517339759403,1778055091.1952,1375,,,,,,,
26.79127679161458,1400,3,22.677017840544384,27212.587781585,8.930425597204861,7.559005946848128,1778055110.9613523,1400,0.2337551324442029,0.9248279997706413,22413832.0,0.23158468246459962,0.35711976885795593,3.0537600315258735e-06,1.6934947049924358
26.791500688619113,1401,3,22.69340535958608,27251.994567299,8.930500229539705,7.56446845319536,1778055130.6192088,1400,,,,,,,
26.791807156355112,1402,3,22.70986313978831,27271.455562508,8.930602385451705,7.569954379929436,1778055150.36856,1400,,,,,,,
26.79182996806919,1403,3,22.726080680290856,27290.279806775,8.930609989356396,7.575360226763619,1778055169.8295946,1400,,,,,,,
26.79122765207393,1404,3,22.741767607927322,27309.49432022,8.930409217357976,7.58058920264244,1778055188.6539147,1400,,,,,,,
26.791008924053234,1405,3,22.757779648303988,27329.693020004,8.930336308017745,7.585926549434662,1778055207.8683538,1400,,,,,,,
26.791755370185125,1406,3,22.774611880580583,27349.283740254,8.93058512339504,7.591537293526861,1778055228.0670366,1400,,,,,,,
26.79190529790175,1407,3,22.790937578082083,27368.270415908,8.930635099300583,7.596979192694028,1778055247.6578896,1400,,,,,,,
26.791463491490223,1408,3,22.806759731570878,27388.076247924,8.930487830496741,7.60225324385696,1778055266.6444552,1400,,,,,,,
26.79182376667205,1409,3,22.823264623483023,27407.446136067,8.930607922224016,7.607754874494341,1778055286.4503233,1400,,,,,,,
26.791757337131116,1410,3,22.839406194289523,27427.331449168,8.930585779043705,7.613135398096508,1778055305.8202083,1400,,,,,,,
26.79219441470626,1411,3,22.855977218349775,27446.798397859,8.930731471568754,7.618659072783259,1778055325.705441,1400,,,,,,,
26.792222647680436,1412,3,22.87219974517822,27466.628474329,8.930740882560146,7.624066581726074,1778055345.172471,1400,,,,,,,
26.792604972645762,1413,3,22.888724804321924,27486.380726817,8.930868324215254,7.6295749347739745,1778055365.0025485,1400,,,,,,,
26.79291090505239,1414,3,22.90518501798312,27505.621139769,8.93097030168413,7.635061672661039,1778055384.754799,1400,,,,,,,
26.792717830493114,1415,3,22.921218700210254,27524.944545272,8.930905943497706,7.640406233403418,1778055403.9952126,1400,,,,,,,
26.792605787534722,1416,3,22.937321520646414,27544.673384411,8.930868595844908,7.645773840215471,1778055423.3185992,1400,,,,,,,
26.792888305953067,1417,3,22.953762230674425,27564.417181982,8.930962768651021,7.651254076891475,1778055443.0474505,1400,,,,,,,
26.793184948920025,1418,3,22.970215391516685,27584.031690728,8.931061649640009,7.656738463838895,1778055462.7912407,1400,,,,,,,
26.79335553732169,1419,3,22.986560766299565,27604.019058468,8.931118512440564,7.662186922099855,1778055482.405691,1400,,,,,,,
26.79388795765689,1420,3,23.003216989040375,27622.141193367,8.93129598588563,7.667738996346792,1778055502.3931582,1400,,,,,,,
26.79261019752782,1421,3,23.0183186763525,27641.862851107,8.930870065842607,7.6727728921175,1778055520.515187,1400,,,,,,,
26.792884775913212,1422,3,23.034753416776656,27661.168290586,8.930961591971071,7.678251138925552,1778055540.2368727,1400,,,,,,,
26.79275580349782,1423,3,23.050841298898064,27680.914202461,8.93091860116594,7.683613766299354,1778055559.542332,1400,,,,,,,
26.793053328259827,1424,3,23.067296214898427,27700.217156141,8.931017776086609,7.689098738299476,1778055579.2882316,1400,,,,,,,
26.79292198401864,1425,3,23.08338199953238,27700.227274229,8.93097399467288,7.6944606665107935,1778055598.601305,1425,0.23636437613517047,0.9236285379528999,22815610.0,0.23545970916748046,0.39660224318504333,2.4940201250398256e-06,1.72375189107413
26.79212742123497,1426,3,23.098895829916,27738.625544281,8.930709140411656,7.6996319433053335,1778055617.2077696,1425,,,,,,,
26.79246918055588,1427,3,23.11538906931877,27758.371726327,8.930823060185293,7.705129689772924,1778055636.9997013,1425,,,,,,,
26.792766246146737,1428,3,23.131844135125476,27777.871851271,8.930922082048912,7.710614711708493,1778055656.7457392,1425,,,,,,,
26.792825630982215,1429,3,23.14809421201547,27797.636390542,8.930941876994071,7.7160314040051565,1778055676.2458348,1425,,,,,,,
26.793139922332095,1430,3,23.164564745426176,27816.777972313,8.931046640777364,7.721521581808726,1778055696.01047,1425,,,,,,,
26.79285359897704,1431,3,23.180516021847726,27836.12162478,8.930951199659013,7.726838673949242,1778055715.1520057,1425,,,,,,,
26.792762264155364,1432,3,23.19663576920827,27855.93834896,8.930920754718453,7.732211923069424,1778055734.4956958,1425,,,,,,,
26.793126032609777,1433,3,23.21314970056216,27875.629555601,8.931042010869925,7.737716566854053,1778055754.3124132,1425,,,,,,,
26.793368667617393,1434,3,23.22955905040105,27894.381369367,8.931122889205797,7.7431863501336835,1778055774.0036314,1425,,,,,,,
26.792708644174116,1435,3,23.245185552835466,27914.176955459,8.930902881391372,7.748395184278488,1778055792.7554324,1425,,,,,,,
26.793051424021506,1436,3,23.261681889295577,27932.140318625,8.931017141340503,7.753893963098526,1778055812.5510354,1425,,,,,,,
26.791636241092615,1437,3,23.27665131707986,27951.574773966,8.930545413697539,7.758883772359954,1778055830.5143526,1425,,,,,,,
26.791633102435394,1438,3,23.292846675515175,27971.437102649,8.930544367478465,7.764282225171725,1778055849.9487817,1425,,,,,,,
26.79203980146969,1439,3,23.30939859390259,27990.552591258,8.93067993382323,7.769799531300863,1778055869.8110845,1425,,,,,,,
26.791731130635295,1440,3,23.325328191121418,28010.271048433,8.930577043545098,7.775109397040473,1778055888.9266062,1425,,,,,,,
26.791999682929816,1441,3,23.341760304172833,28029.671764392,8.930666560976606,7.780586768057611,1778055908.6451423,1425,,,,,,,
26.79196401297137,1442,3,23.35792751312256,28049.196658454,8.930654670990457,7.78597583770752,1778055928.045793,1425,,,,,,,
26.792047078571464,1443,3,23.374198267459867,28069.3741535,8.930682359523821,7.791399422486623,1778055947.570698,1425,,,,,,,
26.79275292430173,1444,3,23.39101283113162,28089.104967289,8.93091764143391,7.7970042770438726,1778055967.7481716,1425,,,,,,,
26.793031761116637,1445,3,23.407455196380617,28108.911449287,8.931010587038879,7.802485065460205,1778055987.479013,1425,,,,,,,
26.793382339188447,1446,3,23.42396061817805,28128.894276028,8.931127446396149,7.807986872726016,1778056007.285525,1425,,,,,,,
26.793900446914297,1447,3,23.44061302701632,28148.79793299,8.931300148971431,7.813537675672107,1778056027.2684078,1425,,,,,,,
26.794342345322033,1448,3,23.457199344635008,28168.792982883,8.931447448440679,7.81906644821167,1778056047.171991,1425,,,,,,,
26.794870691632358,1449,3,23.473861929972966,28188.297460213,8.931623563877453,7.824620643324322,1778056067.1670878,1425,,,,,,,
26.794931869197164,1450,3,23.490115604798,28188.308686644,8.931643956399054,7.830038534932666,1778056086.682682,1450,0.23678559806197882,0.9228093948960304,23217743.0,0.23548542022705077,0.37256282567977905,1.9882290681690367e-06,1.7540090771558245
26.795650172412405,1451,3,23.506945828398067,28228.482764878,8.931883390804135,7.8356486094660225,1778056106.8677845,1450,,,,,,,
26.79617080065775,1452,3,23.52360338727633,28247.737256906,8.932056933552584,7.84120112909211,1778056126.8568416,1450,,,,,,,
26.795993806831223,1453,3,23.53964873115222,28267.844784226,8.931997935610408,7.846549577050739,1778056146.1112545,1450,,,,,,,
26.796625879555325,1454,3,23.55640509605408,28287.254953373,8.932208626518442,7.852135032018026,1778056166.2189243,1450,,,,,,,
26.796596333101167,1455,3,23.572580208381016,28306.60484158,8.932198777700389,7.857526736127006,1778056185.629022,1450,,,,,,,
26.7965098073268,1456,3,23.58870512664318,28326.649719751,8.932169935775601,7.86290170888106,1778056204.9789312,1450,,,,,,,
26.797080773044524,1457,3,23.605409121116004,28346.232982736,8.932360257681507,7.868469707038668,1778056225.0237284,1450,,,,,,,
26.797214706945645,1458,3,23.62172856271267,28366.258532389,8.932404902315216,7.873909520904223,1778056244.6070495,1450,,,,,,,
26.797766215830652,1459,3,23.638416510820388,28385.882630121,8.932588738610217,7.879472170273463,1778056264.6325881,1450,,,,,,,
26.797937968309885,1460,3,23.65476991156737,28405.162787766,8.932645989436628,7.88492330385579,1778056284.2566698,1450,,,,,,,
26.79778505536266,1461,3,23.670836738745372,28424.064332031,8.93259501845422,7.890278912915123,1778056303.5368574,1450,,,,,,,
26.797275357143388,1462,3,23.68658801217874,28444.128148553,8.932425119047796,7.895529337392913,1778056322.4383862,1450,,,,,,,
26.797860880229706,1463,3,23.703307417035102,28461.900411349,8.9326202934099,7.901102472345034,1778056342.5016973,1450,,,,,,,
26.796289091902246,1464,3,23.71811803539594,28480.454082072,8.932096363967416,7.90603934513198,1778056360.2744138,1450,,,,,,,
26.79545418844125,1465,3,23.73357943534851,28500.454958248,8.93181806281375,7.9111931451161706,1778056378.8280942,1450,,,,,,,
26.795981126911208,1466,3,23.750246875484784,28519.95102736,8.931993708970403,7.916748958494928,1778056398.8290224,1450,,,,,,,
26.796033035259146,1467,3,23.76649362921715,28539.836834341,8.93201101175305,7.922164543072383,1778056418.3251505,1450,,,,,,,
26.79645076671532,1468,3,23.783065130313236,28560.084461146,8.932150255571774,7.927688376771079,1778056438.2109354,1450,,,,,,,
26.7972072539244,1469,3,23.799938002427417,28579.21365878,8.932402417974801,7.933312667475806,1778056458.458381,1450,,,,,,,
26.796914336767873,1470,3,23.815879126389824,28599.050372201,8.932304778922624,7.938626375463274,1778056477.587732,1450,,,,,,,
26.797284614802646,1471,3,23.832409714857736,28616.345442205,8.932428204934215,7.944136571619246,1778056497.4244344,1450,,,,,,,
26.795274444468106,1472,3,23.84682223836581,28635.572591131,8.931758148156035,7.948940746121936,1778056514.7194703,1450,,,,,,,
26.795074931914034,1473,3,23.86284484565258,28655.364452649,8.931691643971345,7.954281615217527,1778056533.9465988,1450,,,,,,,
26.795403857983008,1474,3,23.879338141878446,28675.172839,8.931801285994336,7.9597793806261485,1778056553.7385635,1450,,,,,,,
26.795747672697924,1475,3,23.895845113197964,28675.182930294,8.931915890899308,7.965281704399321,1778056573.5566049,1475,0.23414584897458554,0.9224886947870254,23619127.0,0.2348692512512207,0.3641497790813446,1.5375992873804118e-06,1.784266263237519
26.795691342695996,1476,3,23.91199541827043,28714.59018097,8.931897114232,7.970665139423477,1778056592.9272797,1475,,,,,,,
26.79624778289473,1477,3,23.928692850867908,28732.775291327,8.932082594298244,7.9762309502893025,1778056612.9641972,1475,,,,,,,
26.79507658236942,1478,3,23.94384715159734,28752.319227741,8.93169219412314,7.98128238386578,1778056631.1493576,1475,,,,,,,
26.7951732337456,1479,3,23.960133744080863,28771.620246979,8.931724411248533,7.986711248026954,1778056650.6932776,1475,,,,,,,
26.795043568063157,1480,3,23.97621794482072,28789.197773324,8.931681189354386,7.992072648273574,1778056669.9943092,1475,,,,,,,
26.793310022901743,1481,3,23.990865866939227,28809.26643581,8.931103340967248,7.996955288979742,1778056687.5718176,1475,,,,,,,
26.793895707224546,1482,3,24.0075897449255,28828.904793578,8.93129856907485,8.002529914975167,1778056707.640473,1475,,,,,,,
26.794080687649576,1483,3,24.023955054283142,28848.521811226,8.931360229216525,8.00798501809438,1778056727.2788432,1475,,,,,,,
26.794245603459434,1484,3,24.04030258496602,28868.16526921,8.931415201153145,8.013434194988674,1778056746.895878,1475,,,,,,,
26.794434729248053,1485,3,24.056672051350276,28885.681795105,8.931478243082683,8.018890683783425,1778056766.539241,1475,,,,,,,
26.792650939644634,1486,3,24.071269223888713,28904.875612715,8.930883646548212,8.023756407962905,1778056784.0558434,1475,,,,,,,
26.79242415317664,1487,3,24.08726403613885,28924.909425624,8.93080805105888,8.029088012046284,1778056803.249621,1475,,,,,,,
26.792975893588903,1488,3,24.103958965937295,28944.419916101,8.930991964529634,8.034652988645766,1778056823.2835479,1475,,,,,,,
26.793042364497566,1489,3,24.12021770298481,28964.159372955,8.931014121499189,8.040072567661603,1778056842.794021,1475,,,,,,,
26.793320506883152,1490,3,24.1366672039032,28983.551914224,8.931106835627718,8.0455557346344,1778056862.5334182,1475,,,,,,,
26.793277684724657,1491,3,24.15282770733039,29002.690177387,8.931092561574886,8.050942569110129,1778056881.9260252,1475,,,,,,,
26.792999922772992,1492,3,24.168776230216025,29022.168742701,8.930999974257665,8.056258743405342,1778056901.0642488,1475,,,,,,,
26.79303666813721,1493,3,24.185008310476938,29041.780456719,8.931012222712404,8.061669436825646,1778056920.5427494,1475,,,,,,,
26.79319629930801,1494,3,24.201351433595022,29061.412733041,8.93106543310267,8.067117144531673,1778056940.1544955,1475,,,,,,,
26.793374679304417,1495,3,24.21771169622739,29080.759656354,8.931124893101472,8.07257056540913,1778056959.786812,1475,,,,,,,
26.7932898646362,1496,3,24.23383412182331,29100.027652157,8.9310966215454,8.077944707274437,1778056979.1337192,1475,,,,,,,
26.793132530516914,1497,3,24.249890809059142,29119.335117079,8.931044176838972,8.083296936353047,1778056998.4017437,1475,,,,,,,
26.793011617646727,1498,3,24.265980292161306,29139.222733826,8.931003872548908,8.088660097387102,1778057017.7091558,1475,,,,,,,
26.793424427703087,1499,3,24.282553335626922,29158.353355868,8.931141475901029,8.094184445208974,1778057037.5967765,1475,,,,,,,
26.79314100961632,1500,3,24.298495474259056,29158.364793517,8.93104700320544,8.099498491419686,1778057056.7379408,1500,0.2326710744202137,0.9242386177182198,24019383.0,0.23214065551757812,0.37553414702415466,1.14321098262129e-06,1.8145234493192133
26.804755504646486,1501,3,24.32523459037145,29210.254253076,8.934918501548829,8.108411530123817,1778057088.8142843,1500,,,,,,,
26.805091341742397,1502,3,24.341745583613715,29230.12383614,8.935030447247465,8.113915194537904,1778057108.6275306,1500,,,,,,,
26.80547905691158,1503,3,24.35830412487189,29249.914035982,8.935159685637194,8.11943470829063,1778057128.4977212,1500,,,,,,,
26.805793030116146,1504,3,24.37479608058929,29269.425382061,8.935264343372049,8.124932026863098,1778057148.2880676,1500,,,,,,,
26.805850943962206,1505,3,24.391055423617363,29289.239907974,8.935283647987402,8.130351807872454,1778057167.799277,1500,,,,,,,
26.806186550566977,1506,3,24.407567681471505,29309.195129783,8.935395516855658,8.135855893823836,1778057187.6139991,1500,,,,,,,
26.806650166976134,1507,3,24.424196978012716,29328.570821703,8.93555005565871,8.141398992670906,1778057207.569149,1500,,,,,,,
26.80658358952727,1508,3,24.440343441963194,29347.985633474,8.935527863175757,8.146781147321065,1778057226.9449048,1500,,,,,,,
26.806552819535252,1509,3,24.456522493759792,29366.216175123,8.93551760651175,8.152174164586597,1778057246.3598006,1500,,,,,,,
26.805440941128246,1510,3,24.471714523037278,29384.4722518,8.935146980376082,8.157238174345759,1778057264.5902028,1500,,,,,,,
26.804353927586114,1511,3,24.486927922964096,29403.840524309,8.934784642528705,8.162309307654699,1778057282.8462844,1500,,,,,,,
26.804282171521503,1512,3,24.503068103591602,29421.709456923,8.934760723840501,8.167689367863867,1778057302.2145362,1500,,,,,,,
26.802844743813466,1513,3,24.51795894642671,29441.858681146,8.934281581271156,8.172652982142237,1778057320.0835202,1500,,,,,,,
26.803485126376724,1514,3,24.53474998871485,29461.322717871,8.934495042125574,8.178249996238284,1778057340.2327585,1500,,,,,,,
26.803501184775357,1515,3,24.550969948569932,29481.280234681,8.934500394925118,8.18365664952331,1778057359.6967156,1500,,,,,,,
26.80396602559136,1516,3,24.56760126650333,29499.367660718,8.934655341863788,8.189200422167778,1778057379.6542904,1500,,,,,,,
26.802731040874644,1517,3,24.582674116690953,29517.705710478,8.934243680291548,8.19422470556365,1778057397.7417154,1500,,,,,,,
26.801725337247237,1518,3,24.597955902020136,29537.334133069,8.93390844574908,8.199318634006712,1778057416.0798898,1500,,,,,,,
26.801891722789268,1519,3,24.614312894145648,29557.285368036,8.933963907596423,8.204770964715216,1778057435.7082484,1500,,,,,,,
26.80235065309808,1520,3,24.630938931504886,29577.048301906,8.934116884366027,8.210312977168295,1778057455.6595304,1500,,,,,,,
26.802638248428032,1521,3,24.64740796605746,29596.489874427,8.93421274947601,8.215802655352487,1778057475.422329,1500,,,,,,,
26.80263454880439,1522,3,24.663609300653135,29615.876144215,8.93421151626813,8.221203100217712,1778057494.8639355,1500,,,,,,,
26.80258077407854,1523,3,24.679764521718027,29635.32826507,8.934193591359513,8.22658817390601,1778057514.2501976,1500,,,,,,,
26.802586629329177,1524,3,24.695974620978035,29655.37750942,8.934195543109725,8.231991540326012,1778057533.702315,1500,,,,,,,
26.80313209811273,1525,3,24.71268225491047,29655.386091072,8.934377366037577,8.237560751636822,1778057553.760162,1525,0.23450658544898034,0.9225634080171585,24419126.0,0.23654953002929688,0.4795081317424774,8.060095379834487e-07,1.8447806354009078
26.803607919478896,1526,3,24.72932629088561,29694.958083484,8.934535973159631,8.243108763628536,1778057573.7243266,1525,,,,,,,
26.80375364557231,1527,3,24.745666152834893,29714.3460451,8.934584548524104,8.248555384278298,1778057593.3321524,1525,,,,,,,
26.80370082675917,1528,3,24.76182277103265,29734.094570945,8.934566942253056,8.25394092367755,1778057612.7200947,1525,,,,,,,
26.803973199406396,1529,3,24.778279940684634,29753.494129353,8.934657733135465,8.259426646894878,1778057632.4687316,1525,,,,,,,
26.803930681303175,1530,3,24.794446156223614,29772.450576603,8.934643560434392,8.264815385407871,1778057651.8681567,1525,,,,,,,
26.803489311506567,1531,3,24.81024312933286,29791.533113707,8.934496437168857,8.270081043110954,1778057670.8245375,1525,,,,,,,
26.803162118421884,1532,3,24.826145323713618,29811.021062592,8.934387372807294,8.275381774571207,1778057689.907164,1525,,,,,,,
26.803199774296186,1533,3,24.842385280529655,29830.834968428,8.934399924765396,8.280795093509886,1778057709.3951125,1525,,,,,,,
26.803530243437013,1534,3,24.858896852135658,29850.208775959,8.934510081145671,8.286298950711886,1778057729.2089994,1525,,,,,,,
26.80346507597772,1535,3,24.875041651527084,29869.506867164,8.93448835865924,8.291680550509028,1778057748.5827563,1525,,,,,,,
26.80333222913271,1536,3,24.891123521129288,29889.050862322,8.93444407637757,8.297041173709763,1778057767.8810358,1525,,,,,,,
26.803419835502062,1537,3,24.90741008897622,29908.159467106,8.934473278500688,8.30247002965874,1778057787.4248843,1525,,,,,,,
26.803117278758766,1538,3,24.923333962957063,29927.769668378,8.93437242625292,8.307777987652354,1778057806.5335388,1525,,,,,,,
26.80326419626683,1539,3,24.93967569410801,29947.520897832,8.93442139875561,8.313225231369337,1778057826.1436062,1525,,,,,,,
26.80353734020521,1540,3,24.95613512933254,29966.65895566,8.93451244673507,8.318711709777514,1778057845.8949342,1525,,,,,,,
26.803261622737917,1541,3,24.972083531220754,29986.179930714,8.93442054091264,8.324027843740252,1778057865.0330133,1525,,,,,,,
26.803328520257754,1542,3,24.988351014653844,30005.591820174,8.934442840085918,8.329450338217947,1778057884.5539927,1525,,,,,,,
26.803297792394726,1543,3,25.00452750523885,30025.596523034,8.934432597464909,8.334842501746284,1778057903.9657986,1525,,,,,,,
26.803796497975863,1544,3,25.021198181907334,30044.91173282,8.93459883265862,8.340399393969111,1778057923.9705968,1525,,,,,,,
26.803679274266592,1545,3,25.037294122576714,30064.427954155,8.934559758088865,8.345764707525571,1778057943.2857213,1525,,,,,,,
26.803741571908628,1546,3,25.053557720780372,30083.790141221,8.934580523969542,8.35118590692679,1778057962.802036,1525,,,,,,,
26.803666428284924,1547,3,25.069692844351135,30103.489642447,8.934555476094975,8.356564281450378,1778057982.1641881,1525,,,,,,,
26.803891771671125,1548,3,25.08610910673936,30123.259774889,8.934630590557042,8.36203636891312,1778058001.8637016,1525,,,,,,,
26.804179736323476,1549,3,25.102584287524223,30142.803481035,8.934726578774493,8.367528095841408,1778058021.6339161,1525,,,,,,,
26.804265884119978,1550,3,25.118870689471564,30142.811541277,8.93475529470666,8.372956896490521,1778058041.1855934,1550,0.23966804213821888,0.9221260419487953,24824551.0,0.23765966415405274,0.4679705798625946,5.268032555327263e-07,1.8750378214826022
26.80460750837365,1551,3,25.135396762688956,30182.331129951,8.934869169457883,8.378465587562985,1778058061.0089245,1550,,,,,,,
26.804828794901468,1552,3,25.151810332338016,30201.822966481,8.934942931633822,8.383936777446005,1778058080.7051737,1550,,,,,,,
26.804868352774974,1553,3,25.168053538004557,30221.518201487,8.934956117591659,8.389351179334852,1778058100.1970186,1550,,,,,,,
26.805088236530363,1554,3,25.18446621497472,30240.868668679,8.935029412176789,8.39482207165824,1778058119.8922305,1550,,,,,,,
26.80500230452,1555,3,25.20059164663156,30260.72824999,8.935000768173333,8.400197215543853,1778058139.2427492,1550,,,,,,,
26.80536741523862,1556,3,25.21714129269123,30280.442119497,8.935122471746206,8.405713764230411,1778058159.1023254,1550,,,,,,,
26.80560315930264,1557,3,25.23356960038344,30299.984289858,8.93520105310088,8.41118986679448,1778058178.8163004,1550,,,,,,,
26.805686063563716,1558,3,25.249854224324228,30319.534466305,8.935228687854572,8.416618074774743,1778058198.3578506,1550,,,,,,,
26.805776995822153,1559,3,25.26614651540915,30339.117796121,8.935258998607384,8.422048838469717,1778058217.9086232,1550,,,,,,,
26.805896609380202,1560,3,25.28246596773465,30359.028159502,8.935298869793401,8.427488655911551,1778058237.4919653,1550,,,,,,,
26.80630474986084,1561,3,25.299057868520418,30378.946046747,8.935434916620279,8.433019289506806,1778058257.4022164,1550,,,,,,,
26.806719081538176,1562,3,25.315656109650927,30398.302624833,8.935573027179393,8.438552036550309,1778058277.3201082,1550,,,,,,,
26.80663786989485,1563,3,25.33178657233715,30417.93321067,8.935545956631616,8.443928857445718,1778058296.6766615,1550,,,,,,,
26.806798325739962,1564,3,25.348145454327266,30437.859976021,8.93559944191332,8.449381818109089,1778058316.3073516,1550,,,,,,,
26.80721933493294,1565,3,25.36475106358528,30457.243265443,8.935739778310982,8.454917021195094,1778058336.2340477,1550,,,,,,,
26.80716143898276,1566,3,25.3809037566185,30476.818519783,8.93572047966092,8.460301252206166,1778058355.617281,1550,,,,,,,
26.80727252397302,1567,3,25.39721647222837,30496.537023305,8.935757507991006,8.465738824076123,1778058375.1925495,1550,,,,,,,
26.807509386682387,1568,3,25.41364856004715,30516.746419774,8.935836462227462,8.471216186682383,1778058394.9110436,1550,,,,,,,
26.808177215182045,1569,3,25.43048975249131,30536.493695871,8.936059071727348,8.476829917497104,1778058415.1204815,1550,,,,,,,
26.80843845951532,1570,3,25.446945817073185,30556.303915897,8.936146153171773,8.482315272357729,1778058434.867757,1550,,,,,,,
26.808754544956734,1571,3,25.463454286654795,30575.867288591,8.936251514985578,8.487818095551598,1778058454.6779215,1550,,,,,,,
26.808853899115622,1572,3,25.479757152001064,30595.460923307,8.93628463303854,8.493252384000355,1778058474.241358,1550,,,,,,,
26.808979577226236,1573,3,25.49608517229557,30615.244695578,8.936326525742079,8.498695057431856,1778058493.8349862,1550,,,,,,,
26.809271586492425,1574,3,25.51257163067659,30634.377088607,8.93642386216414,8.504190543558863,1778058513.618735,1550,,,,,,,
26.808993211282747,1575,3,25.528515300949415,30634.385979869,8.936331070427581,8.509505100316472,1778058532.7597923,1575,0.2343634406477213,0.9251399168372154,25229775.0,0.22980445861816406,0.48260337114334106,3.0626141773660023e-07,1.9052950075642965
26.809074795630377,1576,3,25.544801619052887,30673.594732654,8.936358265210126,8.514933873017629,1778058552.294716,1575,,,,,,,
26.80927031691446,1577,3,25.561196668545406,30693.233311822,8.936423438971488,8.520398889515135,1778058571.9687815,1575,,,,,,,
26.80943462552982,1578,3,25.57756217598915,30712.025300793,8.936478208509941,8.52585405866305,1778058591.607383,1575,,,,,,,
26.80885967817668,1579,3,25.593222147425017,30731.555111976,8.936286559392228,8.531074049141672,1778058610.3993542,1575,,,,,,,
26.808929111954285,1580,3,25.609496975143752,30751.002481249,8.936309703984762,8.536498991714584,1778058629.9291463,1575,,,,,,,
26.808926714748715,1581,3,25.625703226129215,30771.535494734,8.936308904916238,8.541901075376405,1778058649.3766794,1575,,,,,,,
26.8098699941715,1582,3,25.6428139847517,30790.919352122,8.9366233313905,8.5476046615839,1778058669.9095643,1575,,,,,,,
26.80981162387387,1583,3,25.658967231313383,30810.898731144,8.936603874624623,8.552989077104462,1778058689.2934504,1575,,,,,,,
26.810271486140763,1584,3,25.67561670740446,30830.722639556,8.936757162046922,8.558538902468152,1778058709.272824,1575,,,,,,,
26.810595523169862,1585,3,25.692136580546695,30850.324795674,8.936865174389954,8.564045526848899,1778058729.0966687,1575,,,,,,,
26.810726490999887,1586,3,25.70847171386083,30870.391894423,8.936908830333296,8.569490571286943,1778058748.6988342,1575,,,,,,,
26.811261196465487,1587,3,25.725194388628008,30890.091424282,8.937087065488496,8.575064796209336,1778058768.766069,1575,,,,,,,
26.811476128071575,1588,3,25.741610696117085,30909.781425889,8.937158709357192,8.580536898705695,1778058788.4656382,1575,,,,,,,
26.811682361666698,1589,3,25.75801890730858,30929.498033829,8.9372274538889,8.586006302436193,1778058808.1554718,1575,,,,,,,
26.8119115616548,1590,3,25.774449445605278,30949.456646395,8.937303853884934,8.591483148535092,1778058827.8721259,1575,,,,,,,
26.812350073771334,1591,3,25.791081600586573,30968.562429892,8.937450024590445,8.597027200195525,1778058847.8306904,1575,,,,,,,
26.812049651244525,1592,3,25.807003050049143,30987.945675273,8.937349883748174,8.602334350016381,1778058866.9364297,1575,,,,,,,
26.81198975532168,1593,3,25.823155792156854,31007.308161159,8.93732991844056,8.607718597385619,1778058886.3197217,1575,,,,,,,
26.811911938982696,1594,3,25.83929119149844,31027.076640018,8.9373039796609,8.613097063832813,1778058905.682202,1575,,,,,,,
26.81218505563656,1595,3,25.855764911572138,31046.93682605,8.93739501854552,8.61858830385738,1778058925.450665,1575,,,,,,,
26.812537124917075,1596,3,25.872315145929655,31066.799430407,8.937512374972359,8.624105048643218,1778058945.3109848,1575,,,,,,,
26.812890649692818,1597,3,25.888867211341857,31086.916413316,8.937630216564273,8.629622403780619,1778058965.1734283,1575,,,,,,,
26.813463307522362,1598,3,25.905631418029465,31106.683943533,8.937821102507455,8.635210472676489,1778058985.29048,1575,,,,,,,
26.813733988551515,1599,3,25.922104381918906,31126.504866576,8.937911329517172,8.640701460639635,1778059005.058035,1575,,,,,,,
26.8140503306739,1600,3,25.93862184345722,31126.512442877,8.938016776891299,8.646207281152407,1778059024.8865142,1600,0.23403998497873546,0.9235024929046631,25634495.0,0.23223012924194336,0.33295905590057373,1.4491268313413797e-07,1.935552193645991
26.814349639905682,1601,3,25.955123200416566,31166.005529843,8.938116546635227,8.651707733472188,1778059044.6806476,1600,,,,,,,
26.81456027035906,1602,3,25.971539028485616,31185.645358835,8.938186756786354,8.657179676161872,1778059064.3796113,1600,,,,,,,
26.814719699004456,1603,3,25.987905488212903,31205.4811151,8.938239899668151,8.662635162737635,1778059084.0193794,1600,,,,,,,
26.81504740903403,1604,3,26.004435335000355,31225.0338779,8.938349136344677,8.668145111666785,1778059103.8551764,1600,,,,,,,
26.8151316737938,1605,3,26.02072934488455,31244.444256815,8.938377224597932,8.67357644829485,1778059123.4080102,1600,,,,,,,
26.815093548814502,1606,3,26.03690461874008,31264.193685567,8.9383645162715,8.678968206246694,1778059142.8183165,1600,,,,,,,
26.815346370163706,1607,3,26.05336252530416,31283.441052391,8.938448790054569,8.684454175101386,1778059162.5678055,1600,,,,,,,
26.81516842966328,1608,3,26.069401955803237,31302.557553247,8.938389476554427,8.689800651934412,1778059181.815122,1600,,,,,,,
26.814878468036852,1609,3,26.085332197745643,31321.55004372,8.93829282267895,8.695110732581881,1778059200.9314082,1600,,,,,,,
26.814483053127926,1610,3,26.101159441073733,31340.749198221,8.938161017709309,8.700386480357912,1778059219.9241045,1600,,,,,,,
26.814264834211297,1611,3,26.117158795595167,31360.814447428,8.938088278070433,8.705719598531722,1778059239.1233592,1600,,,,,,,
26.81478734804122,1612,3,26.13387980957826,31380.647489845,8.938262449347075,8.71129326985942,1778059259.1885865,1600,,,,,,,
26.81511080048675,1613,3,26.15040732840697,31400.332594069,8.938370266828917,8.716802442802324,1778059279.0215719,1600,,,,,,,
26.815307511676938,1614,3,26.16681156218052,31419.622476832,8.938435837225645,8.72227052072684,1778059298.7066464,1600,,,,,,,
26.815166738961878,1615,3,26.182886507511142,31439.436796845,8.938388912987293,8.727628835837047,1778059317.9966109,1600,,,,,,,
26.81547340059536,1616,3,26.199398437341053,31459.374341642,8.938491133531787,8.733132812447018,1778059337.8108997,1600,,,,,,,
26.81588460039095,1617,3,26.21601293762525,31479.074294706,8.938628200130317,8.738670979208417,1778059357.7483249,1600,,,,,,,
26.816093181296292,1618,3,26.232429726322493,31499.046044451,8.938697727098765,8.744143242107498,1778059377.4484606,1600,,,,,,,
26.816532642924294,1619,3,26.24907276233037,31518.465148038,8.938844214308098,8.749690920776791,1778059397.4200866,1600,,,,,,,
26.81650141532529,1620,3,26.265255316098532,31538.357036303,8.93883380510843,8.755085105366177,1778059416.8391602,1600,,,,,,,
26.81687230866999,1621,3,26.281831930081047,31557.396634061,8.93895743622333,8.76061064336035,1778059436.7310932,1600,,,,,,,
26.816518454052176,1622,3,26.297698266307513,31576.937579213,8.938839484684058,8.765899422102505,1778059455.7706962,1600,,,,,,,
26.81659080324219,1623,3,26.31398239036401,31596.598595094,8.93886360108073,8.77132746345467,1778059475.311644,1600,,,,,,,
26.816764982765534,1624,3,26.330366585254673,31616.616492001,8.938921660921846,8.776788861751557,1778059494.9726777,1600,,,,,,,
26.817241614871882,1625,3,26.347048140366873,31616.623967668,8.939080538290627,8.782349380122291,1778059514.998008,1625,0.23512463815510273,0.923238345682621,26039129.0,0.23506479263305663,0.3748369514942169,4.314381909415743e-08,1.9658093797276854
26.817404219422635,1626,3,26.36342156032721,31654.330216717,8.939134739807544,8.787807186775737,1778059534.6386502,1625,,,,,,,
26.816226024647708,1627,3,26.378476264874138,31673.882921357,8.938742008215902,8.792825421624713,1778059552.7042928,1625,,,,,,,
26.816308157975122,1628,3,26.39477006117503,31693.841613129,8.938769385991707,8.798256687058343,1778059572.256869,1625,,,,,,,
26.816733946435555,1629,3,26.41140241762002,31711.42667726,8.938911315478519,8.80380080587334,1778059592.2156754,1625,,,,,,,
26.81515193328682,1630,3,26.42605662107468,31731.323875814,8.938383977762273,8.808685540358226,1778059609.8007243,1625,,,,,,,
26.815525863825993,1631,3,26.442637656529744,31751.214607933,8.93850862127533,8.814212552176581,1778059629.6979804,1625,,,,,,,
26.815893777360028,1632,3,26.459213207165398,31770.727365895,8.93863125912001,8.8197377357218,1778059649.5886273,1625,,,,,,,
26.81594223311979,1633,3,26.475473800897596,31790.083454495,8.93864741103993,8.825157933632532,1778059669.1013393,1625,,,,,,,
26.815858532465366,1634,3,26.49160389482975,31810.077301623,8.93861951082179,8.830534631609916,1778059688.4574482,1625,,,,,,,
26.816312552745917,1635,3,26.50826543152332,31827.990664684,8.938770850915306,8.83608847717444,1778059708.4512966,1625,,,,,,,
26.81501323638452,1636,3,26.523193261623383,31847.702564082,8.938337745461507,8.841064420541128,1778059726.3646865,1625,,,,,,,
26.815229970557315,1637,3,26.539619988997778,31866.962866922,8.938409990185772,8.846539996332593,1778059746.0767622,1625,,,,,,,
26.81506622282819,1638,3,26.555670177141824,31886.107056681,8.938355407609397,8.851890059047275,1778059765.336984,1625,,,,,,,
26.814805015543993,1639,3,26.571623591581982,31905.956461818,8.938268338514664,8.85720786386066,1778059784.4810803,1625,,,,,,,
26.815136922714913,1640,3,26.588164784312248,31925.791156243,8.938378974238304,8.862721594770749,1778059804.3305295,1625,,,,,,,
26.815456032718604,1641,3,26.60469368179639,31945.642547557,8.938485344239535,8.868231227265463,1778059824.1651917,1625,,,,,,,
26.815788752020637,1642,3,26.621236475706098,31965.588724286,8.938596250673545,8.873745491902033,1778059844.0165637,1625,,,,,,,
26.81620068222037,1643,3,26.63785835603873,31983.495211816,8.938733560740124,8.879286118679577,1778059863.962859,1625,,,,,,,
26.814901934398303,1644,3,26.652780399123827,32003.026178306,8.938300644799435,8.884260133041275,1778059881.8692503,1625,,,,,,,
26.814965948535797,1645,3,26.66905621846517,32022.380515863,8.938321982845265,8.889685406155056,1778059901.400233,1625,,,,,,,
26.81488194806994,1646,3,26.68518481651942,32041.968452083,8.938293982689979,8.895061605506474,1778059920.754563,1625,,,,,,,
26.814993611394186,1647,3,26.701508148709934,32061.448713438,8.938331203798061,8.900502716236645,1778059940.342561,1625,,,,,,,
26.81501497401678,1648,3,26.71774164279302,32080.777331625,8.93833832467226,8.905913880931006,1778059959.8227444,1625,,,,,,,
26.814909595030592,1649,3,26.733848804235457,32100.249752786,8.93830319834353,8.911282934745152,1778059979.1513398,1625,,,,,,,
26.81492457956184,1650,3,26.750075910687446,32100.259400575,8.93830819318728,8.916691970229149,1778059998.6334643,1650,0.23074312772601843,0.9245077356696129,26436745.0,0.23240699768066406,0.3707713782787323,1.1987746991654058e-09,1.9960665658093797
26.8150562190764,1651,3,26.76641947865486,32139.376898471,8.938352073025467,8.922139826218286,1778060018.2361543,1650,,,,,,,
26.815106320547613,1652,3,26.782681766351065,32155.384726765,8.93836877351587,8.927560588783688,1778060037.7508924,1650,,,,,,,
26.812232164797898,1653,3,26.79602162539959,32160.265846689,8.9374107215993,8.93200720846653,1778060053.7587326,1650,,,,,,,
26.80008886357148,1654,3,26.80008886357148,32172.215107034,8.933362954523828,8.933362954523828,1778060070.5883536,1654,0.23022960355648628,0.9260945916175842,26486384.0,,,,2.0
